player_id,career_matches_played,career_batting_runs,career_batting_innings,career_bat_sr,career_bat_avg,career_bowling_wickets,career_bowling_innings,career_bow_econ,career_bow_sr,m12_matches_played,m12_batting_runs,m12_batting_innings,m12_bat_sr,m24_matches_played,m24_batting_runs,m24_batting_innings,m24_bat_sr
1018,21,505,20,111.23348017621146,,2,2,5.571428571428571,21,21,505,20,111.23348017621146,21,505,20,111.23348017621146
1028,7,9,2,112.5,,5,7,7.253731343283582,26.8,7,9,2,112.5,7,9,2,112.5
1030,4,54,4,101.88679245283019,,,,,,4,54,4,101.88679245283019,4,54,4,101.88679245283019
1031,2,41,2,89.13043478,,,,,,2,41,2,89.13043478,2,41,2,89.13043478
1033,5,93,5,138.80597014925374,,,,,,5,93,5,138.80597014925374,5,93,5,138.80597014925374
1039,41,952,38,141.66666666666666,,1,6,8.074074074074074,81,38,897,35,143.52,26,539,23,139.63730569948186
1040,23,669,23,129.40038684719536,,,,,,10,270,10,120.53571428571429,7,191,7,119.375
1045,3,21,3,190.9090909090909,,0,1,12.666666666666666,,3,21,3,190.9090909090909,3,21,3,190.9090909090909
1063,9,333,9,133.2,,,,,,9,333,9,133.2,9,333,9,133.2
107,11,96,7,126.3157894736842,,5,5,6.2727272727272725,13.2,11,96,7,126.3157894736842,11,96,7,126.3157894736842
1071,59,261,28,120.27649769585254,,69,59,7.592592592592593,18.782608695652176,44,247,25,123.5,32,223,20,128.90173410404626
1077,91,1878,84,137.98677443056576,,,,,,79,1643,73,137.37458193979933,61,1262,55,140.53452115812917
1082,4,89,4,141.26984126984127,,,,,,4,89,4,141.26984126984127,4,89,4,141.26984126984127
1086,1,45,1,136.36363636363637,,,,,,1,45,1,136.36363636363637,1,45,1,136.36363636363637
1089,7,3,3,33.333333333333336,,5,7,9.664122137404581,26.2,1,,,,1,,,
109,57,1100,57,111.78861788617886,,,,,,57,1100,57,111.78861788617886,41,870,41,113.13394018205462
1100,10,187,10,100.53763440860214,,,,,,9,183,9,101.10497237569061,9,183,9,101.10497237569061
1104,7,127,7,116.5137614678899,,,,,,7,127,7,116.5137614678899,7,127,7,116.5137614678899
1107,56,751,46,125.37562604340567,,37,49,7.280660377,22.91891891891892,39,517,34,119.95359628770302,17,218,15,111.7948717948718
1109,6,42,5,84,,6,4,7.230769230769231,13,1,,,,1,,,
1113,34,590,33,114.78599221789884,,,,,,30,566,29,113.2,25,414,24,114.68144044321329
1114,2,1,1,100,,0,1,15.428571428571429,,2,1,1,100,2,1,1,100
1121,6,58,6,74.35897435897436,,,,,,6,58,6,74.35897435897436,6,58,6,74.35897435897436
1161,5,53,5,84.12698412698413,,,,,,5,53,5,84.12698412698413,5,53,5,84.12698412698413
117,2,1,1,50,,5,2,9,10,2,1,1,50,2,1,1,50
1171,16,67,10,108.06451612903226,,18,16,6.996389891696751,15.38888888888889,16,67,10,108.06451612903226,12,60,7,133.33333333333334
1183,17,518,17,148,,,,,,11,300,11,144.92753623188406,9,218,9,139.74358974358975
1187,31,819,31,128.16901408450704,,,,,,29,800,29,128.8244766505636,29,800,29,128.8244766505636
1195,6,48,6,100,,1,4,8.461538461538462,39,6,48,6,100,6,48,6,100
1205,46,1348,46,141.44805876180482,,,,,,44,1263,44,139.71238938053096,31,916,31,136.1069836552749
1210,6,124,6,133.33333333333334,,,,,,5,123,5,143.02325581395348,5,123,5,143.02325581395348
1219,23,113,11,100.89285714285714,,22,23,7.061728395061729,22.09090909090909,23,113,11,100.89285714285714,23,113,11,100.89285714285714
126,101,2636,101,134.69596320899336,,0,2,11.142857142857142,,86,2218,86,133.2132132132132,69,1680,69,129.5296838858905
1280,4,106,4,108.16326530612245,,1,4,5.3478260869565215,46,4,106,4,108.16326530612245,4,106,4,108.16326530612245
1318,107,1832,90,158.88985255854294,,108,91,9.423049391553329,12.935185185185185,90,1602,76,161.32930513595167,61,1027,53,155.13595166163142
1327,34,893,35,137.80864197530863,,1,1,7.5,8,28,727,28,146.57258064516128,17,503,17,148.81656804733728
137,6,148,6,123.33333333333333,,,,,,6,148,6,123.33333333333333,6,148,6,123.33333333333333
138,1,1,1,25,,,,,,1,1,1,25,1,1,1,25
1389,18,40,11,105.26315789473684,,27,18,8.657142857142857,15.555555555555555,11,15,6,93.75,8,11,4,100
140,15,313,14,145.58139534883722,,,,,,15,313,14,145.58139534883722,15,313,14,145.58139534883722
142,54,1800,54,123.03485987696514,,,,,,54,1800,54,123.03485987696514,49,1648,49,123.16890881913304
143,95,1554,84,151.1673151750973,,0,1,18,,95,1554,84,151.1673151750973,80,1228,71,147.4189675870348
1440,98,2323,95,146.56151419558358,,0,1,2.5714285714285716,,79,2019,78,147.4799123447772,61,1422,60,139.27522037218412
1465,29,385,24,120.3125,,,,,,22,338,20,121.14695340501792,7,128,7,124.27184466019418
147,9,2,2,28.571428571428573,,11,9,7.954285714285715,15.909090909090908,9,2,2,28.571428571428573,9,2,2,28.571428571428573
1481,32,828,34,125.26475037821483,,,,,,17,474,18,117.32673267326733,8,244,8,107.48898678414096
1486,2,5,1,71.42857142857143,,0,2,7.153846153846154,,2,5,1,71.42857142857143,2,5,1,71.42857142857143
1487,29,78,16,91.76470588235294,,34,27,8.532019704433498,17.91176470588235,29,78,16,91.76470588235294,20,52,12,86.66666666666667
1497,18,36,5,94.73684210526316,,23,16,7.581661891117479,15.173913043478262,9,22,2,137.5,9,22,2,137.5
1506,42,740,41,110.61285500747384,,,,,,32,621,32,110.30195381882771,23,464,23,116.8765743073048
1512,41,26,11,81.25,,42,42,7.166858457997699,20.69047619047619,33,16,8,66.66666666666667,24,14,5,70
15162,4,9,3,52.94117647058823,,,,,,,,,,,,,
1519,5,6,2,120,,2,5,8.790697674418604,43,5,6,2,120,5,6,2,120
15197,5,9,2,128.57142857142858,,4,4,10.363636363636363,16.5,,,,,,,,
15198,3,60,3,157.89473684210526,,4,3,10.10958904109589,18.25,1,44,1,209.52380952380952,1,44,1,209.52380952380952
152,81,1325,68,131.8407960199005,,65,80,7.407265774378585,24.138461538461538,67,1024,54,131.95876288659792,51,734,41,129.22535211267606
15222,31,692,28,123.13167259786476,,,,,,18,453,15,131.30434782608697,8,174,7,131.8181818181818
15228,7,52,5,162.5,,7,7,7.430769230769231,18.571428571428573,1,0,1,0,1,0,1,0
15231,1,12,1,150,,,,,,1,12,1,150,1,12,1,150
1532,25,131,13,139.36170212765958,,27,25,8.149797570850202,18.296296296296298,25,131,13,139.36170212765958,18,115,11,151.31578947368422
1541,3,21,3,84,,1,2,7.621621621621622,37,3,21,3,84,,,,
15551,6,91,5,146.7741935483871,,,,,,,,,,,,,
1566,64,67,13,103.07692307692308,,90,64,7.714867617107943,16.366666666666667,49,18,5,72,47,18,5,72
1568,36,857,34,108.07061790668348,,,,,,36,857,34,108.07061790668348,32,747,30,105.65770862800566
1570,7,23,4,135.2941176470588,,15,7,5.856287425,11.133333333333333,7,23,4,135.2941176470588,7,23,4,135.2941176470588
158,17,25,3,65.78947368421052,,16,16,8.227272727272727,16.5,17,25,3,65.78947368421052,16,25,3,65.78947368421052
159,16,212,14,110.41666666666667,,3,10,7.653543307086614,42.333333333333336,11,170,11,103.65853658536585,4,52,4,126.82926829268293
1596,109,1843,87,135.11730205278593,,75,88,7.651127819548872,17.733333333333334,103,1838,85,136.35014836795253,82,1564,71,138.89875666074602
1600,23,449,21,138.58024691358025,,16,23,6.9553398058252425,32.1875,23,449,21,138.58024691358025,14,220,14,139.2405063291139
1609,28,664,26,125.04708097928437,,2,1,7.2631578947368425,9.5,23,621,23,123.70517928286853,13,347,13,126.18181818181819
161,45,264,26,128.15533980582524,,65,42,6.688421052631579,14.615384615384615,45,264,26,128.15533980582524,45,264,26,128.15533980582524
1612,114,16,5,43.24324324324324,,149,111,7.706070287539936,16.80536912751678,99,16,5,43.24324324324324,84,16,5,43.24324324324324
1617,23,162,14,117.3913043478261,,23,21,7.533834586466165,17.347826086956523,23,162,14,117.3913043478261,22,162,14,117.3913043478261
1621,4,28,4,71.79487179,,3,4,7.166666666666667,24,4,28,4,71.79487179,4,28,4,71.79487179
1622,3,2,3,22.22222222222222,,2,1,8,6,3,2,3,22.22222222222222,,,,
16284,16,317,15,133.19327731092437,,,,,,8,65,6,89.04109589041096,,,,
1629,5,110,5,164.17910447761193,,,,,,,,,,,,,
1633,12,172,11,121.98581560283688,,11,12,7.427184466019417,18.727272727272727,12,172,11,121.98581560283688,9,150,9,126.05042016806723
164,13,6,2,54.54545454545455,,9,13,7.5477031802120145,31.444444444444443,13,6,2,54.54545454545455,13,6,2,54.54545454545455
167,68,1836,61,140.4743687834736,,,,,,47,928,41,129.7902097902098,34,686,29,133.20388349514562
1679,2,9,2,90,,1,2,4.775510204081633,49,2,9,2,90,2,9,2,90
1682,24,284,17,119.32773109243698,,13,17,7.303448275862069,22.307692307692307,16,168,12,118.30985915492958,4,103,4,125.60975609756098
1684,8,4,2,28.571428571428573,,8,7,7.939849624,16.625,8,4,2,28.571428571428573,8,4,2,28.571428571428573
1685,12,172,12,131.29770992366412,,7,11,6.5504587155963305,31.142857142857142,12,172,12,131.29770992366412,12,172,12,131.29770992366412
169,20,498,19,135.69482288828337,,,,,,20,498,19,135.69482288828337,20,498,19,135.69482288828337
1699,152,4840,149,157.91190864600327,,2,2,6.75,4,108,3635,107,160.62748563853293,82,2855,81,160.57367829021373
1701,35,406,32,125.69659442724458,,24,36,7.1179487179487175,24.375,26,290,23,118.85245901639344,15,202,14,118.82352941176471
1704,10,161,10,121.05263157894737,,4,3,8.260869565,17.25,6,85,6,119.71830985915493,,,,
1706,9,23,7,62.16216216216216,,0,3,7,,3,10,3,76.92307692307692,3,10,3,76.92307692307692
1711,4,18,4,66.66666666666667,,0,1,8.5,,4,18,4,66.66666666666667,4,18,4,66.66666666666667
1712,1,8,1,160,,0,1,7.714285714285714,,1,8,1,160,1,8,1,160
172,17,392,17,133.33333333333334,,3,4,7.787234042553192,15.666666666666666,17,392,17,133.33333333333334,10,279,10,136.09756097560975
1727,24,477,22,117.77777777777777,,24,24,6.174228675136116,22.958333333333332,15,199,13,104.18848167539267,7,60,5,89.55223880597015
1733,6,162,6,137.28813559322035,,,,,,6,162,6,137.28813559322035,6,162,6,137.28813559322035
175,10,99,6,176.78571428571428,,8,8,9.72972973,13.875,3,7,1,87.5,3,7,1,87.5
1758,53,452,37,154.26621160409556,,64,53,8.436893203883495,19.3125,39,355,28,151.06382978723406,21,191,17,169.02654867256638
176,8,153,6,111.67883211678833,,,,,,2,,,,2,,,
1772,15,1,1,100,,17,15,7.217910447761194,19.705882352941178,15,1,1,100,15,1,1,100
1776,3,32,2,123.07692307692308,,,,,,3,32,2,123.07692307692308,3,32,2,123.07692307692308
17898,7,0,1,0,,13,7,7.824324324324325,11.384615384615385,4,,,,,,,
17909,5,9,3,56.25,,,,,,,,,,,,,
17911,4,15,4,55.55555555555556,,0,4,7.068493150684931,,2,0,2,0,,,,
17937,7,170,7,122.3021582733813,,0,2,6,,4,137,4,128.0373831775701,,,,
18097,4,235,3,188,,1,1,19,6,,,,,,,,
1810,8,49,6,98,,,,,,8,49,6,98,8,49,6,98
18108,2,23,2,191.66666666666666,,0,1,23,,2,23,2,191.66666666666666,2,23,2,191.66666666666666
1812,3,123,3,124.24242424242425,,,,,,3,123,3,124.24242424242425,3,123,3,124.24242424242425
18120,3,1,1,100,,,,,,3,1,1,100,3,1,1,100
1813,67,137,16,130.47619047619048,,71,67,7.990140845070423,20,48,63,8,146.51162790697674,39,63,7,153.65853658536585
18135,2,25,2,96.15384615384616,,,,,,2,25,2,96.15384615384616,2,25,2,96.15384615384616
1814,8,190,8,119.49685534591195,,0,1,10,,8,190,8,119.49685534591195,8,190,8,119.49685534591195
18154,4,4,2,26.666666666666668,,8,5,6.65,15,3,1,1,33.333333333333336,3,1,1,33.333333333333336
1816,5,67,4,93.05555555555556,,,,,,5,67,4,93.05555555555556,,,,
18161,24,826,23,126.88172043010752,,,,,,12,316,11,114.4927536231884,,,,
1817,5,37,4,75.51020408163265,,,,,,5,37,4,75.51020408163265,5,37,4,75.51020408163265
1827,4,9,1,128.57142857142858,,9,4,4.866666666666666,10,4,9,1,128.57142857142858,4,9,1,128.57142857142858
1828,15,14,2,200,,8,13,6.812227074235808,28.625,3,12,1,240,3,12,1,240
1829,8,27,4,81.81818181818181,,9,8,8.522292993630574,17.444444444444443,8,27,4,81.81818181818181,8,27,4,81.81818181818181
183,9,175,8,104.16666666666667,,,,,,9,175,8,104.16666666666667,9,175,8,104.16666666666667
1836,33,441,27,128.94736842105263,,16,25,7.109826589595376,21.625,33,441,27,128.94736842105263,20,312,17,131.64556962025316
1842,1,10,1,90.90909091,,1,1,12.5,12,1,10,1,90.90909091,1,10,1,90.90909091
1860,12,292,13,139.71291866028707,,21,11,7.414847161572053,10.904761904761905,6,116,6,128.88888888888889,2,7,2,63.63636363636363
1883,3,38,2,126.66666666666667,,,,,,2,20,1,166.66666666666666,2,20,1,166.66666666666666
1884,6,21,5,116.66666666666667,,2,4,10.548387096774194,31,6,21,5,116.66666666666667,2,20,2,142.85714285714286
1885,1,50,1,111.11111111111111,,0,1,13.846153846153847,,1,50,1,111.11111111111111,1,50,1,111.11111111111111
1886,5,0,1,0,,1,5,6.795918367346939,98,5,0,1,0,5,0,1,0
189,3,4,2,100,,0,3,8,,3,4,2,100,3,4,2,100
1890,3,57,3,101.78571428571429,,,,,,3,57,3,101.78571428571429,3,57,3,101.78571428571429
1895,4,264,4,192.7007299270073,,1,1,10.333333333333334,18,4,264,4,192.7007299270073,4,264,4,192.7007299270073
19012,11,144,11,97.95918367346938,,,,,,5,63,5,100,2,29,2,131.8181818181818
19020,8,3,3,60,,7,8,7.2993630573248405,22.428571428571427,3,1,1,100,,,,
19062,6,6,1,66.66666666666667,,6,6,7.589743589743589,19.5,6,6,1,66.66666666666667,,,,
19072,9,81,7,100,,0,1,11,,6,79,6,102.59740259740259,,,,
19074,3,32,3,139.1304347826087,,,,,,3,32,3,139.1304347826087,,,,
19083,14,325,13,118.18181818181819,,,,,,5,62,5,105.08474576271186,,,,
19086,6,22,3,64.70588235294117,,,,,,6,22,3,64.70588235294117,,,,
19090,5,3,1,100,,,,,,,,,,,,,
19093,11,273,11,152.51396648044692,,4,5,8.916666666666666,18,5,113,5,159.1549295774648,,,,
19096,19,94,10,144.6153846153846,,15,19,7.5566750629722925,26.466666666666665,8,62,4,155,,,,
19097,2,1,1,100,,1,2,12,32,1,,,,,,,
19098,16,342,16,133.0739299610895,,,,,,5,189,5,135,,,,
19103,11,231,10,126.92307692307692,,0,1,5.25,,5,146,5,126.95652173913044,,,,
19108,15,134,10,154.02298850574712,,6,9,10.246153846153845,21.666666666666668,8,80,6,131.14754098360655,,,,
19111,6,107,5,187.71929824561403,,,,,,,,,,,,,
19112,14,292,14,156.14973262032086,,7,8,8.635135135135135,21.142857142857142,8,140,8,142.85714285714286,1,19,1,111.76470588235294
19125,8,2,2,25,,6,8,9.038961039,25.666666666666668,5,1,1,16.666666666666668,2,1,1,16.666666666666668
19126,14,25,6,92.59259259,,7,13,8.016393443,34.857142857142854,7,23,4,104.54545454545455,,,,
19141,12,286,11,154.59459459459458,,8,7,8.016806722689076,14.875,5,117,5,177.27272727272728,,,,
19144,4,59,4,128.2608695652174,,,,,,,,,,,,,
19145,9,38,6,140.74074074074073,,11,9,8.393442623,16.636363636363637,7,33,5,132,2,10,1,142.85714285714286
19148,22,258,17,109.7872340425532,,14,16,6.619047619047619,18,10,101,8,110.98901098901099,,,,
1915,3,23,3,115,,,,,,3,23,3,115,,,,
19150,5,10,2,111.11111111111111,,5,4,6.571428571428571,16.8,,,,,,,,
1923,11,27,8,79.41176470588235,,5,11,9.253731343283581,40.2,11,27,8,79.41176470588235,,,,
1924,15,257,15,114.73214285714286,,,,,,15,257,15,114.73214285714286,15,257,15,114.73214285714286
19291,2,0,2,0,,,,,,2,0,2,0,2,0,2,0
19309,5,103,5,149.2753623188406,,,,,,5,103,5,149.2753623188406,,,,
19312,30,4,5,25,,30,30,7.660550458715596,21.8,16,3,3,60,4,2,2,50
19315,12,26,5,81.25,,11,12,7.172413793103448,23.727272727272727,9,24,3,92.30769231,6,17,2,80.95238095238095
19316,82,76,28,55.072463768115945,,82,84,7.369598373157092,23.98780487804878,60,45,18,65.21739130434783,45,21,12,56.75675675675676
19401,8,48,5,165.51724137931035,,17,8,6.203883495145631,12.117647058823529,8,48,5,165.51724137931035,8,48,5,165.51724137931035
19402,24,464,22,141.8960244648318,,1,4,9.5,36,12,210,11,139.0728476821192,,,,
19403,22,741,22,120.48780487804878,,4,3,7.5,6,22,741,22,120.48780487804878,12,383,12,120.44025157232704
19404,21,105,15,92.10526315789474,,15,18,7.359516616314199,22.066666666666666,11,63,8,96.92307692307692,6,52,6,92.85714285714286
19405,11,52,5,85.24590163934427,,,,,,11,52,5,85.24590163934427,11,52,5,85.24590163934427
19406,23,566,23,134.76190476190476,,0,1,4,,18,537,18,137.69230769230768,8,176,8,131.34328358208955
19409,40,506,30,129.41176470588235,,60,40,6.593785960874569,14.483333333333333,18,202,13,129.48717948717947,8,30,4,120
1941,58,1804,54,128.125,,,,,,44,1515,42,130.15463917525773,39,1425,38,130.3751143641354
19412,6,12,3,133.33333333333334,,8,6,8.048780487804878,15.375,6,12,3,133.33333333333334,6,12,3,133.33333333333334
19414,4,35,4,87.5,,2,3,5.918918918918919,37,4,35,4,87.5,4,35,4,87.5
19416,22,12,3,100,,26,22,7.213793103448276,16.73076923076923,14,12,2,109.0909090909091,9,12,2,109.0909090909091
19418,8,21,3,91.30434782608695,,7,7,7.384615384615385,18.571428571428573,8,21,3,91.30434782608695,8,21,3,91.30434782608695
19420,8,112,8,93.33333333333333,,,,,,8,112,8,93.33333333333333,8,112,8,93.33333333333333
19422,8,244,8,109.90990990990991,,,,,,8,244,8,109.90990990990991,8,244,8,109.90990990990991
19428,9,47,7,106.81818181818181,,11,9,6.633027523,19.818181818181817,9,47,7,106.81818181818181,9,47,7,106.81818181818181
19429,8,110,7,123.59550561797752,,,,,,8,110,7,123.59550561797752,8,110,7,123.59550561797752
19430,8,95,8,86.36363636363636,,,,,,8,95,8,86.36363636363636,8,95,8,86.36363636363636
19433,5,5,4,50,,6,5,9.109090909,18.333333333333332,3,5,2,62.5,2,1,1,100
19434,20,123,14,106.95652173913044,,,,,,9,40,6,86.95652173913044,,,,
19435,8,11,4,73.33333333333333,,9,8,8.37037037,18,8,11,4,73.33333333333333,5,3,2,37.5
19436,2,79,2,133.89830508474577,,2,2,7.615384615384615,13,2,79,2,133.89830508474577,2,79,2,133.89830508474577
19437,12,3,3,33.333333333333336,,8,10,5.384615384615385,24.375,12,3,3,33.333333333333336,12,3,3,33.333333333333336
1944,25,79,10,92.94117647058823,,26,25,7.375722543352601,19.96153846153846,25,79,10,92.94117647058823,15,65,5,112.06896551724138
19440,23,21,6,91.30434782608695,,42,23,7.344632768361582,12.642857142857142,12,19,4,111.76470588235294,,,,
19441,34,744,34,125.04201680672269,,18,15,7.818897637795276,14.11111111111111,23,330,23,108.91089108910892,13,234,13,120.61855670103093
19442,5,51,5,145.71428571428572,,,,,,5,51,5,145.71428571428572,5,51,5,145.71428571428572
19449,4,11,2,122.22222222222223,,3,4,6.895522388059701,22.333333333333332,4,11,2,122.22222222222223,4,11,2,122.22222222222223
19454,28,272,22,144.68085106382978,,25,26,7.810126582278481,18.96,21,255,18,154.54545454545453,11,140,9,155.55555555555554
19455,19,340,19,126.39405204460967,,,,,,19,340,19,126.39405204460967,8,157,8,124.60317460317461
19457,6,41,5,97.61904761904762,,7,6,4.604651162790698,18.428571428571427,6,41,5,97.61904761904762,6,41,5,97.61904761904762
19458,35,588,32,133.33333333333334,,10,10,10.014084507042254,14.2,22,358,19,132.59259259259258,10,218,10,148.29931972789115
19459,19,88,10,96.7032967,,24,18,6.269326683,16.708333333333332,19,88,10,96.7032967,10,78,9,97.5
19460,35,257,21,109.36170212765957,,3,5,9.684210526,19,25,238,17,112.26415094339623,13,163,9,115.60283687943263
19462,24,302,19,116.15384615384616,,,,,,18,286,17,122.74678111587983,13,254,13,133.68421052631578
19464,31,554,29,131.9047619047619,,3,4,7.811320754716981,17.666666666666668,19,426,19,136.10223642172525,9,250,9,145.34883720930233
19469,21,135,14,131.06796116504853,,14,18,8.289940828402367,24.142857142857142,17,124,11,140.9090909090909,11,72,7,146.9387755102041
19470,8,1,1,100,,6,8,7.489051094890511,22.833333333333332,4,,,,4,,,
19472,23,378,22,117.02786377708978,,3,10,6.363636363636363,55,23,378,22,117.02786377708978,14,325,14,123.10606060606061
19475,8,210,8,111.70212765957447,,6,8,6.142857142857143,28,8,210,8,111.70212765957447,8,210,8,111.70212765957447
19476,18,341,16,113.2890365448505,,13,13,7.342465753424658,16.846153846153847,16,341,16,113.2890365448505,8,174,8,119.17808219178082
19477,10,270,10,133.66336633663366,,,,,,10,270,10,133.66336633663366,10,270,10,133.66336633663366
19478,13,123,9,82,,,,,,13,123,9,82,8,120,8,85.10638298
19479,26,129,16,105.73770491803279,,26,21,8.403726708074535,12.384615384615385,20,111,12,105.71428571428571,9,90,8,97.82608695652173
19483,4,5,1,100,,2,4,6.985074626865671,33.5,4,5,1,100,4,5,1,100
19485,29,645,28,119.88847583643123,,3,4,9.6,20,18,481,18,122.08121827411168,6,179,6,113.29113924050633
19488,6,101,6,82.11382113821138,,,,,,6,101,6,82.11382113821138,6,101,6,82.11382113821138
19489,8,18,5,112.5,,7,8,8.014925373134329,19.142857142857142,8,18,5,112.5,8,18,5,112.5
19491,21,66,12,77.64705882,,30,20,7.157360406091371,13.133333333333333,19,66,12,77.64705882,9,45,7,73.77049180327869
19492,7,70,7,107.6923076923077,,,,,,7,70,7,107.6923076923077,4,33,4,75
19495,7,106,7,120.45454545454545,,2,1,9.692307692307692,6.5,7,106,7,120.45454545454545,7,106,7,120.45454545454545
19497,5,7,3,46.666666666666664,,7,5,8.290909090909091,15.714285714285714,5,7,3,46.666666666666664,5,7,3,46.666666666666664
19499,3,6,2,60,,,,,,3,6,2,60,3,6,2,60
19530,12,16,2,228.57142857142858,,13,12,7.721311475409836,18.76923076923077,12,16,2,228.57142857142858,9,16,1,266.6666666666667
19535,22,39,8,90.69767441860465,,27,22,8.221757322175732,17.703703703703702,21,39,8,90.69767441860465,12,16,3,66.66666666666667
1955,7,18,1,150,,10,7,7.769230769230769,15.6,3,,,,,,,
196,6,117,6,127.17391304347827,,,,,,6,117,6,127.17391304347827,6,117,6,127.17391304347827
19662,4,15,3,65.21739130434783,,2,4,7.2,27.5,4,15,3,65.21739130434783,,,,
19666,3,20,2,181.8181818181818,,0,1,9,,,,,,,,,
19669,23,313,22,122.74509803921569,,,,,,20,291,19,124.35897435897436,10,176,9,131.34328358208955
19673,11,182,11,132.84671532846716,,8,9,7.048192771084337,20.75,4,86,4,159.25925925925927,,,,
19674,15,250,11,104.60251046025104,,,,,,7,77,5,78.57142857142857,,,,
19676,5,25,5,71.42857142857143,,2,3,6.333333333333333,18,5,25,5,71.42857142857143,,,,
19677,2,61,2,108.92857142857143,,,,,,,,,,,,,
19683,17,232,13,139.75903614457832,,15,16,7.330645161290323,16.533333333333335,8,66,5,165,,,,
19684,14,377,14,109.27536231884058,,,,,,7,224,7,106.1611374407583,,,,
19685,15,0,1,0,,16,14,5.955390334572491,16.8125,7,0,1,0,,,,
19686,2,9,2,81.81818181818181,,0,1,12,,,,,,,,,
19687,19,90,11,93.75,,17,18,6.884393063583815,20.352941176470587,11,73,9,93.58974358974359,3,1,2,25
19691,24,393,22,102.87958115183245,,0,1,16,,17,207,15,99.51923076923077,8,86,6,98.85057471264368
19695,12,2,1,100,,6,8,7.248322147651007,24.833333333333332,6,2,1,100,,,,
19696,16,228,12,111.76470588235294,,1,6,8.459016393442623,61,11,118,7,119.1919191919192,2,35,2,175
19697,5,12,3,120,,8,5,6.795918367346939,12.25,,,,,,,,
19699,15,287,14,125.87719298245614,,,,,,7,153,7,131.89655172413794,,,,
197,5,43,4,97.72727272727273,,,,,,5,43,4,97.72727272727273,,,,
19700,34,627,30,118.30188679245283,,21,25,7.953810623556582,20.61904761904762,23,456,20,112.03931203931204,12,332,11,129.1828793774319
19702,15,82,9,122.38805970149254,,15,15,7.066666666666666,18,7,4,3,57.142857142857146,,,,
19703,4,12,3,44.44444444444444,,,,,,3,12,3,44.44444444444444,,,,
19706,16,1,1,25,,13,15,6.090909090909091,25.384615384615383,9,,,,,,,
19708,13,233,9,144.72049689440993,,3,4,7.459459459,12.333333333333334,7,35,3,106.06060606060606,,,,
19710,5,0,1,0,,9,5,7.714285714285714,6.222222222222222,1,0,1,0,,,,
19712,23,280,21,120.6896551724138,,,,,,11,78,10,114.70588235294117,5,58,4,145
19714,61,1523,57,136.83737646001796,,,,,,35,797,32,131.95364238410596,11,214,10,140.78947368421052
19715,14,181,12,131.15942028985506,,,,,,7,128,6,133.33333333333334,,,,
19716,1,1,1,100,,,,,,1,1,1,100,,,,
19718,13,144,10,112.5,,4,10,8.976,31.25,7,90,6,115.38461538461539,,,,
19726,2,24,2,104.34782608695652,,,,,,2,24,2,104.34782608695652,,,,
19727,12,19,5,105.55555555555556,,10,11,7.355769230769231,20.8,7,19,5,105.55555555555556,,,,
19730,4,102,4,134.21052631578948,,,,,,,,,,,,,
19754,1,0,1,0,,0,1,11.555555555555555,,1,0,1,0,,,,
19781,12,163,10,148.1818181818182,,2,4,10,16.5,,,,,,,,
198,84,2012,77,132.98083278255123,,0,1,15,,67,1617,61,129.15335463258785,56,1378,49,133.011583
1980,4,31,3,147.61904761904762,,2,4,8.5,30,4,31,3,147.61904761904762,4,31,3,147.61904761904762
19806,7,22,4,137.5,,9,7,6.802816901408451,15.777777777777779,1,1,1,100,,,,
19809,5,9,2,100,,5,5,8.25,14.4,1,,,,,,,
19811,4,51,4,127.5,,,,,,4,51,4,127.5,,,,
19815,13,230,14,129.94350282485877,,,,,,7,102,7,120,4,59,4,107.27272727272727
19821,9,139,9,102.96296296296296,,,,,,4,87,4,104.81927710843374,,,,
19829,6,169,7,152.25225225225225,,,,,,,,,,,,,
19834,4,14,3,70,,,,,,3,14,2,87.5,,,,
19841,4,14,1,116.66666666666667,,,,,,,,,,,,,
19854,3,13,2,108.33333333333333,,3,3,4.92,16.666666666666668,3,13,2,108.33333333333333,,,,
19857,22,144,17,110.76923076923077,,8,11,6.5181818181818185,27.5,17,110,12,120.87912087912088,13,89,8,132.83582089552237
19860,5,158,5,188.0952380952381,,,,,,,,,,,,,
19868,6,10,2,166.66666666666666,,12,7,7.666666666666667,12,2,2,1,66.66666666666667,,,,
19870,10,136,8,144.68085106382978,,0,6,9.75,,4,33,3,126.92307692307692,4,33,3,126.92307692307692
19894,11,87,9,124.28571428571429,,,,,,2,3,2,42.857142857142854,,,,
19970,16,8,2,160,,12,15,7.059880239520958,27.833333333333332,9,0,1,0,4,,,
19971,17,289,16,162.35955056179776,,,,,,10,182,10,170.09345794392524,4,43,4,159.25925925925927
19972,3,20,3,105.26315789473684,,,,,,3,20,3,105.26315789473684,3,20,3,105.26315789473684
19973,2,1,1,33.333333333333336,,2,2,7.255813953488372,21.5,2,1,1,33.333333333333336,2,1,1,33.333333333333336
19974,12,101,9,142.25352112676057,,4,4,5.012658227848101,19.75,,,,,,,,
19976,3,19,2,126.66666666666667,,,,,,,,,,,,,
19977,18,614,19,145.49763033175356,,9,8,6.471910112,19.77777777777778,8,224,8,144.51612903225808,7,197,7,138.73239436619718
19979,9,102,8,129.1139240506329,,3,8,8.352941176470589,34,7,99,7,130.26315789473685,6,99,6,133.78378378378378
19980,1,27,1,150,,,,,,1,27,1,150,1,27,1,150
19981,4,12,2,48,,5,4,6.989010989010989,18.2,2,6,1,100,2,6,1,100
19982,27,585,19,150,,,,,,10,234,7,132.20338983050848,10,234,7,132.20338983050848
19983,16,302,13,137.89954337899545,,,,,,11,158,9,131.66666666666666,1,4,1,200
19984,20,537,18,143.96782841823057,,6,12,8.598425196850394,21.166666666666668,10,314,10,144.7004608294931,,,,
19985,11,56,6,151.35135135135135,,14,11,8.893401015228426,14.071428571428571,3,18,2,225,,,,
19986,1,0,1,0,,,,,,1,0,1,0,1,0,1,0
19988,7,242,8,160.26490066225165,,,,,,4,175,4,154.86725663716814,4,175,4,154.86725663716814
19990,7,308,8,152.47524752475246,,,,,,2,36,2,163.63636363636363,2,36,2,163.63636363636363
19992,1,16,1,84.21052631578948,,,,,,1,16,1,84.21052631578948,1,16,1,84.21052631578948
19993,3,16,2,94.11764705882354,,1,1,5.5,12,1,,,,1,,,
19997,18,68,10,97.14285714285714,,8,13,7.104294478527607,20.375,18,68,10,97.14285714285714,8,54,6,100
19998,28,161,19,145.04504504504504,,33,26,7.686832740213523,17.03030303030303,17,122,13,169.44444444444446,8,50,5,178.57142857142858
19999,8,1,1,50,,12,8,8.206451612903226,12.916666666666666,8,1,1,50,,,,
20000,28,386,21,132.1917808219178,,,,,,17,267,14,130.2439024390244,3,35,3,120.6896551724138
20002,21,512,20,155.15151515151516,,,,,,11,288,11,159.11602209944752,4,59,4,113.46153846153847
20003,5,41,4,120.58823529411765,,0,2,18,,,,,,,,,
20004,10,113,9,91.8699187,,,,,,7,56,6,74.66666666666667,6,52,5,75.36231884
20005,42,368,32,136.80297397769516,,39,39,8.722689075630251,18.307692307692307,22,275,19,146.27659574468086,11,65,7,108.33333333333333
20006,92,1399,72,160.98964326812427,,59,49,7.9566878980891715,13.305084745762711,70,1150,54,161.06442577030813,35,619,28,154.3640897755611
20009,7,125,7,128.8659793814433,,,,,,4,66,4,134.69387755102042,4,66,4,134.69387755102042
2001,5,106,5,113.97849462365592,,,,,,5,106,5,113.97849462365592,,,,
20011,10,272,10,138.77551020408163,,5,8,11.327102803738319,21.4,6,185,6,125,6,185,6,125
20013,12,82,11,86.31578947,,14,11,4.947867298578199,15.071428571428571,12,82,11,86.31578947,,,,
20014,5,23,4,71.875,,3,5,8.776119402985074,22.333333333333332,5,23,4,71.875,4,18,3,69.23076923076923
20015,11,171,9,127.61194029850746,,1,1,8.5,12,8,168,8,140,7,130,7,136.8421052631579
20017,9,19,2,95,,13,9,7.816216216216216,14.23076923076923,6,8,1,114.28571428571429,5,,,
20018,5,24,3,120,,1,3,6.48,50,4,10,2,100,4,10,2,100
20020,34,974,34,126.16580310880829,,,,,,24,695,24,123.88591800356507,14,544,14,132.36009732360097
20021,37,671,31,183.33333333333334,,0,1,6,,18,184,15,155.9322033898305,8,56,6,215.3846153846154
20022,4,31,3,96.875,,,,,,3,14,2,127.27272727272727,,,,
20023,47,1495,47,126.58763759525826,,13,21,6.795698924731183,21.46153846153846,33,927,33,116.89785624211854,22,733,22,124.23728813559322
20024,7,48,6,208.69565217391303,,6,7,9.631578947368421,25.333333333333332,1,0,1,0,1,0,1,0
20026,10,75,10,129.31034482758622,,23,9,7.148936170212766,8.173913043478262,5,54,5,131.70731707317074,1,16,1,84.21052631578948
20027,6,94,6,146.875,,1,3,6.631578947368421,19,4,75,4,159.5744680851064,3,63,3,165.78947368421052
20029,16,224,16,113.13131313131314,,0,1,12,,11,160,11,112.67605633802818,10,130,10,109.24369747899159
2003,36,618,35,132.05128205128204,,,,,,33,593,32,135.6979405034325,28,552,28,137.3134328358209
20030,5,30,5,83.33333333333333,,,,,,3,6,3,30,2,3,2,23.076923076923077
20032,5,33,5,75,,2,1,12.48,12.5,5,33,5,75,5,33,5,75
20034,5,133,4,162.1951219512195,,0,2,11.52,,,,,,,,,
20035,8,13,1,130,,13,8,7.7894736842105265,13.153846153846153,5,,,,5,,,
20036,1,0,1,0,,,,,,1,0,1,0,1,0,1,0
20041,3,18,3,45,,,,,,3,18,3,45,3,18,3,45
20042,3,45,3,70.3125,,0,1,5,,3,45,3,70.3125,3,45,3,70.3125
20045,9,81,9,60.44776119402985,,,,,,4,42,4,60.869565217391305,4,42,4,60.869565217391305
20046,16,66,9,62.857142857142854,,17,14,5.198473282442748,15.411764705882353,4,18,4,39.130434782608695,4,18,4,39.130434782608695
20049,9,65,8,101.5625,,7,7,7.8311688311688314,22,,,,,,,,
20050,4,23,2,71.875,,,,,,,,,,,,,
20054,16,575,16,171.13095238095238,,,,,,7,332,7,168.5279187817259,1,14,1,93.33333333333333
20055,3,40,3,68.96551724137932,,1,1,5.76,25,3,40,3,68.96551724137932,3,40,3,68.96551724137932
20056,7,83,7,89.24731182795699,,,,,,,,,,,,,
20057,6,69,5,104.54545454545455,,1,4,6.3,60,,,,,,,,
20062,5,5,3,33.333333333333336,,2,5,7.540540541,37,3,3,2,42.857142857142854,2,2,1,100
20068,9,124,9,91.17647058823529,,0,1,7.5,,8,116,8,89.23076923076923,6,108,6,92.30769231
20069,9,6,3,120,,7,9,8.577181208053691,21.285714285714285,8,5,2,125,6,5,1,166.66666666666666
20072,9,170,8,180.85106382978722,,13,8,7.517241379310345,13.384615384615385,9,170,8,180.85106382978722,5,94,4,170.9090909090909
20073,14,461,13,129.13165266106444,,1,4,7.377049180327869,61,8,248,8,119.23076923076923,8,248,8,119.23076923076923
20074,23,272,22,135.3233830845771,,2,3,7.6,15,15,186,14,134.7826086956522,9,72,8,122.03389830508475
20075,2,7,2,100,,0,2,10.5,,,,,,,,,
20076,21,30,5,115.38461538461539,,31,21,8.666666666666666,14.225806451612904,13,1,1,100,8,1,1,100
20077,20,636,19,152.8846153846154,,17,16,7.262195121951219,19.294117647058822,12,434,11,163.1578947368421,6,94,5,128.76712328767124
20078,10,76,9,96.20253164556962,,0,1,5.571428571428571,,,,,,,,,
20079,3,32,3,145.45454545454547,,7,4,7.953488372093023,12.285714285714286,,,,,,,,
20080,10,77,8,105.47945205479452,,,,,,4,70,4,114.75409836065573,,,,
20081,7,271,7,166.25766871165644,,,,,,2,55,2,144.73684210526315,2,55,2,144.73684210526315
20083,4,2,1,200,,4,4,6.767441860465116,21.5,4,2,1,200,1,2,1,200
20084,4,1,2,33.333333333333336,,6,4,5.297872340425532,15.666666666666666,4,1,2,33.333333333333336,,,,
20085,6,1,3,20,,8,6,8.390243902439025,15.375,6,1,3,20,6,1,3,20
20086,15,8,4,66.66666666666667,,20,15,7.3754152823920265,15.05,10,7,3,63.63636363636363,6,0,1,0
20087,1,8,1,100,,,,,,1,8,1,100,1,8,1,100
20088,14,313,14,116.35687732342008,,2,5,8.318181818181818,22,14,313,14,116.35687732342008,9,152,9,90.47619047619048
20111,15,3,2,60,,14,14,6.536170212765957,16.785714285714285,4,1,1,100,4,1,1,100
20112,27,236,21,128.2608695652174,,,,,,16,124,11,127.83505154639175,14,124,11,127.83505154639175
20116,19,311,17,121.96078431372548,,,,,,12,157,10,121.70542635658914,3,73,3,128.0701754385965
20118,20,226,19,103.19634703196347,,20,20,7.1020408163265305,17.15,8,82,8,118.84057971014492,6,44,6,97.77777777777777
20147,2,0,1,0,,0,1,4.666666666666667,,2,0,1,0,2,0,1,0
20170,8,103,7,97.16981132075472,,,,,,7,86,6,89.58333333333333,2,19,2,126.66666666666667
20171,16,357,16,124.39024390243902,,,,,,8,219,8,130.35714285714286,8,219,8,130.35714285714286
20228,17,354,13,139.37007874015748,,16,11,6.935064935064935,14.4375,6,31,3,103.33333333333333,6,31,3,103.33333333333333
20229,5,1,1,100,,8,5,8.413043478,11.5,,,,,,,,
20298,12,112,6,186.66666666666666,,24,12,6.6521739130434785,11.5,5,,,,5,,,
20299,4,30,4,90.90909091,,7,5,7.352941176470588,14.571428571428571,3,7,2,140,3,7,2,140
20301,2,29,3,82.85714285714286,,0,1,12,,1,13,1,100,1,13,1,100
2031,12,152,8,120.63492063492063,,1,2,8.2,30,4,62,3,116.98113207547169,,,,
20310,8,41,3,178.2608695652174,,12,9,4.773480662983426,15.083333333333334,1,,,,,,,
20327,37,849,35,136.2760834670947,,,,,,20,452,19,129.88505747126436,11,296,11,130.39647577092512
2033,22,304,12,142.05607476635515,,34,22,6.398286937901499,13.735294117647058,9,1,1,100,9,1,1,100
2037,12,20,4,117.6470588235294,,20,12,6.763636363636364,13.75,9,20,4,117.6470588235294,9,20,4,117.6470588235294
2054,22,13,4,65,,29,22,8.339393939,17.06896551724138,22,13,4,65,16,11,3,61.111111111111114
20693,21,1,2,20,,22,20,8.910569105691057,16.772727272727273,12,0,1,0,3,0,1,0
20694,2,1,1,100,,1,1,5.5,12,2,1,1,100,2,1,1,100
207,3,6,1,120,,2,3,11.833333333333334,18,3,6,1,120,3,6,1,120
20702,55,1281,52,152.13776722090262,,4,7,12.96,12.5,37,846,33,158.42696629213484,15,197,12,143.79562043795622
20704,7,0,1,0,,15,8,5.021052631578947,12.666666666666666,,,,,,,,
20711,1,39,1,139.28571428571428,,,,,,1,39,1,139.28571428571428,1,39,1,139.28571428571428
20723,21,14,3,100,,29,21,8.523012552301255,16.482758620689655,9,,,,9,,,
20730,30,532,25,122.29885057471265,,9,15,6.315789473684211,19,19,375,19,119.04761904761905,7,129,7,138.70967741935485
20751,5,2,1,66.66666666666667,,4,5,10.333333333333334,27,,,,,,,,
20754,4,6,2,60,,3,4,7.015384615384615,21.666666666666668,4,6,2,60,4,6,2,60
20755,5,85,5,111.84210526315789,,1,3,8.5,36,5,85,5,111.84210526315789,5,85,5,111.84210526315789
20756,5,176,5,129.41176470588235,,,,,,5,176,5,129.41176470588235,5,176,5,129.41176470588235
20757,4,29,4,103.57142857142857,,,,,,4,29,4,103.57142857142857,4,29,4,103.57142857142857
20760,5,55,5,75.34246575342466,,4,5,7,16.5,,,,,,,,
20761,17,138,11,126.60550458715596,,20,13,9.295336787564766,9.65,6,74,3,145.09803921568627,,,,
20762,28,240,21,131.14754098360655,,21,27,7.414990859232176,26.047619047619047,19,162,14,128.57142857142858,9,113,7,143.0379746835443
20763,27,14,7,93.33333333333333,,22,23,8.255874673629243,17.40909090909091,25,6,5,60,14,2,2,50
20764,2,5,1,125,,0,2,8.88,,2,5,1,125,1,,,
20766,26,107,14,117.58241758241758,,32,25,7.325581395348837,16.125,20,106,13,124.70588235294117,6,56,4,127.27272727272727
20767,27,585,22,109.34579439252336,,,,,,17,392,14,107.6923076923077,6,185,6,120.91503267973856
20768,20,13,5,72.22222222222223,,22,20,7.812646370023419,19.40909090909091,12,3,2,60,2,1,1,50
20769,6,115,5,136.9047619047619,,,,,,6,115,5,136.9047619047619,6,115,5,136.9047619047619
20797,21,77,10,95.06172839506173,,18,21,6.686567164179104,22.333333333333332,17,65,9,94.20289855072464,6,11,2,122.22222222222223
20801,30,609,27,122.28915662650603,,4,11,6.5064935064935066,38.5,19,411,17,121.23893805309734,4,94,4,85.45454545454545
20802,45,722,40,136.48393194706995,,28,34,7.608695652173913,19.714285714285715,27,456,24,142.05607476635515,10,172,9,132.30769230769232
20804,26,319,20,152.6315789473684,,5,15,7.738636363636363,35.2,14,180,12,142.85714285714286,2,24,1,126.3157894736842
20805,25,158,15,117.91044776119404,,25,26,6.601156069364162,20.76,16,90,9,120,,,,
20808,5,4,3,25,,,,,,5,4,3,25,4,2,2,40
20810,23,445,20,124.64985994397759,,,,,,13,298,12,124.16666666666667,,,,
20812,26,655,25,121.5213358070501,,,,,,23,627,22,123.4251968503937,8,274,8,126.85185185185185
20813,13,236,13,122.91666666666667,,,,,,10,164,10,119.7080291970803,4,68,4,100
20814,30,681,29,125.87800369685768,,,,,,17,387,17,142.80442804428046,1,25,1,166.66666666666666
20815,8,173,8,94.02173913043478,,0,1,14,,8,173,8,94.02173913043478,4,71,4,71.71717171717172
20816,6,120,6,114.28571428571429,,0,1,16,,5,87,5,111.53846153846153,5,87,5,111.53846153846153
20819,35,604,30,123.77049180327869,,71,34,7.297509829619921,10.746478873239436,23,290,19,107.80669144981412,5,52,5,140.54054054054055
20822,8,49,6,89.09090909,,1,3,8.4,30,8,49,6,89.09090909,4,4,2,44.44444444444444
20823,12,56,10,78.87323943661971,,,,,,12,56,10,78.87323943661971,5,24,4,88.88888888888889
20824,10,2,2,66.66666666666667,,13,9,6.9397590361445785,12.76923076923077,9,2,2,66.66666666666667,3,1,1,50
20825,3,13,3,81.25,,3,3,8.25,10.666666666666666,3,13,3,81.25,,,,
20826,25,29,7,82.85714285714286,,25,24,6.534521158129176,17.96,17,23,5,88.46153846153847,3,20,3,86.95652173913044
20828,22,416,23,100,,,,,,18,297,19,92.23602484,6,114,6,102.70270270270271
20829,33,862,33,119.55617198335645,,,,,,21,558,21,121.0412147505423,6,142,6,106.76691729323308
20830,5,27,3,65.85365853658537,,,,,,5,27,3,65.85365853658537,5,27,3,65.85365853658537
20831,30,1054,30,130.6071871127633,,,,,,20,575,20,124.72885032537961,6,168,6,144.82758620689654
20832,11,135,10,99.26470588235294,,6,8,7.118644068,19.666666666666668,11,135,10,99.26470588235294,4,70,4,94.59459459
20834,5,60,5,139.53488372093022,,,,,,5,60,5,139.53488372093022,,,,
20836,15,1,1,50,,17,15,7.921450151057402,19.470588235294116,8,1,1,50,3,1,1,50
20837,4,2,1,25,,7,4,6.8354430379746836,11.285714285714286,4,2,1,25,4,2,1,25
20839,11,58,4,148.71794871794873,,17,11,6.459183673469388,11.529411764705882,9,58,4,148.71794871794873,,,,
20843,22,136,12,112.39669421487604,,26,21,7.202970297029703,15.538461538461538,15,133,9,117.69911504424779,5,27,2,117.3913043478261
20844,11,257,11,106.19834710743801,,,,,,11,257,11,106.19834710743801,6,139,6,107.75193798449612
20845,5,28,4,58.333333333333336,,,,,,5,28,4,58.333333333333336,4,28,3,60.869565217391305
20846,5,125,5,135.8695652173913,,,,,,5,125,5,135.8695652173913,5,125,5,135.8695652173913
20848,16,3,2,75,,15,15,7.177777777777778,18,16,3,2,75,5,2,1,100
20850,10,44,5,95.65217391304348,,9,9,7.641025641025641,13,9,44,5,95.65217391304348,2,20,2,76.92307692307692
20854,14,154,8,205.33333333333334,,12,12,5.869565217391305,15.333333333333334,14,154,8,205.33333333333334,6,21,3,161.53846153846155
20855,19,14,3,48.275862068965516,,24,19,7.425882352941176,17.708333333333332,15,14,3,48.275862068965516,4,14,3,48.275862068965516
20861,8,195,8,116.76646706586827,,1,4,8.516129032258064,62,8,195,8,116.76646706586827,4,69,4,94.52054794520548
20862,11,130,10,130,,8,6,6,13,9,118,8,142.16867469879517,6,87,5,161.11111111111111
20863,7,83,6,90.21739130434783,,2,2,7.75,12,7,83,6,90.21739130434783,2,17,1,80.95238095238095
20864,7,13,3,50,,4,6,5.503759398496241,33.25,7,13,3,50,6,13,3,50
20865,27,28,8,62.22222222222222,,30,25,6.235714285714286,18.666666666666668,17,10,4,38.46153846153846,4,5,1,83.33333333333333
20866,33,324,26,150.69767441860466,,54,33,7.458715596330276,12.11111111111111,19,153,14,137.83783783783784,6,31,5,86.11111111111111
20867,5,88,3,133.33333333333334,,6,5,4.764705882352941,17,5,88,3,133.33333333333334,5,88,3,133.33333333333334
20869,7,1,1,33.333333333333336,,8,6,7.538461538461538,14.625,,,,,,,,
20870,17,173,16,98.29545454545455,,,,,,12,141,11,94.63087248322148,4,48,4,96
20871,15,110,11,104.76190476190476,,,,,,15,110,11,104.76190476190476,6,66,5,111.86440677966101
20874,28,797,28,118.07407407407408,,0,1,12,,17,475,17,120.86513994910942,5,115,5,110.57692307692308
20875,8,39,7,60.9375,,4,6,7.6,15,8,39,7,60.9375,,,,
20877,16,300,13,111.52416356877323,,0,1,12,,11,234,9,108.33333333333333,4,147,4,105.75539568345324
20878,2,63,2,150,,,,,,2,63,2,150,2,63,2,150
20879,15,126,14,100.8,,17,12,8.903225806451612,12.764705882352942,7,44,6,118.91891891891892,4,22,3,200
20880,13,5,2,71.42857142857143,,7,13,6.4941176470588236,36.42857142857143,13,5,2,71.42857142857143,4,,,
20881,3,0,1,0,,3,3,7.176470588235294,17,3,0,1,0,1,,,
20882,4,5,2,166.66666666666666,,5,4,7.135135135135135,14.8,4,5,2,166.66666666666666,4,5,2,166.66666666666666
20884,9,11,2,78.57142857142857,,11,9,6.098360655737705,16.636363636363637,9,11,2,78.57142857142857,4,11,2,78.57142857142857
20886,27,512,24,135.09234828496042,,,,,,15,322,14,147.70642201834863,5,164,5,128.125
20887,6,133,6,110.83333333333333,,,,,,6,133,6,110.83333333333333,6,133,6,110.83333333333333
20894,51,1154,46,157.2207084468665,,46,36,7.461847389558233,16.23913043478261,33,775,29,165.24520255863538,21,264,18,135.3846153846154
20937,3,14,2,175,,6,3,5.506849315068493,12.166666666666666,3,14,2,175,3,14,2,175
20985,10,155,8,174.1573033707865,,12,9,6.6467065868263475,13.916666666666666,,,,,,,,
20987,9,201,8,125.625,,7,9,8.095890410958905,20.857142857142858,2,42,2,210,2,42,2,210
20989,6,97,4,107.77777777777777,,0,2,9.714285714285714,,5,86,3,110.25641025641026,5,86,3,110.25641025641026
20990,6,9,3,60,,7,6,7.515789473684211,13.571428571428571,,,,,,,,
21008,2,0,1,0,,,,,,2,0,1,0,2,0,1,0
2101,75,2164,74,132.4357405140759,,,,,,64,1982,63,133.1094694425789,50,1668,49,132.80254777070064
21026,2,27,2,84.375,,,,,,1,19,1,90.47619047619048,,,,
21029,9,328,10,135.53719008264463,,,,,,6,206,6,137.33333333333334,6,206,6,137.33333333333334
21058,1,21,1,105,,,,,,,,,,,,,
2119,9,123,9,109.82142857142857,,,,,,9,123,9,109.82142857142857,7,85,7,106.25
21196,1,1,1,100,,2,1,7.75,12,,,,,,,,
21388,3,37,3,160.8695652173913,,,,,,3,37,3,160.8695652173913,,,,
217,3,38,2,86.36363636363636,,1,2,8.8,15,3,38,2,86.36363636363636,,,,
21784,4,8,3,47.05882352941177,,8,4,7.836734693877551,12.25,,,,,,,,
21790,4,19,4,76,,,,,,,,,,,,,
2199,5,69,5,82.14285714285714,,1,1,7,12,5,69,5,82.14285714285714,4,69,4,84.14634146341463
220,53,1812,53,134.32171979243884,,,,,,53,1812,53,134.32171979243884,41,1439,41,131.7765567765568
2201,34,93,14,76.85950413223141,,32,33,6.689127105666156,20.40625,23,42,10,64.61538461538461,13,13,4,46.42857142857143
2205,24,247,17,129.3193717277487,,14,19,8.181818181818182,22,20,221,15,131.54761904761904,18,206,13,136.42384105960264
2207,7,44,7,63.768115942028984,,,,,,6,39,6,66.10169491525424,6,39,6,66.10169491525424
2208,13,29,5,80.55555555555556,,3,11,8.736263736263735,60.666666666666664,13,29,5,80.55555555555556,13,29,5,80.55555555555556
2210,22,347,22,119.65517241379311,,0,1,8,,13,158,13,96.34146341463415,13,158,13,96.34146341463415
2212,39,423,34,125.51928783382789,,3,16,9.891089108910892,67.33333333333333,27,260,23,122.06572769953051,18,150,16,104.8951048951049
2213,53,844,50,109.6103896103896,,9,19,8.815789474,25.333333333333332,47,685,45,108.21484992101105,29,397,29,98.75621890547264
2214,14,202,12,117.44186046511628,,2,7,6.8478260869565215,46,12,181,10,120.66666666666667,2,2,2,28.571428571428573
2216,10,17,7,48.57142857142857,,8,10,6.5675675675675675,27.75,8,17,5,65.38461538461539,8,17,5,65.38461538461539
2218,50,1282,49,120.0374531835206,,,,,,38,890,37,117.25955204216073,26,594,25,116.2426614481409
2226,12,366,12,115.82278481012658,,16,11,6.502463054187192,12.6875,12,366,12,115.82278481012658,12,366,12,115.82278481012658
2228,13,100,13,119.04761904761905,,17,13,8.083969465648854,15.411764705882353,9,70,9,129.62962962962962,6,62,6,155
2229,23,38,10,62.295081967213115,,25,22,8.681912681912682,19.24,18,35,8,66.03773585,8,33,4,75
223,22,380,20,115.5015197568389,,,,,,22,380,20,115.5015197568389,20,365,18,114.77987421383648
2230,24,18,6,138.46153846153845,,26,23,9.086124401913876,16.076923076923077,18,18,4,163.63636363636363,16,17,3,170
2231,16,13,3,65,,17,15,7.424749163879599,17.58823529411765,9,,,,7,,,
2232,12,23,3,56.09756097560975,,13,12,8.041493776,18.53846153846154,9,12,1,60,9,12,1,60
2234,1,6,1,600,,,,,,1,6,1,600,1,6,1,600
224,15,166,14,103.75,,4,6,4.388059701492537,16.75,15,166,14,103.75,15,166,14,103.75
2246,13,353,13,107.95107033639144,,,,,,13,353,13,107.95107033639144,13,353,13,107.95107033639144
2249,15,9,4,90,,12,15,6.893203883495145,25.75,13,8,3,88.88888888888889,5,8,3,88.88888888888889
2250,5,18,5,72,,1,2,4.363636363636363,22,5,18,5,72,5,18,5,72
2254,3,1,1,100,,7,3,9.096774193548388,8.857142857142858,3,1,1,100,3,1,1,100
2255,8,135,7,128.57142857142858,,1,4,6.571428571428571,42,7,132,6,129.41176470588235,7,132,6,129.41176470588235
2256,20,466,20,139.1044776119403,,,,,,13,277,13,144.27083333333334,13,277,13,144.27083333333334
22565,4,103,4,100,,,,,,1,1,1,12.5,,,,
22568,3,10,3,66.66666666666667,,0,2,8,,,,,,,,,
2257,39,580,32,116.70020120724347,,61,40,7.217948717948718,15.344262295081966,25,337,20,111.22112211221122,24,337,20,111.22112211221122
2258,132,3666,121,145.01582278481013,,,,,,100,2786,94,144.87779511180446,72,1795,67,138.39629915188897
2259,5,75,3,127.11864406779661,,6,5,6.068965517241379,14.5,5,75,3,127.11864406779661,5,75,3,127.11864406779661
2261,99,314,37,110.95406360424029,,149,96,8.019444444444444,14.496644295302014,86,293,33,114.453125,72,280,29,118.14345991561181
22862,4,1,1,100,,3,4,8.426966292134832,29.666666666666668,4,1,1,100,4,1,1,100
22868,1,18,1,85.71428571428571,,,,,,1,18,1,85.71428571428571,1,18,1,85.71428571428571
22876,7,116,7,104.50450450450451,,,,,,2,28,2,90.32258065,2,28,2,90.32258065
22877,9,52,8,72.22222222222223,,,,,,9,52,8,72.22222222222223,4,29,3,100
22888,1,0,1,0,,,,,,,,,,,,,
22889,11,79,9,103.94736842105263,,2,7,11.16,25,4,10,4,52.63157894736842,,,,
22892,1,0,1,0,,1,1,6,24,,,,,,,,
22896,3,12,3,57.142857142857146,,,,,,2,9,2,75,,,,
22920,29,24,9,82.75862068965517,,40,27,6.449477351916376,14.35,10,17,4,85,5,9,2,100
2299,7,83,6,92.22222222222223,,0,3,7.125,,7,83,6,92.22222222222223,7,83,6,92.22222222222223
23,48,155,25,104.72972972972973,,58,48,7.756232686980609,18.67241379310345,48,155,25,104.72972972972973,28,57,12,121.27659574468085
2304,12,8,5,53.333333333333336,,11,12,10.239669421487603,22,12,8,5,53.333333333333336,9,8,4,61.53846153846154
23146,2,7,1,116.66666666666667,,,,,,2,7,1,116.66666666666667,,,,
2315,36,27,10,75,,37,36,8.277915632754343,21.783783783783782,28,16,6,76.19047619047619,17,12,4,85.71428571428571
2316,11,67,7,126.41509433962264,,17,11,8.152671756,15.411764705882353,11,67,7,126.41509433962264,11,67,7,126.41509433962264
2320,83,93,22,108.13953488372093,,91,82,7.620507399577167,20.791208791208792,67,91,20,110.97560975609755,49,61,15,110.9090909090909
2321,1,0,1,0,,0,1,8.4,,1,0,1,0,1,0,1,0
23311,20,420,18,154.98154981549814,,4,4,9.391304347826088,17.25,7,173,6,164.76190476190476,,,,
2334,21,188,14,132.3943661971831,,20,19,7.921182266009852,20.3,21,188,14,132.3943661971831,18,155,11,143.5185185185185
234,16,105,14,114.1304347826087,,8,14,7.782857142857143,21.875,16,105,14,114.1304347826087,16,105,14,114.1304347826087
23423,24,319,22,110.38062283737024,,,,,,17,176,15,112.82051282051282,9,90,9,126.7605633802817
23426,15,51,9,96.22641509433963,,22,15,6.981412639405204,12.227272727272727,10,42,8,89.36170212765957,10,42,8,89.36170212765957
23428,7,103,6,90.35087719298245,,,,,,7,103,6,90.35087719298245,7,103,6,90.35087719298245
23430,1,12,1,150,,,,,,1,12,1,150,1,12,1,150
23431,11,6,5,42.857142857142854,,12,11,10.294416243654823,16.416666666666668,11,6,5,42.857142857142854,9,2,3,28.571428571428573
23432,1,8,1,61.53846153846154,,,,,,1,8,1,61.53846153846154,1,8,1,61.53846153846154
23434,3,14,3,45.16129032258065,,,,,,3,14,3,45.16129032258065,3,14,3,45.16129032258065
23435,3,0,2,0,,1,1,4.384615384615385,26,3,0,2,0,3,0,2,0
23436,1,0,1,0,,,,,,1,0,1,0,1,0,1,0
23440,11,24,5,92.30769231,,8,9,7.610738255033557,18.625,11,24,5,92.30769231,9,24,5,92.30769231
23441,3,2,2,40,,3,3,6.72972973,24.666666666666668,3,2,2,40,3,2,2,40
23443,13,84,10,100,,,,,,13,84,10,100,7,45,4,150
23445,18,162,12,120,,0,2,7.666666666666667,,12,71,6,114.51612903225806,10,57,5,139.02439024390245
23448,17,211,14,104.97512437810946,,6,8,10.038461538461538,17.333333333333332,17,211,14,104.97512437810946,17,211,14,104.97512437810946
23450,77,3253,77,140.8834993503681,,1,2,6.3,20,62,2481,61,138.60335195530726,42,1707,41,139.11980440097798
23451,40,1066,40,136.49167733674776,,,,,,33,915,33,137.593985,24,793,24,146.85185185185185
23452,24,419,21,132.17665615141956,,4,2,5.5,9,17,217,14,135.625,11,136,8,133.33333333333334
23457,28,4,8,22.22222222222222,,29,25,8.711009174311927,15.03448275862069,23,3,5,23.076923076923077,14,3,3,42.857142857142854
23459,2,0,1,0,,1,2,11.538461538461538,39,2,0,1,0,2,0,1,0
23461,38,1001,40,119.59378733572282,,,,,,30,607,30,111.78637200736648,21,379,21,102.98913043478261
23462,34,78,14,95.12195122,,29,32,6.780748663101604,19.344827586206897,29,75,12,98.68421053,23,69,9,101.47058823529412
23464,1,5,1,55.55555555555556,,1,1,2.88,25,1,5,1,55.55555555555556,1,5,1,55.55555555555556
23467,38,99,15,139.43661971830986,,50,39,6.682872928176796,18.1,25,19,8,65.51724137931035,17,16,6,72.72727272727273
2347,2,2,2,28.571428571428573,,1,2,9.5,24,2,2,2,28.571428571428573,2,2,2,28.571428571428573
23470,3,46,3,104.54545454545455,,,,,,3,46,3,104.54545454545455,3,46,3,104.54545454545455
23472,7,18,3,85.71428571428571,,8,6,6.484848484848484,12.375,7,18,3,85.71428571428571,7,18,3,85.71428571428571
23473,14,183,14,93.36734693877551,,,,,,13,169,13,97.68786127,10,125,10,93.98496240601504
23474,22,198,19,135.6164383561644,,15,21,7.383233532934132,22.266666666666666,15,118,13,149.36708860759492,10,58,8,141.46341463414635
23475,15,0,1,0,,15,15,6.974729241877256,18.466666666666665,10,0,1,0,10,0,1,0
2351,21,241,21,103.87931034482759,,1,3,8.689655172413794,29,21,241,21,103.87931034482759,18,199,18,113.06818181818181
2361,15,175,15,102.94117647058823,,,,,,15,175,15,102.94117647058823,15,175,15,102.94117647058823
2362,10,298,10,124.68619246861925,,2,3,5.441860465116279,21.5,,,,,,,,
2364,13,81,10,80.1980198,,10,13,5.461538461538462,31.2,13,81,10,80.1980198,13,81,10,80.1980198
2367,47,1472,47,166.3276836158192,,0,2,13.363636363636363,,27,994,27,180.39927404718694,4,141,4,167.85714285714286
23686,3,0,1,0,,4,3,5.277108434,20.75,3,0,1,0,3,0,1,0
2373,10,74,9,77.08333333333333,,1,3,4.304347826086956,46,10,74,9,77.08333333333333,8,53,7,69.73684210526316
2379,19,518,19,149.71098265895955,,,,,,11,306,11,142.32558139534885,10,292,10,143.8423645320197
2382,16,65,10,118.18181818181819,,15,12,8.418367346938776,13.066666666666666,7,23,3,135.2941176470588,,,,
23857,4,11,1,91.66666666666667,,1,3,9.9375,32,4,11,1,91.66666666666667,4,11,1,91.66666666666667
23858,5,5,1,83.33333333333333,,8,5,7.125,12,5,5,1,83.33333333333333,5,5,1,83.33333333333333
23859,5,55,5,114.58333333333333,,,,,,5,55,5,114.58333333333333,5,55,5,114.58333333333333
2386,2,14,2,60.869565217391305,,,,,,2,14,2,60.869565217391305,2,14,2,60.869565217391305
23860,30,409,25,106.23376623376623,,0,1,2,,21,312,18,99.36305732484077,10,250,10,106.83760683760684
23861,15,30,6,53.57142857142857,,,,,,4,11,3,44,2,10,2,45.45454545454545
23862,15,199,12,118.45238095238095,,,,,,9,163,9,113.98601398601399,4,75,4,97.40259740259741
23863,4,2,1,40,,6,4,7.419354838709677,15.5,4,2,1,40,4,2,1,40
23864,17,53,5,94.64285714285714,,26,17,7.798319327731092,13.73076923076923,17,53,5,94.64285714285714,8,49,4,96.07843137254902
23865,2,2,1,66.66666666666667,,0,2,7.846153846153846,,2,2,1,66.66666666666667,2,2,1,66.66666666666667
23866,15,69,12,75.82417582417582,,,,,,15,69,12,75.82417582417582,9,57,8,95
23867,17,337,16,103.37423312883436,,2,4,5.285714285714286,21,17,337,16,103.37423312883436,10,132,9,91.66666666666667
23868,2,5,1,14.705882352941176,,0,2,7.578947368421052,,2,5,1,14.705882352941176,2,5,1,14.705882352941176
23869,20,143,13,111.71875,,29,19,7.191066998,13.89655172413793,16,82,10,87.23404255319149,7,54,6,79.41176470588235
23870,9,1,2,9.090909090909092,,5,9,6.8023255813953485,34.4,9,1,2,9.090909090909092,9,1,2,9.090909090909092
23871,22,159,15,111.97183098591549,,16,18,6.759740259740259,19.25,18,103,12,114.44444444444444,7,72,7,141.1764705882353
23872,6,0,1,0,,7,6,6.642857142857143,16,6,0,1,0,6,0,1,0
23873,9,1,1,50,,12,9,7.076086956521739,15.333333333333334,7,1,1,50,6,1,1,50
23874,9,29,5,103.57142857142857,,14,9,6.193548387096774,13.285714285714286,9,29,5,103.57142857142857,9,29,5,103.57142857142857
23875,5,13,3,100,,8,5,6.471910112,11.125,5,13,3,100,5,13,3,100
23876,7,92,7,113.58024691358025,,2,4,6.625,24,7,92,7,113.58024691358025,7,92,7,113.58024691358025
23877,7,104,7,96.29629629629629,,,,,,7,104,7,96.29629629629629,7,104,7,96.29629629629629
23878,5,12,2,44.44444444444444,,6,5,5.055555555555555,18,5,12,2,44.44444444444444,5,12,2,44.44444444444444
23879,2,3,2,33.333333333333336,,1,2,8.4,25,2,3,2,33.333333333333336,2,3,2,33.333333333333336
23880,6,108,6,96.42857142857143,,,,,,6,108,6,96.42857142857143,6,108,6,96.42857142857143
23881,4,12,3,80,,,,,,4,12,3,80,4,12,3,80
23882,9,32,4,118.51851851851852,,5,9,6.7368421052631575,34.2,9,32,4,118.51851851851852,9,32,4,118.51851851851852
23883,9,177,9,112.0253164556962,,,,,,9,177,9,112.0253164556962,9,177,9,112.0253164556962
2394,1,17,1,85,,,,,,1,17,1,85,,,,
2399,49,100,23,104.16666666666667,,51,49,7.809782608695652,21.647058823529413,33,88,18,112.82051282051282,32,88,18,112.82051282051282
24017,4,141,4,128.1818181818182,,0,1,4,,,,,,,,,
2407,17,261,17,114.97797356828194,,2,7,7.463414634146342,41,17,261,17,114.97797356828194,15,223,15,114.35897435897436
2410,32,809,32,120.38690476190476,,2,5,9.054545454545455,27.5,21,484,20,117.47572815533981,11,195,10,122.64150943396227
2411,61,34,11,70.83333333333333,,67,62,8.012631578947369,21.26865671641791,42,14,7,63.63636363636363,31,14,7,63.63636363636363
2412,3,22,2,81.48148148148148,,,,,,3,22,2,81.48148148148148,3,22,2,81.48148148148148
2413,12,266,12,101.52671755725191,,1,1,14,6,10,221,10,101.84331797235023,10,221,10,101.84331797235023
2414,3,7,2,175,,3,3,7.636363636363637,22,3,7,2,175,3,7,2,175
2415,48,1621,45,130.8313155770783,,33,36,6.621359223300971,18.727272727272727,41,1209,36,124.76780185758514,33,975,28,123.41772151898734
2416,58,1499,56,142.2201138519924,,14,28,6.469973890339426,27.357142857142858,51,1290,50,139.6103896103896,37,870,36,136.15023474178403
2417,64,236,27,116.25615763546799,,62,63,7.285094066570188,22.29032258064516,49,172,19,121.12676056338029,30,135,11,127.35849056603773
24177,1,44,1,102.32558139534883,,,,,,1,44,1,102.32558139534883,1,44,1,102.32558139534883
24178,4,10,2,111.11111111111111,,6,4,7.912087912087912,15.166666666666666,4,10,2,111.11111111111111,4,10,2,111.11111111111111
2418,1,6,1,120,,,,,,,,,,,,,
24180,2,31,2,134.7826086956522,,,,,,2,31,2,134.7826086956522,2,31,2,134.7826086956522
2420,2,10,1,71.42857142857143,,1,2,9,34,,,,,,,,
24204,3,8,2,133.33333333333334,,,,,,3,8,2,133.33333333333334,3,8,2,133.33333333333334
24235,9,2,1,66.66666666666667,,11,8,9.591549295774648,12.909090909090908,3,2,1,66.66666666666667,3,2,1,66.66666666666667
24245,1,9,1,69.23076923076923,,0,1,8.333333333333334,,1,9,1,69.23076923076923,1,9,1,69.23076923076923
24247,4,15,4,60,,0,1,14,,4,15,4,60,4,15,4,60
24253,28,5,2,71.42857142857143,,20,26,6.501070663811563,23.35,18,5,2,71.42857142857143,4,1,1,25
24254,28,265,17,153.17919075144508,,27,22,7.496746203904555,17.074074074074073,19,190,12,138.68613138686132,9,89,4,174.50980392156862
24256,15,255,14,127.5,,,,,,15,255,14,127.5,4,24,4,57.142857142857146
24259,19,339,19,127.44360902255639,,0,1,13,,19,339,19,127.44360902255639,6,185,6,126.71232876712328
24260,31,253,22,116.05504587155963,,0,2,6.6923076923076925,,20,183,13,125.34246575342466,4,59,4,113.46153846153847
24263,25,330,25,130.95238095238096,,2,11,8.355555555555556,67.5,16,169,16,121.58273381294964,6,138,6,151.64835164835165
24265,1,3,1,75,,,,,,,,,,,,,
24266,33,395,28,125,,,,,,22,232,17,100.8695652173913,6,41,6,82
24267,26,59,8,173.52941176470588,,36,26,6.1450777202072535,16.083333333333332,21,30,5,136.36363636363637,6,9,2,128.57142857142858
24273,12,93,11,98.93617021276596,,,,,,12,93,11,98.93617021276596,3,37,3,86.04651162790698
24278,4,1,3,10,,5,4,9.103448276,17.4,4,1,3,10,4,1,3,10
24279,6,78,6,121.875,,0,2,20,,6,78,6,121.875,6,78,6,121.875
24282,10,94,6,140.29850746268656,,,,,,8,76,5,158.33333333333334,4,47,3,156.66666666666666
24283,5,2,2,50,,6,5,6.0588235294117645,17,5,2,2,50,1,,,
24285,8,65,3,95.58823529411765,,1,8,7.457142857142857,70,,,,,,,,
24287,5,153,5,161.05263157894737,,,,,,5,153,5,161.05263157894737,5,153,5,161.05263157894737
24289,2,8,2,38.095238095238095,,,,,,2,8,2,38.095238095238095,,,,
24292,12,4,2,66.66666666666667,,11,11,8.169014084507042,19.363636363636363,10,4,2,66.66666666666667,,,,
24297,14,101,13,88.59649122807018,,15,12,7.621621621621622,12.333333333333334,12,98,11,89.90825688073394,6,48,6,85.71428571428571
24301,6,29,5,67.44186046511628,,0,1,24,,,,,,,,,
24302,10,130,10,82.27848101265823,,,,,,10,130,10,82.27848101265823,6,85,6,75.22123893805309
24305,10,138,10,135.2941176470588,,,,,,7,49,7,111.36363636363636,,,,
24307,3,3,2,75,,1,3,7.3,60,,,,,,,,
24310,3,39,3,105.4054054054054,,,,,,3,39,3,105.4054054054054,,,,
24311,2,3,1,60,,0,2,7.6,,2,3,1,60,2,3,1,60
24313,23,461,20,115.82914572864321,,,,,,17,358,14,109.48012232415903,6,58,3,111.53846153846153
24316,15,248,13,151.21951219512195,,,,,,7,71,6,154.34782608695653,3,6,2,60
24320,20,351,19,132.95454545454547,,,,,,8,152,8,140.74074074074073,,,,
24321,5,103,5,114.44444444444444,,0,1,24,,5,103,5,114.44444444444444,5,103,5,114.44444444444444
24323,21,15,5,75,,15,20,6.4125,21.333333333333332,21,15,5,75,5,8,2,66.66666666666667
24326,22,126,12,131.25,,22,17,7.414141414141414,13.5,10,73,4,173.8095238095238,2,,,
24327,9,294,9,139.33649289099526,,,,,,9,294,9,139.33649289099526,2,70,2,129.62962962962962
24328,8,0,1,0,,10,7,7.6,12,5,0,1,0,,,,
24336,14,224,14,103.70370370370371,,3,4,8.065573770491802,20.333333333333332,14,224,14,103.70370370370371,4,77,4,108.45070422535211
24339,5,26,4,59.09090909090909,,,,,,5,26,4,59.09090909090909,2,4,2,44.44444444444444
24344,18,215,15,127.2189349112426,,5,12,6.915254237288136,35.4,6,64,4,114.28571428571429,,,,
24345,21,1,3,20,,18,19,6.6765578635014835,18.72222222222222,12,1,3,20,,,,
24347,7,29,5,100,,,,,,7,29,5,100,4,20,3,142.85714285714286
2435,3,6,1,60,,4,3,7.3,15,3,6,1,60,3,6,1,60
24351,1,4,1,30.76923076923077,,0,1,8.5,,1,4,1,30.76923076923077,1,4,1,30.76923076923077
24354,4,14,4,66.66666666666667,,3,3,6.2,20,4,14,4,66.66666666666667,4,14,4,66.66666666666667
24355,8,6,2,120,,11,8,6.951219512195122,14.909090909090908,2,,,,,,,
24358,30,70,14,129.62962962962962,,37,30,6.834782608695652,15.54054054054054,18,41,8,132.25806451612902,2,,,
2436,57,1009,52,127.88339670468947,,32,37,7.809917355371901,15.125,45,810,41,125.38699690402477,37,745,36,127.35042735042735
24372,6,46,3,164.28571428571428,,5,5,7.875,19.2,3,0,1,0,,,,
2439,7,7,3,87.5,,4,7,8.097902097902098,35.75,7,7,3,87.5,6,3,2,42.857142857142854
2442,1,1,1,33.333333333333336,,,,,,1,1,1,33.333333333333336,1,1,1,33.333333333333336
2443,3,51,3,87.93103448275862,,0,2,10.105263157894736,,3,51,3,87.93103448275862,3,51,3,87.93103448275862
24475,10,38,6,126.66666666666667,,14,9,9.677419355,13.285714285714286,10,38,6,126.66666666666667,3,22,2,115.78947368421052
24555,2,9,2,64.28571428571429,,,,,,,,,,,,,
24556,4,49,4,140,,,,,,4,49,4,140,4,49,4,140
24559,3,1,2,50,,1,3,9.136363636363637,44,3,1,2,50,,,,
24570,12,1,2,50,,19,11,6.410646388,13.842105263157896,7,0,1,0,,,,
24572,8,145,8,106.61764705882354,,,,,,3,56,3,127.27272727272727,,,,
24576,1,1,1,20,,,,,,1,1,1,20,,,,
24578,3,9,2,128.57142857142858,,,,,,,,,,,,,
24580,13,260,12,127.45098039215686,,1,4,6,36,7,164,7,145.13274336283186,,,,
24587,4,157,4,149.52380952380952,,,,,,4,157,4,149.52380952380952,,,,
24590,4,72,4,128.57142857142858,,1,1,3,8,4,72,4,128.57142857142858,,,,
24598,1,5,1,125,,,,,,1,5,1,125,,,,
24599,16,27,7,84.375,,22,15,7.330827067669173,12.090909090909092,9,26,4,92.85714285714286,,,,
2460,2,1,1,100,,0,2,7.894736842105263,,2,1,1,100,,,,
24603,17,71,7,94.66666666666667,,12,17,6.949253731343283,27.916666666666668,10,62,4,100,3,21,1,105
24605,6,18,3,150,,7,6,8.756756756756756,15.857142857142858,,,,,,,,
24606,13,196,10,163.33333333333334,,3,1,3.4285714285714284,4.666666666666667,7,78,4,141.8181818181818,,,,
24610,5,72,5,133.33333333333334,,,,,,3,26,3,92.85714285714286,,,,
2463,30,682,28,134.2519685,,8,17,7.980861244019139,26.125,15,259,14,128.85572139303483,7,102,6,188.88888888888889
24764,3,51,3,87.93103448275862,,,,,,3,51,3,87.93103448275862,3,51,3,87.93103448275862
24767,19,26,5,144.44444444444446,,35,21,7.617511520737327,12.4,9,14,3,175,2,5,1,125
24768,3,0,1,0,,0,3,9.724137931034482,,3,0,1,0,2,0,1,0
24779,1,12,1,42.857142857142854,,,,,,,,,,,,,
24808,2,7,2,41.17647059,,,,,,2,7,2,41.17647059,,,,
24809,15,245,14,106.06060606060606,,,,,,8,146,7,100.6896551724138,,,,
24811,2,0,1,0,,1,1,8.608695652173912,23,2,0,1,0,,,,
2483,17,13,9,52,,23,16,9.415662651,14.434782608695652,13,5,6,31.25,7,4,3,40
2485,65,2024,60,128.9993626513703,,,,,,56,1824,51,130.65902578796562,35,1120,31,133.0166270783848
24867,4,10,4,41.666666666666664,,,,,,4,10,4,41.666666666666664,,,,
24888,13,226,9,193.16239316239316,,14,10,5.7844311377245505,11.928571428571429,7,213,6,208.8235294117647,7,213,6,208.8235294117647
24889,7,59,6,155.26315789473685,,10,8,8.359550561797754,17.8,6,51,4,175.86206896551724,6,51,4,175.86206896551724
24890,9,127,5,113.39285714285714,,,,,,9,127,5,113.39285714285714,5,120,4,113.20754716981132
24893,10,191,8,97.94871794871794,,7,4,6.1875,9.142857142857142,10,191,8,97.94871794871794,3,13,1,39.39393939393939
24895,8,218,9,127.48538011695906,,,,,,,,,,,,,
24898,1,0,1,0,,,,,,1,0,1,0,1,0,1,0
2490,65,827,57,127.62345679012346,,66,66,7.262119967132293,18.439393939393938,37,496,32,126.8542199488491,30,346,26,123.13167259786476
24900,7,112,6,107.6923076923077,,7,5,6.452830188679245,7.571428571428571,7,112,6,107.6923076923077,,,,
24901,17,252,15,90,,,,,,15,227,13,88.32684824902724,4,86,4,91.48936170212765
24902,17,196,15,97.02970297029702,,13,13,5.7012448132780085,18.53846153846154,15,109,13,75.17241379310344,4,62,4,89.85507246376811
24903,1,2,1,100,,1,1,4.928571428571429,28,,,,,,,,
24905,15,132,10,141.93548387096774,,15,13,7.902439024390244,13.666666666666666,7,68,5,147.82608695652175,1,9,1,180
24906,11,9,2,128.57142857142858,,22,10,4.942857142857143,9.545454545454545,11,9,2,128.57142857142858,,,,
24908,2,2,2,66.66666666666667,,,,,,2,2,2,66.66666666666667,2,2,2,66.66666666666667
24913,5,46,4,112.1951219512195,,0,1,5,,5,46,4,112.1951219512195,5,46,4,112.1951219512195
24914,3,46,3,112.1951219512195,,,,,,3,46,3,112.1951219512195,3,46,3,112.1951219512195
24915,14,360,13,109.7560975609756,,,,,,8,235,7,114.63414634146342,3,34,2,89.47368421052632
24916,14,128,10,113.27433628318585,,19,12,5.335877863,13.789473684210526,8,99,6,107.6086956521739,,,,
24918,5,20,4,47.61904761904762,,1,3,6.947368421052632,38,5,20,4,47.61904761904762,5,20,4,47.61904761904762
24919,10,0,2,0,,5,10,7.776699029126213,41.2,6,,,,,,,
24920,8,107,6,107,,,,,,,,,,,,,
24921,4,57,3,93.44262295081967,,,,,,3,51,2,94.44444444444444,,,,
24922,16,37,8,154.16666666666666,,26,16,6.08,11.538461538461538,10,24,5,171.42857142857142,3,1,1,100
24926,2,0,2,0,,1,2,7.459459459,37,2,0,2,0,2,0,2,0
24928,4,47,4,82.45614035087719,,14,4,4.666666666666667,6.428571428571429,,,,,,,,
24929,4,166,4,167.67676767676767,,3,4,6.285714285714286,28,,,,,,,,
24931,10,73,9,110.60606060606061,,0,4,8.712328767123287,,3,9,3,90,3,9,3,90
24932,6,107,5,118.88888888888889,,0,1,5.571428571428571,,,,,,,,,
24934,6,6,2,150,,9,5,6.545454545454546,12.222222222222221,6,6,2,150,,,,
24935,4,14,2,93.33333333333333,,6,4,6.130434782608695,15.333333333333334,4,14,2,93.33333333333333,,,,
24937,9,13,3,65,,13,8,6.7611940298507465,10.307692307692308,9,13,3,65,4,2,2,66.66666666666667
24938,8,14,7,41.17647059,,2,7,5.277777777777778,54,7,11,6,42.30769230769231,,,,
24940,11,47,8,138.23529411764707,,13,9,6.174418604651163,13.23076923076923,7,3,4,37.5,7,3,4,37.5
24941,9,222,8,173.4375,,,,,,4,124,4,165.33333333333334,4,124,4,165.33333333333334
24943,10,99,9,137.5,,16,10,7.101449275362318,12.9375,7,96,6,160,,,,
24945,1,0,1,0,,0,1,8.571428571428571,,1,0,1,0,,,,
24947,25,1,2,14.285714285714286,,37,24,5.609756097560975,13.297297297297296,18,1,2,14.285714285714286,6,1,1,100
24948,15,162,12,131.70731707317074,,8,10,6.4945054945054945,22.75,15,162,12,131.70731707317074,4,55,4,98.21428571428571
24949,8,95,7,141.7910447761194,,7,8,8.029411764705882,19.428571428571427,4,64,3,156.09756097560975,4,64,3,156.09756097560975
250,27,618,27,118.61804222648752,,,,,,27,618,27,118.61804222648752,27,618,27,118.61804222648752
25027,11,31,5,64.58333333333333,,12,11,6.731092437,19.833333333333332,5,26,3,57.77777777777778,5,26,3,57.77777777777778
25030,12,9,3,81.81818181818181,,11,12,7.012345679012346,22.09090909090909,12,9,3,81.81818181818181,6,8,2,80
25048,37,28,7,155.55555555555554,,48,37,8.101960784313725,15.9375,36,28,7,155.55555555555554,35,28,7,155.55555555555554
25108,8,43,8,113.15789473684211,,,,,,2,8,2,200,,,,
25128,6,18,3,105.88235294117646,,7,7,8.271428571428572,20,4,15,2,150,,,,
25132,6,6,1,100,,8,6,8.535211267605634,17.75,,,,,,,,
25133,6,62,5,105.08474576271186,,3,3,6.4186046511627906,14.333333333333334,,,,,,,,
25136,7,178,6,167.9245283018868,,0,2,10,,,,,,,,,
25138,13,76,5,110.14492753623189,,11,12,7.7101449275362315,18.818181818181817,5,1,2,16.666666666666668,5,1,2,16.666666666666668
25139,27,565,24,152.7027027027027,,,,,,12,255,11,144.88636363636363,8,222,8,143.2258064516129
25148,5,45,4,104.65116279069767,,0,1,6,,,,,,,,,
25150,5,5,3,71.42857142857143,,1,3,7.161290322580645,31,,,,,,,,
25151,7,184,6,132.37410071942446,,4,5,6,18,,,,,,,,
25152,5,4,3,40,,3,4,5.1940298507462686,22.333333333333332,,,,,,,,
25155,3,10,2,90.90909091,,,,,,,,,,,,,
25156,7,113,7,144.87179487179486,,,,,,,,,,,,,
25160,5,28,3,87.5,,0,1,10,,,,,,,,,
25162,7,23,4,115,,6,7,6.605504587155964,18.166666666666668,,,,,,,,
25170,6,110,6,161.76470588235293,,2,5,7.514563106796117,51.5,,,,,,,,
25172,7,90,6,104.65116279069767,,0,1,14,,2,1,1,50,2,1,1,50
25173,6,107,6,113.82978723404256,,2,5,7.972602739726027,36.5,,,,,,,,
25181,2,13,2,65,,,,,,2,13,2,65,2,13,2,65
25182,3,16,1,61.53846153846154,,3,3,7,18,,,,,,,,
25184,3,0,1,0,,2,3,8.105263157894736,28.5,,,,,,,,
25187,7,4,2,57.142857142857146,,13,7,9.695121951219512,12.615384615384615,,,,,,,,
25213,24,722,26,155.93952483801297,,1,1,16,3,12,235,12,128.4153005464481,9,166,9,134.95934959349594
25216,6,34,6,94.44444444444444,,5,6,9.947368421052632,22.8,4,20,4,90.90909091,,,,
2523,16,221,16,87.6984127,,,,,,16,221,16,87.6984127,10,137,10,85.09316770186335
25231,9,15,5,53.57142857142857,,3,9,8.088607595,52.666666666666664,3,2,1,66.66666666666667,,,,
2526,53,103,24,88.79310344827586,,49,49,7.897897897897898,20.387755102040817,42,83,21,86.45833333333333,26,50,11,108.69565217391305
2531,3,10,1,66.66666666666667,,0,1,7,,3,10,1,66.66666666666667,3,10,1,66.66666666666667
2533,24,373,22,122.69736842105263,,,,,,24,373,22,122.69736842105263,12,167,11,122.79411764705883
2534,1,3,1,50,,,,,,1,3,1,50,,,,
25341,5,20,4,58.82352941,,2,4,6.657534246575342,36.5,3,15,2,68.18181818181819,,,,
25353,1,20,1,105.26315789473684,,,,,,1,20,1,105.26315789473684,,,,
25534,8,157,8,121.70542635658914,,,,,,8,157,8,121.70542635658914,8,157,8,121.70542635658914
2558,9,141,9,106.81818181818181,,,,,,9,141,9,106.81818181818181,,,,
2561,12,53,8,69.73684210526316,,8,7,9.6,9.375,7,42,5,75,,,,
2563,9,25,7,75.75757575757575,,6,8,8,24.5,9,25,7,75.75757575757575,3,2,2,100
2564,14,223,11,92.53112033,,,,,,8,173,6,93.51351351351352,,,,
25662,5,23,5,82.14285714285714,,1,3,8.307692307692308,26,4,9,4,64.28571428571429,,,,
25663,12,177,12,152.58620689655172,,,,,,6,87,6,129.8507462686567,,,,
25664,8,4,4,40,,9,8,9,17.11111111111111,5,1,3,33.333333333333336,,,,
25665,5,0,2,0,,4,5,7.147826086956521,28.75,5,0,2,0,,,,
25666,13,90,6,100,,13,12,5.558139534883721,19.846153846153847,7,35,3,134.6153846153846,,,,
25669,48,1865,49,173.97388059701493,,0,4,9.454545454545455,,15,796,15,186.8544600938967,5,188,5,164.91228070175438
25670,1,6,1,54.54545454545455,,,,,,1,6,1,54.54545454545455,1,6,1,54.54545454545455
25671,14,280,13,145.83333333333334,,0,1,10,,6,115,6,136.9047619047619,4,92,4,133.33333333333334
25672,1,4,1,50,,1,1,11.1,20,,,,,,,,
25676,33,475,27,110.72261072261072,,26,28,6.824242424242424,19.03846153846154,21,324,17,107.64119601328903,5,81,4,124.61538461538461
25678,3,90,3,116.88311688311688,,,,,,3,90,3,116.88311688311688,3,90,3,116.88311688311688
25679,28,673,27,147.58771929824562,,,,,,22,482,21,142.18289085545723,10,140,9,141.41414141414143
25680,40,823,37,144.13309982486865,,,,,,27,567,25,144.27480916030535,17,320,17,139.1304347826087
25683,8,55,6,148.64864864864865,,8,8,8.089887640449438,22.25,5,18,3,163.63636363636363,4,18,2,180
25686,1,3,1,50,,1,1,8.5,12,1,3,1,50,1,3,1,50
25687,11,326,11,126.84824902723736,,,,,,8,205,8,113.25966850828729,7,195,7,112.71676300578035
25689,4,19,3,76,,2,4,11.617021276595745,23.5,3,10,2,83.33333333333333,3,10,2,83.33333333333333
25692,20,98,13,98.98989898989899,,19,18,8.693548387096774,19.57894736842105,17,58,10,96.66666666666667,11,16,4,69.56521739130434
25694,3,52,3,108.33333333333333,,,,,,3,52,3,108.33333333333333,3,52,3,108.33333333333333
25695,15,73,7,119.67213114754098,,7,14,9.297520661157025,34.57142857142857,7,61,3,122,7,61,3,122
25696,10,12,5,100,,15,10,6.941704035874439,14.866666666666667,7,1,2,33.333333333333336,7,1,2,33.333333333333336
25697,10,284,10,121.88841201716738,,,,,,10,284,10,121.88841201716738,10,284,10,121.88841201716738
25700,6,16,3,80,,4,5,8.113636363636363,22,6,16,3,80,6,16,3,80
25704,15,21,8,84,,12,15,7.7215189873417724,19.75,4,6,3,100,4,6,3,100
25705,6,60,4,73.17073170731707,,,,,,,,,,,,,
25706,20,21,6,105,,31,21,7.678958785249458,14.870967741935484,9,15,4,100,4,3,2,42.857142857142854
25708,4,13,2,144.44444444444446,,8,4,5.931818181818182,11,4,13,2,144.44444444444446,4,13,2,144.44444444444446
25710,10,123,9,101.65289256198348,,11,9,7.282442748091603,11.909090909090908,,,,,,,,
25712,39,188,24,108.04597701149426,,51,39,6.996515679442509,16.88235294117647,28,169,17,113.42281879194631,16,85,8,116.43835616438356
25715,3,36,2,120,,,,,,3,36,2,120,3,36,2,120
2573,42,986,41,148.94259818731118,,,,,,39,938,38,149.36305732484075,21,553,20,150.68119891008175
25780,5,0,1,0,,2,5,8.523364485981308,53.5,5,0,1,0,5,0,1,0
25843,30,764,30,139.9267399267399,,,,,,18,387,17,125.64935064935065,17,367,16,123.98648648648648
25844,8,0,1,0,,9,8,6.917197452229299,17.444444444444443,8,0,1,0,8,0,1,0
25845,12,176,11,113.54838709677419,,,,,,8,115,7,111.6504854368932,8,115,7,111.6504854368932
26075,8,111,6,94.06779661,,,,,,,,,,,,,
26076,5,80,4,108.10810810810811,,,,,,,,,,,,,
2611,19,460,19,118.25192802056556,,,,,,11,352,11,129.88929889298893,,,,
26157,6,8,4,44.44444444444444,,1,6,7.880597014925373,67,,,,,,,,
26159,3,10,2,166.66666666666666,,1,2,8,18,3,10,2,166.66666666666666,,,,
26161,7,126,5,144.82758620689654,,9,7,6.222222222222222,15,,,,,,,,
26162,1,2,1,28.571428571428573,,1,1,7.68,25,,,,,,,,
26165,10,221,10,106.76328502415458,,12,9,4.972222222222222,18,,,,,,,,
26169,8,104,6,160,,9,8,5.640718562874252,18.555555555555557,,,,,,,,
2633,85,664,60,131.22529644268775,,112,84,8.058371735791091,17.4375,67,441,44,123.18435754189944,57,333,36,114.04109589041096
2636,53,32,17,62.745098039215684,,68,53,8.07,17.647058823529413,40,31,13,68.88888888888889,29,21,9,56.75675675675676
2639,97,1760,85,146.05809128630705,,42,56,8.874015748031496,18.142857142857142,75,1507,69,144.21052631578948,53,969,47,145.4954954954955
26459,21,213,15,85.88709677419355,,,,,,19,177,13,84.28571428571429,7,20,2,100
26468,3,2,2,50,,0,2,11.076923076923077,,3,2,2,50,3,2,2,50
26497,6,5,4,38.46153846153846,,5,6,8.035714285714286,22.4,6,5,4,38.46153846153846,,,,
26498,7,72,3,124.13793103448276,,2,4,10,18,5,24,2,96,,,,
2650,6,57,5,101.78571428571429,,4,5,8.740740741,20.25,6,57,5,101.78571428571429,3,46,2,106.97674418604652
26514,4,23,1,121.05263157894737,,1,4,7.747572815533981,103,4,23,1,121.05263157894737,,,,
26519,6,95,6,85.58558558558559,,,,,,3,28,3,62.22222222222222,3,28,3,62.22222222222222
26530,3,4,1,28.571428571428573,,7,3,4.909090909090909,11,,,,,,,,
2654,1,9,1,60,,0,1,5,,1,9,1,60,1,9,1,60
26543,19,308,18,103.70370370370371,,11,12,4.981132075471698,14.454545454545455,10,114,9,85.71428571428571,,,,
26557,4,40,4,97.56097561,,,,,,4,40,4,97.56097561,,,,
2657,3,22,3,122.22222222222223,,4,3,6.885245901639344,15.25,,,,,,,,
2661,8,150,7,95.54140127388536,,,,,,8,150,7,95.54140127388536,8,150,7,95.54140127388536
26646,6,108,6,93.91304347826087,,,,,,3,70,3,98.59154929577464,,,,
26663,12,27,6,103.84615384615384,,14,13,9.428571428571429,20,5,4,2,50,,,,
2667,1,0,1,0,,,,,,1,0,1,0,,,,
26692,5,45,5,97.82608695652173,,,,,,5,45,5,97.82608695652173,1,31,1,106.89655172413794
26694,20,410,18,131.4102564102564,,,,,,8,152,7,134.5132743362832,2,25,1,131.57894736842104
26695,15,174,11,168.93203883495147,,9,12,7.476923076923077,21.666666666666668,8,80,4,177.77777777777777,2,,,
26702,9,98,9,76.5625,,2,4,8.4,30,6,62,6,75.60975609756098,5,60,5,75.94936709
26703,3,7,3,53.84615384615385,,1,3,7.578947368421052,57,3,7,3,53.84615384615385,3,7,3,53.84615384615385
26704,6,24,5,104.34782608695652,,,,,,4,20,4,133.33333333333334,3,20,3,142.85714285714286
26707,3,2,3,15.384615384615385,,4,3,7.666666666666667,13.5,3,2,3,15.384615384615385,3,2,3,15.384615384615385
26708,5,100,6,129.87012987012986,,2,3,9.076923076923077,19.5,1,1,1,50,1,1,1,50
2671,90,2320,90,123.93162393162393,,,,,,60,1575,60,123.046875,42,1082,42,121.98421645997745
26713,1,9,1,37.5,,,,,,1,9,1,37.5,1,9,1,37.5
26714,9,43,4,97.72727272727273,,1,1,0.75,8,,,,,,,,
26716,9,205,7,119.18604651162791,,2,3,10.046511627906977,21.5,2,12,1,48,,,,
26717,9,3,4,30,,6,8,9.246575342465754,24.333333333333332,6,1,2,14.285714285714286,4,0,1,0
26722,10,23,4,121.05263157894737,,12,10,5.4495412844036695,18.166666666666668,,,,,,,,
26734,3,5,3,83.33333333333333,,0,1,11,,2,5,2,100,2,5,2,100
26735,2,0,1,0,,0,1,6.5,,2,0,1,0,2,0,1,0
2680,73,936,65,118.33122629582806,,,,,,53,656,48,115.08771929824562,39,405,34,109.7560975609756
2681,66,218,29,117.20430107526882,,98,66,7.3090909090909095,15.714285714285714,40,158,20,116.17647058823529,25,52,11,104
26819,9,119,8,98.34710743801652,,0,1,2,,4,49,3,108.88888888888889,4,49,3,108.88888888888889
26830,9,162,7,136.1344537815126,,5,6,6.4,12,9,162,7,136.1344537815126,5,133,5,129.1262136
26831,29,800,28,148.9757914,,3,2,10.8,6.666666666666667,19,489,18,141.7391304347826,9,288,9,167.4418604651163
26832,36,484,31,109.50226244343891,,4,10,9,32.5,26,314,22,110.56338028169014,16,103,13,81.74603174603175
26833,1,17,1,106.25,,,,,,1,17,1,106.25,1,17,1,106.25
26834,20,245,18,125,,14,13,7.226277372262774,19.571428571428573,4,12,3,80,4,12,3,80
26835,28,303,20,102.71186440677967,,2,7,7.785714285714286,42,20,286,17,103.24909747292419,8,109,8,100
26836,30,299,21,115,,26,29,6.718110236220473,24.423076923076923,17,123,11,117.14285714285714,6,10,4,52.63157894736842
26837,9,6,2,66.66666666666667,,15,9,8.890243902439025,10.933333333333334,3,,,,3,,,
26839,3,36,3,120,,,,,,3,36,3,120,,,,
2684,8,52,5,86.66666666666667,,,,,,8,52,5,86.66666666666667,8,52,5,86.66666666666667
26843,5,259,6,167.09677419354838,,7,4,4.333333333333333,10.285714285714286,,,,,,,,
26848,5,64,3,112.28070175438596,,,,,,,,,,,,,
26854,15,156,12,105.4054054054054,,12,13,6.55,20,4,48,4,87.27272727272727,,,,
2687,39,564,34,115.57377049180327,,32,37,6.767045454545454,22,23,244,18,117.3076923076923,7,26,4,100
26882,16,155,10,142.2018348623853,,0,6,10.578947368421053,,16,155,10,142.2018348623853,11,122,8,162.66666666666666
26885,34,1,2,10,,50,34,7.262711864406779,14.16,21,1,2,10,11,1,1,12.5
26890,29,0,1,0,,21,29,6.796261682,25.476190476190474,19,0,1,0,9,,,
26891,5,14,3,53.84615384615385,,,,,,5,14,3,53.84615384615385,4,13,2,56.52173913043478
26894,1,3,1,60,,0,1,13.384615384615385,,1,3,1,60,1,3,1,60
26898,3,24,2,92.30769231,,1,2,11.4,20,,,,,,,,
26899,10,2,1,100,,3,10,9.027027027027026,74,6,,,,6,,,
26901,3,1,3,14.285714285714286,,,,,,,,,,,,,
26902,3,45,3,86.53846153846153,,,,,,3,45,3,86.53846153846153,,,,
26906,38,785,34,129.32454695222404,,,,,,14,237,11,126.7379679144385,4,74,4,94.87179487179488
26908,30,704,26,117.72575250836121,,,,,,19,297,15,112.92775665399239,9,177,7,123.77622377622377
26909,36,1215,36,133.5164835164835,,,,,,23,603,22,122.81059063136456,18,510,17,125.61576354679804
26910,15,308,13,121.25984251968504,,3,2,6,10.333333333333334,7,150,7,108.69565217391305,7,150,7,108.69565217391305
26911,16,791,16,143.8181818181818,,,,,,12,609,12,145.6937799043062,,,,
26913,29,813,28,127.2300469483568,,0,5,10.428571428571429,,12,404,12,122.05438066465257,5,103,5,100.98039215686275
26988,2,25,2,178.57142857142858,,6,2,6.857142857142857,8.166666666666666,,,,,,,,
27,33,632,33,114.28571428571429,,3,8,5.670329670329671,30.333333333333332,33,632,33,114.28571428571429,33,632,33,114.28571428571429
27004,2,1,2,20,,2,2,8.930232558139535,21.5,,,,,,,,
27059,6,73,6,115.87301587301587,,1,1,9,6,3,21,3,105,,,,
27069,4,13,2,81.25,,2,4,9,37,4,13,2,81.25,,,,
27071,3,23,3,92,,,,,,,,,,,,,
27137,9,220,9,132.53012048192772,,,,,,3,43,3,110.25641025641026,,,,
27196,9,13,4,65,,12,10,5.916666666666667,18,,,,,,,,
27259,16,222,17,110.44776119402985,,7,11,7.9655172413793105,24.857142857142858,2,15,2,78.94736842105263,,,,
27279,10,2,3,28.571428571428573,,6,6,6.8076923076923075,17.333333333333332,,,,,,,,
27283,10,3,1,75,,10,10,8.520710059171599,16.9,,,,,,,,
27285,3,2,2,22.22222222222222,,,,,,,,,,,,,
27286,5,6,3,100,,,,,,,,,,,,,
27287,10,32,6,133.33333333333334,,0,1,6,,,,,,,,,
27293,15,23,4,135.2941176470588,,16,14,8.970297029702971,12.625,2,,,,,,,
27296,6,65,4,122.64150943396227,,2,2,8.666666666666666,18,,,,,,,,
27301,9,1,1,33.333333333333336,,1,5,8.384615384615385,78,,,,,,,,
27302,11,121,8,123.46938775510205,,,,,,,,,,,,,
27304,9,143,9,128.82882882882882,,,,,,,,,,,,,
27306,7,6,2,54.54545454545455,,,,,,,,,,,,,
27310,1,13,1,216.66666666666666,,1,1,13.333333333333334,18,,,,,,,,
27311,10,21,3,95.45454545454545,,9,7,8.193548387096774,10.333333333333334,,,,,,,,
27318,4,45,2,115.38461538461539,,,,,,,,,,,,,
27326,11,5,2,166.66666666666666,,19,11,7.824324324324325,7.7894736842105265,,,,,,,,
27327,6,134,5,101.51515151515152,,1,3,6.529411764705882,34,,,,,,,,
27328,8,121,6,153.16455696202533,,,,,,,,,,,,,
27342,6,100,6,175.43859649122808,,,,,,,,,,,,,
27343,5,13,5,81.25,,,,,,,,,,,,,
27345,11,77,6,110,,4,5,7.457142857142857,17.5,,,,,,,,
27349,7,64,4,100,,,,,,,,,,,,,
27364,2,2,2,22.22222222222222,,3,2,5.419354838709677,10.333333333333334,,,,,,,,
27373,5,10,3,32.25806451612903,,7,4,5.928571428571429,12,3,10,2,37.03703703703704,,,,
27380,5,26,5,108.33333333333333,,0,2,12.48,,,,,,,,,
27391,2,15,2,83.33333333333333,,1,1,2.5714285714285716,14,2,15,2,83.33333333333333,,,,
274,7,237,7,144.5121951219512,,,,,,7,237,7,144.5121951219512,7,237,7,144.5121951219512
27452,11,19,3,118.75,,3,5,6.989010989010989,30.333333333333332,,,,,,,,
27453,7,7,2,53.84615384615385,,2,2,14.470588235294118,8.5,,,,,,,,
27464,2,9,2,180,,2,2,9.285714285714286,21,,,,,,,,
27465,2,24,2,88.88888888888889,,1,1,7.75,24,2,24,2,88.88888888888889,,,,
27466,4,23,4,60.526315789473685,,1,4,6.257142857142857,70,1,1,1,16.666666666666668,,,,
27469,2,9,2,50,,,,,,2,9,2,50,,,,
27478,11,18,5,100,,,,,,,,,,,,,
27487,21,30,6,115.38461538461539,,16,17,7.447368421052632,14.25,7,,,,5,,,
27490,7,125,7,135.8695652173913,,,,,,,,,,,,,
2750,11,91,11,95.78947368421052,,,,,,8,57,8,87.69230769,8,57,8,87.69230769
27504,7,13,4,130,,19,7,6.180722891566265,8.736842105263158,7,13,4,130,,,,
27516,4,6,1,75,,7,4,6.3125,13.714285714285714,4,6,1,75,4,6,1,75
27517,9,106,8,110.41666666666667,,,,,,4,63,4,121.15384615384616,,,,
2755,16,368,15,123.9057239057239,,3,7,6.770642201834862,36.333333333333336,9,126,8,114.54545454545455,9,126,8,114.54545454545455
2756,65,1274,56,143.30708661417322,,20,17,9.109311740890687,12.35,39,693,33,140.56795131845843,19,263,13,132.82828282828282
2758,9,343,8,129.92424242424244,,0,1,18,,2,21,1,131.25,2,21,1,131.25
2767,17,161,12,146.36363636363637,,14,16,8.514851485148515,21.642857142857142,9,63,5,161.53846153846155,,,,
2772,10,131,8,154.11764705882354,,7,6,7.632,17.857142857142858,8,97,6,156.4516129032258,4,77,4,163.82978723404256
278,39,50,17,89.28571428571429,,60,38,7.733041575492341,15.233333333333333,39,50,17,89.28571428571429,30,27,13,79.41176470588235
2780,7,115,7,108.49056603773585,,,,,,7,115,7,108.49056603773585,7,115,7,108.49056603773585
2781,29,772,29,130.18549747048903,,3,4,7.392857142857143,18.666666666666668,27,730,27,131.76895306859205,22,617,22,130.99787685774947
2790,38,487,30,146.24624624624624,,31,32,7.924324324324324,17.903225806451612,25,315,19,150.7177033492823,15,116,10,123.40425531914893
27953,18,340,18,128.78787878787878,,2,2,3.8181818181818183,11,7,159,7,119.54887218045113,7,159,7,119.54887218045113
27956,44,67,12,126.41509433962264,,57,42,8.431654676258994,14.631578947368421,28,54,8,117.3913043478261,12,25,4,131.57894736842104
27957,15,11,1,122.22222222222223,,23,15,7.738515901060071,12.304347826086957,5,,,,5,,,
27958,20,474,20,133.89830508474577,,,,,,3,155,3,178.16091954022988,3,155,3,178.16091954022988
27959,38,447,23,122.46575342465754,,22,35,7.5,29.272727272727273,27,309,17,110.75268817204301,18,200,8,117.6470588235294
27960,14,1,1,100,,19,13,7.166666666666667,15.157894736842104,12,1,1,100,5,,,
27961,19,235,16,129.12087912087912,,2,11,9.953488372093023,64.5,10,46,7,67.64705882,5,1,2,33.333333333333336
27962,20,446,21,135.56231003039514,,0,1,11,,13,223,13,129.65116279069767,8,150,8,129.31034482758622
27964,19,34,11,85,,20,19,8.279635258358663,16.45,11,20,6,74.07407407407408,5,16,3,76.19047619047619
27968,2,25,2,86.20689655172414,,,,,,2,25,2,86.20689655172414,2,25,2,86.20689655172414
27969,7,27,3,150,,3,7,9.473684210526315,50.666666666666664,1,11,1,183.33333333333334,,,,
27970,24,92,14,148.38709677419354,,32,24,8.139534884,16.125,24,92,14,148.38709677419354,12,39,7,144.44444444444446
27971,29,435,21,138.53503184713375,,35,29,6.949494949,16.97142857142857,23,329,16,133.19838056680163,13,238,10,139.1812865497076
27972,13,9,1,69.23076923076923,,21,13,7.560975609756097,11.714285714285714,4,,,,4,,,
27973,6,144,6,102.12765957446808,,,,,,3,79,3,112.85714285714286,3,79,3,112.85714285714286
27976,15,154,12,122.22222222222223,,13,10,7.113772455,12.846153846153847,9,116,8,122.10526315789474,5,72,4,153.19148936170214
27980,4,16,4,55.172413793103445,,,,,,2,6,2,46.15384615384615,,,,
27981,4,9,2,100,,2,4,12,37,4,9,2,100,,,,
28,40,6,4,46.15384615384615,,43,41,7.606879606879607,18.930232558139537,29,2,3,22.22222222222222,20,1,1,100
2800,39,968,38,115.65113500597371,,13,14,7.206030150753769,15.307692307692308,33,830,32,111.26005361930295,24,672,24,112.37458193979933
28018,3,0,1,0,,3,3,8.024096385542169,27.666666666666668,,,,,,,,
28019,11,11,2,137.5,,11,10,6.634615384615385,18.90909090909091,,,,,,,,
28020,3,35,3,116.66666666666667,,,,,,1,7,1,63.63636363636363,1,7,1,63.63636363636363
28021,7,11,2,55,,8,6,7.608695652173913,17.25,1,,,,1,,,
28183,19,109,11,137.9746835443038,,11,17,8.112359550561798,24.272727272727273,12,95,8,143.93939393939394,,,,
2823,35,625,32,168.01075268817203,,26,31,7.403389830508474,22.692307692307693,26,505,24,179.07801418439718,16,277,15,176.43312101910828
28280,3,45,2,125,,,,,,3,45,2,125,3,45,2,125
28353,7,54,6,83.07692307692308,,,,,,3,9,2,75,1,,,
28354,20,305,17,94.13580247,,16,12,5.2405063291139244,14.8125,18,296,16,94.26751592356688,7,82,6,92.13483146067416
28355,9,46,9,97.87234042553192,,,,,,9,46,9,97.87234042553192,4,6,4,40
28358,7,49,4,104.25531914893617,,,,,,7,49,4,104.25531914893617,7,49,4,104.25531914893617
28359,12,211,11,88.65546218487395,,,,,,8,135,8,83.85093167701864,,,,
28363,11,81,10,75.70093457943925,,0,1,6,,11,81,10,75.70093457943925,7,67,6,76.13636363636364
28368,3,43,3,110.25641025641026,,5,3,4.188679245283019,10.6,3,43,3,110.25641025641026,3,43,3,110.25641025641026
28374,3,0,3,0,,,,,,3,0,3,0,3,0,3,0
28393,11,133,9,103.90625,,7,8,5.718120805369128,21.285714285714285,11,133,9,103.90625,4,84,4,96.55172413793103
28394,3,34,3,94.44444444444444,,6,3,6.473684210526316,12.666666666666666,3,34,3,94.44444444444444,3,34,3,94.44444444444444
28396,8,76,4,102.70270270270271,,2,5,7.9772727272727275,44,6,46,3,93.87755102040816,6,46,3,93.87755102040816
28401,12,36,5,48,,21,12,4.622568093385214,12.238095238095237,12,36,5,48,3,10,2,45.45454545454545
28402,2,14,2,50,,0,1,4,,,,,,,,,
28406,3,18,2,120,,,,,,3,18,2,120,3,18,2,120
28408,3,16,3,53.333333333333336,,,,,,3,16,3,53.333333333333336,3,16,3,53.333333333333336
28410,5,106,5,117.77777777777777,,9,5,4.090909090909091,12.222222222222221,5,106,5,117.77777777777777,5,106,5,117.77777777777777
28411,5,18,5,78.26086956521739,,,,,,5,18,5,78.26086956521739,5,18,5,78.26086956521739
28412,5,237,5,158,,4,4,7.151515151515151,24.75,5,237,5,158,,,,
28413,20,287,19,108.30188679245283,,1,2,6.428571428571429,14,20,287,19,108.30188679245283,5,40,5,97.56097561
28414,10,29,5,85.29411764705883,,15,10,6.101694915254237,11.8,10,29,5,85.29411764705883,5,28,4,84.84848484848484
28417,2,24,2,66.66666666666667,,,,,,2,24,2,66.66666666666667,2,24,2,66.66666666666667
28420,8,128,8,93.43065693430657,,0,1,4,,4,76,4,96.20253164556962,4,76,4,96.20253164556962
28421,5,74,5,100,,3,5,7.521126761,23.666666666666668,5,74,5,100,5,74,5,100
28422,5,15,3,46.875,,5,5,4.561983471,24.2,5,15,3,46.875,5,15,3,46.875
28423,6,32,5,53.333333333333336,,,,,,6,32,5,53.333333333333336,4,32,4,54.23728813559322
28424,1,0,1,0,,,,,,1,0,1,0,1,0,1,0
28426,8,20,6,51.282051282051285,,10,7,4.690140845070423,14.2,8,20,6,51.282051282051285,3,12,3,40
28427,5,34,5,70.83333333333333,,1,1,8.625,16,5,34,5,70.83333333333333,,,,
28428,4,0,2,0,,3,4,7.880597014925373,22.333333333333332,4,0,2,0,4,0,2,0
28430,5,1,2,50,,2,4,7.5,28,5,1,2,50,3,1,1,100
28431,4,6,3,46.15384615384615,,,,,,4,6,3,46.15384615384615,,,,
28433,8,0,1,0,,10,6,5.389830508474576,11.8,8,0,1,0,3,,,
28437,7,2,3,50,,2,3,9.627906976744185,21.5,7,2,3,50,3,,,
28438,3,28,2,215.3846153846154,,,,,,3,28,2,215.3846153846154,,,,
28444,6,13,2,40.625,,2,4,6.821917808219178,36.5,6,13,2,40.625,,,,
28450,17,311,15,92.55952380952381,,15,12,5.977528089887641,17.8,13,252,11,89.04593639575971,,,,
28458,9,111,9,100,,,,,,5,58,5,116,,,,
28460,19,188,17,137.22627737226279,,19,15,4.906882591093117,13,15,130,13,128.7128712871287,,,,
28461,1,15,1,83.33333333333333,,,,,,1,15,1,83.33333333333333,,,,
28464,13,230,13,98.71244635193133,,,,,,11,207,11,99.51923076923077,,,,
28465,9,15,6,60,,12,9,7.984962406015038,11.083333333333334,6,7,3,70,,,,
28466,5,24,4,80,,4,5,9.875,24,5,24,4,80,,,,
2847,72,330,36,138.65546218487395,,82,70,8.708926261319535,18.853658536585368,54,308,29,141.93548387096774,45,287,26,144.2211055276382
28472,2,7,1,70,,0,2,10.25,,1,,,,,,,
28475,4,1,1,100,,2,3,4.588235294117647,25.5,4,1,1,100,4,1,1,100
28476,2,31,2,93.93939393939394,,3,2,7.714285714285714,14,2,31,2,93.93939393939394,2,31,2,93.93939393939394
28477,4,20,4,60.60606060606061,,1,3,9.529411764705882,17,4,20,4,60.60606060606061,4,20,4,60.60606060606061
28478,5,8,4,40,,,,,,5,8,4,40,2,2,2,40
28479,17,262,16,112.44635193133047,,1,3,6.136363636363637,44,17,262,16,112.44635193133047,4,94,4,100
28482,4,33,2,82.5,,,,,,4,33,2,82.5,,,,
28484,2,23,2,63.888888888888886,,,,,,1,23,1,67.64705882,1,23,1,67.64705882
28486,4,10,4,58.82352941,,,,,,4,10,4,58.82352941,3,1,3,16.666666666666668
28488,4,54,4,87.09677419354838,,,,,,4,54,4,87.09677419354838,4,54,4,87.09677419354838
28490,17,324,14,137.87234042553192,,0,1,9,,11,273,9,139.28571428571428,4,32,3,76.19047619047619
28492,11,8,2,57.142857142857146,,13,10,4.718181818181818,16.923076923076923,11,8,2,57.142857142857146,4,8,2,57.142857142857146
28502,2,21,2,72.41379310344827,,,,,,2,21,2,72.41379310344827,2,21,2,72.41379310344827
28505,20,205,16,104.06091370558376,,,,,,20,205,16,104.06091370558376,5,49,4,90.74074074074075
28509,5,106,5,88.33333333333333,,8,5,6.850393700787402,15.875,5,106,5,88.33333333333333,,,,
28511,5,47,4,79.66101694915254,,9,5,4.810344827586207,12.88888888888889,5,47,4,79.66101694915254,5,47,4,79.66101694915254
28514,7,19,2,126.66666666666667,,8,6,5.857142857142857,15.75,7,19,2,126.66666666666667,,,,
28515,4,59,4,100,,,,,,4,59,4,100,,,,
28517,6,66,4,103.125,,,,,,6,66,4,103.125,,,,
2852,59,583,46,131.9004524886878,,72,58,7.044094488188977,17.63888888888889,48,445,37,139.0625,36,278,26,129.30232558139534
28521,4,38,2,92.68292683,,,,,,4,38,2,92.68292683,,,,
28523,6,154,3,115.78947368421052,,2,2,5.052631578947368,9.5,6,154,3,115.78947368421052,,,,
28526,7,247,6,166.8918918918919,,11,7,4.771084337349397,15.090909090909092,6,247,5,169.17808219178082,,,,
28530,8,96,6,124.67532467532467,,6,6,5.045454545454546,22,8,96,6,124.67532467532467,3,2,2,100
28539,2,13,2,92.85714285714286,,,,,,2,13,2,92.85714285714286,,,,
2854,12,196,8,149.61832061068702,,12,12,6.237410071942446,23.166666666666668,8,134,6,147.25274725274724,7,97,5,131.0810810810811
2855,3,6,1,300,,6,3,7.868852459016393,10.166666666666666,3,6,1,300,3,6,1,300
2856,19,234,16,131.46067415730337,,4,7,9.418604651162791,21.5,14,162,11,126.5625,14,162,11,126.5625
28568,1,5,1,27.77777777777778,,,,,,1,5,1,27.77777777777778,1,5,1,27.77777777777778
28569,3,73,3,96.05263157894737,,,,,,,,,,,,,
2857,12,240,13,118.81188118811882,,3,10,8.890909091,36.666666666666664,7,90,7,94.73684210526316,7,90,7,94.73684210526316
2858,7,96,7,117.07317073170732,,3,4,5.3023255813953485,14.333333333333334,6,89,5,121.91780821917808,6,89,5,121.91780821917808
2859,3,77,3,122.22222222222223,,2,3,7.573770491803279,30.5,,,,,,,,
286,10,0,1,0,,18,10,8.495575221238939,12.555555555555555,10,0,1,0,9,0,1,0
2860,40,1238,39,142.6267281105991,,,,,,28,716,26,133.5820895522388,19,348,17,122.96819787985866
2862,45,1579,43,146.7472118959108,,18,23,7.415929203539823,18.833333333333332,30,1213,30,145.61824729891956,12,497,12,144.47674418604652
2863,58,4,4,57.142857142857146,,57,60,6.953895071542131,22.07017543859649,48,2,2,66.66666666666667,32,2,2,66.66666666666667
2865,14,441,14,135.27607361963192,,8,4,7.051546391752577,12.125,6,111,6,133.73493975903614,6,111,6,133.73493975903614
28655,6,4,3,80,,9,6,8.615384615384615,13,,,,,,,,
2868,3,3,2,37.5,,2,3,6.405405405405405,37,3,3,2,37.5,3,3,2,37.5
2869,16,9,5,60,,23,16,6.709677419354839,16.17391304347826,16,9,5,60,6,3,2,42.857142857142854
2870,8,169,8,146.95652173913044,,,,,,6,98,6,132.43243243243242,6,98,6,132.43243243243242
28700,4,1,1,50,,4,4,5.814432989690721,24.25,4,1,1,50,4,1,1,50
2872,44,173,16,142.97520661157026,,63,44,7.900928792569659,15.380952380952381,44,173,16,142.97520661157026,34,98,9,144.11764705882354
28741,5,63,5,74.11764705882354,,0,1,9,,5,63,5,74.11764705882354,,,,
2875,1,3,1,37.5,,,,,,1,3,1,37.5,1,3,1,37.5
28756,3,7,2,87.5,,2,3,6.107142857142857,28,,,,,,,,
2876,127,1570,88,135.3448275862069,,116,119,7.098591549295775,20.810344827586206,95,1112,66,131.28689492325856,68,751,46,132.68551236749116
2877,69,1338,61,131.9526627218935,,28,31,7.758812615955473,19.25,54,921,45,127.20994475138122,44,780,35,127.65957446808511
2878,40,3,5,15,,51,39,8.858208955,15.764705882352942,32,2,3,11.764705882352942,20,0,1,0
28788,2,48,2,117.07317073170732,,,,,,2,48,2,117.07317073170732,,,,
2879,10,71,8,80.68181818181819,,3,6,6.337078651685394,29.666666666666668,10,71,8,80.68181818181819,10,71,8,80.68181818181819
2881,13,8,4,66.66666666666667,,13,13,8.244094488188976,19.53846153846154,2,,,,2,,,
2884,19,517,19,124.27884615384616,,,,,,9,202,8,129.48717948717947,9,202,8,129.48717948717947
2888,18,152,17,109.35251798561151,,12,18,6.996805111821086,26.083333333333332,15,139,14,121.9298245614035,8,87,8,116
2892,18,115,15,117.34693877551021,,,,,,18,115,15,117.34693877551021,18,115,15,117.34693877551021
28967,21,455,18,136.22754491017963,,,,,,6,86,6,116.21621621621621,,,,
28996,4,9,2,50,,6,4,7.076923076923077,13,4,9,2,50,4,9,2,50
29066,14,59,7,128.2608695652174,,17,13,7.857142857142857,17.294117647058822,4,33,3,143.47826086956522,,,,
29178,4,8,2,66.66666666666667,,7,4,10.16326530612245,14,1,2,1,50,,,,
29182,6,5,3,71.42857142857143,,5,6,9.467889908,21.8,5,5,3,71.42857142857143,5,5,3,71.42857142857143
29193,7,85,7,80.95238095238095,,,,,,4,45,4,66.17647058823529,3,45,3,68.18181818181819
2921,43,966,41,129.49061662198392,,,,,,30,612,26,134.21052631578948,21,328,17,125.19083969465649
29220,7,29,5,49.152542372881356,,0,3,9.5,,4,24,4,48.97959183673469,3,17,3,45.945945945945944
29221,6,45,6,57.69230769230769,,,,,,4,27,4,49.09090909090909,3,10,3,31.25
29295,1,1,1,100,,1,1,13.846153846153847,13,1,1,1,100,1,1,1,100
2930,27,558,25,129.16666666666666,,,,,,24,449,21,124.37673130193906,19,329,16,128.515625
2933,68,28,17,70,,95,66,6.502219403931515,16.6,46,28,15,73.68421053,33,16,11,61.53846153846154
29454,7,68,7,65.38461538461539,,4,7,8.130841121495328,26.75,3,40,3,86.95652173913044,3,40,3,86.95652173913044
2947,6,52,4,157.57575757575756,,,,,,6,52,4,157.57575757575756,6,52,4,157.57575757575756
295,20,103,10,92.79279279,,21,20,8.153172866520787,21.761904761904763,20,103,10,92.79279279,16,55,6,73.33333333333333
29556,4,127,4,169.33333333333334,,,,,,4,127,4,169.33333333333334,4,127,4,169.33333333333334
29558,3,36,3,90,,3,3,8.3,20,,,,,,,,
29673,1,7,1,33.333333333333336,,,,,,1,7,1,33.333333333333336,1,7,1,33.333333333333336
2972,11,172,11,108.86075949367088,,5,11,7.631799163179917,47.8,5,63,5,108.62068965517241,2,11,2,68.75
29771,18,250,16,108.69565217391305,,,,,,11,168,9,115.06849315068493,,,,
29775,9,54,8,103.84615384615384,,13,9,8.580310880829016,14.846153846153847,8,54,8,103.84615384615384,4,35,4,109.375
29777,4,56,4,90.32258065,,,,,,4,56,4,90.32258065,2,26,2,78.78787878787878
29779,7,83,7,94.31818181818181,,,,,,7,83,7,94.31818181818181,3,50,3,92.59259259
29780,8,90,8,132.35294117647058,,,,,,,,,,,,,
29781,8,35,6,152.17391304347825,,3,7,6.551020408163265,32.666666666666664,8,35,6,152.17391304347825,4,17,3,242.85714285714286
29787,1,1,1,100,,,,,,1,1,1,100,,,,
29788,4,35,4,100,,0,1,6,,4,35,4,100,,,,
29789,8,7,2,140,,11,8,6.440677966101695,16.09090909090909,8,7,2,140,4,,,
29790,2,16,1,94.11764705882354,,0,2,7.75,,2,16,1,94.11764705882354,,,,
29793,3,52,2,115.55555555555556,,,,,,3,52,2,115.55555555555556,,,,
29795,15,338,15,125.18518518518519,,,,,,15,338,15,125.18518518518519,2,44,2,93.61702127659575
29796,22,1,3,16.666666666666668,,36,23,6.708971553610503,12.694444444444445,14,0,2,0,4,,,
29797,2,59,2,103.50877192982456,,,,,,2,59,2,103.50877192982456,,,,
29798,5,226,5,126.25698324022346,,0,1,6,,5,226,5,126.25698324022346,5,226,5,126.25698324022346
29800,11,25,5,131.57894736842104,,6,9,10,22.5,8,10,3,142.85714285714286,3,1,1,50
29803,7,50,5,90.90909091,,8,7,5.758389261744966,18.625,7,50,5,90.90909091,4,33,3,91.66666666666667
29806,6,31,3,93.93939393939394,,,,,,6,31,3,93.93939393939394,,,,
29807,2,10,2,83.33333333333333,,2,2,8,18,2,10,2,83.33333333333333,,,,
29808,7,20,1,100,,6,3,8.25,8,7,20,1,100,,,,
29809,11,153,10,100,,,,,,11,153,10,100,2,50,2,100
29811,13,98,11,112.64367816091954,,12,13,7.75,18,7,59,5,131.11111111111111,5,52,4,148.57142857142858
29812,14,69,6,89.61038961,,12,13,7.486725663716814,18.833333333333332,12,69,5,93.24324324324324,,,,
29814,3,0,1,0,,3,3,7.285714285714286,14,3,0,1,0,,,,
29815,10,175,7,111.46496815286625,,,,,,8,74,5,93.67088607594937,,,,
29816,2,0,1,0,,2,2,6.714285714285714,21,2,0,1,0,2,0,1,0
29817,17,135,12,123.85321100917432,,20,17,8.404040404040405,14.85,10,110,8,115.78947368421052,4,84,4,125.3731343283582
29820,6,3,1,60,,6,6,8.387096774193548,15.5,6,3,1,60,,,,
29833,1,2,1,33.333333333333336,,0,1,10.8,,,,,,,,,
2984,20,431,18,127.51479289940828,,11,14,7.4297872340425535,21.363636363636363,16,290,14,124.46351931330472,14,247,12,127.31958762886597
2985,16,27,6,135,,32,15,7.120689655172414,10.875,12,11,2,220,11,11,2,220
29888,51,155,19,118.3206106870229,,63,47,8.563691073219658,15.825396825396826,24,2,3,66.66666666666667,11,2,3,66.66666666666667
2997,6,2,3,40,,5,6,6.923076923076923,28.6,6,2,3,40,6,2,3,40
30199,9,210,9,111.70212765957447,,,,,,9,210,9,111.70212765957447,1,6,1,50
30216,9,64,7,87.67123287671232,,,,,,9,64,7,87.67123287671232,2,4,2,33.333333333333336
3024,64,2163,58,121.17647058823529,,,,,,61,2078,56,121.80539273153576,44,1703,40,125.77548005908419
3033,18,37,7,102.77777777777777,,15,15,7.878594249201278,20.866666666666667,18,37,7,102.77777777777777,13,25,4,138.88888888888889
3038,8,89,8,104.70588235294117,,4,5,8.441860465,21.5,,,,,,,,
304,4,224,4,163.5036496350365,,,,,,4,224,4,163.5036496350365,4,224,4,163.5036496350365
30470,1,0,1,0,,0,1,13.714285714285714,,1,0,1,0,1,0,1,0
30497,8,106,7,126.19047619047619,,,,,,8,106,7,126.19047619047619,4,53,4,110.41666666666667
305,100,1041,64,132.27445997458705,,88,101,7.0198228595529315,26.943181818181817,83,711,50,126.96428571428571,58,373,33,119.55128205128206
3056,60,1217,51,125.72314049586777,,16,28,6.661290322580645,23.25,48,912,40,129.9145299145299,36,793,30,137.43500866551128
30722,4,42,4,123.52941176470588,,,,,,3,40,3,129.03225806451613,,,,
30728,4,63,4,98.4375,,,,,,,,,,,,,
30730,8,35,5,81.39534884,,5,7,7.777777777777778,27,8,35,5,81.39534884,,,,
30740,3,29,3,126.08695652173913,,,,,,1,3,1,50,,,,
30749,10,21,4,116.66666666666667,,8,9,5.868852459016393,22.875,10,21,4,116.66666666666667,,,,
30759,20,288,18,113.38582677165354,,3,12,8.222222222222221,45,10,77,8,86.51685393258427,,,,
30762,4,25,3,73.52941176470588,,,,,,4,25,3,73.52941176470588,,,,
3077,5,7,4,100,,5,5,8.390243902439025,24.6,5,7,4,100,,,,
30774,11,0,1,0,,12,11,6.966824644549763,17.583333333333332,8,,,,,,,
30778,3,1,1,50,,1,3,10.046511627906977,43,3,1,1,50,,,,
30786,4,10,2,100,,1,4,9.046153846153846,65,4,10,2,100,,,,
3091,21,727,25,128.90070921985816,,,,,,5,42,5,113.51351351351352,,,,
3097,12,220,10,118.91891891891892,,,,,,12,220,10,118.91891891891892,12,220,10,118.91891891891892
31157,14,180,11,115.38461538461539,,,,,,8,116,7,108.41121495327103,8,116,7,108.41121495327103
31158,4,49,4,96.07843137254902,,3,4,6.909090909090909,22,4,49,4,96.07843137254902,4,49,4,96.07843137254902
31159,8,5,3,83.33333333333333,,2,6,8.938775510204081,49,,,,,,,,
31160,15,0,1,0,,23,15,7.546583850931677,14,4,0,1,0,4,0,1,0
31163,2,13,2,65,,0,2,6.5,,2,13,2,65,2,13,2,65
31165,7,14,2,200,,6,6,8.117647058823529,19.833333333333332,5,14,2,200,5,14,2,200
31166,17,371,17,138.43283582089552,,,,,,8,44,8,83.01886792452831,8,44,8,83.01886792452831
31167,3,64,3,108.47457627118644,,,,,,3,64,3,108.47457627118644,3,64,3,108.47457627118644
31168,28,600,28,141.84397163120568,,,,,,16,454,16,141.875,15,442,15,141.2140575079872
31170,14,470,14,118.9873417721519,,,,,,7,232,7,116.58291457286433,7,232,7,116.58291457286433
31171,16,153,13,84.06593406593407,,,,,,9,111,8,83.45864661654136,9,111,8,83.45864661654136
31172,9,39,3,111.42857142857143,,5,9,8.660869565217391,23,2,,,,2,,,
31177,4,3,1,75,,2,4,7.875,24,4,3,1,75,4,3,1,75
31178,8,21,4,131.25,,7,8,7.519480519,22,8,21,4,131.25,8,21,4,131.25
31179,3,10,2,50,,,,,,3,10,2,50,3,10,2,50
31180,20,342,19,128.57142857142858,,19,18,6.417827298050139,18.894736842105264,9,120,8,113.20754716981132,8,92,7,110.8433734939759
31181,4,13,2,144.44444444444446,,4,4,7.2,18.75,4,13,2,144.44444444444446,4,13,2,144.44444444444446
31182,4,1,1,33.333333333333336,,5,4,8.739130435,18.4,4,1,1,33.333333333333336,4,1,1,33.333333333333336
31183,7,73,4,155.31914893617022,,1,1,8,12,4,25,3,147.05882352941177,4,25,3,147.05882352941177
31184,15,334,15,123.24723247232473,,,,,,8,125,8,122.54901960784314,8,125,8,122.54901960784314
31186,6,47,6,94,,,,,,5,47,5,102.17391304347827,5,47,5,102.17391304347827
31187,12,22,3,88,,10,11,7.656441717791411,16.3,3,,,,3,,,
31189,9,214,8,123.69942196531792,,,,,,9,214,8,123.69942196531792,9,214,8,123.69942196531792
31190,16,307,17,140.8256880733945,,,,,,9,245,9,139.20454545454547,9,245,9,139.20454545454547
31191,9,111,9,132.14285714285714,,4,4,8.836363636363636,13.75,9,111,9,132.14285714285714,9,111,9,132.14285714285714
31192,4,0,1,0,,4,4,6.1395348837209305,21.5,4,0,1,0,4,0,1,0
31193,3,48,3,129.72972972972974,,,,,,3,48,3,129.72972972972974,3,48,3,129.72972972972974
31194,11,31,3,114.81481481481481,,10,11,7.292817679558011,18.1,5,24,2,109.0909090909091,5,24,2,109.0909090909091
31198,1,0,1,0,,1,1,9,20,1,0,1,0,1,0,1,0
31199,14,233,12,133.90804597701148,,2,5,7.5,36,6,116,6,124.73118279569893,6,116,6,124.73118279569893
31201,8,94,8,94.94949494949495,,5,8,8.035087719298245,34.2,8,94,8,94.94949494949495,8,94,8,94.94949494949495
31202,18,354,18,135.1145038167939,,,,,,9,214,9,138.06451612903226,9,214,9,138.06451612903226
31203,14,424,14,141.33333333333334,,21,14,6.898876404494382,12.714285714285714,5,141,5,130.55555555555554,5,141,5,130.55555555555554
31205,14,372,14,140.37735849056602,,,,,,4,92,4,129.57746478873239,4,92,4,129.57746478873239
31206,5,87,4,158.1818181818182,,2,5,11.23943661971831,35.5,5,87,4,158.1818181818182,5,87,4,158.1818181818182
31209,4,64,4,114.28571428571429,,,,,,4,64,4,114.28571428571429,4,64,4,114.28571428571429
31210,12,10,1,90.90909091,,10,11,7.8584070796460175,22.6,6,10,1,90.90909091,6,10,1,90.90909091
31211,1,9,1,128.57142857142858,,,,,,1,9,1,128.57142857142858,1,9,1,128.57142857142858
31223,4,5,2,45.45454545454545,,1,4,7.2,55,4,5,2,45.45454545454545,4,5,2,45.45454545454545
31227,48,12,10,46.15384615384615,,63,48,7.62406015,16.88888888888889,37,10,7,47.61904761904762,28,10,4,71.42857142857143
3125,134,3243,125,146.21280432822363,,,,,,117,2698,108,141.7761429322123,85,1818,77,135.67164179104478
3126,1,8,1,53.333333333333336,,0,1,13.846153846153847,,,,,,,,,
31291,9,154,8,145.28301886792454,,,,,,9,154,8,145.28301886792454,,,,
31293,12,146,10,121.66666666666667,,0,1,19,,5,63,5,108.62068965517241,5,63,5,108.62068965517241
3135,3,7,3,116.66666666666667,,2,3,7.377049180327869,30.5,3,7,3,116.66666666666667,2,3,2,75
31365,5,41,4,85.41666666666667,,,,,,5,41,4,85.41666666666667,5,41,4,85.41666666666667
314,8,101,8,118.82352941176471,,2,5,7.5,56,8,101,8,118.82352941176471,8,101,8,118.82352941176471
3144,5,31,4,119.23076923076923,,7,5,8.45,17.142857142857142,5,31,4,119.23076923076923,5,31,4,119.23076923076923
31513,1,7,1,77.77777777777777,,1,1,9.473684210526315,19,,,,,,,,
31518,14,451,12,161.64874551971326,,,,,,9,212,8,151.42857142857142,5,30,4,103.44827586206897
31520,9,235,8,149.6815286624204,,,,,,,,,,,,,
31529,7,100,7,100,,,,,,,,,,,,,
31685,3,8,3,61.53846153846154,,,,,,3,8,3,61.53846153846154,3,8,3,61.53846153846154
31688,3,80,3,101.26582278481013,,0,2,7.454545454545454,,3,80,3,101.26582278481013,3,80,3,101.26582278481013
31692,37,754,33,143.89312977099237,,,,,,31,707,27,155.72687224669605,24,555,20,170.24539877300614
31694,2,11,1,157.14285714285714,,,,,,2,11,1,157.14285714285714,2,11,1,157.14285714285714
31695,21,1,4,12.5,,35,22,7.205417607223477,12.657142857142857,15,1,4,12.5,11,1,4,12.5
31696,8,41,4,136.66666666666666,,13,7,7.885714285714286,10.76923076923077,7,35,3,125,3,2,1,100
31697,4,13,2,81.25,,0,3,7.674418604651163,,,,,,,,,
31701,2,28,2,87.5,,,,,,2,28,2,87.5,2,28,2,87.5
31702,5,20,5,60.60606060606061,,3,5,7.928571428571429,37.333333333333336,5,20,5,60.60606060606061,4,17,4,58.62068965517241
31704,18,4,5,26.666666666666668,,26,18,7.483695652173913,14.153846153846153,16,4,4,30.76923076923077,12,2,3,28.571428571428573
31706,28,444,24,137.88819875776397,,33,28,7.273743016759776,16.272727272727273,21,315,17,136.36363636363637,15,254,12,138.04347826086956
31707,31,450,27,140.18691588785046,,,,,,23,336,19,143.5897435897436,15,211,12,146.52777777777777
31708,3,27,3,103.84615384615384,,,,,,3,27,3,103.84615384615384,3,27,3,103.84615384615384
31712,17,0,2,0,,13,16,6.703583061889251,23.615384615384617,16,0,2,0,12,0,2,0
31714,2,1,1,100,,2,2,11.18918918918919,18.5,2,1,1,100,2,1,1,100
31715,15,18,5,90,,5,14,9.306122448979592,39.2,15,18,5,90,5,14,2,93.33333333333333
3174,24,8,6,53.333333333333336,,25,22,7.979633401221996,19.64,15,2,4,33.333333333333336,7,0,1,0
321,4,0,1,0,,3,4,7.392857142857143,18.666666666666668,4,0,1,0,4,0,1,0
32236,12,155,11,126.01626016260163,,,,,,6,54,6,96.42857142857143,,,,
32237,11,95,10,120.25316455696202,,0,1,14,,5,31,5,83.78378378378379,,,,
32241,6,83,3,127.6923076923077,,,,,,,,,,,,,
32244,16,106,10,102.9126213592233,,21,15,6.923076923076923,16.095238095238095,9,66,6,113.79310344827586,3,24,2,72.72727272727273
32246,14,160,9,126.98412698412699,,,,,,7,102,5,115.9090909090909,,,,
32248,7,3,1,33.333333333333336,,9,7,9.219512195,13.666666666666666,5,,,,,,,
32250,14,29,8,76.31578947,,10,13,7.012987012987013,23.1,7,17,3,85,,,,
32251,12,114,8,152,,,,,,3,26,2,136.8421052631579,,,,
32252,13,213,11,148.95104895104896,,,,,,4,61,4,135.55555555555554,,,,
32259,15,298,11,131.27753303964758,,0,1,13,,8,113,5,117.70833333333333,,,,
32260,15,240,13,117.07317073170732,,4,3,6.244897959183674,12.25,7,97,7,97,2,19,2,118.75
32261,14,251,13,133.51063829787233,,,,,,6,153,6,136.60714285714286,,,,
32262,9,31,4,103.33333333333333,,10,9,6.9655172413793105,17.4,6,7,1,77.77777777777777,,,,
32264,15,389,13,174.4394618834081,,,,,,6,166,6,159.6153846153846,,,,
32265,5,88,5,104.76190476190476,,,,,,4,80,4,121.21212121212122,,,,
32271,19,435,19,122.53521126760563,,,,,,7,200,7,125,,,,
32272,6,89,4,117.10526315789474,,,,,,1,8,1,100,,,,
32273,14,12,4,100,,19,13,7.686832740213523,14.789473684210526,8,11,2,122.22222222222223,,,,
32277,11,214,9,129.6969696969697,,,,,,7,184,7,122.66666666666667,,,,
32279,8,128,7,87.67123287671232,,,,,,7,101,6,87.06896551724138,,,,
32280,3,0,1,0,,5,3,7.4,6,3,0,1,0,,,,
32282,17,5,2,45.45454545454545,,29,17,7.75,13.241379310344827,8,,,,,,,
32284,9,105,6,136.36363636363637,,7,8,9.230769231,20.428571428571427,2,27,2,96.42857142857143,,,,
32285,9,276,9,131.42857142857142,,,,,,2,7,2,100,,,,
32289,10,133,9,122.01834862385321,,,,,,4,45,4,90,,,,
32291,10,24,5,114.28571428571429,,5,8,6.305084745762712,35.4,4,6,2,85.71428571428571,,,,
32293,6,0,1,0,,9,6,6.8321167883211675,15.222222222222221,6,0,1,0,1,,,
32300,10,1,2,14.285714285714286,,10,9,9,19.2,6,0,1,0,2,,,
32302,6,133,6,135.71428571428572,,,,,,6,133,6,135.71428571428572,,,,
3241,32,1089,29,129.95226730310262,,,,,,22,851,21,139.9671052631579,9,363,8,138.02281368821292
32413,2,10,2,90.90909091,,,,,,2,10,2,90.90909091,2,10,2,90.90909091
3242,1,1,1,50,,1,1,12.9,20,1,1,1,50,1,1,1,50
32423,4,75,3,125,,,,,,2,67,2,142.5531914893617,,,,
32426,21,200,18,90.90909091,,0,1,6,,12,155,10,90.11627906976744,,,,
32427,18,528,18,123.07692307692308,,,,,,8,277,8,123.11111111111111,,,,
3245,3,22,3,61.111111111111114,,,,,,,,,,,,,
32488,24,692,23,135.95284872298626,,,,,,11,267,10,131.5270935960591,,,,
32705,4,1,1,100,,6,4,8.076923076923077,13,3,1,1,100,,,,
3272,25,141,15,138.23529411764707,,12,21,8.2,32.5,25,141,15,138.23529411764707,20,136,12,140.20618556701032
3275,55,128,21,90.14084507042253,,64,54,8.815533980582524,19.3125,46,110,15,94.01709401709402,31,69,11,86.25
3276,28,162,18,125.5813953488372,,29,29,7.8398637137989775,20.24137931034483,18,81,8,139.6551724137931,,,,
3280,57,1241,55,105.25869380831213,,4,9,7.391304347826087,17.25,52,1185,50,104.77453580901857,34,922,33,107.33410942956927
3281,48,528,39,110.69182389937107,,24,40,7.537735849056604,26.5,40,492,34,112.8440366972477,31,401,25,120.42042042042043
3282,67,1177,61,120.10204081632654,,57,62,7.677121771217712,19.017543859649123,46,703,40,118.15126050420169,29,496,27,117.8147268408551
3284,3,26,3,173.33333333333334,,3,3,5.884615384615385,17.333333333333332,,,,,,,,
3285,32,141,16,114.63414634146342,,43,31,8.501567398119123,14.837209302325581,18,101,9,102.02020202020202,10,44,5,93.61702127659575
3286,27,43,11,47.77777777777778,,24,27,6.813380281690141,23.666666666666668,22,36,7,49.31506849315068,9,8,2,47.05882352941177
32862,9,1,2,20,,12,9,5.614973262032086,15.583333333333334,4,,,,,,,
3287,5,1,1,50,,1,5,8.363636363636363,66,5,1,1,50,5,1,1,50
3293,18,416,17,137.2937293729373,,,,,,9,217,9,141.83006535947712,,,,
3297,107,1867,94,140.37593984962405,,,,,,85,1404,73,135.91481122942884,66,1248,58,135.94771241830065
3298,32,108,17,117.3913043478261,,37,32,8.159685863874346,20.64864864864865,14,20,5,142.85714285714286,8,4,3,80
3299,7,22,4,104.76190476190476,,11,7,7.5375,14.545454545454545,7,22,4,104.76190476190476,7,22,4,104.76190476190476
3304,17,293,16,111.83206106870229,,,,,,13,229,13,119.27083333333333,13,229,13,119.27083333333333
33050,30,453,26,131.6860465116279,,,,,,22,281,19,124.33628318584071,16,218,15,119.78021978021978
33051,1,12,1,60,,,,,,1,12,1,60,1,12,1,60
33052,26,325,21,128.4584980237154,,5,7,7.675675675675675,22.2,14,237,12,128.1081081081081,9,108,8,108
33053,5,22,4,59.45945945945946,,,,,,5,22,4,59.45945945945946,2,21,2,70
33054,12,54,7,84.375,,11,12,6.1525423728813555,21.454545454545453,12,54,7,84.375,4,12,2,120
33056,10,232,10,108.41121495327103,,5,9,7.333333333333333,30.6,10,232,10,108.41121495327103,10,232,10,108.41121495327103
33058,31,17,4,121.42857142857143,,37,31,8.25,17.513513513513512,23,17,4,121.42857142857143,14,16,3,123.07692307692308
33060,25,55,8,103.77358490566037,,28,23,7.761589404,16.178571428571427,25,55,8,103.77358490566037,22,55,8,103.77358490566037
33062,13,86,8,122.85714285714286,,1,7,8.338983050847459,59,13,86,8,122.85714285714286,13,86,8,122.85714285714286
33063,45,553,40,154.46927374301677,,0,1,6,,32,363,30,146.96356275303643,23,286,22,150.52631578947367
33065,3,32,1,114.28571428571429,,,,,,3,32,1,114.28571428571429,3,32,1,114.28571428571429
33067,38,1189,36,149.1844416562108,,,,,,22,533,20,135.27918781725887,13,239,12,127.80748663101605
33068,11,31,7,73.80952380952381,,4,9,9.292035398,28.25,10,31,7,73.80952380952381,7,13,4,68.42105263157895
33069,8,4,4,57.142857142857146,,8,8,7.441558441558442,19.25,8,4,4,57.142857142857146,8,4,4,57.142857142857146
33072,40,727,35,110.48632218844985,,,,,,26,519,24,109.72515856236787,18,416,16,111.52815013404826
33074,47,1434,47,151.26582278481013,,,,,,34,1134,34,152.83018867924528,24,790,24,155.20628683693516
33075,35,99,17,89.18918919,,43,34,8.262569832402235,16.651162790697676,27,96,15,90.56603773584905,19,52,11,110.63829787234043
33076,25,71,15,112.6984126984127,,26,24,8.488120950323975,17.807692307692307,25,71,15,112.6984126984127,20,68,12,133.33333333333334
33077,21,0,1,0,,17,20,7.466666666666667,23.823529411764707,18,0,1,0,9,,,
33078,21,481,18,138.2183908045977,,,,,,8,121,6,153.16455696202533,1,6,1,85.71428571428571
33079,1,9,1,56.25,,,,,,,,,,,,,
3308,3,16,3,59.25925925925926,,,,,,3,16,3,59.25925925925926,,,,
33080,1,10,1,166.66666666666666,,0,1,7,,1,10,1,166.66666666666666,1,10,1,166.66666666666666
33081,3,24,2,77.41935483870968,,,,,,3,24,2,77.41935483870968,3,24,2,77.41935483870968
33083,18,171,13,99.41860465,,,,,,12,116,9,112.62135922330097,9,45,6,91.83673469387755
33084,43,1088,43,143.72523117569352,,,,,,31,772,31,143.76163873370578,23,612,23,150.36855036855036
33085,17,476,16,134.8441926345609,,,,,,7,210,7,134.6153846153846,,,,
33088,8,29,6,65.90909091,,,,,,7,29,5,74.35897435897436,5,28,4,77.77777777777777
33089,24,61,9,152.5,,17,22,8.241935483870968,21.88235294117647,13,19,5,190,13,19,5,190
33090,20,188,15,140.29850746268656,,11,11,8.300970873786408,18.727272727272727,10,40,7,100,3,27,3,142.10526315789474
33093,8,62,4,112.72727272727273,,,,,,8,62,4,112.72727272727273,8,62,4,112.72727272727273
33095,44,860,40,137.1610845295056,,21,35,8.105263157894736,24.428571428571427,28,552,27,131.11638954869358,19,418,19,126.28398791540785
33096,2,6,2,50,,,,,,2,6,2,50,2,6,2,50
33098,4,18,3,94.73684210526316,,0,4,12.142857142857142,,4,18,3,94.73684210526316,3,17,2,106.25
331,23,95,12,101.06382978723404,,23,20,6.983333333333333,15.652173913043478,23,95,12,101.06382978723404,18,87,9,104.81927710843374
33114,4,82,3,149.0909090909091,,4,4,8.444444444444445,20.25,,,,,,,,
33161,4,8,3,53.333333333333336,,,,,,4,8,3,53.333333333333336,4,8,3,53.333333333333336
3318,1,34,1,200,,,,,,1,34,1,200,1,34,1,200
332,3,52,3,157.57575757575756,,3,3,7.666666666666667,12,3,52,3,157.57575757575756,,,,
3320,14,39,4,105.4054054054054,,6,14,7.273972602739726,48.666666666666664,14,39,4,105.4054054054054,14,39,4,105.4054054054054
3322,8,101,7,142.25352112676057,,,,,,3,18,3,100,3,18,3,100
3323,52,670,40,135.9026369168357,,40,36,8.525735294117647,13.6,39,604,33,140.7925407925408,24,203,20,120.83333333333333
3330,129,2654,118,135.47728432873916,,85,98,8.029714285714286,20.58823529411765,99,2139,93,132.77467411545624,74,1600,70,127.89768185451639
3331,11,5,2,71.42857142857143,,11,11,8.576271186440678,16.09090909090909,3,0,1,0,3,0,1,0
33498,2,11,2,91.66666666666667,,2,2,12.352941176470589,17,2,11,2,91.66666666666667,2,11,2,91.66666666666667
33504,4,163,4,183.14606741573033,,,,,,,,,,,,,
33506,13,52,6,115.55555555555556,,8,13,5.722007722007722,32.375,10,4,4,36.36363636363637,,,,
33508,14,174,13,95.08196721311475,,5,7,5.8474576271186445,23.6,7,134,7,98.52941176470588,7,134,7,98.52941176470588
3351,15,81,8,144.64285714285714,,12,15,7.160120846,27.583333333333332,9,67,5,145.65217391304347,2,5,1,166.66666666666666
33513,8,37,6,72.54901960784314,,5,6,7.297297297297297,14.8,5,31,4,72.09302325581395,,,,
33514,9,281,9,144.10256410256412,,,,,,8,202,7,141.25874125874125,8,202,7,141.25874125874125
33520,4,81,2,102.53164556962025,,,,,,,,,,,,,
33540,9,49,6,106.52173913043478,,10,7,6.765100671,14.9,9,49,6,106.52173913043478,3,25,1,119.04761904761905
33675,4,42,4,116.66666666666667,,,,,,,,,,,,,
3373,10,47,10,65.27777777777777,,4,9,8.385093167701863,40.25,4,17,4,68,2,15,2,78.94736842105263
3374,59,1125,49,139.40520446096653,,0,1,4,,41,799,36,135.8843537414966,24,581,21,141.01941747572815
3377,11,353,11,109.28792569659443,,,,,,5,203,5,112.77777777777777,2,41,2,105.12820512820512
33787,12,4,3,33.333333333333336,,8,12,7.580357142857143,28,4,0,1,0,,,,
3382,11,218,10,107.92079207920793,,,,,,5,115,5,107.4766355140187,2,18,2,66.66666666666667
3383,8,73,7,97.33333333333333,,2,4,11.571428571428571,21,2,36,2,87.80487805,2,36,2,87.80487805
33969,4,9,3,52.94117647058823,,2,4,6.552631578947368,38,,,,,,,,
34044,20,569,20,155.8904109589041,,,,,,13,384,13,146.00760456273764,12,368,12,146.03174603174602
34155,4,27,2,225,,,,,,,,,,,,,
344,33,836,33,118.41359773371104,,,,,,25,590,24,113.46153846153847,25,590,24,113.46153846153847
34406,3,27,2,84.375,,0,1,7.846153846153846,,,,,,,,,
34440,8,101,7,95.28301886792453,,,,,,8,101,7,95.28301886792453,4,46,4,83.63636363636364
34443,26,534,26,121.91780821917808,,2,4,7.421052631578948,19,15,254,15,113.39285714285714,5,31,5,73.80952380952381
34444,14,38,6,95,,19,13,7.044534412955466,13,6,8,3,72.72727272727273,1,4,1,57.142857142857146
34466,6,107,4,135.44303797468353,,6,6,4.434782608695652,15.333333333333334,4,82,3,149.0909090909091,,,,
34485,14,26,9,104,,28,17,5.572649572649572,12.535714285714286,6,5,3,71.42857142857143,,,,
3450,24,95,11,89.62264150943396,,26,22,8.669789227166277,16.423076923076923,24,95,11,89.62264150943396,17,80,9,84.21052631578948
3451,50,1086,46,130.68592057761734,,,,,,39,826,34,128.86115444617784,28,462,23,121.57894736842105
3452,7,55,5,98.21428571428571,,,,,,7,55,5,98.21428571428571,7,55,5,98.21428571428571
3453,38,15,6,75,,39,38,7.228021978021978,18.666666666666668,31,15,6,75,23,14,5,77.77777777777777
34546,5,60,4,77.92207792207792,,1,1,6.260869565217392,23,,,,,,,,
3459,7,82,7,93.18181818181819,,,,,,1,7,1,116.66666666666667,,,,
346,18,329,18,106.81818181818181,,,,,,11,236,11,110.2803738317757,4,103,4,111.95652173913044
3461,21,324,19,121.80451127819549,,,,,,15,244,13,117.8743961352657,6,80,6,97.56097561
3462,31,624,28,133.90557939914163,,28,30,6.528440366972477,19.464285714285715,16,395,14,133.89830508474577,5,43,4,116.21621621621621
3463,8,246,7,129.47368421052633,,,,,,8,246,7,129.47368421052633,8,246,7,129.47368421052633
3464,8,124,8,105.08474576271186,,1,4,11.625,32,5,71,5,104.41176470588235,,,,
3469,68,804,45,119.46508172362556,,86,67,7.726375176304654,16.488372093023255,49,657,33,120.55045871559633,37,562,27,122.97592997811816
3474,28,611,27,133.6980306345733,,9,14,6.457831325301205,27.666666666666668,16,197,15,96.09756097560975,6,94,6,95.91836734693878
3479,13,77,10,154,,14,13,7.515789473684211,20.357142857142858,11,56,8,164.7058823529412,10,56,7,169.6969696969697
348,5,132,5,123.3644859813084,,,,,,5,132,5,123.3644859813084,5,132,5,123.3644859813084
3481,1,2,1,50,,5,2,5.877551020408164,9.8,1,2,1,50,1,2,1,50
34880,4,84,4,133.33333333333334,,10,4,6.838709677419355,9.3,,,,,,,,
3489,28,507,29,110.45751633986929,,3,9,8.782608695652174,23,3,5,3,41.666666666666664,,,,
34961,6,108,6,131.70731707317074,,,,,,6,108,6,131.70731707317074,6,108,6,131.70731707317074
34962,12,20,5,133.33333333333334,,13,12,8.431034482758621,17.846153846153847,3,1,1,100,3,1,1,100
34964,11,103,9,171.66666666666666,,12,10,8.710659898477157,16.416666666666668,3,12,3,100,3,12,3,100
34966,3,3,1,60,,2,2,6.387096774193548,15.5,3,3,1,60,3,3,1,60
34967,21,227,14,158.74125874125875,,30,19,8.501457725947521,11.433333333333334,10,93,7,193.75,6,86,5,195.45454545454547
34968,17,423,17,146.875,,,,,,17,423,17,146.875,7,89,7,127.14285714285714
34969,7,28,5,127.27272727272727,,5,7,6.991304347826087,23,4,17,3,100,3,16,2,106.66666666666667
34971,1,7,1,233.33333333333334,,2,1,5.333333333333333,9,1,7,1,233.33333333333334,1,7,1,233.33333333333334
34972,1,3,1,100,,0,1,9,,1,3,1,100,1,3,1,100
34973,3,16,2,123.07692307692308,,2,1,5.75,12,3,16,2,123.07692307692308,3,16,2,123.07692307692308
34974,6,149,6,175.2941176470588,,,,,,2,62,2,200,1,17,1,170
34975,8,0,2,0,,7,7,9.661016949152541,16.857142857142858,8,0,2,0,8,0,2,0
34978,1,0,1,0,,,,,,1,0,1,0,1,0,1,0
34982,6,37,4,119.35483870967742,,0,4,10.741935483870968,,6,37,4,119.35483870967742,6,37,4,119.35483870967742
34983,7,48,4,97.95918367346938,,,,,,,,,,,,,
34990,13,101,10,142.25352112676057,,,,,,6,65,5,158.53658536585365,6,65,5,158.53658536585365
34991,19,57,7,167.64705882352942,,21,19,6.4822695035460995,20.142857142857142,14,55,6,177.41935483870967,7,1,1,50
34993,11,16,4,80,,4,8,7.338129496402877,34.75,7,5,2,100,7,5,2,100
34995,3,10,3,111.11111111111111,,2,2,8.333333333333334,18,3,10,3,111.11111111111111,2,10,2,125
34998,1,7,1,63.63636363636363,,,,,,1,7,1,63.63636363636363,1,7,1,63.63636363636363
34999,1,13,1,108.33333333333333,,,,,,1,13,1,108.33333333333333,1,13,1,108.33333333333333
35001,2,4,2,50,,0,2,12.727272727272727,,1,1,1,50,,,,
35002,10,23,7,115,,9,9,7.461538461538462,17.333333333333332,4,8,3,133.33333333333334,,,,
35003,9,172,9,113.90728476821192,,1,3,7.741935483870968,31,4,49,4,87.5,,,,
35005,8,202,8,132.0261437908497,,,,,,4,89,4,123.61111111111111,,,,
35007,9,109,9,83.84615384615384,,,,,,,,,,,,,
35008,38,459,32,121.75066312997347,,12,15,7.564102564102564,19.5,27,326,23,118.1159420289855,14,211,12,119.2090395480226
35010,12,219,12,93.58974358974359,,,,,,2,13,2,44.827586206896555,2,13,2,44.827586206896555
35011,10,63,7,105,,8,9,7.732394366197183,17.75,,,,,,,,
35013,13,227,13,123.3695652173913,,1,10,7.279411764705882,136,8,161,7,136.4406779661017,2,13,2,81.25
35014,18,77,8,114.92537313432835,,31,19,6.5588235294117645,13.161290322580646,6,13,2,216.66666666666666,,,,
35015,15,665,16,145.51422319474835,,,,,,5,292,5,163.12849162011173,,,,
35016,17,424,18,172.35772357723576,,2,4,9.551020408163266,24.5,7,209,7,199.04761904761904,,,,
35018,9,198,9,105.88235294117646,,,,,,5,124,5,91.85185185185185,,,,
35019,8,21,3,100,,,,,,1,,,,1,,,
35020,9,1,1,50,,14,8,6.763636363636364,11.785714285714286,,,,,,,,
35067,15,227,13,128.97727272727272,,,,,,5,59,5,85.50724638,5,59,5,85.50724638
35069,14,195,12,125.80645161290323,,,,,,8,117,7,124.46808510638297,4,43,3,95.55555555555556
35070,18,117,9,164.7887323943662,,22,15,7.092936802973978,12.227272727272727,9,47,4,162.06896551724137,3,,,
35071,8,177,8,165.42056074766356,,,,,,4,68,4,147.82608695652175,4,68,4,147.82608695652175
35072,24,226,18,136.96969696969697,,17,22,7.716455696202532,23.235294117647058,11,131,9,123.58490566037736,,,,
35074,9,1,3,20,,3,9,9.287671232876713,48.666666666666664,9,1,3,20,2,1,1,100
35076,5,2,2,33.333333333333336,,6,5,7.222222222222222,18,4,1,1,20,3,,,
35102,5,57,5,135.71428571428572,,0,3,9.677419355,,,,,,,,,
35120,3,48,3,97.95918367346938,,0,1,20,,,,,,,,,
35122,3,10,2,66.66666666666667,,5,3,7.3076923076923075,15.6,,,,,,,,
35125,3,5,3,100,,1,2,7.32,50,,,,,,,,
35133,2,5,2,62.5,,,,,,,,,,,,,
3530,14,25,4,104.16666666666667,,13,11,6.7384615384615385,15,10,21,2,161.53846153846155,1,,,
35317,17,8,6,50,,18,17,8.785714285714286,18.666666666666668,11,5,5,50,1,,,
35319,1,5,1,55.55555555555556,,,,,,1,5,1,55.55555555555556,1,5,1,55.55555555555556
35320,1,3,1,75,,,,,,1,3,1,75,1,3,1,75
3533,30,593,25,146.0591133004926,,,,,,22,381,17,161.4406779661017,8,125,5,166.66666666666666
35388,4,23,3,57.5,,0,2,7.846153846153846,,4,23,3,57.5,4,23,3,57.5
3539,13,244,13,101.2448132780083,,,,,,13,244,13,101.2448132780083,11,171,11,93.44262295081967
3543,5,24,3,72.72727272727273,,,,,,5,24,3,72.72727272727273,,,,
3544,12,296,12,106.85920577617328,,,,,,12,296,12,106.85920577617328,12,296,12,106.85920577617328
3550,9,40,6,125,,4,8,7.036363636363636,27.5,8,23,5,115,1,,,
35644,1,2,1,40,,,,,,1,2,1,40,,,,
35649,3,7,2,58.333333333333336,,,,,,3,7,2,58.333333333333336,,,,
3578,25,279,18,112.95546558704453,,29,25,5.642994241842611,17.96551724137931,25,279,18,112.95546558704453,22,231,15,105.47945205479452
35883,3,6,1,100,,1,3,6.268656716417911,67,3,6,1,100,3,6,1,100
35884,2,26,2,113.04347826086956,,,,,,,,,,,,,
35885,10,84,7,137.70491803278688,,,,,,5,21,3,123.52941176470588,,,,
35886,24,278,20,144.04145077720207,,19,18,6.918566775,16.157894736842106,19,182,15,145.6,10,133,8,166.25
35889,10,171,8,99.41860465,,2,4,5.045454545454546,22,4,85,4,89.47368421052632,1,6,1,75
35893,3,6,1,200,,,,,,3,6,1,200,3,6,1,200
35897,12,11,3,61.111111111111114,,8,11,8.230366492146597,23.875,12,11,3,61.111111111111114,9,11,3,61.111111111111114
35899,14,49,10,136.11111111111111,,15,14,8.767527675276753,18.066666666666666,6,3,3,42.857142857142854,1,,,
359,15,4,3,36.36363636363637,,19,15,6.283185840707965,17.842105263157894,15,4,3,36.36363636363637,15,4,3,36.36363636363637
35900,6,47,5,146.875,,0,1,10.5,,,,,,,,,
35903,2,33,2,58.92857142857143,,,,,,2,33,2,58.92857142857143,2,33,2,58.92857142857143
360,141,323,52,97.58308157099698,,164,140,6.996506827564306,19.201219512195124,110,256,39,98.46153846153847,83,196,29,96.07843137254902
36045,1,5,1,250,,0,1,8.307692307692308,,,,,,,,,
3605,89,2350,87,137.99177921315325,,17,40,8.690140845070422,25.058823529411764,73,1805,69,134.8020911127707,53,1429,49,136.22497616777883
3613,4,32,3,78.04878048780488,,1,4,7.536585365853658,82,1,8,1,114.28571428571429,,,,
36153,1,60,3,122.44897959183673,,,,,,1,60,3,122.44897959183673,,,,
36184,9,287,9,117.62295081967213,,1,4,7.333333333333333,72,7,258,7,119.44444444444444,7,258,7,119.44444444444444
36188,13,243,11,114.62264150943396,,,,,,2,0,2,0,2,0,2,0
36189,31,391,27,124.92012779552715,,6,8,6.927835051546392,16.166666666666668,21,283,17,130.4147465437788,9,163,8,133.60655737704917
36192,3,1,1,100,,2,3,12.375,24,3,1,1,100,2,1,1,100
3622,18,22,4,91.66666666666667,,23,15,7.246290801186944,14.652173913043478,18,22,4,91.66666666666667,17,22,4,91.66666666666667
3623,19,58,10,131.8181818181818,,27,20,8.437054631828978,15.592592592592593,16,49,8,158.06451612903226,16,49,8,158.06451612903226
3627,11,60,8,103.44827586206897,,11,9,9.620111731843576,16.272727272727273,11,60,8,103.44827586206897,7,43,4,130.3030303030303
3628,71,167,28,113.60544217687075,,83,73,8.214499700419413,20.10843373493976,64,130,22,106.55737704918033,53,110,19,104.76190476190476
3629,8,98,8,113.95348837209302,,17,9,6.918032786885246,10.764705882352942,,,,,,,,
36292,7,1,2,14.285714285714286,,4,6,9.363636363636363,33,3,0,1,0,,,,
36304,12,137,9,125.68807339449542,,6,10,7.056994819,32.166666666666664,1,19,1,126.66666666666667,,,,
36328,9,64,7,177.77777777777777,,16,9,7.819148936170213,11.75,3,4,2,66.66666666666667,,,,
36336,4,53,3,135.89743589743588,,,,,,,,,,,,,
3635,1,6,1,100,,,,,,1,6,1,100,,,,
36363,7,10,2,100,,2,4,9.906976744186046,21.5,,,,,,,,
3639,61,1362,60,127.7673545966229,,,,,,48,1148,47,128.69955156950672,24,634,23,121.92307692307692
3641,11,50,9,73.52941176470588,,22,13,8.841059602649006,13.727272727272727,3,1,3,20,1,0,1,0
3642,33,445,24,183.1275720164609,,56,32,8.199004975124378,10.767857142857142,18,125,10,125,16,80,8,123.07692307692308
3643,3,11,2,91.66666666666667,,5,3,8.0625,12.8,3,11,2,91.66666666666667,3,11,2,91.66666666666667
3644,79,171,33,80.28169014084507,,104,77,7.138353765323993,16.471153846153847,55,152,26,80.85106382978724,41,105,21,72.91666666666667
3645,29,388,25,116.16766467065868,,0,1,3,,29,388,25,116.16766467065868,29,388,25,116.16766467065868
3646,11,57,6,116.3265306122449,,13,11,5.225,18.46153846153846,2,,,,2,,,
3647,94,2517,90,137.9934210526316,,0,2,6.75,,63,1636,61,128.9204097714736,46,1224,45,125.92592592592592
3648,79,1167,68,124.54642475987193,,11,25,7.267605633802817,25.818181818181817,69,1073,61,127.28351126927639,58,928,52,126.08695652173913
3649,11,314,11,145.37037037037038,,2,3,6,18,4,109,4,117.20430107526882,4,109,4,117.20430107526882
365,7,48,6,88.88888888888889,,,,,,7,48,6,88.88888888888889,7,48,6,88.88888888888889
3650,19,39,8,70.90909091,,16,18,6.12,21.875,10,10,4,40,3,,,
3651,28,998,27,150.3012048192771,,,,,,17,494,16,137.60445682451254,12,441,12,152.06896551724137
3652,10,123,8,109.82142857142857,,,,,,10,123,8,109.82142857142857,10,123,8,109.82142857142857
3653,101,73,22,140.3846153846154,,131,99,8.179865772,17.061068702290076,82,52,17,140.54054054054055,59,41,14,132.25806451612902
3654,5,11,2,73.33333333333333,,5,5,8.613861386138614,20.2,5,11,2,73.33333333333333,5,11,2,73.33333333333333
36553,3,4,2,40,,3,4,9.225,26.666666666666668,,,,,,,,
3659,1,3,1,37.5,,,,,,,,,,,,,
366,3,43,3,102.38095238095238,,1,1,10,6,3,43,3,102.38095238095238,3,43,3,102.38095238095238
3660,18,32,4,133.33333333333334,,25,17,8.778082191780822,14.6,11,32,4,133.33333333333334,7,3,1,60
3661,3,64,3,91.42857142857143,,,,,,3,64,3,91.42857142857143,3,64,3,91.42857142857143
3664,22,36,7,92.30769231,,20,22,6.640167364016737,23.9,7,22,3,122.22222222222223,5,22,2,137.5
3669,5,113,5,108.65384615384616,,,,,,5,113,5,108.65384615384616,2,14,2,56
36713,4,29,3,80.55555555555556,,,,,,4,29,3,80.55555555555556,,,,
3672,48,1207,50,123.54145342886387,,,,,,32,826,33,123.65269461077844,21,563,21,128.53881278538813
3673,13,75,10,102.73972602739725,,3,10,6.133333333333334,60,9,49,7,108.88888888888889,2,2,1,40
36743,7,87,5,111.53846153846153,,8,7,7.976470588235294,21.25,,,,,,,,
36759,7,0,1,0,,8,5,7.416666666666667,9,,,,,,,,
3697,25,79,13,106.75675675675676,,28,25,8.517560073937153,19.321428571428573,11,65,7,118.18181818181819,11,65,7,118.18181818181819
36982,57,3,4,42.857142857142854,,63,59,7.812982998454405,20.53968253968254,28,2,1,100,16,,,
36983,11,48,8,109.0909090909091,,8,11,7.8133333333333335,28.125,6,15,4,150,5,7,3,116.66666666666667
36984,15,60,6,103.44827586206897,,11,14,6.461538461538462,29.545454545454547,4,0,1,0,4,0,1,0
370,50,1324,47,134.96432212028543,,,,,,43,1154,41,135.9246172,36,894,34,134.84162895927602
3700,35,894,32,144.89465153970826,,,,,,24,531,23,129.5121951219512,13,350,13,136.71875
37036,12,211,10,145.51724137931035,,4,4,7.111111111111111,13.5,,,,,,,,
37037,18,370,17,122.51655629139073,,,,,,11,233,11,119.48717948717949,7,145,7,116.93548387096774
37052,69,1727,65,167.66990291262135,,26,35,7.9126637554585155,17.615384615384617,37,1071,37,176.44151565074134,16,505,16,185.66176470588235
37054,16,11,4,68.75,,10,15,6.8730650154798765,32.3,11,2,1,50,11,2,1,50
37074,1,31,1,110.71428571428571,,,,,,1,31,1,110.71428571428571,1,31,1,110.71428571428571
37103,2,43,2,95.55555555555556,,,,,,,,,,,,,
37114,5,43,5,104.8780487804878,,,,,,,,,,,,,
37201,0,71,3,122.41379310344827,,,,,,,,,,,,,
3727,27,499,25,142.16524216524218,,8,10,8.796116505,12.875,20,410,19,144.87632508833923,11,235,11,143.29268292682926
37311,3,62,3,114.81481481481481,,,,,,,,,,,,,
37319,1,5,1,83.33333333333333,,,,,,1,5,1,83.33333333333333,,,,
37321,15,23,5,63.888888888888886,,7,14,7.226086956521739,32.857142857142854,15,23,5,63.888888888888886,10,14,2,46.666666666666664
37354,6,15,3,83.33333333333333,,4,6,7.408695652173913,28.75,6,15,3,83.33333333333333,4,15,3,83.33333333333333
37356,3,5,3,33.333333333333336,,,,,,3,5,3,33.333333333333336,3,5,3,33.333333333333336
37360,5,2,1,40,,5,5,12.092307692307692,13,3,,,,3,,,
37373,1,12,1,54.54545454545455,,3,2,8.7,13.333333333333334,,,,,,,,
37563,3,40,3,160,,,,,,1,7,1,87.5,,,,
3757,14,121,11,100.83333333333333,,3,8,6.696428571428571,37.333333333333336,12,121,11,100.83333333333333,12,121,11,100.83333333333333
37572,3,5,2,166.66666666666666,,4,3,8.64,18.75,,,,,,,,
37578,8,31,7,67.39130435,,0,1,10,,8,31,7,67.39130435,3,16,3,76.19047619047619
37580,22,48,10,90.56603773584905,,28,21,7.521739130434782,14.785714285714286,16,45,8,91.83673469387755,7,36,3,105.88235294117646
3759,30,526,28,135.56701030927834,,,,,,16,346,16,122.69503546099291,14,332,14,123.42007434944237
37590,4,44,4,110,,,,,,,,,,,,,
37597,1,6,1,100,,,,,,1,6,1,100,,,,
376,3,55,3,177.41935483870967,,,,,,3,55,3,177.41935483870967,3,55,3,177.41935483870967
37604,2,1,1,50,,2,2,10.5,22,,,,,,,,
37612,2,31,1,140.9090909090909,,,,,,,,,,,,,
37630,20,310,18,129.7071129707113,,13,16,8.431718061674008,17.46153846153846,10,179,9,135.6060606060606,1,5,1,62.5
37631,15,1,1,33.333333333333336,,13,14,7.293103448275862,17.846153846153847,11,1,1,33.333333333333336,,,,
3768,3,2,2,40,,3,3,4.266666666666667,15,3,2,2,40,3,2,2,40
37730,4,12,1,120,,5,4,9.071428571428571,16.8,4,12,1,120,,,,
37731,8,136,8,133.33333333333334,,7,8,7.880597014925373,19.142857142857142,,,,,,,,
37732,23,564,19,147.64397905759162,,,,,,8,56,5,116.66666666666667,8,56,5,116.66666666666667
37752,5,4,3,22.22222222222222,,,,,,3,3,1,30,,,,
37755,4,9,2,150,,5,3,7.591836734693878,9.8,1,,,,1,,,
37757,27,600,28,119.28429423459245,,,,,,19,360,19,108.10810810810811,9,195,9,100
37774,14,368,15,121.8543046357616,,,,,,7,217,7,133.12883435582822,,,,
3779,6,2,2,66.66666666666667,,10,6,5.796610169491525,11.8,,,,,,,,
3780,25,703,25,129.9445471349353,,2,3,6.967741935483871,15.5,19,499,19,126.32911392405063,12,309,12,126.63934426229508
3781,50,301,31,95.55555555555556,,71,48,7.2370517928286855,14.140845070422536,42,217,25,86.11111111111111,33,200,20,90.90909091
37812,8,118,8,100,,,,,,7,118,7,101.72413793103448,,,,
3782,115,1943,98,156.18971061093248,,52,43,7.405172413793103,13.384615384615385,90,1486,76,154.1493776,73,1103,61,149.6607869742198
37870,4,34,2,147.82608695652175,,,,,,,,,,,,,
37871,3,37,3,97.36842105263158,,,,,,,,,,,,,
37879,8,214,8,133.75,,,,,,3,13,3,76.47058823529412,3,13,3,76.47058823529412
37939,17,4,6,16,,14,17,7.2,28.214285714285715,5,3,3,37.5,3,2,2,50
3798,4,58,4,170.58823529411765,,,,,,1,30,1,230.76923076923077,1,30,1,230.76923076923077
3802,9,124,9,82.11920529801324,,1,2,7.8,20,3,8,3,50,,,,
38050,2,11,2,110,,1,2,10.875,32,1,5,1,83.33333333333333,,,,
3807,6,36,6,72,,3,6,8.409448818897637,42.333333333333336,,,,,,,,
3808,3,129,3,122.85714285714286,,,,,,2,97,2,119.75308641975309,2,97,2,119.75308641975309
38125,18,496,16,163.1578947368421,,,,,,12,322,10,175.95628415300547,7,176,5,147.89915966386553
38435,6,48,6,97.95918367346938,,3,6,7.518987341772152,26.333333333333332,,,,,,,,
38436,9,306,9,134.21052631578948,,,,,,3,87,3,104.81927710843374,3,87,3,104.81927710843374
38438,12,26,5,89.65517241379311,,24,11,6.168,10.416666666666666,7,2,1,50,7,2,1,50
38439,10,223,9,126.70454545454545,,,,,,10,223,9,126.70454545454545,3,63,2,100
38440,6,36,2,257.14285714285717,,2,5,7.276595744680851,23.5,6,36,2,257.14285714285717,,,,
38442,17,208,13,108.33333333333333,,21,15,5.736677115987461,15.19047619047619,11,165,9,122.22222222222223,4,76,4,122.58064516129032
38443,5,12,3,54.54545454545455,,7,5,8.052631578947368,16.285714285714285,5,12,3,54.54545454545455,5,12,3,54.54545454545455
38444,12,270,12,103.05343511450381,,5,3,6.346153846153846,10.4,8,166,8,87.83068783068784,,,,
38445,13,98,12,108.88888888888889,,8,9,6.962264150943396,13.25,10,67,9,108.06451612903226,,,,
38446,8,81,7,75,,2,3,7.384615384615385,26,4,32,3,56.14035087719298,,,,
38447,7,140,7,122.80701754385964,,0,2,9.5,,7,140,7,122.80701754385964,7,140,7,122.80701754385964
38578,12,108,7,109.0909090909091,,6,12,8.181818181818182,36.666666666666664,10,41,5,120.58823529411765,6,40,4,121.21212121212122
3858,6,148,6,110.44776119402985,,0,1,21,,3,95,3,109.19540229885058,,,,
38617,9,196,9,104.81283422459893,,9,9,7.190476190476191,14,,,,,,,,
38618,15,245,12,137.64044943820224,,7,11,6.795918367346939,28,1,,,,1,,,
38619,9,31,3,193.75,,13,9,7.2485549132947975,13.307692307692308,3,,,,3,,,
38621,8,38,6,71.69811320754717,,,,,,2,4,1,40,2,4,1,40
38625,3,41,3,120.58823529411765,,,,,,3,41,3,120.58823529411765,3,41,3,120.58823529411765
38628,2,4,1,80,,,,,,2,4,1,80,2,4,1,80
38632,6,0,1,0,,3,4,9.4375,32,3,,,,3,,,
38638,2,4,1,133.33333333333334,,6,2,8.326530612244898,8.166666666666666,2,4,1,133.33333333333334,2,4,1,133.33333333333334
38639,16,44,7,91.66666666666667,,3,4,9.891891891891891,12.333333333333334,10,17,5,58.62068965517241,5,15,3,65.21739130434783
38640,38,190,18,150.79365079365078,,52,34,7.079837618403247,14.211538461538462,27,175,14,166.66666666666666,9,4,3,57.142857142857146
38642,3,4,3,33.333333333333336,,1,2,6.7272727272727275,33,3,4,3,33.333333333333336,3,4,3,33.333333333333336
38643,10,152,9,146.15384615384616,,,,,,9,140,8,148.93617021276594,9,140,8,148.93617021276594
38644,5,47,4,87.03703703703704,,,,,,,,,,,,,
38646,5,98,5,98.98989898989899,,,,,,,,,,,,,
38648,3,15,2,107.14285714285714,,6,2,9.466666666666667,7.5,3,15,2,107.14285714285714,3,15,2,107.14285714285714
38650,2,4,2,50,,,,,,2,4,2,50,2,4,2,50
38651,29,402,24,118.93491124260355,,3,4,4.92,16.666666666666668,21,324,18,130.12048192771084,10,207,9,136.18421052631578
38652,3,52,3,118.18181818181819,,,,,,3,52,3,118.18181818181819,3,52,3,118.18181818181819
38654,11,87,10,104.81927710843374,,,,,,2,26,2,118.18181818181819,2,26,2,118.18181818181819
38655,2,7,1,350,,0,1,7.636363636363637,,1,,,,1,,,
38657,6,186,6,157.6271186440678,,0,1,12.5,,3,50,3,161.29032258064515,3,50,3,161.29032258064515
38658,11,12,3,50,,10,10,6.728155339805825,20.6,1,2,1,50,1,2,1,50
38659,1,12,1,85.71428571428571,,0,1,12,,1,12,1,85.71428571428571,1,12,1,85.71428571428571
38699,5,108,3,168.75,,1,2,9.6,20,2,,,,2,,,
38700,5,1,1,100,,2,3,10.032786885245901,30.5,4,,,,4,,,
3871,6,135,6,117.3913043478261,,8,6,7.486238532110092,13.625,3,56,3,105.66037735849056,,,,
3876,6,22,5,70.96774193548387,,2,5,9.648648649,37,3,9,2,150,,,,
3882,7,84,7,97.67441860465117,,,,,,,,,,,,,
38855,46,305,25,119.6078431372549,,64,45,7.002024291497976,15.4375,28,145,13,107.4074074074074,19,82,9,82
39011,7,72,7,90,,,,,,,,,,,,,
39013,3,18,3,94.73684210526316,,,,,,,,,,,,,
39016,4,37,4,92.5,,,,,,,,,,,,,
39018,4,22,4,129.41176470588235,,1,1,11,6,,,,,,,,
39019,6,84,6,110.52631578947368,,2,5,7.594936708860759,39.5,,,,,,,,
39023,6,9,2,150,,12,6,9.496062992125983,10.583333333333334,,,,,,,,
39029,7,8,2,114.28571428571429,,6,6,8.590909090909092,14.666666666666666,,,,,,,,
39035,6,99,5,84.61538461538461,,1,1,4.421052631578948,19,1,2,1,40,1,2,1,40
39038,7,4,4,50,,18,7,4.9156626506024095,9.222222222222221,,,,,,,,
39040,5,101,5,97.11538461538461,,,,,,,,,,,,,
39041,15,401,15,168.48739495798318,,2,4,10.325581395348838,21.5,8,306,8,191.25,,,,
39042,8,113,7,114.14141414141415,,,,,,,,,,,,,
39043,7,93,7,169.0909090909091,,4,3,7.672131147540983,15.25,,,,,,,,
39044,12,39,5,105.4054054054054,,13,11,6.915254237288136,18.153846153846153,,,,,,,,
39047,4,19,3,90.47619047619048,,4,4,6.393442623,15.25,,,,,,,,
39051,5,1,1,100,,1,3,5.086956521739131,46,,,,,,,,
39064,6,8,3,88.88888888888889,,9,6,5.36,16.666666666666668,,,,,,,,
39065,8,3,2,75,,8,8,7.077844311377246,20.875,,,,,,,,
39066,5,4,1,100,,10,5,4.173913043478261,9.2,,,,,,,,
39070,4,15,1,187.5,,8,4,6.382978723404255,11.75,,,,,,,,
39071,5,50,5,71.42857142857143,,,,,,,,,,,,,
39074,7,27,6,75,,12,7,7.090909090909091,11.916666666666666,,,,,,,,
39081,9,197,9,99.49494949,,,,,,,,,,,,,
39082,1,3,1,42.857142857142854,,,,,,,,,,,,,
39084,4,13,3,61.904761904761905,,,,,,,,,,,,,
39092,4,90,4,125,,,,,,2,20,2,74.07407407407408,2,20,2,74.07407407407408
39094,8,62,6,96.875,,13,8,5.625,9.846153846153847,,,,,,,,
39095,1,19,1,63.333333333333336,,,,,,,,,,,,,
39097,4,30,4,90.90909091,,,,,,,,,,,,,
39100,9,91,8,122.97297297297297,,2,4,8.909090909090908,33,,,,,,,,
39105,3,2,1,40,,1,3,9.125,48,,,,,,,,
39107,3,2,2,25,,,,,,,,,,,,,
39108,6,57,5,96.61016949152543,,3,3,7.4,10,,,,,,,,
39109,11,187,10,108.09248554913295,,,,,,2,11,2,68.75,2,11,2,68.75
39110,8,163,8,139.31623931623932,,0,2,13.666666666666666,,,,,,,,,
39111,2,7,1,87.5,,3,2,6.48,8.333333333333334,,,,,,,,
39113,3,98,3,130.66666666666666,,,,,,,,,,,,,
39117,9,58,6,87.87878787878788,,12,8,5.3076923076923075,13,,,,,,,,
39121,3,31,1,103.33333333333333,,,,,,,,,,,,,
39125,4,9,3,112.5,,2,4,6.8076923076923075,26,,,,,,,,
39129,8,164,7,120.58823529411765,,,,,,,,,,,,,
39130,2,20,2,100,,0,2,13,,,,,,,,,
39132,2,27,2,128.57142857142858,,2,2,4.75,24,,,,,,,,
39133,9,153,8,93.86503067484662,,0,1,8.25,,,,,,,,,
39137,5,8,3,50,,,,,,,,,,,,,
39141,6,75,5,115.38461538461539,,10,6,4.8,14,,,,,,,,
39144,3,24,3,72.72727272727273,,,,,,,,,,,,,
39148,5,97,5,142.64705882352942,,3,3,4.105263157894737,19,,,,,,,,
39150,5,33,4,106.45161290322581,,,,,,,,,,,,,
39151,5,58,5,87.87878787878788,,,,,,,,,,,,,
39153,8,86,6,126.47058823529412,,6,8,6.472440945,21.166666666666668,,,,,,,,
39157,8,314,8,136.52173913043478,,,,,,,,,,,,,
39158,5,16,3,43.24324324324324,,4,5,8.457142857142857,26.25,,,,,,,,
3916,93,1626,81,152.38987816307403,,,,,,57,1016,52,143.09859154929578,37,734,34,147.6861167002012
39161,4,1,1,33.333333333333336,,0,4,8.727272727272727,,,,,,,,,
39165,5,7,4,36.84210526,,1,3,9.310344827586206,29,,,,,,,,
39166,14,27,4,108,,17,13,8.988326848249027,15.117647058823529,14,27,4,108,8,9,2,128.57142857142858
3917,1,12,1,133.33333333333334,,,,,,1,12,1,133.33333333333334,1,12,1,133.33333333333334
39176,7,119,7,104.3859649122807,,,,,,,,,,,,,
39177,13,75,7,159.5744680851064,,12,12,8.238461538461538,21.666666666666668,1,14,1,175,1,14,1,175
39178,7,2,2,25,,8,6,8.299065420560748,13.375,,,,,,,,
39180,16,1,2,14.285714285714286,,25,15,8.539325842696629,10.68,13,1,2,14.285714285714286,,,,
39181,6,66,6,74.15730337078652,,,,,,,,,,,,,
39182,7,208,7,130.8176100628931,,,,,,,,,,,,,
39183,5,28,2,82.35294118,,0,1,7,,,,,,,,,
39186,3,4,3,66.66666666666667,,0,2,6,,,,,,,,,
39193,6,97,6,100,,,,,,,,,,,,,
392,1,37,1,119.35483870967742,,,,,,1,37,1,119.35483870967742,1,37,1,119.35483870967742
39200,6,1,1,33.333333333333336,,6,7,12.733333333333333,15,,,,,,,,
39201,9,2,1,66.66666666666667,,7,9,5.46875,27.428571428571427,8,2,1,66.66666666666667,8,2,1,66.66666666666667
39202,2,3,1,42.857142857142854,,1,2,7.255813953488372,43,2,3,1,42.857142857142854,,,,
39208,17,616,18,131.90578158458243,,,,,,6,198,6,126.92307692307692,,,,
3921,16,269,14,120.08928571428571,,6,4,7.2727272727272725,11,9,119,8,114.42307692307692,9,119,8,114.42307692307692
39210,13,22,4,122.22222222222223,,20,13,9.268292682926829,12.3,6,,,,,,,
3923,9,179,6,130.65693430656935,,,,,,9,179,6,130.65693430656935,9,179,6,130.65693430656935
3926,85,943,64,131.8881118881119,,11,28,9.065573770491802,33.27272727272727,70,844,53,129.4478527607362,58,656,44,127.87524366471735
39288,7,67,7,121.81818181818181,,3,6,7.277777777777778,36,,,,,,,,
393,18,339,16,128.4090909090909,,1,1,6,13,18,339,16,128.4090909090909,17,339,15,129.38931297709922
39355,16,263,13,133.5025381,,11,13,6.774193548387097,22.545454545454547,2,27,2,122.72727272727273,2,27,2,122.72727272727273
39357,2,14,2,70,,,,,,2,14,2,70,2,14,2,70
39358,2,72,2,133.33333333333334,,3,1,7.2631578947368425,6.333333333333333,2,72,2,133.33333333333334,2,72,2,133.33333333333334
39359,1,0,1,0,,1,1,6.461538461538462,26,1,0,1,0,1,0,1,0
39360,1,12,1,80,,,,,,1,12,1,80,1,12,1,80
39361,9,16,2,177.77777777777777,,5,9,8.170212765957446,37.6,2,16,2,177.77777777777777,2,16,2,177.77777777777777
39362,1,11,1,91.66666666666667,,,,,,1,11,1,91.66666666666667,1,11,1,91.66666666666667
39365,1,1,1,16.666666666666668,,,,,,1,1,1,16.666666666666668,1,1,1,16.666666666666668
39366,1,4,1,100,,,,,,1,4,1,100,1,4,1,100
39374,3,27,3,90,,,,,,,,,,,,,
39375,9,107,5,125.88235294117646,,1,1,8,6,8,65,4,110.16949152542372,1,0,1,0
39376,3,12,3,100,,2,3,6.393442623,30.5,3,12,3,100,3,12,3,100
39378,3,0,1,0,,2,3,8.382352941176471,34,3,0,1,0,3,0,1,0
39379,3,41,2,78.84615384615384,,1,3,6.3428571428571425,35,3,41,2,78.84615384615384,3,41,2,78.84615384615384
39380,6,111,6,78.16901408450704,,,,,,3,51,3,80.95238095238095,3,51,3,80.95238095238095
39381,3,59,3,115.68627450980392,,,,,,3,59,3,115.68627450980392,3,59,3,115.68627450980392
39383,7,95,7,95,,0,1,5.666666666666667,,3,32,3,88.88888888888889,3,32,3,88.88888888888889
39384,3,6,3,40,,1,3,6.681818181818182,44,3,6,3,40,3,6,3,40
39385,3,12,2,57.142857142857146,,0,1,18,,3,12,2,57.142857142857146,3,12,2,57.142857142857146
39386,1,3,1,42.857142857142854,,,,,,1,3,1,42.857142857142854,1,3,1,42.857142857142854
39387,12,1,6,10,,22,12,5.535055350553505,12.318181818181818,12,1,6,10,7,1,3,14.285714285714286
39389,7,68,5,67.32673267326733,,,,,,7,68,5,67.32673267326733,7,68,5,67.32673267326733
39391,1,20,1,74.07407407407408,,,,,,1,20,1,74.07407407407408,1,20,1,74.07407407407408
39392,4,54,4,76.05633802816901,,,,,,4,54,4,76.05633802816901,4,54,4,76.05633802816901
39393,2,1,2,10,,0,1,7.5,,2,1,2,10,2,1,2,10
39394,7,82,5,210.25641025641025,,8,6,6.348837209302325,10.75,7,82,5,210.25641025641025,3,39,2,205.26315789473685
39395,8,123,7,111.81818181818181,,7,4,5.868131868131868,13,8,123,7,111.81818181818181,4,38,3,140.74074074074073
39396,17,115,11,176.92307692307693,,16,16,6.046875,16,13,100,8,212.7659574468085,,,,
39397,9,27,7,81.81818181818181,,7,8,5.909090909090909,18.857142857142858,9,27,7,81.81818181818181,4,19,3,118.75
39398,10,1,1,100,,6,6,6.36,8.333333333333334,10,1,1,100,3,,,
39400,14,162,11,148.62385321100916,,24,12,6.149377593360996,10.041666666666666,7,70,6,159.0909090909091,4,8,3,50
39401,11,195,11,104.83870967741936,,6,6,5.790697674418604,14.333333333333334,11,195,11,104.83870967741936,4,69,4,93.24324324324324
39402,4,86,4,89.58333333333333,,,,,,4,86,4,89.58333333333333,4,86,4,89.58333333333333
39403,4,3,1,75,,6,4,5.923076923076923,13,4,3,1,75,4,3,1,75
39404,20,311,18,113.91941391941391,,3,13,6.861702127659575,62.666666666666664,13,268,12,119.11111111111111,5,51,4,106.25
39405,5,37,5,69.81132075471699,,,,,,5,37,5,69.81132075471699,,,,
39406,4,12,2,60,,,,,,4,12,2,60,4,12,2,60
39407,4,1,3,11.11111111111111,,,,,,4,1,3,11.11111111111111,4,1,3,11.11111111111111
39408,14,269,14,121.17117117117117,,,,,,11,217,11,117.93478260869566,,,,
39409,12,34,4,178.94736842105263,,13,11,5.621621621621622,17.076923076923077,7,4,1,66.66666666666667,7,4,1,66.66666666666667
39410,8,210,8,86.06557377049181,,,,,,7,191,7,84.88888888888889,7,191,7,84.88888888888889
39412,13,144,12,98.63013698630137,,,,,,10,99,9,91.66666666666667,3,49,3,108.88888888888889
39413,11,20,3,76.92307692307692,,13,9,5.061224489795919,11.307692307692308,10,19,2,76,3,11,1,64.70588235294117
39414,4,4,2,22.22222222222222,,1,2,6.72,25,4,4,2,22.22222222222222,3,4,1,23.529411764705884
39416,5,138,5,80.23255813953489,,,,,,5,138,5,80.23255813953489,,,,
39418,5,54,5,65.06024096385542,,7,3,6.6,7.142857142857143,4,42,4,71.18644068,4,42,4,71.18644068
39419,7,44,7,63.768115942028984,,0,1,14,,4,17,4,43.58974358974359,4,17,4,43.58974358974359
39420,2,7,1,70,,,,,,2,7,1,70,2,7,1,70
39421,2,23,2,67.64705882,,,,,,2,23,2,67.64705882,2,23,2,67.64705882
39422,4,20,2,166.66666666666666,,5,4,5.04,15,4,20,2,166.66666666666666,4,20,2,166.66666666666666
39423,4,12,1,92.30769231,,5,4,7.674418604651163,8.6,4,12,1,92.30769231,4,12,1,92.30769231
39424,4,66,2,90.41095890410959,,,,,,4,66,2,90.41095890410959,4,66,2,90.41095890410959
39425,3,58,3,131.8181818181818,,0,1,6,,3,58,3,131.8181818181818,3,58,3,131.8181818181818
39426,4,44,4,122.22222222222223,,,,,,4,44,4,122.22222222222223,4,44,4,122.22222222222223
39427,3,6,1,85.71428571428571,,2,3,5.375,24,3,6,1,85.71428571428571,3,6,1,85.71428571428571
39430,1,1,1,33.333333333333336,,0,1,12.75,,1,1,1,33.333333333333336,1,1,1,33.333333333333336
39431,10,92,9,72.44094488188976,,0,1,19.5,,10,92,9,72.44094488188976,4,30,4,57.69230769230769
39432,4,41,3,146.42857142857142,,5,4,4.375,19.2,4,41,3,146.42857142857142,4,41,3,146.42857142857142
39433,4,1,2,25,,3,4,6.070588235294117,28.333333333333332,4,1,2,25,4,1,2,25
39434,4,29,4,42.64705882352941,,2,3,6.461538461538462,13,4,29,4,42.64705882352941,4,29,4,42.64705882352941
39435,5,61,4,105.17241379310344,,1,1,7.411764705882353,17,4,49,3,119.51219512195122,4,49,3,119.51219512195122
39436,6,134,6,103.07692307692308,,,,,,6,134,6,103.07692307692308,4,92,4,105.74712643678161
39437,4,8,2,72.72727272727273,,8,4,4.588235294117647,10.625,4,8,2,72.72727272727273,4,8,2,72.72727272727273
39438,4,11,3,68.75,,,,,,4,11,3,68.75,4,11,3,68.75
39441,5,4,2,100,,3,3,4.363636363636363,25.666666666666668,5,4,2,100,5,4,2,100
39444,1,45,3,132.35294117647058,,0,3,11.6,,1,45,3,132.35294117647058,,,,
39447,1,0,1,0,,1,1,6.5,12,1,0,1,0,1,0,1,0
39449,2,68,2,119.29824561403508,,1,2,10.32,25,2,68,2,119.29824561403508,2,68,2,119.29824561403508
39450,2,3,1,75,,2,2,7.8,15,2,3,1,75,2,3,1,75
39454,1,0,1,0,,2,1,10.857142857142858,10.5,,,,,,,,
39455,1,2,1,100,,0,1,8.4,,,,,,,,,
39481,3,11,2,50,,,,,,3,11,2,50,3,11,2,50
39490,10,66,5,160.97560975609755,,9,10,9.707865168539326,19.77777777777778,3,16,2,145.45454545454547,3,16,2,145.45454545454547
39491,7,28,3,140,,6,6,8.8125,16,1,,,,1,,,
39493,2,43,2,195.45454545454547,,,,,,2,43,2,195.45454545454547,2,43,2,195.45454545454547
39494,2,13,1,216.66666666666666,,,,,,2,13,1,216.66666666666666,2,13,1,216.66666666666666
39495,4,4,1,80,,2,2,11.806451612903226,15.5,2,,,,2,,,
39497,2,62,2,155,,,,,,2,62,2,155,2,62,2,155
39499,8,14,5,116.66666666666667,,14,8,8.025974025974026,11,2,1,1,100,2,1,1,100
395,48,292,21,152.08333333333334,,49,47,8.550632911392405,19.346938775510203,27,108,11,154.28571428571428,18,77,8,142.59259259259258
39501,1,0,1,0,,,,,,1,0,1,0,1,0,1,0
39502,6,47,5,162.06896551724137,,14,6,5.109375,9.142857142857142,,,,,,,,
39503,5,7,2,58.333333333333336,,4,5,6.827586206896552,21.75,,,,,,,,
39504,7,56,5,90.32258065,,3,4,7.473684210526316,19,,,,,,,,
39506,27,473,24,146.8944099378882,,,,,,20,411,17,150.54945054945054,5,21,3,75
39508,21,2,1,66.66666666666667,,32,19,7.412698412698413,11.8125,21,2,1,66.66666666666667,7,,,
39535,3,9,1,90,,5,3,7.75,14.4,3,9,1,90,3,9,1,90
39536,3,3,1,75,,6,3,3.710526315789474,12.666666666666666,3,3,1,75,3,3,1,75
39537,3,5,2,27.77777777777778,,,,,,3,5,2,27.77777777777778,3,5,2,27.77777777777778
39539,3,0,1,0,,2,3,3.3698630136986303,36.5,3,0,1,0,3,0,1,0
3954,5,101,5,101,,,,,,5,101,5,101,5,101,5,101
39541,3,17,3,65.38461538461539,,,,,,3,17,3,65.38461538461539,3,17,3,65.38461538461539
39542,2,1,1,50,,,,,,2,1,1,50,2,1,1,50
39544,8,53,4,132.5,,0,3,14.076923076923077,,1,3,1,37.5,1,3,1,37.5
39545,3,38,2,111.76470588235294,,,,,,1,0,1,0,1,0,1,0
39548,2,19,2,95,,1,2,8.232558139534884,43,,,,,,,,
39550,3,95,3,182.69230769230768,,,,,,1,23,1,328.57142857142856,1,23,1,328.57142857142856
39551,3,22,3,91.66666666666667,,,,,,1,18,1,128.57142857142858,1,18,1,128.57142857142858
39553,3,14,2,116.66666666666667,,,,,,1,,,,1,,,
39558,3,9,3,45,,,,,,1,3,1,27.272727272727273,1,3,1,27.272727272727273
39637,4,1,1,50,,2,4,7.448275862068965,43.5,,,,,,,,
39638,4,74,4,145.09803921568627,,0,1,6,,,,,,,,,
39641,8,55,5,94.82758620689656,,,,,,8,55,5,94.82758620689656,3,9,1,100
39642,10,115,9,89.84375,,3,4,6,17.666666666666668,10,115,9,89.84375,3,17,3,70.83333333333333
39657,15,1,1,16.666666666666668,,26,16,7.472584856396867,14.73076923076923,5,,,,,,,
3967,6,69,5,94.52054794520548,,,,,,6,69,5,94.52054794520548,2,21,2,110.52631578947368
39672,15,473,15,142.90030211480362,,2,5,8,21,6,200,6,134.2281879194631,4,99,4,120.73170731707317
39869,2,2,1,28.571428571428573,,3,2,8.307692307692308,17.333333333333332,,,,,,,,
4007,28,657,30,135.46391752577318,,,,,,10,149,10,119.2,,,,
4009,4,127,4,133.68421052631578,,,,,,4,127,4,133.68421052631578,4,127,4,133.68421052631578
40230,5,125,5,100,,,,,,5,125,5,100,1,18,1,69.23076923076923
40232,11,3,4,18.75,,7,11,7.44,35.714285714285715,8,3,2,27.272727272727273,4,,,
40233,4,31,4,96.875,,,,,,2,9,2,112.5,2,9,2,112.5
40236,5,75,4,92.59259259,,,,,,5,75,4,92.59259259,2,12,1,100
40238,6,0,1,0,,7,6,6.642857142857143,16,6,0,1,0,2,,,
40239,4,1,1,50,,1,2,6,25,4,1,1,50,,,,
40241,3,7,2,50,,,,,,3,7,2,50,3,7,2,50
40243,18,0,2,0,,20,17,8.935251799,13.9,8,,,,2,,,
40249,4,90,4,83.33333333333333,,,,,,4,90,4,83.33333333333333,4,90,4,83.33333333333333
40250,8,21,5,58.333333333333336,,4,8,6.6835443037974684,39.5,7,21,5,58.333333333333336,3,11,2,91.66666666666667
40252,8,146,8,105.03597122302158,,3,2,5.04,16.666666666666668,8,146,8,105.03597122302158,4,88,4,115.78947368421052
40254,2,1,1,50,,4,2,9.243243243243244,9.25,2,1,1,50,2,1,1,50
40255,3,3,2,100,,2,3,6.222222222222222,27,3,3,2,100,3,3,2,100
40256,4,22,3,110,,1,4,10.105263157894736,57,2,7,1,70,2,7,1,70
40257,7,63,6,76.82926829268293,,,,,,7,63,6,76.82926829268293,3,49,2,92.45283018867924
40258,3,0,1,0,,3,2,6.4,5,3,0,1,0,3,0,1,0
40259,6,74,6,121.31147540983606,,,,,,6,74,6,121.31147540983606,2,39,2,139.28571428571428
4026,41,1204,41,152.21238938053096,,,,,,29,862,29,157.58683729433272,19,680,19,152.80898876404495
40260,10,186,10,139.84962406015038,,5,7,6.979591836734694,19.6,10,186,10,139.84962406015038,4,57,4,139.02439024390245
40263,4,57,4,87.69230769,,0,4,8.048780487804878,,4,57,4,87.69230769,4,57,4,87.69230769
40265,4,9,3,50,,,,,,4,9,3,50,4,9,3,50
40266,6,65,6,118.18181818181819,,6,6,6.796460177,18.833333333333332,6,65,6,118.18181818181819,6,65,6,118.18181818181819
40268,21,64,11,106.66666666666667,,27,20,7.402366863905326,12.518518518518519,10,33,5,137.5,5,31,4,147.61904761904762
4027,33,301,24,138.70967741935485,,57,28,7.967532467532467,10.807017543859649,20,249,16,141.47727272727272,11,130,10,147.72727272727272
40270,26,718,24,131.5018315018315,,5,6,8.195121951219512,16.4,15,281,13,102.18181818181819,4,52,4,96.29629629629629
40272,28,231,22,120.3125,,21,16,8.988416988416988,12.333333333333334,18,135,13,125,6,48,3,117.07317073170732
40279,4,92,3,117.94871794871794,,,,,,4,92,3,117.94871794871794,4,92,3,117.94871794871794
40282,29,376,25,137.22627737226279,,31,26,7.928571428571429,17.161290322580644,19,205,15,139.45578231292518,6,126,5,151.80722891566265
40283,5,19,2,82.60869565,,,,,,5,19,2,82.60869565,,,,
40285,3,3,2,42.857142857142854,,,,,,3,3,2,42.857142857142854,3,3,2,42.857142857142854
40286,5,96,5,97.95918367346938,,,,,,5,96,5,97.95918367346938,5,96,5,97.95918367346938
40287,6,52,2,126.82926829268293,,5,5,5.947368421052632,22.8,6,52,2,126.82926829268293,5,52,2,126.82926829268293
40289,8,4,3,44.44444444444444,,13,7,4.853503184713376,12.076923076923077,8,4,3,44.44444444444444,5,1,1,50
40290,4,13,3,72.22222222222223,,2,3,6.333333333333333,18,4,13,3,72.22222222222223,4,13,3,72.22222222222223
40292,2,1,1,100,,0,2,5.666666666666667,,2,1,1,100,2,1,1,100
40293,3,3,2,60,,2,3,4.551724137931035,29,3,3,2,60,2,0,1,0
40294,7,33,4,150,,5,6,5.669291338582677,25.4,7,33,4,150,4,19,2,172.72727272727272
40296,2,0,2,0,,,,,,2,0,2,0,,,,
40299,4,21,3,58.333333333333336,,0,3,3.942857142857143,,4,21,3,58.333333333333336,3,21,3,58.333333333333336
403,37,122,19,109.90990990990991,,38,36,8.172839506,19.18421052631579,37,122,19,109.90990990990991,30,110,17,114.58333333333333
40300,6,25,5,83.33333333333333,,,,,,6,25,5,83.33333333333333,3,18,3,100
40301,2,0,1,0,,,,,,2,0,1,0,2,0,1,0
40302,2,3,2,18.75,,,,,,2,3,2,18.75,2,3,2,18.75
40303,9,122,8,93.12977099236642,,7,5,6.705882352941177,9.714285714285714,9,122,8,93.12977099236642,4,54,4,67.5
40304,5,13,4,40.625,,1,1,9.25,24,5,13,4,40.625,3,11,3,39.285714285714285
40305,2,0,1,0,,0,1,9.857142857142858,,2,0,1,0,1,0,1,0
40306,6,126,6,82.89473684210526,,,,,,6,126,6,82.89473684210526,3,57,3,81.42857142857143
40307,1,10,1,31.25,,,,,,1,10,1,31.25,1,10,1,31.25
40309,1,7,1,29.166666666666668,,,,,,1,7,1,29.166666666666668,1,7,1,29.166666666666668
40310,2,0,2,0,,,,,,2,0,2,0,2,0,2,0
40313,3,22,3,68.75,,,,,,3,22,3,68.75,2,2,2,22.22222222222222
40314,8,90,8,91.83673469387755,,11,7,7.552941176470588,15.454545454545455,8,90,8,91.83673469387755,4,55,4,100
40315,4,50,3,121.95121951219512,,,,,,4,50,3,121.95121951219512,4,50,3,121.95121951219512
40317,4,40,4,83.33333333333333,,0,2,6.666666666666667,,4,40,4,83.33333333333333,4,40,4,83.33333333333333
40318,4,19,3,48.717948717948715,,,,,,4,19,3,48.717948717948715,4,19,3,48.717948717948715
40319,4,16,4,47.05882352941177,,2,1,6,12,4,16,4,47.05882352941177,4,16,4,47.05882352941177
40321,2,0,1,0,,0,2,8.8,,2,0,1,0,2,0,1,0
40322,2,13,2,162.5,,0,2,7.2631578947368425,,2,13,2,162.5,2,13,2,162.5
40323,11,32,5,82.05128205128206,,8,10,7.1647058823529415,21.25,11,32,5,82.05128205128206,4,27,3,100
40326,4,7,3,50,,,,,,,,,,,,,
40327,27,505,27,117.71561771561771,,3,13,7.647058823529412,51,18,396,18,121.84615384615384,4,139,4,149.46236559139786
40328,5,78,5,96.29629629629629,,,,,,5,78,5,96.29629629629629,4,66,4,101.53846153846153
40329,7,40,6,83.33333333333333,,,,,,7,40,6,83.33333333333333,3,16,3,94.11764705882354
4033,29,114,15,126.66666666666667,,19,24,9.517241379310345,19.842105263157894,22,96,11,141.1764705882353,14,34,6,117.24137931034483
40330,6,1,2,50,,5,4,7.605633802816901,14.2,6,1,2,50,2,1,1,100
40331,9,109,8,115.95744680851064,,1,6,10.181818181818182,66,7,54,6,128.57142857142858,3,47,3,146.875
40333,8,89,8,111.25,,7,6,7.419354838709677,13.285714285714286,8,89,8,111.25,4,47,4,100
40334,2,1,1,50,,,,,,2,1,1,50,2,1,1,50
40336,3,8,2,80,,2,3,5.311475409836065,30.5,3,8,2,80,3,8,2,80
40337,3,9,2,100,,,,,,3,9,2,100,,,,
40338,1,27,1,168.75,,,,,,1,27,1,168.75,,,,
40340,15,236,15,102.6086956521739,,,,,,4,91,4,121.33333333333333,4,91,4,121.33333333333333
40341,9,216,9,112.5,,,,,,9,216,9,112.5,4,93,4,116.25
40342,3,7,3,58.333333333333336,,0,2,8.756756756756756,,3,7,3,58.333333333333336,1,2,1,28.571428571428573
40343,7,79,6,119.6969696969697,,,,,,7,79,6,119.6969696969697,4,57,4,135.71428571428572
40344,8,205,8,120.58823529411765,,,,,,8,205,8,120.58823529411765,4,71,4,112.6984126984127
40345,4,14,3,77.77777777777777,,2,4,6.309278350515464,48.5,4,14,3,77.77777777777777,4,14,3,77.77777777777777
40346,9,138,9,136.63366336633663,,5,5,8.490566038,21.2,8,134,8,148.88888888888889,4,63,4,114.54545454545455
40348,13,40,8,83.33333333333333,,10,12,8.339449541284404,21.8,4,14,2,93.33333333333333,4,14,2,93.33333333333333
40350,6,42,4,140,,2,6,9.878048780487806,41,6,42,4,140,2,,,
40351,1,9,1,81.81818181818181,,,,,,1,9,1,81.81818181818181,,,,
40352,1,0,1,0,,0,1,17,,1,0,1,0,,,,
40355,9,119,9,125.26315789473684,,,,,,9,119,9,125.26315789473684,5,54,5,114.8936170212766
40357,8,57,6,121.27659574468085,,4,6,8.289473684210526,19,8,57,6,121.27659574468085,4,13,2,61.904761904761905
40358,4,15,4,55.55555555555556,,,,,,4,15,4,55.55555555555556,1,0,1,0
40359,5,8,3,57.142857142857146,,2,5,7.285714285714286,49,5,8,3,57.142857142857146,2,,,
40360,1,0,1,0,,,,,,1,0,1,0,1,0,1,0
40361,3,2,1,100,,0,2,6.923076923076923,,3,2,1,100,,,,
40365,2,1,1,33.333333333333336,,0,2,7.875,,2,1,1,33.333333333333336,2,1,1,33.333333333333336
40366,2,24,2,109.0909090909091,,,,,,2,24,2,109.0909090909091,2,24,2,109.0909090909091
40367,8,179,8,94.21052631578948,,,,,,8,179,8,94.21052631578948,4,108,4,99.08256880733946
40369,4,54,4,108,,,,,,4,54,4,108,2,48,2,123.07692307692308
4037,3,26,3,81.25,,,,,,3,26,3,81.25,3,26,3,81.25
40370,7,69,6,113.11475409836065,,,,,,7,69,6,113.11475409836065,3,31,2,119.23076923076923
40371,4,9,1,81.81818181818181,,4,4,8.619718309859154,17.75,4,9,1,81.81818181818181,4,9,1,81.81818181818181
40373,8,22,4,88,,10,7,7.533834586466165,13.3,8,22,4,88,4,2,1,40
40374,8,116,8,110.47619047619048,,,,,,8,116,8,110.47619047619048,4,55,4,117.02127659574468
40378,2,7,2,63.63636363636363,,1,1,5.5,12,2,7,2,63.63636363636363,,,,
40384,1,1,1,20,,0,1,12.5,,1,1,1,20,1,1,1,20
4039,47,997,38,123.08641975308642,,,,,,34,902,30,127.04225352112677,25,683,23,126.24768946395564
40390,6,1,2,14.285714285714286,,5,5,5.831775700934579,21.4,6,1,2,14.285714285714286,3,1,2,14.285714285714286
40402,3,18,3,60,,,,,,3,18,3,60,3,18,3,60
40403,1,2,1,16.666666666666668,,,,,,1,2,1,16.666666666666668,1,2,1,16.666666666666668
4041,1,6,1,120,,4,1,4.615384615384615,6.5,1,6,1,120,1,6,1,120
4055,14,319,14,117.71217712177122,,,,,,11,267,11,121.36363636363636,8,264,8,126.92307692307692
4056,34,210,17,140.93959731543623,,26,30,6.823061630218688,19.346153846153847,23,192,12,151.1811023622047,13,78,5,173.33333333333334
4063,15,154,13,93.33333333333333,,,,,,15,154,13,93.33333333333333,15,154,13,93.33333333333333
4067,22,37,8,108.82352941176471,,26,22,8.662251656,17.423076923076923,22,37,8,108.82352941176471,20,27,6,100
4068,13,313,13,119.92337164750958,,,,,,9,240,9,122.44897959183673,3,29,3,90.625
4069,19,652,19,128.85375494071147,,,,,,19,652,19,128.85375494071147,19,652,19,128.85375494071147
4071,10,166,9,130.70866141732284,,5,5,7.588235294117647,13.6,10,166,9,130.70866141732284,10,166,9,130.70866141732284
4072,21,7,2,175,,16,18,8.775862068965518,21.75,12,1,1,100,11,1,1,100
4074,44,345,33,106.48148148148148,,45,42,7.688135593220339,19.666666666666668,30,230,23,105.99078341013825,21,160,17,99.37888198757764
4076,17,299,15,141.70616113744074,,7,13,7.834951456310679,29.428571428571427,9,166,8,141.8803418803419,5,62,4,105.08474576271186
4077,53,1489,51,128.4728213977567,,1,1,8,6,39,1103,38,130.07075471698113,29,754,28,127.79661016949153
4079,7,23,5,71.875,,6,7,8.867256637168142,18.833333333333332,7,23,5,71.875,7,23,5,71.875
408,6,102,6,137.83783783783784,,2,4,9.428571428571429,28,,,,,,,,
4080,50,128,21,117.43119266055047,,56,51,6.3708721422523285,21.089285714285715,36,80,12,131.14754098360655,26,46,7,135.2941176470588
409,2,1,1,100,,3,2,5.368421052631579,6.333333333333333,,,,,,,,
40912,9,1,2,50,,7,9,7.1020408163265305,21,9,1,2,50,5,,,
40914,8,81,7,89.01098901098901,,,,,,8,81,7,89.01098901098901,4,46,4,75.40983606557377
4101,64,411,43,110.78167115902966,,61,61,6.740909090909091,21.639344262295083,40,243,29,90.33457249070632,25,113,18,83.70370370370371
4102,10,198,10,130.26315789473685,,,,,,,,,,,,,
4106,64,1270,57,133.9662447257384,,4,7,9.771428571428572,17.5,45,959,44,132.4585635359116,25,450,24,123.62637362637362
4111,49,837,42,134.56591639871382,,32,30,6.564417177914111,15.28125,29,449,26,134.4311377245509,23,384,21,133.79790940766551
41110,5,46,5,90.19607843137256,,,,,,3,26,3,162.5,,,,
4117,100,2650,99,129.01655306718598,,0,1,24,,85,2254,84,126.91441441441441,70,1934,69,124.85474499677211
41175,2,2,2,22.22222222222222,,1,2,8.27027027,37,1,2,1,33.333333333333336,,,,
4118,9,217,9,117.29729729729729,,,,,,8,203,7,118.02325581395348,8,203,7,118.02325581395348
4119,1,24,1,120,,,,,,1,24,1,120,1,24,1,120
4137,19,520,19,136.48293963254594,,0,3,10.666666666666666,,10,277,10,138.5,3,50,3,98.03921568627452
41373,4,53,4,160.6060606060606,,7,4,6.489795918367347,14,4,53,4,160.6060606060606,,,,
41379,3,85,2,113.33333333333333,,,,,,3,85,2,113.33333333333333,,,,
41380,1,5,1,62.5,,0,1,10,,1,5,1,62.5,,,,
4139,5,42,4,120,,,,,,5,42,4,120,5,42,4,120
41393,8,59,6,151.28205128205127,,2,2,9.677419355,15.5,2,12,2,109.0909090909091,,,,
4149,2,29,2,107.4074074074074,,,,,,2,29,2,107.4074074074074,2,29,2,107.4074074074074
41509,2,41,2,102.5,,,,,,,,,,,,,
4153,14,257,13,139.67391304347825,,16,14,7.462365591397849,17.4375,10,116,9,118.36734693877551,10,116,9,118.36734693877551
4155,9,31,4,119.23076923076923,,13,9,8.567307692307692,16,9,31,4,119.23076923076923,9,31,4,119.23076923076923
4161,8,251,8,148.5207100591716,,,,,,7,248,7,152.14723926380367,6,238,6,153.5483870967742
4173,3,19,3,105.55555555555556,,1,3,8.326530612244898,49,1,1,1,50,1,1,1,50
41749,15,16,7,69.56521739130434,,10,13,8.234309623430962,23.9,11,15,6,71.42857142857143,,,,
41765,4,31,3,100,,0,2,8.333333333333334,,2,17,2,94.44444444444444,,,,
41787,1,6,1,85.71428571428571,,,,,,1,6,1,85.71428571428571,,,,
41794,7,50,7,64.1025641,,,,,,7,50,7,64.1025641,7,50,7,64.1025641
41823,23,302,18,154.87179487179486,,,,,,12,186,10,150,,,,
41825,7,58,7,126.08695652173913,,,,,,6,54,6,135,,,,
41839,8,27,4,122.72727272727273,,11,7,9.377483444,13.727272727272727,,,,,,,,
4201,7,6,2,40,,12,7,9.703125,10.666666666666666,6,6,2,40,4,6,2,40
4208,9,67,7,95.71428571428571,,7,7,8.093023255813954,12.285714285714286,7,66,5,100,,,,
4209,31,376,26,131.01045296167248,,29,26,6.476394849785407,16.06896551724138,20,216,17,141.1764705882353,4,43,3,122.85714285714286
4210,25,480,25,134.45378151260505,,,,,,18,353,17,132.20973782771534,11,176,11,127.53623188405797
4211,48,1326,45,166.1654135338346,,0,1,13,,32,1009,30,161.44,19,558,17,147.22955145118735
4219,94,1301,77,120.35152636447734,,69,85,6.924179104477612,24.27536231884058,70,1027,63,118.72832369942196,54,846,50,118.82022471910112
4221,1,2,1,66.66666666666667,,0,1,9,,1,2,1,66.66666666666667,,,,
4223,3,25,2,131.57894736842104,,2,3,7.636363636363637,27.5,3,25,2,131.57894736842104,3,25,2,131.57894736842104
4227,1,2,1,40,,,,,,1,2,1,40,1,2,1,40
4229,17,194,16,134.72222222222223,,20,18,6.779005524861878,18.1,12,101,11,132.89473684210526,12,101,11,132.89473684210526
4235,8,34,3,188.88888888888889,,8,8,9.282352941176471,21.25,8,34,3,188.88888888888889,8,34,3,188.88888888888889
4237,27,7,7,41.17647059,,30,27,7.306620209059234,19.133333333333333,27,7,7,41.17647059,25,6,6,37.5
4246,104,2838,104,137.16771387143547,,25,44,7.363166953528399,23.24,79,2187,78,131.5884476534296,69,2041,68,133.57329842931938
4250,36,43,9,126.47058823529412,,52,37,7.028151774785802,15.711538461538462,31,40,7,153.84615384615384,24,33,6,143.47826086956522
4253,9,107,9,109.18367346938776,,,,,,9,107,9,109.18367346938776,9,107,9,109.18367346938776
4254,22,636,23,130.3278689,,0,3,9,,10,151,11,116.15384615384616,5,115,5,108.49056603773585
42548,5,2,2,13.333333333333334,,5,5,9.133333333333333,18,2,1,1,50,,,,
4256,28,2,1,66.66666666666667,,48,28,7.487922705,12.9375,13,,,,6,,,
4257,5,51,4,71.83098591549296,,,,,,5,51,4,71.83098591549296,5,51,4,71.83098591549296
4260,68,1823,62,160.05267778753293,,,,,,52,1316,47,159.12938331318017,30,757,26,159.03361344537817
42617,7,3,2,60,,6,7,7.597122302158273,23.166666666666668,7,3,2,60,7,3,2,60
42618,5,28,4,66.66666666666667,,1,3,7.75,24,2,17,1,50,1,17,1,50
42626,13,3,3,17.647058823529413,,8,12,6.538461538461538,29.25,6,,,,,,,
42631,16,588,16,128.94736842105263,,,,,,9,334,9,125.56390977443608,6,165,6,119.56521739130434
42633,4,3,4,18.75,,1,2,9.428571428571429,42,4,3,4,18.75,2,2,2,16.666666666666668
42634,24,332,20,127.6923076923077,,0,1,11,,19,203,15,121.55688622754491,9,109,6,121.11111111111111
42636,9,93,7,103.33333333333333,,,,,,9,93,7,103.33333333333333,7,71,5,104.41176470588235
42637,2,4,2,44.44444444444444,,,,,,2,4,2,44.44444444444444,2,4,2,44.44444444444444
42647,9,94,5,125.33333333333333,,,,,,3,50,3,125,,,,
42649,7,51,6,104.08163265306122,,,,,,3,23,2,143.75,,,,
4265,66,3,2,42.857142857142854,,86,67,7.751004016064257,17.372093023255815,55,3,2,42.857142857142854,33,3,2,42.857142857142854
42650,3,70,3,127.27272727272727,,,,,,3,70,3,127.27272727272727,,,,
42652,3,0,1,0,,2,2,9.8,15,3,0,1,0,,,,
42653,3,41,2,124.24242424242425,,3,2,5.636363636363637,11,3,41,2,124.24242424242425,,,,
42655,4,23,4,79.31034483,,,,,,,,,,,,,
42658,5,0,1,0,,4,5,6.283018867924528,26.5,4,0,1,0,,,,
42663,2,7,1,77.77777777777777,,3,2,7.333333333333333,12,2,7,1,77.77777777777777,,,,
42665,3,31,3,73.80952380952381,,,,,,1,28,1,96.55172413793103,,,,
42667,3,56,3,124.44444444444444,,1,2,9.666666666666666,18,,,,,,,,
42670,10,20,3,153.84615384615384,,16,10,6.379310344827586,10.875,4,18,2,180,,,,
42672,1,4,1,57.142857142857146,,0,1,5.142857142857143,,1,4,1,57.142857142857146,,,,
42674,3,10,3,52.63157894736842,,,,,,,,,,,,,
42679,6,15,3,136.36363636363637,,2,2,8.8125,16,,,,,,,,
42681,10,236,8,116.83168316831683,,,,,,4,170,4,121.42857142857143,,,,
42682,3,65,3,95.58823529411765,,,,,,3,65,3,95.58823529411765,,,,
42685,6,49,4,102.08333333333333,,,,,,2,21,2,87.5,,,,
42686,7,79,5,158,,0,3,7.846153846153846,,2,1,1,50,,,,
42687,9,133,9,113.67521367521367,,,,,,4,12,4,70.58823529411765,,,,
42691,9,7,3,46.666666666666664,,8,7,7.445255474452555,17.125,4,7,3,46.666666666666664,,,,
42695,9,91,6,122.97297297297297,,,,,,4,46,4,100,,,,
42696,1,6,1,75,,,,,,,,,,,,,
42697,6,148,5,123.33333333333333,,0,3,9.72972973,,4,91,3,110.97560975609755,,,,
42699,4,2,2,100,,5,4,5.651162790697675,17.2,,,,,,,,
4270,4,1,1,100,,3,4,9.619047619047619,21,4,1,1,100,4,1,1,100
42702,3,21,3,91.30434782608695,,,,,,3,21,3,91.30434782608695,,,,
4271,20,626,19,128.80658436213992,,5,12,9.020408163265307,29.4,13,373,13,134.65703971119135,9,223,9,116.14583333333333
4274,25,60,7,166.66666666666666,,36,24,8.436734694,13.61111111111111,8,7,2,175,2,1,1,100
4275,4,19,2,82.60869565,,6,4,9.340206186,16.166666666666668,4,19,2,82.60869565,4,19,2,82.60869565
4276,38,107,12,130.4878048780488,,48,38,7.476014760147602,16.9375,28,49,7,119.51219512195122,15,,,
4277,8,54,5,125.5813953488372,,6,8,8.604651162790697,21.5,8,54,5,125.5813953488372,8,54,5,125.5813953488372
4278,13,290,13,111.96911196911196,,,,,,11,210,11,106.06060606060606,10,204,10,106.80628272251309
42815,15,115,11,147.43589743589743,,1,4,9.346153846153847,52,5,45,4,150,2,11,2,91.66666666666667
42816,18,331,17,112.58503401360544,,,,,,12,267,11,121.91780821917808,,,,
42817,17,23,6,104.54545454545455,,14,16,7.212121212121212,21.214285714285715,9,8,2,133.33333333333334,2,,,
42820,33,536,23,126.41509433962264,,20,18,7.481481481481482,16.2,23,336,17,124.44444444444444,7,94,5,101.0752688172043
42821,10,85,9,100,,,,,,10,85,9,100,,,,
42823,27,17,4,130.76923076923077,,19,21,7.786046511627907,22.63157894736842,18,17,4,130.76923076923077,,,,
42826,5,2,1,66.66666666666667,,2,5,8.186440677966102,59,5,2,1,66.66666666666667,4,2,1,66.66666666666667
42828,15,167,11,106.36942675159236,,,,,,14,161,10,110.27397260273973,2,42,1,190.9090909090909
42829,3,52,3,113.04347826086956,,,,,,3,52,3,113.04347826086956,2,37,2,127.58620689655173
42830,1,1,1,50,,,,,,1,1,1,50,1,1,1,50
42834,21,344,20,119.03114186851211,,,,,,13,150,12,111.11111111111111,2,13,2,65
42835,6,9,5,75,,,,,,6,9,5,75,6,9,5,75
42838,25,17,5,85,,34,25,7.067615658362989,16.529411764705884,19,16,3,100,7,,,
42839,37,629,30,139.46784922394679,,9,9,8.106870229007633,14.555555555555555,28,506,24,142.13483146067415,8,114,6,122.58064516129032
42840,29,7,3,70,,29,27,7.924752475247525,17.413793103448278,29,7,3,70,8,1,1,100
42842,1,8,1,53.333333333333336,,,,,,1,8,1,53.333333333333336,1,8,1,53.333333333333336
42843,18,217,16,124,,,,,,14,192,12,138.1294964028777,8,103,7,139.1891891891892
42844,17,171,9,166.01941747572815,,15,14,8.25,18.666666666666668,17,171,9,166.01941747572815,5,6,2,60
42845,35,969,33,142.70986745213548,,28,31,8.715083799,19.178571428571427,22,607,21,152.51256281407035,4,195,3,189.32038834951456
42847,42,636,37,189.28571428571428,,,,,,34,588,30,197.97979797979798,7,162,6,186.20689655172413
42849,10,80,7,129.03225806451613,,5,10,9.157894736842104,30.4,10,80,7,129.03225806451613,2,1,1,100
42852,26,1,2,33.333333333333336,,23,25,7.128834355828221,21.26086956521739,17,1,2,33.333333333333336,6,0,1,0
42853,1,21,1,116.66666666666667,,,,,,,,,,,,,
42856,5,48,3,94.11764705882354,,,,,,5,48,3,94.11764705882354,,,,
42857,1,4,1,66.66666666666667,,,,,,1,4,1,66.66666666666667,1,4,1,66.66666666666667
42859,1,12,1,109.0909090909091,,,,,,1,12,1,109.0909090909091,1,12,1,109.0909090909091
42860,20,267,18,131.5270935960591,,,,,,13,181,11,129.28571428571428,3,18,3,90
42862,2,2,1,33.333333333333336,,2,1,6.705882352941177,8.5,2,2,1,33.333333333333336,1,,,
42863,6,1,1,100,,6,5,9.510638298,15.666666666666666,6,1,1,100,5,1,1,100
42866,35,859,32,131.74846625766872,,,,,,26,666,25,127.58620689655173,5,132,5,123.3644859813084
42867,21,119,12,152.56410256410257,,26,20,8.140776699029127,15.846153846153847,13,41,7,110.8108108108108,4,22,3,84.61538461538461
42869,3,31,3,86.11111111111111,,,,,,3,31,3,86.11111111111111,3,31,3,86.11111111111111
42870,13,201,10,127.21518987341773,,,,,,4,12,3,70.58823529411765,2,5,1,71.42857142857143
42871,28,564,25,112.1272365805169,,,,,,20,483,19,115,3,60,3,105.26315789473684
42872,1,4,1,66.66666666666667,,,,,,1,4,1,66.66666666666667,1,4,1,66.66666666666667
42874,2,0,1,0,,1,2,6.5,24,2,0,1,0,2,0,1,0
42876,13,111,9,96.52173913043478,,,,,,13,111,9,96.52173913043478,2,76,2,90.47619047619048
42877,13,214,9,159.70149253731344,,13,11,8.09375,14.76923076923077,13,214,9,159.70149253731344,1,,,
42878,13,76,7,92.68292683,,0,3,9,,13,76,7,92.68292683,2,,,
42879,22,382,20,138.9090909090909,,3,7,9.540983606557377,20.333333333333332,14,265,13,143.24324324324326,7,87,6,145
4288,32,37,10,88.0952381,,23,31,8.476345840130506,26.652173913043477,21,17,6,85,16,12,4,70.58823529411765
42880,14,161,12,100.625,,,,,,14,161,12,100.625,,,,
42881,26,5,3,166.66666666666666,,26,24,8.442148760330578,18.615384615384617,19,5,2,250,7,,,
42882,17,239,10,156.20915032679738,,,,,,17,239,10,156.20915032679738,6,45,3,102.27272727272727
42884,36,790,33,135.97246127366608,,2,2,13.92,12.5,29,606,26,138.35616438356163,7,153,6,131.89655172413794
42885,20,335,18,158.76777251184834,,,,,,17,321,15,162.12121212121212,7,140,5,172.8395061728395
42886,24,4,2,57.142857142857146,,36,22,6.501098901098901,12.63888888888889,21,4,2,57.142857142857146,7,,,
42891,23,180,12,178.21782178217822,,14,13,9.129186602870814,14.928571428571429,18,162,9,186.20689655172413,2,5,1,125
42893,3,6,2,150,,2,3,11.30232558139535,21.5,3,6,2,150,,,,
42894,24,492,19,130.15873015873015,,,,,,13,250,11,138.88888888888889,2,9,2,75
42897,32,583,30,149.48717948717947,,1,2,8.526315789473685,19,26,547,24,154.51977401129943,3,49,3,153.125
42898,8,2,3,40,,9,8,8.23943662,15.777777777777779,4,1,2,25,4,1,2,25
42899,5,7,2,53.84615384615385,,2,5,7.959183673469388,49,5,7,2,53.84615384615385,3,,,
4290,1,9,1,128.57142857142858,,0,1,11.666666666666666,,1,9,1,128.57142857142858,1,9,1,128.57142857142858
42901,3,0,1,0,,1,2,8.538461538461538,26,3,0,1,0,1,,,
42902,27,41,9,107.89473684210526,,28,27,7.620578778135048,22.214285714285715,16,8,4,72.72727272727273,5,,,
42905,2,4,2,66.66666666666667,,0,2,11.636363636363637,,2,4,2,66.66666666666667,2,4,2,66.66666666666667
42906,3,92,3,109.52380952380952,,,,,,3,92,3,109.52380952380952,3,92,3,109.52380952380952
42907,2,15,2,78.94736842105263,,,,,,2,15,2,78.94736842105263,2,15,2,78.94736842105263
42909,2,21,2,175,,,,,,2,21,2,175,2,21,2,175
4291,10,173,10,106.13496932515338,,,,,,10,173,10,106.13496932515338,10,173,10,106.13496932515338
4293,8,159,7,140.7079646017699,,,,,,8,159,7,140.7079646017699,8,159,7,140.7079646017699
4295,17,33,4,106.45161290322581,,29,17,7.075060532687651,14.241379310344827,17,33,4,106.45161290322581,17,33,4,106.45161290322581
43092,2,13,2,162.5,,2,2,8.8,15,2,13,2,162.5,2,13,2,162.5
4320,7,14,4,56,,6,7,8.108108108108109,18.5,7,14,4,56,,,,
4321,13,22,4,122.22222222222223,,20,13,6.2,13.5,10,22,4,122.22222222222223,2,,,
4322,15,114,10,106.54205607476635,,4,8,5.9491525423728815,29.5,13,81,8,112.5,7,72,5,120
4323,19,481,17,122.70408163265306,,13,10,5.575221238938053,17.384615384615383,13,238,11,120.20202020202021,7,179,7,117.76315789473684
4324,5,55,4,114.58333333333333,,,,,,,,,,,,,
4325,31,1164,32,145.3183520599251,,0,2,13.161290322580646,,18,716,18,137.95761078998072,9,217,9,126.16279069767442
4326,16,66,7,244.44444444444446,,19,16,8.501362397820163,19.31578947368421,8,12,3,150,2,1,1,50
43267,17,298,15,126.80851063829788,,8,8,7.074626865671642,16.75,11,202,9,124.69135802469135,5,86,4,138.70967741935485
43268,16,305,14,136.16071428571428,,,,,,9,216,9,144,5,171,5,151.32743362831857
43269,2,30,2,111.11111111111111,,,,,,2,30,2,111.11111111111111,2,30,2,111.11111111111111
43270,4,41,4,110.8108108108108,,,,,,4,41,4,110.8108108108108,3,29,3,116
43271,3,106,3,145.2054794520548,,,,,,3,106,3,145.2054794520548,3,106,3,145.2054794520548
43272,8,150,6,156.25,,,,,,1,22,1,122.22222222222223,1,22,1,122.22222222222223
43273,2,27,2,117.3913043478261,,4,2,6.6976744186046515,10.75,2,27,2,117.3913043478261,2,27,2,117.3913043478261
43275,1,7,1,100,,1,1,7.2631578947368425,19,1,7,1,100,1,7,1,100
43276,14,21,8,110.52631578947368,,21,14,7.644787644787645,12.333333333333334,10,18,6,128.57142857142858,4,3,3,50
43277,6,104,6,106.12244897959184,,,,,,5,75,5,102.73972602739725,5,75,5,102.73972602739725
43278,3,1,3,25,,3,2,10.054054054054054,12.333333333333334,2,0,2,0,2,0,2,0
43279,9,104,8,200,,1,3,7.7727272727272725,44,7,71,6,215.15151515151516,2,7,2,233.33333333333334
43280,2,0,1,0,,0,2,12,,2,0,1,0,2,0,1,0
43281,2,12,2,100,,,,,,2,12,2,100,2,12,2,100
43282,2,0,1,0,,0,1,9,,2,0,1,0,2,0,1,0
43283,14,225,14,136.36363636363637,,,,,,9,180,9,135.33834586466165,3,84,3,150
43284,3,99,3,137.5,,,,,,3,99,3,137.5,3,99,3,137.5
43285,8,3,2,42.857142857142854,,4,7,9.688524590163935,30.5,2,,,,2,,,
43286,2,66,2,194.11764705882354,,,,,,2,66,2,194.11764705882354,2,66,2,194.11764705882354
43287,14,2,3,40,,23,14,7.544554455445544,13.173913043478262,7,0,1,0,2,0,1,0
43288,2,23,2,85.18518518518519,,,,,,2,23,2,85.18518518518519,2,23,2,85.18518518518519
43289,1,4,1,57.142857142857146,,,,,,1,4,1,57.142857142857146,1,4,1,57.142857142857146
43290,2,2,1,33.333333333333336,,1,2,15.6,25,2,2,1,33.333333333333336,2,2,1,33.333333333333336
43291,1,1,1,50,,0,1,10,,1,1,1,50,1,1,1,50
43292,5,53,5,117.77777777777777,,3,4,9.164835164835164,30.333333333333332,5,53,5,117.77777777777777,3,49,3,136.11111111111111
43293,9,138,9,127.77777777777777,,,,,,9,138,9,127.77777777777777,5,92,5,121.05263157894737
43294,6,98,5,155.55555555555554,,,,,,3,1,2,20,2,0,1,0
43295,16,353,16,135.24904214559388,,4,7,7.694117647058824,21.25,10,202,10,119.5266272189349,5,114,5,117.52577319587628
43296,6,9,4,64.28571428571429,,,,,,5,9,4,64.28571428571429,5,9,4,64.28571428571429
43298,8,80,7,114.28571428571429,,8,5,10.02127659574468,11.75,7,72,6,138.46153846153845,4,54,4,142.10526315789474
43299,6,9,4,42.857142857142854,,3,2,6.193548387096774,10.333333333333334,3,7,2,53.84615384615385,3,7,2,53.84615384615385
43301,4,59,4,83.09859154929578,,,,,,2,45,2,77.58620689655173,2,45,2,77.58620689655173
43303,9,2,1,25,,15,9,8.523076923076923,13,3,,,,3,,,
43305,3,20,3,142.85714285714286,,0,2,9.483870967741936,,3,20,3,142.85714285714286,3,20,3,142.85714285714286
43308,18,74,10,105.71428571428571,,17,15,8.496503496503497,16.823529411764707,10,36,5,109.0909090909091,5,27,3,112.5
43309,14,11,2,220,,14,14,7.433447098976109,20.928571428571427,7,11,2,220,6,11,2,220
43310,1,2,1,66.66666666666667,,,,,,1,2,1,66.66666666666667,1,2,1,66.66666666666667
43311,16,110,8,215.68627450980392,,15,16,7.760683760683761,23.4,10,78,5,216.66666666666666,6,53,3,294.44444444444446
43312,7,17,2,154.54545454545453,,6,6,7.862068965517241,19.333333333333332,4,10,1,250,4,10,1,250
43314,15,108,9,111.34020618556701,,4,7,7.6415094339622645,26.5,8,71,5,147.91666666666666,2,5,1,100
43316,2,15,1,150,,,,,,2,15,1,150,2,15,1,150
43318,15,111,9,168.1818181818182,,12,15,7.605633802816901,23.666666666666668,11,105,7,172.13114754098362,6,50,3,172.41379310344828
43319,11,82,7,132.25806451612902,,12,10,7.492957746478873,17.75,11,82,7,132.25806451612902,5,56,5,127.27272727272727
43320,2,28,2,93.33333333333333,,,,,,2,28,2,93.33333333333333,2,28,2,93.33333333333333
43321,5,72,4,138.46153846153845,,1,2,9,24,5,72,4,138.46153846153845,5,72,4,138.46153846153845
43322,10,213,7,130.67484662576686,,,,,,6,108,4,136.70886075949366,6,108,4,136.70886075949366
43323,5,0,1,0,,10,5,8.080645161290322,12.4,5,0,1,0,5,0,1,0
43324,3,41,3,85.41666666666667,,0,1,10,,3,41,3,85.41666666666667,3,41,3,85.41666666666667
43325,2,13,2,86.66666666666667,,,,,,2,13,2,86.66666666666667,2,13,2,86.66666666666667
43327,1,10,1,71.42857142857143,,,,,,1,10,1,71.42857142857143,1,10,1,71.42857142857143
43328,2,15,2,88.23529411764706,,,,,,2,15,2,88.23529411764706,2,15,2,88.23529411764706
43329,15,40,9,72.72727272727273,,15,14,7.072243346007604,17.533333333333335,7,22,4,59.45945945945946,5,1,2,25
43330,16,497,16,144.47674418604652,,0,1,11,,10,242,10,124.74226804123711,5,188,5,137.22627737226279
43332,3,17,2,94.44444444444444,,,,,,3,17,2,94.44444444444444,3,17,2,94.44444444444444
43333,2,17,2,89.47368421052632,,,,,,2,17,2,89.47368421052632,2,17,2,89.47368421052632
43334,3,31,2,163.1578947368421,,,,,,3,31,2,163.1578947368421,3,31,2,163.1578947368421
43336,2,1,1,33.333333333333336,,,,,,2,1,1,33.333333333333336,2,1,1,33.333333333333336
43338,5,35,3,145.83333333333334,,7,5,5.641025641025641,16.714285714285715,5,35,3,145.83333333333334,5,35,3,145.83333333333334
43340,17,491,15,141.09195402298852,,1,6,9.84,50,10,273,9,131.8840579710145,5,133,4,158.33333333333334
43341,2,29,2,145,,,,,,2,29,2,145,2,29,2,145
43342,5,10,3,142.85714285714286,,,,,,2,9,2,150,2,9,2,150
43343,4,72,3,112.5,,,,,,4,72,3,112.5,4,72,3,112.5
43345,14,101,12,104.12371134020619,,0,2,7.5,,14,101,12,104.12371134020619,3,64,3,123.07692307692308
4335,9,169,9,113.42281879194631,,1,2,11.5,12,4,84,4,118.30985915492958,,,,
4338,11,98,7,153.125,,10,9,7.610526315789474,19,6,91,5,168.5185185185185,2,42,2,175
4340,4,112,4,133.33333333333334,,0,2,10.2,,4,112,4,133.33333333333334,,,,
4342,14,177,12,122.91666666666667,,,,,,8,127,8,119.81132075471699,8,127,8,119.81132075471699
4344,9,203,9,131.8181818181818,,,,,,9,203,9,131.8181818181818,9,203,9,131.8181818181818
43587,9,240,9,157.89473684210526,,,,,,9,240,9,157.89473684210526,,,,
43591,12,3,3,42.857142857142854,,9,12,7.386792452830188,23.555555555555557,1,1,1,50,,,,
43592,4,8,2,50,,0,1,9,,4,8,2,50,,,,
43593,7,1,2,25,,5,6,8.648648649,22.2,1,,,,1,,,
43594,4,170,4,204.81927710843374,,,,,,,,,,,,,
4362,14,376,14,161.37339055793993,,1,2,13.5,8,2,29,2,120.83333333333333,2,29,2,120.83333333333333
4367,9,160,9,144.14414414414415,,12,9,8.219653179190752,14.416666666666666,9,160,9,144.14414414414415,9,160,9,144.14414414414415
4368,2,18,2,112.5,,1,2,12.96774193548387,31,2,18,2,112.5,2,18,2,112.5
4369,56,1478,59,133.7556561085973,,,,,,41,973,41,135.89385474860336,13,324,13,128.06324110671937
4372,48,1059,47,120.75256556442417,,,,,,37,773,36,117.47720364741642,23,588,23,120.24539877300613
4373,121,70,25,62.5,,166,120,6.947017413856984,16.259036144578314,92,36,15,59.01639344262295,67,31,12,62
43774,29,1049,29,131.9496855345912,,0,1,2.4,,21,722,20,129.6229802513465,10,356,10,130.4029304029304
43798,5,52,6,123.80952380952381,,,,,,,,,,,,,
43815,12,237,12,118.5,,,,,,8,175,8,134.6153846153846,,,,
43899,14,200,13,116.95906432748538,,1,4,12.387096774193548,31,13,200,13,116.95906432748538,4,55,4,93.22033898305085
43900,6,11,2,100,,5,6,9.381818181818181,22,6,11,2,100,4,1,1,100
43901,3,5,1,50,,0,1,8.823529411764707,,3,5,1,50,2,5,1,50
43902,5,59,5,131.11111111111111,,2,5,9.801980198019802,50.5,5,59,5,131.11111111111111,5,59,5,131.11111111111111
43903,18,543,18,131.79611650485438,,,,,,13,434,13,143.7086092715232,10,374,10,144.96124031007753
43904,9,68,9,101.49253731343283,,1,5,11.2987013,77,8,51,8,85,4,37,4,94.87179487179488
43905,7,182,7,113.75,,,,,,7,182,7,113.75,7,182,7,113.75
43906,4,64,4,168.42105263157896,,2,2,11.052631578947368,9.5,4,64,4,168.42105263157896,1,3,1,50
43907,22,124,19,96.875,,,,,,20,97,18,89.81481481481481,10,15,8,62.5
43908,18,123,15,111.81818181818181,,18,17,9.090909090909092,16.5,14,119,13,116.66666666666667,4,27,3,93.10344827586206
43909,25,312,21,120,,15,22,8.03125,25.6,21,281,18,117.08333333333333,10,69,8,95.83333333333333
4391,83,1747,76,147.42616033755274,,35,54,8.756995582,19.4,68,1561,63,150.67567567567568,47,1102,45,153.91061452513966
43910,18,0,2,0,,17,18,7.956112852664577,18.764705882352942,14,0,1,0,5,0,1,0
43913,3,9,1,128.57142857142858,,1,3,10.285714285714286,42,3,9,1,128.57142857142858,3,9,1,128.57142857142858
43914,7,57,7,107.54716981132076,,,,,,7,57,7,107.54716981132076,5,51,5,121.42857142857143
43915,1,0,1,0,,0,1,11.538461538461538,,1,0,1,0,1,0,1,0
43916,5,64,5,123.07692307692308,,,,,,5,64,5,123.07692307692308,5,64,5,123.07692307692308
43917,20,59,9,103.50877192982456,,20,20,8.064356435643564,20.2,14,41,6,95.34883720930233,9,19,3,86.36363636363636
43918,12,150,11,133.92857142857142,,7,9,8.635514019,15.285714285714286,7,83,6,122.05882352941177,1,,,
43919,9,141,8,114.63414634146342,,1,4,7.666666666666667,36,9,141,8,114.63414634146342,2,2,2,33.333333333333336
43920,10,157,10,115.44117647058823,,,,,,10,157,10,115.44117647058823,10,157,10,115.44117647058823
43921,5,51,4,110.8695652173913,,,,,,5,51,4,110.8695652173913,5,51,4,110.8695652173913
43922,3,1,1,50,,0,3,10.2,,3,1,1,50,,,,
43923,27,584,27,135.1851851851852,,,,,,23,556,23,136.94581280788177,12,317,12,123.34630350194553
43924,23,285,18,183.8709677419355,,18,17,8.960784314,17,21,259,16,187.68115942028984,11,158,9,195.06172839506172
43925,6,17,3,73.91304347826087,,5,5,7.837837837837838,22.2,5,17,3,73.91304347826087,3,6,2,100
43927,5,6,2,50,,7,5,7.103448275862069,12.428571428571429,2,6,2,50,1,2,1,33.333333333333336
43930,19,357,18,128.41726618705036,,,,,,16,307,15,129.53586497890296,11,277,10,137.81094527363183
43931,17,567,17,133.09859154929578,,,,,,17,567,17,133.09859154929578,5,122,5,101.66666666666667
43932,5,56,5,78.87323943661971,,,,,,5,56,5,78.87323943661971,1,16,1,72.72727272727273
43933,26,583,26,135.58139534883722,,,,,,20,398,20,130.49180327868854,11,237,11,165.73426573426573
43934,24,103,13,118.39080459770115,,11,19,7.669902912621359,28.09090909090909,20,103,12,121.17647058823529,10,47,7,97.91666666666667
43936,1,0,1,0,,,,,,1,0,1,0,1,0,1,0
43937,20,35,7,112.90322580645162,,19,18,7.203438395415473,18.36842105263158,15,27,5,112.5,4,1,1,33.333333333333336
4394,14,431,14,152.29681978798587,,,,,,,,,,,,,
43941,16,54,6,114.8936170212766,,10,14,7.830985915492958,21.3,16,54,6,114.8936170212766,11,17,3,94.44444444444444
43944,4,0,1,0,,2,4,13.5,14,4,0,1,0,1,0,1,0
43945,13,10,6,52.63157894736842,,19,13,8.391459074733095,14.789473684210526,13,10,6,52.63157894736842,8,7,4,46.666666666666664
43946,27,279,24,107.3076923076923,,18,20,9.945945945945946,18.5,23,228,20,111.21951219512195,10,122,9,117.3076923076923
43947,24,478,20,124.15584415584415,,,,,,19,472,17,127.22371967654986,10,264,10,129.41176470588235
43948,19,1,4,14.285714285714286,,25,18,8.086956522,14.72,14,0,2,0,3,,,
43949,12,108,10,89.25619834710744,,,,,,9,78,7,87.64044943820225,4,38,3,102.70270270270271
43950,5,78,5,98.73417721518987,,,,,,5,78,5,98.73417721518987,3,50,3,100
43951,19,337,17,119.9288256227758,,,,,,19,337,17,119.9288256227758,7,199,7,125.9493670886076
43952,20,484,19,148.46625766871165,,0,1,16,,16,453,16,154.08163265306123,10,307,10,157.43589743589743
43953,2,61,2,110.9090909090909,,,,,,2,61,2,110.9090909090909,2,61,2,110.9090909090909
43954,6,119,6,117.82178217821782,,,,,,6,119,6,117.82178217821782,6,119,6,117.82178217821782
43955,23,156,17,133.33333333333334,,18,19,7.618768328445748,18.944444444444443,18,132,15,148.31460674157304,10,92,7,209.0909090909091
43956,2,0,1,0,,0,1,11.5,,2,0,1,0,2,0,1,0
43957,11,6,4,60,,6,11,7.572815533980583,34.333333333333336,11,6,4,60,7,3,2,50
43958,2,1,2,16.666666666666668,,0,2,11.75,,2,1,2,16.666666666666668,2,1,2,16.666666666666668
43959,17,86,7,114.66666666666667,,30,17,8.743801652892563,12.1,13,63,6,110.52631578947368,5,33,2,137.5
43961,3,0,2,0,,1,2,11.0625,32,3,0,2,0,3,0,2,0
43962,5,20,2,83.33333333333333,,1,2,9.473684210526315,19,5,20,2,83.33333333333333,2,20,2,83.33333333333333
43963,8,219,8,114.0625,,,,,,4,80,4,119.40298507462687,,,,
43964,22,827,22,124.92447129909365,,,,,,18,671,18,123.80073800738008,10,419,10,132.59493670886076
43965,26,88,12,146.66666666666666,,38,25,6.993031358885017,15.105263157894736,21,75,10,141.50943396226415,11,26,3,144.44444444444446
43967,26,823,26,124.3202416918429,,4,6,8.521739130434783,17.25,21,610,21,120.79207920792079,11,430,11,134.79623824451411
43968,24,264,16,124.52830188679245,,,,,,20,178,13,131.85185185185185,10,72,6,135.8490566037736
43969,2,12,2,80,,,,,,,,,,,,,
43970,10,58,6,89.23076923076923,,,,,,10,58,6,89.23076923076923,6,10,2,66.66666666666667
43971,12,103,10,113.18681318681318,,2,7,9.461538461538462,39,10,100,9,114.94252873563218,5,79,4,131.66666666666666
43972,2,13,2,65,,,,,,2,13,2,65,1,11,1,100
43973,6,43,5,172,,,,,,6,43,5,172,1,8,1,266.6666666666667
43974,6,4,1,80,,2,5,6.8807339449541285,54.5,6,4,1,80,6,4,1,80
43975,4,20,3,111.11111111111111,,3,4,9.92,25,4,20,3,111.11111111111111,4,20,3,111.11111111111111
43977,8,5,2,50,,8,8,8.830188679245284,19.875,8,5,2,50,7,5,2,50
43978,15,10,1,71.42857142857143,,16,13,9.476635514018692,13.375,13,10,1,71.42857142857143,3,,,
43980,21,73,8,112.3076923076923,,23,20,6.594900849858357,15.347826086956522,19,66,7,106.45161290322581,10,41,2,107.89473684210526
43981,3,65,2,122.64150943396227,,,,,,2,65,2,122.64150943396227,2,65,2,122.64150943396227
43982,11,14,4,73.68421053,,10,11,8.84375,19.2,8,11,3,78.57142857142857,4,1,2,33.333333333333336
43983,5,57,5,101.78571428571429,,,,,,3,36,3,109.0909090909091,,,,
43984,2,5,2,35.714285714285715,,0,1,10,,2,5,2,35.714285714285715,1,0,1,0
43985,15,549,13,172.10031347962382,,,,,,15,549,13,172.10031347962382,5,92,3,224.3902439
43986,5,12,2,100,,5,4,9.194805194805195,15.4,5,12,2,100,5,12,2,100
43987,27,44,9,122.22222222222223,,25,26,6.522243713733076,20.68,22,35,7,140,10,9,2,90
43989,7,6,1,85.71428571428571,,2,7,8.275862068965518,58,7,6,1,85.71428571428571,3,,,
43991,20,11,4,157.14285714285714,,26,20,8.812967581047381,15.423076923076923,16,7,1,350,6,7,1,350
43993,18,454,17,131.59420289855072,,,,,,18,454,17,131.59420289855072,8,213,7,129.0909090909091
43994,3,7,2,70,,,,,,3,7,2,70,1,,,
43995,5,9,1,150,,2,3,7.894736842105263,19,2,,,,2,,,
43996,12,323,12,122.81368821292776,,,,,,12,323,12,122.81368821292776,7,212,7,125.44378698224853
4409,80,1049,59,126.84401451027811,,69,77,8.721568627,22.17391304347826,70,868,51,124.71264367816092,45,439,32,127.2463768115942
4412,8,162,7,101.88679245283019,,,,,,8,162,7,101.88679245283019,8,162,7,101.88679245283019
4413,7,21,4,77.77777777777777,,7,7,8.480769231,14.857142857142858,4,8,2,72.72727272727273,3,8,2,72.72727272727273
44178,16,248,12,143.35260115606937,,6,9,8.890510949,22.833333333333332,16,248,12,143.35260115606937,6,80,4,148.14814814814815
44184,2,1,2,20,,,,,,2,1,2,20,1,0,1,0
44185,9,4,2,133.33333333333334,,5,8,6.327272727272727,33,9,4,2,133.33333333333334,7,4,2,133.33333333333334
44260,2,29,2,59.183673469387756,,,,,,2,29,2,59.183673469387756,2,29,2,59.183673469387756
443,4,24,4,85.71428571428571,,0,1,19,,,,,,,,,
44476,2,14,1,63.63636363636363,,,,,,2,14,1,63.63636363636363,1,,,
44477,2,11,2,78.57142857142857,,1,1,9,6,1,4,1,50,,,,
44478,2,0,1,0,,0,2,9,,2,0,1,0,2,0,1,0
44479,2,51,2,175.86206896551724,,2,2,9.142857142857142,21,2,51,2,175.86206896551724,2,51,2,175.86206896551724
44480,2,84,2,133.33333333333334,,,,,,2,84,2,133.33333333333334,2,84,2,133.33333333333334
44482,1,12,1,150,,1,1,3.75,8,1,12,1,150,1,12,1,150
44483,1,2,1,100,,0,1,12.631578947368421,,1,2,1,100,,,,
44486,2,0,1,0,,5,2,9,9.6,2,0,1,0,2,0,1,0
44491,38,324,27,135.56485355648536,,46,35,8.556097561,13.369565217391305,21,180,15,132.35294117647058,12,77,7,124.19354838709677
44492,1,0,1,0,,,,,,1,0,1,0,1,0,1,0
44497,3,16,2,123.07692307692308,,1,2,10.071428571428571,28,3,16,2,123.07692307692308,1,,,
4450,2,5,2,55.55555555555556,,2,2,8.903225806451612,15.5,2,5,2,55.55555555555556,,,,
44501,17,0,1,0,,9,17,8.305970149253731,29.77777777777778,15,0,1,0,5,,,
44502,3,25,3,73.52941176470588,,,,,,3,25,3,73.52941176470588,2,23,2,82.14285714285714
44503,22,18,6,128.57142857142858,,19,19,6.972067039106145,18.842105263157894,10,13,4,144.44444444444446,2,1,1,100
44504,6,67,6,104.6875,,,,,,5,51,5,118.6046511627907,5,51,5,118.6046511627907
44505,14,161,12,133.05785123966942,,,,,,4,32,3,118.51851851851852,4,32,3,118.51851851851852
44508,30,354,20,155.26315789473685,,19,30,7.937704918032787,32.10526315789474,18,163,9,166.3265306122449,9,8,2,80
44509,22,299,20,117.25490196078431,,,,,,11,173,11,110.19108280254777,9,172,9,111.68831168831169
44510,2,54,1,168.75,,,,,,2,54,1,168.75,2,54,1,168.75
44512,18,342,16,113.24503311258277,,,,,,11,243,11,123.3502538071066,3,128,3,150.58823529411765
44516,2,1,2,25,,,,,,2,1,2,25,1,0,1,0
4460,7,20,3,86.95652173913044,,2,7,8.273291925465838,80.5,4,5,1,166.66666666666666,4,5,1,166.66666666666666
4468,2,3,2,60,,,,,,2,3,2,60,2,3,2,60
4470,28,664,26,119.21005385996409,,0,1,3,,20,485,18,119.45812807881774,12,295,11,115.68627450980392
4472,36,15,3,115.38461538461539,,23,34,7.951219512195122,26.73913043478261,26,14,2,116.66666666666667,17,14,2,116.66666666666667
44762,11,133,11,184.72222222222223,,11,11,10.179775280898877,16.181818181818183,3,48,3,192,,,,
44765,5,87,4,103.57142857142857,,,,,,,,,,,,,
44793,7,149,7,169.3181818181818,,,,,,1,2,1,66.66666666666667,1,2,1,66.66666666666667
44795,7,6,2,37.5,,7,6,6.3130434782608695,16.428571428571427,,,,,,,,
44797,7,6,1,600,,9,6,6.776978417266187,15.444444444444445,,,,,,,,
44801,5,29,5,70.73170731707317,,,,,,,,,,,,,
44804,6,90,5,86.53846153846153,,,,,,,,,,,,,
44807,4,3,2,75,,4,4,6.909090909090909,16.5,,,,,,,,
44810,6,16,5,100,,9,6,8.303571428571429,12.444444444444445,,,,,,,,
44814,8,99,8,116.47058823529412,,14,6,5.857142857142857,9,,,,,,,,
44815,2,0,2,0,,,,,,1,0,1,0,1,0,1,0
44816,9,52,8,78.78787878787878,,13,9,8.626865671641792,15.461538461538462,,,,,,,,
44817,8,68,5,121.42857142857143,,8,8,6.741176470588235,21.25,,,,,,,,
44818,9,174,7,126.08695652173913,,,,,,,,,,,,,
44820,9,205,9,106.21761658031087,,0,1,5,,,,,,,,,
44822,7,0,2,0,,13,7,8.25,11.692307692307692,,,,,,,,
44826,4,147,4,109.70149253731343,,,,,,,,,,,,,
44832,7,66,6,95.65217391304348,,7,8,6.555555555555555,23.142857142857142,,,,,,,,
44834,5,22,4,122.22222222222223,,,,,,,,,,,,,
44835,8,137,8,155.6818181818182,,,,,,,,,,,,,
44836,6,203,6,143.97163120567376,,1,2,8.823529411764707,17,,,,,,,,
44837,9,260,6,174.49664429530202,,,,,,,,,,,,,
44839,6,31,5,91.17647058823529,,1,5,5.234042553,94,,,,,,,,
44840,4,13,3,40.625,,,,,,,,,,,,,
44842,7,8,3,57.142857142857146,,7,7,6.869565217391305,19.714285714285715,1,3,1,100,,,,
44843,3,4,2,57.142857142857146,,5,3,7.777777777777778,10.8,,,,,,,,
44844,6,20,3,105.26315789473684,,6,6,8.074766355140186,17.833333333333332,,,,,,,,
44846,12,393,13,143.43065693430657,,0,1,6,,2,14,2,77.77777777777777,2,14,2,77.77777777777777
44847,6,98,6,108.88888888888889,,,,,,,,,,,,,
44848,8,110,8,129.41176470588235,,,,,,,,,,,,,
44851,6,36,6,120,,4,6,8.031496062992126,31.75,,,,,,,,
44853,4,6,2,46.15384615384615,,2,4,7.384615384615385,32.5,,,,,,,,
44857,2,38,2,111.76470588235294,,,,,,,,,,,,,
4486,43,964,40,151.57232704402514,,,,,,29,558,27,145.69190600522194,25,525,23,146.64804469273744
4487,64,172,20,127.4074074074074,,82,65,7.862508858965273,17.20731707317073,46,156,16,132.20338983050848,34,61,9,138.63636363636363
4488,3,3,1,75,,1,3,8.594594594594595,37,,,,,,,,
4489,57,7,5,33.333333333333336,,75,57,7.559395248380129,18.52,37,7,4,38.888888888888886,36,7,4,38.888888888888886
4491,20,145,19,100,,1,10,9.692307692307692,91,14,107,13,97.27272727272727,7,54,6,114.8936170212766
4494,76,1818,67,153.41772151898735,,,,,,55,1456,49,157.74647887323943,44,992,38,150.07564296520422
4499,13,28,7,70,,19,13,7.791666666666667,15.157894736842104,12,27,6,71.05263157894737,6,15,5,71.42857142857143
4505,8,26,4,55.319148936170215,,10,8,8.642487046632125,19.3,8,26,4,55.319148936170215,7,24,3,53.333333333333336
45080,7,40,4,90.90909091,,1,2,11.333333333333334,18,,,,,,,,
45136,9,65,5,132.6530612244898,,19,9,5.783505154639175,10.210526315789474,,,,,,,,
45204,22,265,17,112.76595744680851,,1,2,10.5,8,12,157,9,118.04511278195488,7,146,6,131.53153153153153
45205,7,18,3,112.5,,6,7,9,19,5,18,2,120,,,,
45207,21,197,20,87.55555555555556,,,,,,12,114,11,93.44262295081967,4,27,4,75
45208,7,58,5,80.55555555555556,,,,,,7,58,5,80.55555555555556,4,25,3,80.64516129032258
4522,3,14,3,73.68421053,,,,,,3,14,3,73.68421053,3,14,3,73.68421053
4526,20,39,4,105.4054054054054,,17,19,8.27027027,17.41176470588235,20,39,4,105.4054054054054,16,39,4,105.4054054054054
45268,22,295,21,94.24920127795527,,,,,,15,170,14,92.39130435,11,121,10,94.53125
45364,7,8,3,80,,0,7,9.295081967213115,,7,8,3,80,7,8,3,80
45371,10,23,5,121.05263157894737,,7,10,9.243243243243244,21.142857142857142,7,22,4,122.22222222222223,7,22,4,122.22222222222223
45381,23,7,3,100,,37,24,6.645640074211503,14.567567567567568,8,,,,,,,
45383,5,25,4,113.63636363636364,,3,5,9.9,26.666666666666668,5,25,4,113.63636363636364,,,,
45384,7,173,6,134.10852713178295,,0,1,6,,1,5,1,62.5,,,,
45385,7,1,1,100,,5,7,8.352941176470589,20.4,5,1,1,100,,,,
45386,15,342,14,118.75,,0,3,8.526315789473685,,7,136,6,90.66666666666667,,,,
45390,13,78,6,177.27272727272728,,15,13,8.489082969432314,15.266666666666667,7,64,4,200,,,,
45392,10,257,8,152.97619047619048,,2,4,8.625,24,3,41,3,117.14285714285714,,,,
45393,11,248,10,134.05405405405406,,,,,,6,76,6,107.04225352112677,,,,
45395,3,37,3,132.14285714285714,,,,,,,,,,,,,
45400,15,226,11,149.66887417218544,,,,,,8,139,6,180.5194805194805,,,,
45404,5,40,5,55.55555555555556,,0,1,12,,5,40,5,55.55555555555556,,,,
45416,6,20,4,71.42857142857143,,3,6,7.6421052631578945,31.666666666666668,6,20,4,71.42857142857143,,,,
4543,37,774,37,117.45068285280729,,16,21,6.776978417266187,17.375,30,588,29,116.8986083499006,23,404,23,113.80281690140845
45494,10,59,8,147.5,,2,3,10.333333333333334,9,3,13,2,92.85714285714286,3,13,2,92.85714285714286
45497,1,2,1,22.22222222222222,,,,,,,,,,,,,
45499,9,127,8,158.75,,,,,,3,37,2,168.1818181818182,3,37,2,168.1818181818182
45500,3,0,1,0,,2,3,8.875,24,3,0,1,0,3,0,1,0
45501,11,1,1,50,,13,11,7.118181818181818,16.923076923076923,4,,,,4,,,
45507,2,8,1,66.66666666666667,,,,,,2,8,1,66.66666666666667,2,8,1,66.66666666666667
45509,2,0,1,0,,3,2,5.625,16,2,0,1,0,2,0,1,0
45512,12,41,3,128.125,,9,12,7.147410358565737,27.88888888888889,4,13,1,185.71428571428572,4,13,1,185.71428571428572
45513,9,147,8,111.36363636363636,,,,,,,,,,,,,
45515,8,25,2,100,,1,5,8.360655737704919,61,4,25,2,100,4,25,2,100
45518,8,29,3,170.58823529411765,,9,8,8.912280701754385,19,1,,,,1,,,
45519,12,227,12,165.6934306569343,,1,3,8.88,25,5,63,5,116.66666666666667,5,63,5,116.66666666666667
45520,10,1,2,25,,9,10,7.173913043478261,20.444444444444443,3,,,,3,,,
45521,5,69,5,156.8181818181818,,,,,,5,69,5,156.8181818181818,5,69,5,156.8181818181818
45529,4,35,4,76.08695652173913,,,,,,2,13,2,59.09090909090909,2,13,2,59.09090909090909
4571,10,15,5,100,,6,10,7.166666666666667,30,1,5,1,250,1,5,1,250
45713,24,781,23,140.97472924187727,,,,,,14,501,14,136.88524590163934,4,159,4,174.72527472527472
4572,16,58,7,95.08196721311475,,10,16,7.154639175257732,29.1,16,58,7,95.08196721311475,16,58,7,95.08196721311475
45740,9,268,8,171.7948717948718,,14,9,5.936842105263158,13.571428571428571,,,,,,,,
45752,6,52,4,110.63829787234043,,0,4,9.782608695652174,,5,36,3,116.12903225806451,,,,
45760,8,1,2,50,,12,7,6.662576687116564,13.583333333333334,,,,,,,,
45781,10,196,10,107.6923076923077,,13,8,7.224489795918367,11.307692307692308,,,,,,,,
45785,4,125,4,112.61261261261261,,1,3,5.4,70,,,,,,,,
45792,9,104,7,142.46575342465752,,9,8,10.562874251497005,18.555555555555557,,,,,,,,
45939,4,19,3,79.16666666666667,,,,,,3,18,2,94.73684210526316,2,18,2,94.73684210526316
45945,1,12,1,100,,,,,,1,12,1,100,1,12,1,100
45949,1,4,1,36.36363636363637,,,,,,1,4,1,36.36363636363637,1,4,1,36.36363636363637
45950,2,13,2,108.33333333333333,,,,,,2,13,2,108.33333333333333,2,13,2,108.33333333333333
45952,28,24,9,64.86486486486487,,41,28,7.144578313253012,12.146341463414634,16,21,7,75,5,0,1,0
45953,5,45,4,100,,,,,,5,45,4,100,5,45,4,100
45954,5,179,5,182.6530612244898,,8,5,5.947826086956522,14.375,,,,,,,,
45959,5,12,2,240,,12,5,6,8.833333333333334,,,,,,,,
45962,27,11,4,122.22222222222223,,32,27,7.43,18.75,14,9,2,150,5,5,1,166.66666666666666
45963,24,27,7,96.42857142857143,,36,25,8.585170340681362,13.86111111111111,17,14,4,73.68421053,8,12,3,100
45965,25,10,9,43.47826086956522,,34,25,7.777777777777778,15.882352941176471,15,9,6,47.36842105263158,9,3,3,25
45966,31,655,28,135.3305785123967,,22,26,7.080260303687636,20.954545454545453,21,335,19,125,11,154,9,140
45969,5,26,3,96.29629629629629,,,,,,5,26,3,96.29629629629629,5,26,3,96.29629629629629
45970,1,4,1,100,,1,1,9.84,25,1,4,1,100,1,4,1,100
45971,13,86,9,114.66666666666667,,,,,,13,86,9,114.66666666666667,9,47,5,123.6842105263158
45972,2,21,2,131.25,,,,,,2,21,2,131.25,2,21,2,131.25
45975,2,22,2,157.14285714285714,,,,,,2,22,2,157.14285714285714,2,22,2,157.14285714285714
45976,16,5,1,250,,16,16,9.311827956989248,17.4375,12,5,1,250,6,,,
45977,8,109,8,94.78260869565217,,,,,,8,109,8,94.78260869565217,2,12,2,54.54545454545455
45979,33,102,17,122.89156626506023,,38,32,7.287630402384501,17.657894736842106,21,38,10,111.76470588235294,8,16,4,177.77777777777777
45980,20,24,7,96,,18,17,8.372623574144487,14.61111111111111,12,20,4,117.6470588235294,4,,,
45981,2,48,2,104.34782608695652,,,,,,2,48,2,104.34782608695652,2,48,2,104.34782608695652
45982,10,2,2,100,,11,10,9.182320441988951,16.454545454545453,6,1,1,100,1,,,
45983,25,514,21,113.46578366445917,,4,5,7.642857142857143,21,12,294,11,114.84375,7,147,6,118.54838709677419
45984,7,16,3,123.07692307692308,,,,,,7,16,3,123.07692307692308,5,16,3,123.07692307692308
45986,2,21,2,80.76923076923077,,,,,,2,21,2,80.76923076923077,1,1,1,50
45988,6,0,1,0,,,,,,3,,,,3,,,
45989,36,1388,36,152.6952695269527,,0,6,9.555555555555555,,21,993,21,172.39583333333334,9,494,9,168.02721088435374
45990,25,383,22,103.51351351351352,,,,,,22,351,19,108.33333333333333,10,141,8,112.8
45991,12,0,1,0,,4,12,8.974358974358974,58.5,9,,,,6,,,
45992,32,537,28,134.9246231155779,,,,,,20,313,16,142.27272727272728,10,159,7,163.91752577319588
45993,30,801,28,137.15753424657535,,1,4,7.75,24,17,435,15,138.9776357827476,5,261,5,163.125
45994,10,21,4,123.52941176470588,,19,10,4.983050847457627,9.315789474,2,,,,2,,,
45996,2,18,2,138.46153846153845,,,,,,2,18,2,138.46153846153845,2,18,2,138.46153846153845
45997,2,12,1,75,,,,,,2,12,1,75,2,12,1,75
45999,1,3,1,33.333333333333336,,,,,,1,3,1,33.333333333333336,1,3,1,33.333333333333336
46,1,0,1,0,,0,1,18.923076923076923,,1,0,1,0,1,0,1,0
46002,3,5,2,50,,2,3,8.5,18,3,5,2,50,2,0,1,0
46003,32,517,29,128.60696517412936,,12,18,8.881889763779528,21.166666666666668,20,332,18,129.6875,9,164,8,134.4262295081967
46004,8,33,5,84.61538461538461,,,,,,7,33,4,86.84210526315789,4,31,2,100
46005,10,9,4,56.25,,13,10,9.428571428571429,15.615384615384615,3,2,1,50,2,,,
46007,1,0,1,0,,0,1,10.5,,1,0,1,0,1,0,1,0
46008,1,24,1,82.75862068965517,,,,,,1,24,1,82.75862068965517,1,24,1,82.75862068965517
46009,7,21,4,77.77777777777777,,,,,,7,21,4,77.77777777777777,3,8,1,114.28571428571429
46011,6,3,2,33.333333333333336,,9,5,10.170731707317072,9.111111111,6,3,2,33.333333333333336,6,3,2,33.333333333333336
46013,10,76,9,105.55555555555556,,,,,,9,75,8,110.29411764705883,2,22,2,66.66666666666667
46014,2,1,1,100,,,,,,2,1,1,100,2,1,1,100
46015,7,65,3,101.5625,,,,,,7,65,3,101.5625,7,65,3,101.5625
46018,2,10,2,50,,,,,,2,10,2,50,2,10,2,50
46019,29,193,24,88.12785388127854,,,,,,16,96,12,84.21052631578948,4,,,
46020,15,147,15,92.45283018867924,,,,,,8,64,8,86.48648648648648,6,29,6,80.55555555555556
46021,1,1,1,12.5,,,,,,1,1,1,12.5,1,1,1,12.5
46023,1,3,1,75,,,,,,1,3,1,75,1,3,1,75
46026,22,453,20,117.35751295336787,,,,,,22,453,20,117.35751295336787,11,356,11,121.91780821917808
4604,4,17,3,106.25,,4,4,8.173913043478262,17.25,4,17,3,106.25,4,17,3,106.25
46040,5,1,1,50,,5,5,8.299065420560748,21.4,5,1,1,50,,,,
46050,8,88,8,95.65217391304348,,1,1,15,6,8,88,8,95.65217391304348,4,32,4,91.42857142857143
46051,1,2,1,40,,0,1,7.384615384615385,,1,2,1,40,,,,
46052,1,3,1,50,,3,1,4.2,10,1,3,1,50,1,3,1,50
46053,3,5,2,31.25,,,,,,3,5,2,31.25,1,5,1,41.666666666666664
46054,1,10,1,111.11111111111111,,,,,,1,10,1,111.11111111111111,1,10,1,111.11111111111111
46055,3,0,3,0,,,,,,3,0,3,0,1,0,1,0
46056,23,17,7,58.62068965517241,,22,21,6.201680672268908,16.227272727272727,11,4,3,50,4,,,
46058,25,492,25,123,,0,3,8.516129032258064,,17,318,17,121.37404580152672,9,177,9,151.28205128205127
46059,1,0,1,0,,,,,,1,0,1,0,1,0,1,0
46060,36,200,15,133.33333333333334,,48,36,7.446575342465754,15.208333333333334,23,117,9,150,11,61,6,174.28571428571428
46062,12,194,8,135.66433566433565,,,,,,5,34,3,89.47368421052632,2,10,1,62.5
46063,2,0,1,0,,1,2,7.866666666666666,45,1,0,1,0,1,0,1,0
46064,1,0,1,0,,1,1,9.857142857142858,14,1,0,1,0,1,0,1,0
46065,3,51,3,145.71428571428572,,,,,,3,51,3,145.71428571428572,3,51,3,145.71428571428572
46066,47,452,32,145.33762057877814,,56,43,7.710247349823321,15.160714285714286,19,190,11,139.7058823529412,7,138,5,164.28571428571428
46069,2,6,2,100,,0,2,10.390243902439025,,2,6,2,100,2,6,2,100
4607,8,107,8,108.08080808080808,,,,,,4,64,4,120.75471698113208,,,,
46070,26,172,20,145.76271186440678,,22,24,8.394495412844037,19.818181818181817,21,169,17,150.89285714285714,11,25,7,166.66666666666666
46071,1,18,1,225,,3,1,2.25,8,1,18,1,225,1,18,1,225
46072,20,84,11,105,,12,16,6.962457337883959,24.416666666666668,14,80,8,114.28571428571429,5,21,4,80.76923076923077
4608,19,309,17,149.2753623188406,,6,4,8.360655737704919,10.166666666666666,7,152,6,153.53535353535352,,,,
46137,5,144,4,160,,,,,,,,,,,,,
4614,10,352,10,147.89915966386553,,0,1,24,,4,119,4,146.91358024691357,3,78,3,152.94117647058823
46148,1,28,1,96.55172413793103,,,,,,1,28,1,96.55172413793103,1,28,1,96.55172413793103
46160,3,93,3,147.61904761904762,,,,,,,,,,,,,
4617,4,17,2,121.42857142857143,,0,1,15.428571428571429,,,,,,,,,
4618,4,118,4,131.11111111111111,,,,,,4,118,4,131.11111111111111,4,118,4,131.11111111111111
4624,10,189,10,107.38636363636364,,,,,,10,189,10,107.38636363636364,10,189,10,107.38636363636364
46279,19,11,7,61.111111111111114,,25,19,8.436548223350254,15.76,8,2,2,66.66666666666667,6,2,2,66.66666666666667
46280,32,13,6,130,,31,32,6.544629349470499,21.322580645161292,20,11,5,137.5,8,11,4,157.14285714285714
46283,2,3,1,75,,0,1,15,,2,3,1,75,2,3,1,75
4632,4,7,1,58.333333333333336,,4,4,7.714285714285714,15.75,,,,,,,,
4633,3,3,2,60,,1,3,7.130434782608695,69,3,3,2,60,3,3,2,60
4636,16,76,11,110.14492753623189,,13,16,8.185714285714285,21.53846153846154,15,44,10,83.01886792452831,9,20,5,95.23809523809524
4639,2,0,1,0,,0,2,6.571428571428571,,,,,,,,,
4641,26,34,9,85,,35,28,9.346733668341708,17.057142857142857,21,27,7,77.14285714285714,19,22,6,81.48148148148148
4650,8,2,2,100,,10,8,8.350877192982455,17.1,2,,,,2,,,
4651,21,197,19,100,,,,,,19,196,17,101.55440414507773,10,70,8,95.89041095890411
46521,2,0,1,0,,2,2,7,24,2,0,1,0,2,0,1,0
46527,1,11,1,137.5,,,,,,1,11,1,137.5,1,11,1,137.5
4653,18,50,5,98.03921568627452,,8,18,7.729166666666667,36,11,2,1,100,7,,,
4655,6,80,6,86.95652173913044,,,,,,6,80,6,86.95652173913044,6,80,6,86.95652173913044
4656,2,2,2,66.66666666666667,,3,2,9.666666666666666,12,2,2,2,66.66666666666667,2,2,2,66.66666666666667
4658,75,160,32,96.38554217,,78,74,6.378787878787879,20.307692307692307,53,85,21,93.40659341,43,63,17,88.73239436619718
4662,10,60,7,100,,7,6,6.358974358974359,16.714285714285715,10,60,7,100,7,44,5,112.82051282051282
4663,5,81,5,95.29411764705883,,,,,,5,81,5,95.29411764705883,5,81,5,95.29411764705883
4665,6,74,6,98.66666666666667,,,,,,6,74,6,98.66666666666667,4,42,4,76.36363636363636
467,11,196,11,119.51219512195122,,,,,,11,196,11,119.51219512195122,3,23,3,82.14285714285714
4681,2,18,2,81.81818181818181,,0,1,16,,2,18,2,81.81818181818181,2,18,2,81.81818181818181
4685,9,278,9,126.36363636363636,,,,,,9,278,9,126.36363636363636,,,,
4686,8,75,5,104.16666666666667,,1,1,8,6,8,75,5,104.16666666666667,,,,
4692,52,54,14,112.5,,68,52,7.994694960212201,16.63235294117647,48,50,13,106.38297872340425,35,45,10,118.42105263157895
46982,4,16,2,106.66666666666667,,5,4,7.928571428571429,16.8,,,,,,,,
46988,16,3,4,25,,26,16,7.757255936675461,14.576923076923077,7,0,2,0,,,,
46991,13,28,6,65.11627906976744,,7,12,7.0285714285714285,30,4,20,4,55.55555555555556,1,2,1,50
46992,16,74,11,105.71428571428571,,11,14,8.37037037,22.09090909090909,5,21,3,116.66666666666667,,,,
46996,5,42,4,144.82758620689654,,,,,,,,,,,,,
47,91,3297,91,133.64410214835834,,0,1,6,,76,2640,76,131.93403298350825,59,1870,59,125.75655682582381
470,17,9,3,69.23076923076923,,19,16,6.365079365079365,19.894736842105264,17,9,3,69.23076923076923,11,3,1,33.333333333333336
4701,6,7,3,87.5,,9,5,6.786885245901639,13.555555555555555,5,2,2,50,5,2,2,50
47017,10,14,2,93.33333333333333,,13,10,7.769230769230769,18,9,14,2,93.33333333333333,,,,
4703,86,1948,80,133.15105946684895,,0,1,6,,72,1679,67,133.78486055776892,56,1147,51,128.87640449438203
4704,19,117,10,137.64705882352942,,28,18,7.203125,13.714285714285714,19,117,10,137.64705882352942,11,88,6,149.15254237288136
47050,10,28,3,147.3684210526316,,15,13,8.213793103448277,19.333333333333332,10,5,1,125,,,,
4707,15,167,12,113.60544217687075,,,,,,2,19,1,67.85714285714286,2,19,1,67.85714285714286
4708,116,2638,101,152.13379469434832,,11,12,7.610738255033557,13.545454545454545,85,1980,76,150.7996953541508,43,1283,42,152.9201430274136
4709,22,89,12,130.88235294117646,,19,23,6.301255230125523,25.157894736842106,12,54,7,150,9,52,6,162.5
4710,1,1,1,50,,0,1,6.620689655172414,,1,1,1,50,1,1,1,50
4711,12,242,12,130.10752688172042,,,,,,5,154,5,137.5,5,154,5,137.5
4712,9,221,8,179.6747967479675,,0,2,7.333333333333333,,9,221,8,179.6747967479675,9,221,8,179.6747967479675
4714,1,23,1,127.77777777777777,,,,,,1,23,1,127.77777777777777,1,23,1,127.77777777777777
4715,2,30,2,90.90909091,,,,,,2,30,2,90.90909091,2,30,2,90.90909091
4716,18,22,4,122.22222222222223,,20,18,6.684782608695652,18.4,18,22,4,122.22222222222223,13,22,3,129.41176470588235
4722,92,577,55,144.25,,108,92,7.222683264,20.083333333333332,71,474,42,146.2962962962963,59,372,34,149.3975903614458
47259,4,47,4,97.91666666666667,,,,,,,,,,,,,
47314,3,12,3,63.15789474,,,,,,1,0,1,0,,,,
47335,7,9,3,90,,7,7,5.917808219178082,20.857142857142858,,,,,,,,
47336,13,443,14,134.65045592705167,,,,,,7,219,7,131.1377245508982,,,,
47337,11,15,5,78.94736842105263,,21,12,8.079681274900398,11.952380952380953,,,,,,,,
47339,12,8,4,57.142857142857146,,12,12,8.115942028985508,17.25,2,,,,,,,
47340,7,2,3,66.66666666666667,,3,7,7.849624060150376,44.333333333333336,7,2,3,66.66666666666667,7,2,3,66.66666666666667
4736,49,1059,46,149.57627118644066,,,,,,26,576,25,144.72361809045225,14,377,14,155.1440329218107
47364,11,53,7,91.37931034482759,,7,10,6.84,21.428571428571427,5,3,2,50,,,,
47368,16,261,14,160.12269938650306,,6,11,9.238095238095237,21,9,115,8,159.72222222222223,3,18,2,90
47369,3,8,2,57.142857142857146,,,,,,,,,,,,,
47370,28,706,27,173.46437346437347,,,,,,6,277,7,183.4437086092715,,,,
47380,6,16,4,64,,5,6,10.584905660377359,21.2,2,,,,,,,
47430,6,66,5,117.85714285714286,,,,,,1,2,1,66.66666666666667,,,,
4744,4,103,4,183.92857142857142,,,,,,4,103,4,183.92857142857142,4,103,4,183.92857142857142
4745,2,6,1,75,,,,,,,,,,,,,
4746,21,382,17,116.10942249240122,,23,20,5.970149253731344,17.47826086956522,21,382,17,116.10942249240122,10,145,10,101.3986013986014
4747,36,1214,35,154.8469387755102,,,,,,24,946,24,161.7094017094017,12,485,12,183.71212121212122
47479,5,44,2,258.8235294117647,,,,,,,,,,,,,
47483,1,15,1,88.23529411764706,,,,,,,,,,,,,
4751,8,3,2,60,,8,7,6.852071006,21.125,,,,,,,,
47511,17,314,16,108.27586206896552,,4,12,7.232432432432432,46.25,,,,,,,,
47514,5,42,4,105,,,,,,1,,,,1,,,
47521,2,0,1,0,,0,2,9,,2,0,1,0,2,0,1,0
47526,2,0,1,0,,0,1,10.285714285714286,,2,0,1,0,2,0,1,0
47527,5,57,5,67.05882352941177,,,,,,2,11,2,27.5,2,11,2,27.5
47528,1,0,1,0,,,,,,1,0,1,0,1,0,1,0
4753,14,482,14,135.3932584269663,,6,4,8.842105263157896,9.5,3,36,3,81.81818181818181,3,36,3,81.81818181818181
47531,2,12,2,92.30769231,,,,,,,,,,,,,
4755,108,2624,97,138.5427666314678,,29,40,8.200308166409862,22.379310344827587,71,1930,66,139.4508670520231,53,1397,48,135.76287657920312
4757,8,177,8,122.91666666666667,,,,,,8,177,8,122.91666666666667,2,65,2,118.18181818181819
4758,23,507,21,122.16867469879519,,15,12,5.444839857651245,18.733333333333334,23,507,21,122.16867469879519,7,194,6,133.79310344827587
4759,14,97,7,161.66666666666666,,7,7,8.242990654205608,15.285714285714286,9,97,7,161.66666666666666,9,97,7,161.66666666666666
4760,32,796,32,129.01134521880064,,,,,,22,618,22,133.18965517241378,10,334,10,127.96934865900383
4767,1,1,1,25,,,,,,,,,,,,,
47694,3,0,2,0,,3,3,10.6,20,3,0,2,0,,,,
47703,16,311,15,150.97087378640776,,16,10,5.925925925925926,10.125,9,179,9,152.991453,4,79,4,123.4375
47704,2,37,1,115.625,,,,,,2,37,1,115.625,2,37,1,115.625
47705,1,23,1,79.31034483,,,,,,1,23,1,79.31034483,1,23,1,79.31034483
47710,5,6,3,42.857142857142854,,2,3,8.85,20,4,6,3,42.857142857142854,4,6,3,42.857142857142854
47711,8,37,4,127.58620689655173,,5,8,7.015384615384615,26,1,,,,1,,,
47721,9,309,10,140.45454545454547,,,,,,4,123,4,141.3793103448276,3,113,3,166.1764705882353
47724,12,51,8,121.42857142857143,,14,11,8.926829268292684,14.642857142857142,1,5,1,50,,,,
4773,68,1015,56,123.17961165048544,,,,,,34,388,23,124.35897435897436,18,180,12,117.6470588235294
47730,3,31,3,88.57142857142857,,,,,,3,31,3,88.57142857142857,3,31,3,88.57142857142857
47731,6,101,5,146.3768115942029,,0,2,2.5714285714285716,,3,83,3,162.7450980392157,3,83,3,162.7450980392157
47732,1,20,1,74.07407407407408,,0,1,15,,1,20,1,74.07407407407408,1,20,1,74.07407407407408
47733,2,4,2,50,,,,,,2,4,2,50,2,4,2,50
47734,8,234,8,113.59223300970874,,,,,,1,22,1,64.70588235294117,1,22,1,64.70588235294117
47735,8,101,7,85.59322033898304,,11,7,7.764705882352941,12.363636363636363,1,0,1,0,1,0,1,0
47736,10,1,2,25,,9,11,5.403141361256544,21.22222222222222,3,,,,3,,,
47738,2,0,1,0,,1,2,11.538461538461538,13,2,0,1,0,2,0,1,0
47739,19,147,14,87.5,,2,7,9.966942149,60.5,13,94,9,83.92857142857143,3,17,3,77.27272727272727
4774,21,38,10,97.43589743589743,,19,20,8.52367688,18.894736842105264,18,21,8,87.5,18,21,8,87.5
47760,19,191,14,115.06024096385542,,30,16,8.318644068,9.833333333333334,9,86,6,97.72727272727273,2,1,1,25
47763,3,83,6,102.46913580246914,,,,,,3,54,3,85.71428571428571,3,54,3,85.71428571428571
47768,5,2,3,15.384615384615385,,4,6,9.346153846153847,26,3,1,1,16.666666666666668,2,1,1,16.666666666666668
47770,2,30,2,85.71428571428571,,,,,,2,30,2,85.71428571428571,1,14,1,87.5
47771,7,69,4,132.69230769230768,,2,6,7.108695652173913,46,3,,,,3,,,
47773,7,174,7,121.67832167832168,,2,4,8.181818181818182,16.5,4,111,4,118.08510638297872,3,76,3,118.75
47774,10,1,3,25,,12,10,7.59375,16,2,1,2,33.333333333333336,2,1,2,33.333333333333336
47775,3,13,2,162.5,,5,3,5.766233766233766,15.4,3,13,2,162.5,,,,
47777,3,15,3,83.33333333333333,,,,,,3,15,3,83.33333333333333,3,15,3,83.33333333333333
47778,14,235,12,94.75806451612904,,,,,,3,20,3,58.82352941,3,20,3,58.82352941
47779,3,18,3,69.23076923076923,,,,,,3,18,3,69.23076923076923,3,18,3,69.23076923076923
47780,10,62,7,76.54320987654322,,5,6,5.478260869565218,18.4,,,,,,,,
47783,10,1,1,50,,11,10,8.459016393442623,16.636363636363637,8,1,1,50,3,,,
47787,1,9,1,100,,,,,,1,9,1,100,1,9,1,100
4779,8,70,7,95.89041095890411,,3,7,8.547945205479452,24.333333333333332,7,61,6,100,3,15,2,83.33333333333333
47793,8,273,8,114.22594142259415,,9,8,4.404255319148936,20.88888888888889,,,,,,,,
47795,11,220,11,110.55276381909547,,,,,,4,74,4,115.625,,,,
47796,6,59,5,113.46153846153847,,2,4,8.181818181818182,33,1,5,1,71.42857142857143,,,,
478,24,212,21,93.39207048,,,,,,24,212,21,93.39207048,24,212,21,93.39207048
4780,38,863,38,116.15074024226111,,1,9,8.869565217391305,92,15,261,15,113.97379912663756,4,66,4,124.52830188679245
47801,6,8,4,40,,,,,,6,8,4,40,,,,
47804,8,15,2,166.66666666666666,,4,4,6.142857142857143,10.5,8,15,2,166.66666666666666,,,,
47805,3,3,2,42.857142857142854,,1,1,7,6,3,3,2,42.857142857142854,,,,
47815,1,3,1,100,,,,,,1,3,1,100,,,,
47818,13,25,6,75.75757575757575,,2,7,5.389830508474576,29.5,8,18,3,85.71428571428571,,,,
47820,4,3,1,42.857142857142854,,0,1,7.384615384615385,,4,3,1,42.857142857142854,,,,
4783,43,902,43,126.68539325842697,,,,,,31,513,31,120.70588235294117,19,289,19,126.20087336244542
4784,2,40,2,142.85714285714286,,,,,,,,,,,,,
47848,4,80,4,114.28571428571429,,,,,,,,,,,,,
47860,10,24,3,126.3157894736842,,10,9,6.894409937888199,16.1,,,,,,,,
47863,8,328,8,135.53719008264463,,1,1,5,12,,,,,,,,
47864,1,10,1,125,,,,,,,,,,,,,
47872,20,424,18,141.80602006688963,,2,3,5.769230769230769,13,7,73,7,115.87301587301587,,,,
47873,8,190,8,130.13698630136986,,5,4,6.72,15,3,26,3,92.85714285714286,,,,
47886,3,0,1,0,,1,2,9.636363636363637,33,,,,,,,,
47890,4,7,3,31.818181818181817,,,,,,,,,,,,,
479,58,117,21,93.6,,67,54,7.607321131447588,17.940298507462686,45,73,16,91.25,33,64,12,98.46153846153847
4790,2,3,1,75,,1,2,11.764705882352942,51,2,3,1,75,,,,
47909,1,0,1,0,,,,,,,,,,,,,
47918,1,3,1,37.5,,,,,,,,,,,,,
47919,4,9,2,112.5,,0,2,4.7368421052631575,,,,,,,,,
47922,6,9,2,90,,8,5,10.272727272727273,8.25,,,,,,,,
47923,9,35,6,116.66666666666667,,0,1,15.428571428571429,,,,,,,,,
47924,8,136,8,130.76923076923077,,,,,,,,,,,,,
47929,12,95,6,150.79365079365078,,,,,,,,,,,,,
4793,4,78,3,109.85915492957747,,,,,,4,78,3,109.85915492957747,,,,
47933,3,59,3,137.2093023255814,,1,1,4.666666666666667,9,,,,,,,,
47947,7,31,3,147.61904761904762,,,,,,,,,,,,,
47961,2,25,2,83.33333333333333,,,,,,,,,,,,,
47974,2,11,2,57.89473684210526,,1,2,7.384615384615385,39,2,11,2,57.89473684210526,,,,
47977,13,100,13,75.75757575757575,,,,,,10,85,10,75.22123893805309,,,,
47980,5,59,5,85.50724638,,,,,,5,59,5,85.50724638,,,,
47983,2,11,2,68.75,,,,,,2,11,2,68.75,,,,
47986,8,43,7,74.13793103448276,,6,6,7.045454545454546,22,,,,,,,,
47988,2,25,1,100,,,,,,,,,,,,,
47990,2,25,2,86.20689655172414,,,,,,2,25,2,86.20689655172414,,,,
47991,1,5,1,71.42857142857143,,,,,,,,,,,,,
47992,1,0,1,0,,0,1,16,,1,0,1,0,,,,
48019,1,3,1,50,,,,,,,,,,,,,
4805,2,42,2,123.52941176470588,,0,2,6.909090909090909,,2,42,2,123.52941176470588,2,42,2,123.52941176470588
4806,23,262,21,121.29629629629629,,,,,,16,193,15,118.40490797546012,6,72,6,135.8490566037736
4809,6,85,6,89.47368421052632,,,,,,6,85,6,89.47368421052632,6,85,6,89.47368421052632
4812,6,146,6,107.3529411764706,,4,5,6.141176470588236,21.25,6,146,6,107.3529411764706,,,,
48142,16,311,15,121.01167315175097,,3,6,8.415584415584416,25.666666666666668,16,311,15,121.01167315175097,7,163,7,112.41379310344827
4816,63,6,6,28.571428571428573,,73,63,8.160493827160494,19.972602739726028,49,5,5,26.31578947368421,34,5,5,26.31578947368421
4817,51,1756,48,142.30145867098867,,14,10,8.076923076923077,11.142857142857142,49,1720,46,142.1487603305785,35,1234,32,146.9047619047619
4818,5,138,5,135.2941176470588,,,,,,3,70,3,162.7906976744186,3,70,3,162.7906976744186
4819,20,232,17,138.92215568862275,,14,18,8.489913544668587,24.785714285714285,9,82,9,132.25806451612902,3,34,2,100
4820,17,679,18,136.61971830985917,,,,,,11,315,11,137.55458515283843,4,68,4,95.77464788732394
4821,48,807,43,137.94871794871796,,3,12,7.705882352941177,34,42,689,38,141.47843942505133,32,564,28,136.56174334140437
4823,57,687,40,125.82417582417582,,36,53,7.814117647058824,23.61111111111111,46,461,31,116.12090680100755,37,435,28,115.38461538461539
4824,39,49,8,89.09090909,,54,39,7.978494623655914,15.5,16,18,3,62.06896551724138,4,2,1,50
4826,6,4,3,50,,4,6,9.049180327868852,30.5,6,4,3,50,6,4,3,50
48278,4,0,2,0,,5,4,6.814814814814815,16.2,,,,,,,,
48281,13,208,10,136.8421052631579,,,,,,2,18,1,72,2,18,1,72
4830,1,4,2,30.76923076923077,,,,,,,,,,,,,
48306,1,2,1,50,,0,1,10,,1,2,1,50,1,2,1,50
48307,1,2,1,100,,0,1,3.4285714285714284,,1,2,1,100,1,2,1,100
4837,46,52,10,85.24590163934427,,69,46,7.807580174927113,14.91304347826087,43,47,7,90.38461538461539,30,35,6,87.5
4838,3,19,2,76,,1,3,8.5,36,3,19,2,76,3,19,2,76
4840,25,177,20,121.23287671232876,,28,24,9.304347826086957,14.785714285714286,25,177,20,121.23287671232876,25,177,20,121.23287671232876
4842,5,55,3,148.64864864864865,,6,4,7.875,10.666666666666666,2,7,1,116.66666666666667,,,,
4847,33,889,33,157.6241134751773,,,,,,28,745,28,150.8097165991903,17,378,17,142.10526315789474
48498,9,77,6,175,,19,9,7.536231884057971,10.894736842105264,,,,,,,,
48499,4,17,2,106.25,,,,,,,,,,,,,
48504,14,430,14,176.2295081967213,,3,3,10.036363636363637,18.333333333333332,,,,,,,,
48505,4,21,3,75,,,,,,,,,,,,,
48510,3,7,2,233.33333333333334,,1,1,5.142857142857143,7,,,,,,,,
48520,4,56,4,107.6923076923077,,,,,,,,,,,,,
48522,7,88,5,131.34328358208955,,,,,,,,,,,,,
4853,44,939,43,136.8804664723032,,8,11,6.873786408,12.875,41,902,40,137.92048929663608,28,627,27,145.4756380510441
4854,46,779,42,133.3904109589041,,12,16,6.514285714285714,20.416666666666668,27,413,25,140,15,122,13,112.96296296296296
48545,5,127,5,162.82051282051282,,,,,,,,,,,,,
48546,12,5,4,55.55555555555556,,11,12,8.359832635983263,21.727272727272727,,,,,,,,
48548,7,1,1,25,,7,7,8.661971830985916,20.285714285714285,5,,,,,,,
48552,17,78,13,120,,20,17,6.985590778097983,17.35,7,38,7,100,,,,
48554,5,34,4,106.25,,,,,,5,34,4,106.25,,,,
48555,14,193,12,101.04712041884817,,,,,,7,62,5,93.93939393939394,,,,
48556,6,142,6,149.47368421052633,,,,,,,,,,,,,
4856,18,21,7,72.41379310344827,,18,16,8.628571428571428,17.5,13,14,5,60.869565217391305,2,,,
48563,6,98,6,85.96491228070175,,,,,,4,66,4,84.61538461538461,,,,
48564,13,98,8,108.88888888888889,,,,,,5,10,3,50,,,,
48566,2,1,1,50,,1,2,7.894736842105263,38,1,1,1,50,,,,
48569,6,119,6,115.53398058252426,,0,2,7.75,,,,,,,,,
48572,1,4,1,133.33333333333334,,0,1,15,,,,,,,,,
48575,18,383,17,155.06072874493927,,,,,,9,181,8,142.51968503937007,,,,
48616,5,16,2,106.66666666666667,,6,5,6.578947368421052,19,,,,,,,,
487,10,50,9,111.11111111111111,,6,10,7.92,33.333333333333336,10,50,9,111.11111111111111,10,50,9,111.11111111111111
4874,10,8,6,61.53846153846154,,14,10,7.380753138075314,17.071428571428573,6,2,4,28.571428571428573,,,,
48741,5,47,5,127.02702702702703,,,,,,5,47,5,127.02702702702703,,,,
48766,19,48,8,75,,16,7,5.403973509933775,9.4375,17,44,7,80,,,,
48767,11,2,1,100,,13,9,4.899082569,16.76923076923077,10,2,1,100,,,,
48768,5,25,2,80.64516129032258,,,,,,5,25,2,80.64516129032258,,,,
48769,5,8,2,42.10526315789474,,1,1,7,12,5,8,2,42.10526315789474,,,,
48771,19,83,13,90.21739130434783,,20,15,6.367346939,14.7,15,47,9,87.03703703703704,,,,
48780,5,68,5,74.72527472527473,,,,,,5,68,5,74.72527472527473,,,,
48783,2,5,2,26.31578947368421,,,,,,2,5,2,26.31578947368421,,,,
48794,8,161,8,84.73684210526316,,8,7,4.930693069306931,12.625,8,161,8,84.73684210526316,,,,
48795,7,16,3,45.714285714285715,,13,7,5.48,11.538461538461538,7,16,3,45.714285714285715,,,,
48796,13,2,6,12.5,,19,13,5.365187713,15.421052631578947,8,2,4,14.285714285714286,,,,
48797,9,35,6,68.62745098039215,,3,4,4.935483870967742,20.666666666666668,8,34,5,69.38775510204081,,,,
48799,10,170,10,82.52427184466019,,0,1,16,,10,170,10,82.52427184466019,,,,
48801,4,8,2,88.88888888888889,,5,4,4.363636363636363,15.4,,,,,,,,
48803,4,36,3,70.58823529411765,,1,2,9.142857142857142,42,,,,,,,,
48804,3,30,3,69.76744186046511,,,,,,,,,,,,,
48805,15,4,2,23.529411764705884,,6,9,5.25,21.333333333333332,11,,,,,,,
48810,3,56,3,78.87323943661971,,3,3,6.196721311,20.333333333333332,3,56,3,78.87323943661971,,,,
48811,5,13,5,30.952380952380953,,,,,,4,10,4,28.571428571428573,,,,
48813,1,10,1,40,,,,,,1,10,1,40,,,,
48815,10,14,4,73.68421053,,6,7,6.3076923076923075,19.5,9,14,4,73.68421053,,,,
48816,13,27,3,90,,5,11,6.34375,38.4,13,27,3,90,,,,
48819,10,87,9,82.85714285714286,,4,1,13,6,7,73,7,82.95454545454545,,,,
48820,8,13,4,44.827586206896555,,9,6,5.2105263157894735,16.88888888888889,8,13,4,44.827586206896555,,,,
48823,6,122,6,119.6078431372549,,8,6,5.639097744360902,16.625,,,,,,,,
48827,2,0,2,0,,,,,,2,0,2,0,,,,
48828,5,18,5,36.734693877551024,,,,,,3,11,3,28.205128205128204,,,,
48829,8,45,7,52.325581395348834,,,,,,8,45,7,52.325581395348834,,,,
48830,7,45,6,56.25,,,,,,7,45,6,56.25,,,,
48856,7,9,3,60,,1,2,7,18,7,9,3,60,,,,
48892,21,757,20,137.13768115942028,,1,9,9.758241758241759,91,10,262,10,128.4313725490196,,,,
48936,13,163,9,99.39024390243902,,26,12,7.277108434,9.576923076923077,13,163,9,99.39024390243902,,,,
48941,2,2,2,40,,,,,,2,2,2,40,,,,
48944,9,132,9,96.35036496350365,,,,,,6,77,6,98.71794871794872,,,,
48946,0,25,2,62.5,,3,2,5.419354838709677,10.333333333333334,0,20,1,60.60606060606061,,,,
48947,6,31,3,106.89655172413794,,1,4,7.833333333333333,36,6,31,3,106.89655172413794,,,,
48948,12,620,12,138.70246085011186,,,,,,,,,,,,,
4895,46,745,45,115.14683153013911,,7,11,7.733333333333333,19.285714285714285,34,585,33,113.15280464216634,24,461,24,111.08433734939759
48950,13,6,2,85.71428571428571,,19,12,8.8,13.421052631578947,8,2,1,66.66666666666667,,,,
48953,6,318,6,157.4257425742574,,,,,,,,,,,,,
48954,2,5,2,26.31578947368421,,0,1,11,,2,5,2,26.31578947368421,,,,
48956,10,2,1,25,,3,6,6.065217391304348,30.666666666666668,,,,,,,,
48957,9,1,1,25,,7,7,6.072289156626506,11.857142857142858,,,,,,,,
48959,8,118,8,112.38095238095238,,,,,,,,,,,,,
4900,86,516,61,118.89400921658986,,122,88,7.675344563552833,16.057377049180328,63,445,49,122.25274725274726,52,307,39,114.1263940520446
49003,17,364,19,149.18032786885246,,,,,,,,,,,,,
4901,7,11,3,183.33333333333334,,5,6,9.870967741935484,24.8,7,11,3,183.33333333333334,3,10,1,250
4902,20,299,20,114.12213740458016,,,,,,16,264,16,119.45701357466064,10,90,10,86.53846153846153
49027,1,20,1,86.95652173913044,,,,,,,,,,,,,
4904,26,426,25,118.66295264623956,,5,12,8.013698630136986,29.2,10,208,9,122.3529411764706,1,10,1,62.5
4908,2,0,1,0,,0,2,12.72,,1,0,1,0,,,,
492,27,583,26,122.73684210526316,,0,1,5,,25,583,24,124.83940042826552,21,549,21,126.20689655172414
4926,43,418,25,132.6984126984127,,34,39,7.539823008849558,23.264705882352942,35,305,19,132.6086956521739,28,239,14,125.78947368421052
49265,2,0,2,0,,,,,,,,,,,,,
49268,3,76,3,111.76470588235294,,,,,,,,,,,,,
49343,3,34,3,89.47368421052632,,2,3,7.565217391304348,34.5,,,,,,,,
49369,2,7,1,50,,,,,,1,7,1,50,,,,
494,42,591,37,121.85567010309278,,15,24,6.918918918918919,22.2,42,591,37,121.85567010309278,42,591,37,121.85567010309278
4947,6,15,3,136.36363636363637,,4,6,8.014925373134329,33.5,6,15,3,136.36363636363637,5,15,3,136.36363636363637
496,16,461,16,120.36553524804178,,1,3,9.677419355,31,16,461,16,120.36553524804178,16,461,16,120.36553524804178
49626,8,170,8,140.49586776859505,,2,4,6.9818181818181815,27.5,,,,,,,,
49665,5,1,1,50,,2,4,10.772727272727273,22,5,1,1,50,,,,
49666,3,3,2,33.333333333333336,,,,,,3,3,2,33.333333333333336,,,,
49670,18,408,17,179.73568281938327,,,,,,9,221,8,176.8,,,,
49674,14,305,14,132.03463203463204,,,,,,4,28,4,82.35294118,,,,
49677,7,79,5,117.91044776119404,,,,,,7,79,5,117.91044776119404,,,,
49682,15,178,9,181.6326530612245,,,,,,2,20,1,181.8181818181818,,,,
497,48,1614,48,122.64437689969606,,,,,,34,1201,34,121.06854838709677,19,709,19,122.03098106712565
4973,13,2,4,40,,15,13,6.605504587155964,21.8,13,2,4,40,,,,
4974,5,69,4,85.18518518518519,,2,5,8.4375,32,3,66,3,89.18918919,,,,
49803,3,2,2,28.571428571428573,,,,,,,,,,,,,
49805,3,20,3,68.96551724137932,,,,,,3,20,3,68.96551724137932,,,,
49811,9,22,3,129.41176470588235,,6,7,5.438848920863309,23.166666666666668,9,22,3,129.41176470588235,,,,
49815,3,1,2,50,,3,3,6.9818181818181815,18.333333333333332,3,1,2,50,,,,
49816,16,88,10,103.52941176470588,,1,2,3.4285714285714284,14,16,88,10,103.52941176470588,,,,
49818,4,24,2,109.0909090909091,,3,4,9.12,16.666666666666668,,,,,,,,
49820,7,36,7,94.73684210526316,,11,6,2.8,10.909090909090908,7,36,7,94.73684210526316,,,,
49822,4,9,3,45,,,,,,4,9,3,45,,,,
49826,6,123,6,91.79104478,,,,,,,,,,,,,
49827,12,34,7,94.44444444444444,,8,9,5.089887640449438,22.25,11,34,7,94.44444444444444,,,,
49832,14,110,14,70.06369426751593,,0,1,9.428571428571429,,11,70,11,64.22018348623853,,,,
49833,3,2,1,50,,1,3,6.315789473684211,57,3,2,1,50,,,,
49835,13,164,13,88.64864864864865,,,,,,10,130,10,90.27777777777777,,,,
49836,3,16,2,94.11764705882354,,,,,,3,16,2,94.11764705882354,,,,
4985,14,289,15,120.92050209205021,,,,,,14,284,14,123.47826086956522,4,120,4,136.36363636363637
49850,3,5,2,33.333333333333336,,,,,,3,5,2,33.333333333333336,,,,
49851,10,43,8,76.78571428571429,,11,6,4.299212598425197,11.545454545454545,7,16,5,100,,,,
4986,92,1913,82,141.7037037037037,,2,10,9.6,40,72,1521,64,142.6829268292683,44,923,40,146.04430379746836
499,69,1500,63,135.01350135013502,,76,68,6.182539682539683,19.894736842105264,69,1500,63,135.01350135013502,56,1245,52,133.72717508055854
4992,4,37,3,115.625,,,,,,1,0,1,0,1,0,1,0
4995,11,341,10,122.22222222222223,,0,1,4.5,,3,90,2,169.81132075471697,3,90,2,169.81132075471697
500,5,56,5,107.6923076923077,,,,,,5,56,5,107.6923076923077,2,28,2,127.27272727272727
5010,13,247,10,126.0204081632653,,5,7,8.513513513513514,14.8,2,69,2,138,2,69,2,138
50192,4,18,2,81.81818181818181,,5,4,9.333333333333334,10.8,4,18,2,81.81818181818181,,,,
50196,5,7,3,43.75,,,,,,1,5,1,55.55555555555556,,,,
502,20,30,5,130.43478260869566,,21,20,8.111111111,18,19,30,5,130.43478260869566,16,24,4,184.6153846153846
50206,1,28,1,155.55555555555554,,,,,,1,28,1,155.55555555555554,,,,
50250,22,309,18,124.09638554216868,,,,,,17,229,13,144.0251572327044,9,137,5,161.1764705882353
5028,19,231,16,146.20253164556962,,6,14,7.981900452488688,36.833333333333336,9,89,8,117.10526315789474,,,,
50280,2,75,2,122.95081967213115,,1,1,6.631578947368421,19,,,,,,,,
50284,12,518,13,211.42857142857142,,,,,,,,,,,,,
50285,19,157,14,148.11320754716982,,5,10,8.35,24,10,118,10,153.24675324675326,,,,
50286,6,73,6,105.79710144927536,,,,,,,,,,,,,
50287,5,74,5,98.66666666666667,,,,,,,,,,,,,
5029,37,1057,37,142.06989247311827,,22,27,8.493333333333334,20.454545454545453,26,651,25,135.34303534303535,25,620,24,137.47228381374723
50293,1,1,1,20,,,,,,,,,,,,,
50333,3,13,2,81.25,,6,3,4.9655172413793105,9.666666666666666,,,,,,,,
5034,60,356,32,97.26775956284153,,59,60,6.9883990719257545,21.915254237288135,52,288,26,99.65397923875433,45,247,21,99.59677419354838
5039,63,1771,58,151.49700598802394,,,,,,42,1186,39,148.25,22,754,21,141.46341463414635
504,13,205,12,111.41304347826087,,6,5,4.9787234042553195,7.833333333333333,8,74,8,112.12121212121212,8,74,8,112.12121212121212
5041,70,19,11,67.85714285714286,,96,70,8.331360946745562,15.84375,51,17,9,70.83333333333333,26,14,6,107.6923076923077
505,63,1245,56,117.56373937677054,,,,,,49,1061,47,116.21029572836802,34,682,32,115.98639455782313
5050,19,508,19,109.71922246220302,,,,,,18,496,18,111.71171171171171,9,345,9,122.77580071174377
5053,18,38,7,126.66666666666667,,23,18,8.794029850746268,14.565217391304348,7,7,1,100,2,,,
50589,5,4,2,80,,5,5,6.836065573770492,24.4,,,,,,,,
506,45,833,43,114.42307692307692,,,,,,30,565,29,111.00196463654224,19,361,18,107.76119402985074
5062,1,12,1,100,,,,,,1,12,1,100,1,12,1,100
5065,2,2,2,28.571428571428573,,,,,,,,,,,,,
5066,2,40,2,97.56097561,,,,,,2,40,2,97.56097561,2,40,2,97.56097561
5068,5,16,4,114.28571428571429,,5,5,9,21.2,5,16,4,114.28571428571429,4,14,3,127.27272727272727
507,71,1291,61,116.83257918552036,,9,25,7.321585903,25.22222222222222,57,1085,53,113.73165618448637,39,798,37,111.2970711297071
5071,9,229,7,150.6578947368421,,5,6,4,12,9,229,7,150.6578947368421,9,229,7,150.6578947368421
5073,18,67,9,131.37254901960785,,18,16,9.076923076923077,17.333333333333332,11,34,6,117.24137931034483,5,23,3,153.33333333333334
51064,2,37,2,148,,,,,,,,,,,,,
51078,23,660,23,127.65957446808511,,,,,,13,308,12,110.79136690647482,,,,
51083,3,10,2,62.5,,1,3,9.636363636363637,66,3,10,2,62.5,,,,
51087,4,4,2,200,,4,4,7.5,21,4,4,2,200,,,,
51263,2,28,2,186.66666666666666,,,,,,,,,,,,,
51290,1,3,1,50,,0,1,8.666666666666666,,1,3,1,50,,,,
51293,7,208,9,124.55089820359281,,,,,,,,,,,,,
51346,15,335,15,127.3764258555133,,,,,,8,171,8,122.14285714285714,,,,
51390,9,38,7,126.66666666666667,,3,4,8.15625,21.333333333333332,1,,,,,,,
51438,2,25,4,113.63636363636364,,,,,,,,,,,,,
51699,1,24,1,120,,,,,,,,,,,,,
51707,4,26,3,173.33333333333334,,3,4,12.375,16,,,,,,,,
51864,7,87,7,131.8181818181818,,,,,,,,,,,,,
5189,43,421,32,150.89605734767025,,59,43,7.142496847,13.440677966101696,14,154,10,137.5,10,94,7,123.6842105263158
52040,5,50,5,100,,,,,,,,,,,,,
52048,7,160,7,146.78899082568807,,9,7,6.881118881118881,15.88888888888889,,,,,,,,
52050,4,77,3,124.19354838709677,,,,,,,,,,,,,
52051,6,42,6,95.45454545454545,,7,4,7.702702702702703,10.571428571428571,,,,,,,,
52054,2,0,2,0,,,,,,,,,,,,,
52056,7,107,7,116.30434782608695,,,,,,,,,,,,,
52059,6,9,2,128.57142857142858,,10,6,5.694915254237288,11.8,,,,,,,,
52060,5,9,2,90,,5,4,7.032258064516129,18.6,,,,,,,,
52064,3,1,1,100,,2,3,7.475409836065574,30.5,,,,,,,,
52070,6,74,6,101.36986301369863,,,,,,,,,,,,,
52071,3,3,2,50,,,,,,,,,,,,,
52072,9,228,9,134.9112426035503,,,,,,,,,,,,,
52073,1,0,1,0,,,,,,,,,,,,,
52074,5,14,3,51.851851851851855,,4,4,7.573770491803279,15.25,,,,,,,,
52075,6,174,6,122.53521126760563,,,,,,,,,,,,,
52076,3,4,3,28.571428571428573,,,,,,,,,,,,,
52086,6,72,5,92.30769231,,,,,,,,,,,,,
52089,2,4,1,66.66666666666667,,,,,,,,,,,,,
52091,5,77,5,91.66666666666667,,,,,,,,,,,,,
52095,4,19,3,86.36363636363636,,,,,,,,,,,,,
52099,7,140,7,113.82113821138212,,,,,,,,,,,,,
52101,2,46,2,124.32432432432432,,,,,,,,,,,,,
52102,7,1,1,50,,6,7,6.425806451612903,25.833333333333332,,,,,,,,
52104,5,5,1,100,,7,5,8.096385542168674,11.857142857142858,,,,,,,,
52107,1,2,1,16.666666666666668,,,,,,,,,,,,,
52109,7,4,3,28.571428571428573,,6,7,8.464285714285714,18.666666666666668,,,,,,,,
52112,2,14,2,93.33333333333333,,1,2,10.846153846153847,26,,,,,,,,
52114,6,65,6,104.83870967741936,,1,4,7.659574468085107,47,,,,,,,,
52115,1,1,1,50,,,,,,,,,,,,,
52117,1,0,1,0,,,,,,,,,,,,,
52119,1,14,1,66.66666666666667,,,,,,,,,,,,,
52121,9,137,7,109.6,,,,,,5,69,4,102.98507462686567,,,,
52124,1,4,1,23.529411764705884,,,,,,,,,,,,,
52128,10,268,10,117.03056768558952,,,,,,,,,,,,,
52152,15,33,5,106.45161290322581,,18,15,9.296052631578947,16.88888888888889,6,3,2,100,,,,
52346,2,1,1,25,,,,,,,,,,,,,
52347,9,84,7,80.76923076923077,,,,,,,,,,,,,
52348,12,116,9,92.06349206349206,,0,2,9.857142857142858,,,,,,,,,
52358,5,0,3,0,,1,4,7.522388059701493,67,,,,,,,,
52359,5,13,1,37.142857142857146,,,,,,,,,,,,,
52362,9,66,8,73.33333333333333,,,,,,,,,,,,,
52368,3,5,1,62.5,,,,,,,,,,,,,
52377,7,5,2,62.5,,2,6,8.860465116,43,,,,,,,,
52378,8,39,4,58.208955223880594,,,,,,,,,,,,,
52379,8,19,3,135.71428571428572,,11,7,5.368421052631579,12.090909090909092,,,,,,,,
52382,6,5,1,166.66666666666666,,2,3,3.75,28,,,,,,,,
52384,8,17,5,62.96296296296296,,5,5,7.016949152542373,11.8,,,,,,,,
52390,5,38,4,97.43589743589743,,1,2,15.666666666666666,18,,,,,,,,
52393,8,55,7,98.21428571428571,,1,2,8.75,24,,,,,,,,
52394,8,6,2,66.66666666666667,,4,8,5.639097744360902,33.25,,,,,,,,
52396,7,58,4,98.30508474576271,,,,,,,,,,,,,
524,25,247,20,132.79569892473117,,9,8,5.061224489795919,16.333333333333332,25,247,20,132.79569892473117,21,221,17,139.8734177
52402,1,27,1,96.42857142857143,,,,,,,,,,,,,
52408,8,82,8,96.47058823529412,,5,3,6.255319149,9.4,,,,,,,,
52414,1,5,1,62.5,,,,,,,,,,,,,
52418,1,1,1,33.333333333333336,,,,,,,,,,,,,
52421,7,51,6,60,,0,1,14,,,,,,,,,
52422,7,59,6,96.72131147540983,,3,4,7.928571428571429,18.666666666666668,,,,,,,,
52423,4,12,3,70.58823529411765,,,,,,,,,,,,,
52425,7,82,7,120.58823529411765,,0,2,12.666666666666666,,,,,,,,,
52426,1,1,1,100,,1,1,12,7,,,,,,,,
52430,9,19,4,126.66666666666667,,9,7,7.602739726027397,16.22222222222222,,,,,,,,
52431,7,58,6,78.37837837837837,,,,,,,,,,,,,
52432,6,0,2,0,,5,4,4.2727272727272725,13.2,,,,,,,,
52433,8,24,5,57.142857142857146,,,,,,,,,,,,,
52434,4,1,2,50,,0,1,5.142857142857143,,,,,,,,,
52436,9,131,8,78.91566265060241,,,,,,,,,,,,,
52438,9,2,1,25,,4,7,4.864864864864865,27.75,,,,,,,,
52443,8,29,5,96.66666666666667,,9,7,6.515625,14.222222222222221,,,,,,,,
52444,8,113,7,110.7843137254902,,6,8,7.097142857142857,29.166666666666668,,,,,,,,
52446,5,11,3,91.66666666666667,,2,3,9,22,,,,,,,,
52455,10,44,4,97.77777777777777,,11,10,9.06,18.181818181818183,4,16,2,69.56521739130434,,,,
52658,1,0,1,0,,,,,,,,,,,,,
52660,5,83,5,93.25842696629213,,2,2,8.888888889,13.5,,,,,,,,
52675,3,30,3,176.47058823529412,,,,,,,,,,,,,
52678,12,38,5,79.16666666666667,,15,12,7.247787610619469,15.066666666666666,,,,,,,,
52679,15,17,5,100,,13,15,7.405405405405405,25.615384615384617,8,14,4,127.27272727272727,,,,
52682,10,302,10,145.19230769230768,,1,4,8.769230769,26,,,,,,,,
52683,3,37,3,112.12121212121212,,5,2,9.381818181818181,11,,,,,,,,
52729,8,11,1,220,,10,8,9.148936170212766,14.1,,,,,,,,
53167,2,21,1,84,,,,,,,,,,,,,
53174,11,122,9,129.7872340425532,,1,6,9.125,48,11,122,9,129.7872340425532,,,,
53192,7,165,7,196.42857142857142,,,,,,7,165,7,196.42857142857142,,,,
53222,4,21,3,91.30434782608695,,7,4,9.9,11.428571428571429,,,,,,,,
53474,1,0,1,0,,,,,,,,,,,,,
535,52,789,43,132.60504201680672,,,,,,52,789,43,132.60504201680672,52,789,43,132.60504201680672
53627,9,46,4,153.33333333333334,,0,2,14,,9,46,4,153.33333333333334,,,,
53630,8,97,4,156.4516129032258,,6,7,9.963302752293577,18.166666666666668,8,97,4,156.4516129032258,,,,
53644,2,37,2,127.58620689655173,,,,,,,,,,,,,
53647,3,156,3,177.27272727272728,,,,,,3,156,3,177.27272727272728,,,,
53675,7,136,6,100,,,,,,,,,,,,,
53748,4,59,4,190.32258064516128,,,,,,,,,,,,,
53776,8,96,7,188.23529411764707,,,,,,,,,,,,,
53839,9,34,4,188.88888888888889,,6,6,7.407407407407407,13.5,5,1,1,33.333333333333336,,,,
53840,3,47,3,127.02702702702703,,1,1,7.2,20,,,,,,,,
53842,6,9,3,45,,9,6,7.181102362204724,14.11111111111111,,,,,,,,
53843,4,10,4,45.45454545454545,,,,,,,,,,,,,
53844,2,3,2,27.272727272727273,,1,1,11.076923076923077,13,,,,,,,,
53848,1,0,1,0,,,,,,,,,,,,,
53851,2,54,2,100,,0,2,8.727272727272727,,,,,,,,,
53971,7,107,7,112.63157894736842,,1,1,5.5,12,5,90,5,108.43373493975903,,,,
54140,5,57,4,158.33333333333334,,6,5,6.466666666666667,15,5,57,4,158.33333333333334,,,,
54182,5,34,2,121.42857142857143,,,,,,5,34,2,121.42857142857143,,,,
542,2,8,2,40,,0,1,9,,2,8,2,40,2,8,2,40
54228,7,170,6,132.8125,,,,,,,,,,,,,
54233,5,41,3,95.34883720930233,,,,,,,,,,,,,
54409,9,15,2,136.36363636363637,,8,8,7.208955223880597,16.75,9,15,2,136.36363636363637,,,,
54410,10,188,9,122.07792207792208,,,,,,10,188,9,122.07792207792208,,,,
54413,9,61,6,124.48979591836735,,,,,,9,61,6,124.48979591836735,,,,
54414,9,188,8,129.6551724137931,,0,2,13,,1,,,,,,,
54429,16,56,7,169.6969696969697,,16,14,8.179775280898877,16.6875,16,56,7,169.6969696969697,,,,
54430,25,331,21,116.14035087719299,,,,,,17,202,14,109.78260869565217,,,,
54431,15,221,14,103.75586854460094,,,,,,15,221,14,103.75586854460094,,,,
54432,8,3,2,42.857142857142854,,9,8,8.140350877192983,19,8,3,2,42.857142857142854,,,,
54433,8,52,5,120.93023255813954,,5,6,10.112903225806452,24.8,8,52,5,120.93023255813954,,,,
54435,6,92,4,170.37037037037038,,4,4,12.872727272727273,13.75,6,92,4,170.37037037037038,,,,
54436,9,26,6,63.41463414634146,,6,7,9.471428571428572,23.333333333333332,9,26,6,63.41463414634146,,,,
54437,2,6,1,85.71428571428571,,2,2,10.68,25,2,6,1,85.71428571428571,,,,
54438,10,226,9,160.2836879432624,,10,8,8.294117647058824,13.6,10,226,9,160.2836879432624,,,,
54440,12,214,11,136.30573248407643,,2,6,10.191780821917808,36.5,12,214,11,136.30573248407643,,,,
54441,2,3,2,50,,0,1,11,,2,3,2,50,,,,
54442,10,197,9,133.1081081081081,,,,,,10,197,9,133.1081081081081,,,,
54443,3,14,3,155.55555555555554,,,,,,3,14,3,155.55555555555554,,,,
54461,28,370,24,161.57205240174673,,,,,,17,241,15,163.94557823129253,,,,
54462,16,130,13,112.06896551724138,,0,2,11.625,,16,130,13,112.06896551724138,,,,
54464,11,135,6,126.16822429906541,,,,,,11,135,6,126.16822429906541,,,,
54471,19,356,15,145.30612244897958,,10,10,5.464968152866242,15.7,,,,,,,,
54508,8,28,3,147.3684210526316,,6,6,6.107142857142857,18.666666666666668,8,28,3,147.3684210526316,,,,
54519,2,15,2,93.75,,0,1,14.571428571428571,,,,,,,,,
54528,5,60,5,105.26315789473684,,,,,,5,60,5,105.26315789473684,,,,
54538,2,17,1,121.42857142857143,,,,,,,,,,,,,
54541,18,44,8,112.82051282051282,,16,15,7.430769230769231,16.25,12,19,4,105.55555555555556,,,,
54544,3,54,2,108,,4,2,9.5,9,3,54,2,108,,,,
54586,4,36,3,116.12903225806451,,,,,,,,,,,,,
54600,3,52,3,123.80952380952381,,2,1,6,3,3,52,3,123.80952380952381,,,,
5471,20,267,15,114.5922746781116,,,,,,10,192,7,132.41379310344828,2,28,1,280
548,8,27,3,180,,9,8,8.594594594594595,16.444444444444443,8,27,3,180,8,27,3,180
54811,3,5,1,55.55555555555556,,0,3,10.821428571428571,,3,5,1,55.55555555555556,,,,
54817,3,41,3,205,,2,2,9.913043478,11.5,3,41,3,205,,,,
54818,7,1,1,25,,5,5,6.1875,19.2,,,,,,,,
54831,5,144,5,102.12765957446808,,,,,,5,144,5,102.12765957446808,,,,
54836,2,0,1,0,,,,,,2,0,1,0,,,,
54839,7,26,2,118.18181818181819,,,,,,7,26,2,118.18181818181819,,,,
54842,10,1,1,50,,12,10,4.9655172413793105,14.5,10,1,1,50,,,,
54846,3,6,2,66.66666666666667,,,,,,3,6,2,66.66666666666667,,,,
54847,5,25,4,71.42857142857143,,4,5,6.508474576271187,29.5,5,25,4,71.42857142857143,,,,
54848,5,21,4,87.5,,,,,,5,21,4,87.5,,,,
54849,3,12,3,66.66666666666667,,,,,,3,12,3,66.66666666666667,,,,
54850,5,30,5,83.33333333333333,,3,3,15.6,8.333333333333334,5,30,5,83.33333333333333,,,,
54851,5,30,4,120,,,,,,5,30,4,120,,,,
54852,5,16,4,88.88888888888889,,4,5,7.444444444444445,27,5,16,4,88.88888888888889,,,,
54853,5,54,5,72,,,,,,5,54,5,72,,,,
54854,4,85,4,101.19047619047619,,4,4,6.394736842105263,19,4,85,4,101.19047619047619,,,,
54855,5,0,1,0,,,,,,5,0,1,0,,,,
54856,5,1,1,50,,3,4,6.923076923076923,26,5,1,1,50,,,,
54857,5,114,5,97.43589743589743,,10,5,6.932038834951456,10.3,5,114,5,97.43589743589743,,,,
54866,2,7,1,77.77777777777777,,1,1,8.068965517241379,29,2,7,1,77.77777777777777,,,,
54867,4,44,4,110,,,,,,4,44,4,110,,,,
54869,1,6,1,60,,,,,,1,6,1,60,,,,
54870,6,1,1,33.333333333333336,,2,5,7.175257731958763,48.5,4,1,1,33.333333333333336,,,,
54871,5,2,3,28.571428571428573,,,,,,5,2,3,28.571428571428573,,,,
54872,4,19,3,63.333333333333336,,0,3,8.5,,4,19,3,63.333333333333336,,,,
54873,3,41,3,102.5,,,,,,3,41,3,102.5,,,,
54874,2,17,2,141.66666666666666,,,,,,2,17,2,141.66666666666666,,,,
54875,1,18,1,138.46153846153845,,,,,,1,18,1,138.46153846153845,,,,
54877,2,2,1,22.22222222222222,,,,,,2,2,1,22.22222222222222,,,,
54879,2,11,2,61.111111111111114,,,,,,2,11,2,61.111111111111114,,,,
54880,5,82,4,134.4262295081967,,,,,,5,82,4,134.4262295081967,,,,
54881,5,38,3,158.33333333333334,,,,,,5,38,3,158.33333333333334,,,,
54884,1,0,1,0,,,,,,1,0,1,0,,,,
54887,5,66,5,103.125,,,,,,5,66,5,103.125,,,,
54888,4,22,3,95.65217391304348,,2,4,6.8076923076923075,26,4,22,3,95.65217391304348,,,,
54889,5,4,3,57.142857142857146,,4,5,6.711864406779661,29.5,5,4,3,57.142857142857146,,,,
54892,2,15,2,65.21739130434783,,,,,,2,15,2,65.21739130434783,,,,
54893,1,1,1,25,,,,,,1,1,1,25,,,,
54894,3,57,3,72.15189873417721,,0,1,14.571428571428571,,3,57,3,72.15189873417721,,,,
54895,5,107,5,107,,,,,,5,107,5,107,,,,
54896,12,223,11,103.24074074074075,,,,,,12,223,11,103.24074074074075,,,,
54897,2,0,1,0,,5,2,5.8125,6.4,2,0,1,0,,,,
54898,3,21,3,91.30434782608695,,,,,,3,21,3,91.30434782608695,,,,
54899,5,18,4,78.26086956521739,,4,3,6.688524590163935,15.25,5,18,4,78.26086956521739,,,,
54901,5,73,5,74.48979591836735,,,,,,5,73,5,74.48979591836735,,,,
54902,3,26,3,100,,1,1,10.25,24,3,26,3,100,,,,
54907,5,13,4,52,,5,5,5.464285714285714,22.4,5,13,4,52,,,,
54908,8,109,8,123.86363636363636,,,,,,5,45,5,115.38461538461539,,,,
54909,5,44,5,107.3170731707317,,2,5,6.277777777777778,54,5,44,5,107.3170731707317,,,,
54910,4,32,4,84.21052631578948,,,,,,4,32,4,84.21052631578948,,,,
54911,5,115,5,106.48148148148148,,,,,,5,115,5,106.48148148148148,,,,
54912,5,15,3,75,,2,5,7.846153846153846,45.5,5,15,3,75,,,,
54913,3,3,3,30,,,,,,3,3,3,30,,,,
54914,3,15,3,107.14285714285714,,1,1,11,6,3,15,3,107.14285714285714,,,,
54915,4,5,1,100,,3,4,10.10126582278481,26.333333333333332,4,5,1,100,,,,
54916,2,5,2,45.45454545454545,,,,,,2,5,2,45.45454545454545,,,,
54921,1,6,1,60,,,,,,1,6,1,60,,,,
54924,3,19,1,126.66666666666667,,3,3,7.333333333333333,12,3,19,1,126.66666666666667,,,,
54925,3,8,2,61.53846153846154,,4,3,6.566037735849057,13.25,3,8,2,61.53846153846154,,,,
54926,7,49,4,125.64102564102564,,,,,,7,49,4,125.64102564102564,,,,
54930,5,15,5,68.18181818181819,,9,5,4.634146341463414,13.666666666666666,5,15,5,68.18181818181819,,,,
55390,2,7,2,38.888888888888886,,,,,,2,7,2,38.888888888888886,,,,
55392,6,128,6,106.66666666666667,,,,,,2,43,2,95.55555555555556,,,,
55393,1,11,1,73.33333333333333,,,,,,1,11,1,73.33333333333333,,,,
55401,1,0,1,0,,,,,,1,0,1,0,,,,
55402,22,6,5,46.15384615384615,,29,22,8.298165138,15.03448275862069,13,4,3,44.44444444444444,,,,
55403,3,4,3,33.333333333333336,,,,,,3,4,3,33.333333333333336,,,,
55408,3,21,2,70,,5,3,8.666666666666666,10.8,3,21,2,70,,,,
55409,3,31,3,110.71428571428571,,,,,,3,31,3,110.71428571428571,,,,
55410,2,0,1,0,,,,,,2,0,1,0,,,,
55411,2,16,1,123.07692307692308,,0,1,3.6,,2,16,1,123.07692307692308,,,,
55414,1,5,1,71.42857142857143,,,,,,1,5,1,71.42857142857143,,,,
55418,4,0,1,0,,5,4,7.62962963,16.2,4,0,1,0,,,,
55419,5,132,5,111.86440677966101,,,,,,5,132,5,111.86440677966101,,,,
55420,3,2,1,40,,1,2,7.2,30,3,2,1,40,,,,
55422,1,2,1,50,,,,,,1,2,1,50,,,,
55424,3,16,3,100,,2,3,9.069767441860465,21.5,3,16,3,100,,,,
55425,4,50,3,185.1851851851852,,,,,,4,50,3,185.1851851851852,,,,
55426,2,0,2,0,,,,,,2,0,2,0,,,,
55430,11,171,9,206.02409638554218,,,,,,4,40,3,181.8181818181818,,,,
55434,2,19,2,90.47619047619048,,,,,,2,19,2,90.47619047619048,,,,
55437,4,55,4,144.73684210526315,,3,3,6.391304347826087,15.333333333333334,4,55,4,144.73684210526315,,,,
55439,3,56,2,105.66037735849056,,,,,,3,56,2,105.66037735849056,,,,
55445,1,0,1,0,,,,,,1,0,1,0,,,,
55446,1,6,1,150,,,,,,1,6,1,150,,,,
55448,4,3,1,100,,1,4,8.459016393442623,61,4,3,1,100,,,,
55451,22,369,21,118.26923076923077,,11,13,8.891891891891891,20.181818181818183,14,296,14,111.69811320754717,,,,
55452,1,0,1,0,,,,,,1,0,1,0,,,,
55454,1,0,1,0,,,,,,1,0,1,0,,,,
55457,2,7,2,50,,,,,,2,7,2,50,,,,
55459,4,1,1,16.666666666666668,,2,4,8.086956522,34.5,4,1,1,16.666666666666668,,,,
55460,4,111,4,116.84210526315789,,,,,,4,111,4,116.84210526315789,,,,
55461,1,18,1,94.73684210526316,,,,,,1,18,1,94.73684210526316,,,,
55463,4,12,1,171.42857142857142,,2,4,9.5,30,4,12,1,171.42857142857142,,,,
55464,2,0,1,0,,0,2,10.8,,2,0,1,0,,,,
5553,72,2280,70,167.03296703296704,,,,,,49,1561,48,165.5355249204666,23,516,23,152.66272189349112
55538,2,2,1,66.66666666666667,,2,2,7.636363636363637,16.5,2,2,1,66.66666666666667,,,,
55539,5,40,4,148.14814814814815,,7,5,6.340909090909091,12.571428571428571,5,40,4,148.14814814814815,,,,
5557,6,67,4,100,,,,,,6,67,4,100,3,42,2,107.6923076923077
5562,9,4,3,66.66666666666667,,11,9,8.512315271,18.454545454545453,8,4,3,66.66666666666667,6,2,2,50
55672,3,17,3,48.57142857142857,,,,,,3,17,3,48.57142857142857,,,,
55683,5,1,1,50,,4,4,6.327272727272727,13.75,5,1,1,50,,,,
55742,3,13,3,72.22222222222223,,0,1,14.4,,3,13,3,72.22222222222223,,,,
55744,1,0,1,0,,0,1,6,,1,0,1,0,,,,
5575,26,190,20,97.43589743589743,,13,24,8.852173913043478,26.53846153846154,26,190,20,97.43589743589743,19,182,16,98.91304347826087
55753,4,11,2,122.22222222222223,,5,3,6.327272727272727,11,4,11,2,122.22222222222223,,,,
5576,11,198,10,123.75,,,,,,11,198,10,123.75,11,198,10,123.75
5577,77,503,36,123.2843137254902,,102,79,6.68074834,16.245098039215687,51,367,25,124.82993197278911,37,311,17,127.98353909465021
5578,41,651,34,125.91876208897486,,,,,,33,536,29,118.58407079646018,26,447,23,115.80310880829016
5581,25,5,2,71.42857142857143,,21,25,7.2639593908629445,18.761904761904763,24,5,2,71.42857142857143,20,5,2,71.42857142857143
5585,14,323,14,129.71887550200802,,,,,,14,323,14,129.71887550200802,14,323,14,129.71887550200802
5596,16,107,10,93.04347826086956,,,,,,16,107,10,93.04347826086956,10,76,6,100
5598,14,219,14,86.22047244094489,,,,,,14,219,14,86.22047244094489,14,219,14,86.22047244094489
5599,31,607,29,110.16333938294011,,1,5,9.044776119402986,67,22,492,21,110.31390134529148,19,416,19,106.66666666666667
5601,11,223,10,135.97560975609755,,4,5,6.666666666666667,18,11,223,10,135.97560975609755,11,223,10,135.97560975609755
5607,4,7,3,24.137931034482758,,2,4,7.343283582089552,33.5,4,7,3,24.137931034482758,4,7,3,24.137931034482758
5608,63,1826,63,128.50105559465166,,,,,,53,1495,52,122.94407894736842,44,1200,43,119.5219123505976
5611,4,19,4,47.5,,,,,,4,19,4,47.5,4,19,4,47.5
5615,6,71,6,97.26027397260275,,,,,,6,71,6,97.26027397260275,6,71,6,97.26027397260275
5616,8,1,1,25,,5,8,6.541666666666667,28.8,5,1,1,25,1,,,
56172,2,28,2,133.33333333333334,,1,2,11,12,2,28,2,133.33333333333334,,,,
56174,24,210,11,160.3053435114504,,7,12,8.695652173913043,19.714285714285715,13,207,10,162.99212598425197,,,,
56176,4,68,4,109.6774193548387,,,,,,,,,,,,,
56177,9,39,4,88.63636363636364,,7,7,7.133858267716535,18.142857142857142,9,39,4,88.63636363636364,,,,
56180,6,52,3,208,,4,5,6.54,25,6,52,3,208,,,,
56181,18,147,9,141.34615384615384,,16,14,7.354085603,16.0625,17,147,9,141.34615384615384,,,,
56183,4,7,3,35,,,,,,4,7,3,35,,,,
56184,1,1,1,33.333333333333336,,,,,,1,1,1,33.333333333333336,,,,
56185,25,86,11,102.38095238095238,,52,23,7.6,8.942307692307692,14,42,5,95.45454545454545,,,,
56186,22,14,4,107.6923076923077,,29,21,8.197752808988763,15.344827586206897,11,0,1,0,,,,
56187,6,48,6,82.75862068965517,,,,,,6,48,6,82.75862068965517,,,,
5621,36,29,8,76.31578947,,40,36,6.4534412955465585,18.525,29,24,7,66.66666666666667,23,24,7,66.66666666666667
56237,14,37,5,142.30769230769232,,17,14,7.927007299270073,16.11764705882353,10,35,4,159.0909090909091,,,,
56238,12,106,9,112.76595744680851,,0,1,9,,10,103,8,117.04545454545455,,,,
5626,24,547,23,108.74751491053678,,,,,,24,547,23,108.74751491053678,24,547,23,108.74751491053678
5627,8,104,8,102.97029702970298,,,,,,8,104,8,102.97029702970298,8,104,8,102.97029702970298
5630,34,667,29,109.52380952380952,,1,1,0,4,24,502,21,111.30820399113082,16,280,15,99.64412811
56325,16,3,2,33.333333333333336,,20,16,5.896848137535817,17.45,8,1,1,100,,,,
56330,13,205,13,137.58389261744966,,,,,,7,161,7,140,,,,
5634,14,317,14,122.86821705426357,,,,,,14,317,14,122.86821705426357,14,317,14,122.86821705426357
56340,2,24,2,114.28571428571429,,,,,,,,,,,,,
56343,16,202,14,121.6867469879518,,19,14,6.361204013377926,15.736842105263158,9,135,7,133.66336633663366,,,,
56346,15,172,14,103.6144578313253,,2,4,6.888888888888889,27,8,97,8,104.3010752688172,,,,
5635,13,63,8,94.02985074626865,,5,11,6.96,35,13,63,8,94.02985074626865,13,63,8,94.02985074626865
56350,3,9,1,64.28571428571429,,,,,,3,9,1,64.28571428571429,,,,
56359,12,14,4,82.35294118,,16,11,7.475409836065574,11.4375,5,11,2,122.22222222222223,,,,
56360,14,19,4,86.36363636363636,,21,13,6.420233463,12.238095238095237,6,2,1,100,,,,
56362,14,321,13,134.30962343096235,,0,1,13,,7,162,7,114.08450704225352,,,,
56364,3,37,3,100,,,,,,1,0,1,0,,,,
56365,7,2,1,100,,13,7,6.44,11.538461538461538,7,2,1,100,,,,
56366,9,198,9,128.57142857142858,,2,1,4.75,12,,,,,,,,
56369,11,47,9,106.81818181818181,,,,,,5,28,4,155.55555555555554,,,,
5637,22,21,6,65.625,,15,22,6.877358490566038,28.266666666666666,19,21,6,65.625,17,21,6,65.625
56370,1,0,1,0,,,,,,1,0,1,0,,,,
5638,31,13,5,118.18181818181819,,48,32,7.618915159944367,14.979166666666666,24,6,4,66.66666666666667,17,0,3,0
56380,13,513,13,136.43617021276594,,,,,,7,345,7,129.69924812030075,,,,
56384,5,1,1,100,,0,2,8.88,,,,,,,,,
56386,2,1,1,50,,0,1,6,,2,1,1,50,,,,
56387,9,84,5,105,,1,4,5.294117647058823,51,6,18,2,112.5,,,,
56391,11,31,4,182.35294117647058,,15,11,7.0144927536231885,13.8,2,,,,,,,
56393,1,4,1,50,,,,,,,,,,,,,
56395,8,2,2,66.66666666666667,,18,8,6.4,10,,,,,,,,
5645,27,492,24,113.88888888888889,,,,,,27,492,24,113.88888888888889,23,441,20,116.05263157894737
56463,7,13,4,54.166666666666664,,3,3,7,14,,,,,,,,
56465,10,2,2,100,,12,10,8.287128712871286,16.833333333333332,7,2,2,100,,,,
56467,14,56,7,94.91525423728814,,0,5,7.5,,7,7,2,87.5,,,,
5648,37,758,37,115.90214067278288,,,,,,30,608,30,114.50094161958569,21,466,21,112.83292978208233
5649,35,53,13,80.3030303,,35,34,6.677551020408163,21,34,53,13,80.3030303,25,36,9,80
5650,40,446,33,129.2753623188406,,32,38,8.990066225165563,18.875,33,402,27,130.09708737864077,26,262,21,113.41991341991341
5651,13,79,12,84.94623655913979,,0,1,5,,13,79,12,84.94623655913979,13,79,12,84.94623655913979
56516,14,161,10,123.84615384615384,,12,11,5.846938775510204,16.333333333333332,7,34,3,109.6774193548387,,,,
56517,12,13,4,61.904761904761905,,1,7,6.865979381443299,97,6,5,1,55.55555555555556,,,,
56538,4,41,3,87.23404255319149,,,,,,4,41,3,87.23404255319149,,,,
56541,2,1,2,12.5,,,,,,2,1,2,12.5,,,,
56543,7,68,7,130.76923076923077,,,,,,7,68,7,130.76923076923077,,,,
56544,11,164,9,145.13274336283186,,,,,,6,38,4,100,,,,
56548,8,142,8,110.9375,,,,,,8,142,8,110.9375,,,,
56550,6,17,5,70.83333333333333,,0,5,7.875,,6,17,5,70.83333333333333,,,,
56554,15,195,13,110.79545454545455,,7,6,6.56,10.714285714285714,7,120,7,130.43478260869566,,,,
56555,2,0,1,0,,0,2,8.571428571428571,,1,,,,,,,
56556,3,7,1,87.5,,0,1,5.25,,2,7,1,87.5,,,,
56559,14,26,5,108.33333333333333,,23,14,7.335616438356165,12.695652173913043,8,19,2,146.15384615384616,,,,
56560,2,24,2,126.3157894736842,,,,,,1,1,1,100,,,,
56561,1,10,1,90.90909091,,,,,,1,10,1,90.90909091,,,,
56562,5,13,3,76.47058823529412,,,,,,5,13,3,76.47058823529412,,,,
56563,1,9,1,75,,,,,,1,9,1,75,,,,
56565,1,22,1,137.5,,,,,,1,22,1,137.5,,,,
56567,1,15,1,125,,0,1,15,,1,15,1,125,,,,
56571,17,198,13,154.6875,,3,5,9.375,16,11,148,9,166.2921348314607,,,,
56573,7,17,3,100,,2,5,9,32,1,11,1,122.22222222222223,,,,
56575,12,13,5,72.22222222222223,,6,11,8.878612716763005,28.833333333333332,12,13,5,72.22222222222223,,,,
56578,12,1,2,16.666666666666668,,13,12,6.898550724637682,15.923076923076923,8,,,,,,,
5658,28,6,2,200,,22,27,7.447876447876448,23.545454545454547,25,6,2,200,16,6,2,200
56581,9,157,8,130.83333333333334,,,,,,5,50,4,108.69565217391305,,,,
56583,1,0,1,0,,1,1,5,12,,,,,,,,
56584,3,24,3,68.57142857142857,,,,,,3,24,3,68.57142857142857,,,,
5659,40,323,29,156.03864734299518,,61,41,7.674418604651163,14.80327868852459,33,311,25,162.82722513089004,25,215,18,145.27027027027026
56592,13,390,13,148.85496183206106,,0,1,19,,7,194,7,131.97278911564626,,,,
56593,7,78,7,91.76470588235294,,,,,,7,78,7,91.76470588235294,,,,
56594,13,162,12,132.78688524590163,,,,,,4,28,4,100,,,,
56595,19,439,19,130.6547619047619,,14,11,7.5524475524475525,10.214285714285714,7,154,7,120.3125,,,,
56596,12,1,2,50,,14,13,8.015444015444016,18.5,6,0,1,0,,,,
56598,16,280,13,113.36032388663968,,2,4,6.7894736842105265,19,5,147,5,119.51219512195122,,,,
56599,15,267,13,136.22448979591837,,3,5,7.9714285714285715,23.333333333333332,4,46,3,135.2941176470588,,,,
5660,22,419,22,105.54156171284635,,,,,,16,333,16,104.38871473354232,11,173,11,93.51351351351352
56600,5,21,3,91.30434782608695,,6,5,7.1891891891891895,18.5,1,,,,,,,
56603,10,122,8,158.44155844155844,,16,8,8.043956043956044,11.375,5,27,4,192.85714285714286,,,,
56604,9,133,8,158.33333333333334,,6,8,8.503311258278146,25.166666666666668,3,40,3,160,,,,
56605,2,45,2,128.57142857142858,,0,1,6.461538461538462,,2,45,2,128.57142857142858,,,,
56608,11,9,4,69.23076923076923,,11,11,8.231155778894472,18.09090909090909,1,,,,,,,
56609,16,514,16,146.85714285714286,,,,,,5,174,5,165.71428571428572,,,,
5661,36,646,32,128.94211576846308,,,,,,29,507,25,129.66751918158567,22,432,19,128.57142857142858
56610,3,26,3,61.904761904761905,,3,2,8,6,1,5,1,83.33333333333333,,,,
56611,11,161,10,100.625,,2,5,7.868852459016393,30.5,3,34,2,97.14285714285714,,,,
56612,2,1,1,33.333333333333336,,2,2,7.666666666666667,9,,,,,,,,
56613,15,345,15,124.10071942446044,,,,,,4,111,4,132.14285714285714,,,,
56615,17,359,16,143.6,,21,15,8.419354838709678,14.761904761904763,6,67,5,124.07407407407408,,,,
56618,8,122,6,120.79207920792079,,,,,,,,,,,,,
56619,8,12,4,100,,9,8,8.285714285714286,16.333333333333332,3,1,2,20,,,,
5662,21,72,12,114.28571428571429,,17,21,8.005617978,20.941176470588236,17,61,9,110.9090909090909,10,33,6,97.05882352941177
56620,15,24,6,126.3157894736842,,21,15,8.028776978417266,13.238095238095237,6,4,1,100,,,,
56621,13,170,9,139.34426229508196,,10,12,9.492537313432836,20.1,4,,,,,,,
56622,1,2,1,100,,0,1,17,,,,,,,,,
56623,15,95,9,211.11111111111111,,22,15,8.78,13.636363636363637,6,8,3,88.88888888888889,,,,
56624,7,272,7,135.3233830845771,,,,,,,,,,,,,
56625,9,164,9,123.30827067669173,,,,,,,,,,,,,
56626,5,179,5,154.31034482758622,,,,,,5,179,5,154.31034482758622,,,,
56627,12,215,9,127.2189349112426,,,,,,5,83,2,133.8709677419355,,,,
5663,14,128,12,128,,10,11,7.614213197969543,19.7,14,128,12,128,14,128,12,128
56630,4,2,1,50,,1,1,7.578947368421052,19,,,,,,,,
56631,4,2,2,100,,2,3,6.489795918367347,24.5,,,,,,,,
56632,9,65,5,144.44444444444446,,8,9,8.769230769,24.375,5,15,1,214.28571428571428,,,,
56633,8,5,1,125,,7,8,7.282051282051282,16.714285714285715,,,,,,,,
56634,4,92,4,127.77777777777777,,,,,,4,92,4,127.77777777777777,,,,
56635,11,190,8,120.25316455696202,,1,3,10.857142857142858,42,5,39,3,100,,,,
56637,5,9,1,150,,5,5,6.411764705882353,20.4,5,9,1,150,,,,
56638,1,0,1,0,,,,,,,,,,,,,
56639,13,69,4,146.80851063829786,,14,13,5.9781818181818185,19.642857142857142,1,,,,,,,
5664,1,0,1,0,,,,,,1,0,1,0,,,,
56640,5,3,1,100,,13,5,8.043956043956044,7,,,,,,,,
56641,10,111,8,121.97802197802197,,,,,,3,44,3,102.32558139534883,,,,
56643,7,3,2,60,,6,5,7.465116279069767,14.333333333333334,2,2,1,50,,,,
56646,5,119,5,136.7816091954023,,,,,,1,35,1,166.66666666666666,,,,
56647,2,0,1,0,,1,3,7.714285714285714,56,,,,,,,,
56648,4,4,2,28.571428571428573,,0,2,9.483870967741936,,1,,,,,,,
56649,11,54,8,96.42857142857143,,8,11,7.836734693877551,24.5,5,3,3,30,,,,
5665,41,1115,41,139.8996235884567,,26,36,6.7542857142857144,26.923076923076923,34,919,33,148.46526655896608,27,693,26,151.64113785557987
56650,8,39,7,130,,6,8,9.439490445859873,26.166666666666668,5,29,5,120.83333333333333,,,,
56651,3,5,3,50,,,,,,3,5,3,50,,,,
56652,8,218,8,124.57142857142857,,7,5,5.571428571428571,6,,,,,,,,
56654,11,160,10,111.8881118881119,,,,,,5,110,5,123.59550561797752,,,,
56655,14,8,3,66.66666666666667,,16,14,10.142857142857142,15.75,6,8,2,72.72727272727273,,,,
56656,8,168,7,137.70491803278688,,,,,,3,72,3,118.0327868852459,,,,
56657,18,346,15,130.56603773584905,,,,,,6,146,5,160.43956043956044,,,,
56659,4,35,4,94.59459459,,1,1,11.142857142857142,7,,,,,,,,
5666,9,68,6,78.16091954022988,,2,5,8.222222222222221,27,9,68,6,78.16091954022988,9,68,6,78.16091954022988
56661,11,5,1,250,,12,11,7.188679245283019,17.666666666666668,1,,,,,,,
56662,10,23,3,100,,6,10,8.364705882352942,28.333333333333332,6,22,2,104.76190476190476,,,,
56664,4,1,1,14.285714285714286,,1,4,10.340425531914894,47,4,1,1,14.285714285714286,,,,
56665,1,1,1,100,,1,1,9.692307692307692,26,1,1,1,100,,,,
56666,1,0,1,0,,1,1,10,18,1,0,1,0,,,,
56668,5,25,3,113.63636363636364,,,,,,5,25,3,113.63636363636364,,,,
56669,3,55,3,177.41935483870967,,,,,,3,55,3,177.41935483870967,,,,
56676,5,18,3,94.73684210526316,,4,5,8.444444444444445,27,5,18,3,94.73684210526316,,,,
5668,50,1380,49,121.90812720848056,,5,11,7.928571428571429,28,43,1195,42,121.4430894308943,36,1084,36,120.98214285714286
56685,4,1,3,16.666666666666668,,3,4,9.402985074626866,22.333333333333332,,,,,,,,
56693,15,136,13,87.17948717948718,,,,,,8,80,7,86.95652173913044,,,,
56697,11,140,9,116.66666666666667,,,,,,1,1,1,50,,,,
5670,34,35,15,92.10526315789474,,47,33,7.181434599156118,15.127659574468085,26,31,14,83.78378378378379,19,19,11,63.333333333333336
56705,12,250,9,132.27513227513228,,2,2,9,12,12,250,9,132.27513227513228,,,,
56712,19,133,12,154.65116279069767,,29,19,7.964601769911504,15.586206896551724,11,112,9,155.55555555555554,,,,
56715,2,16,2,61.53846153846154,,,,,,2,16,2,61.53846153846154,,,,
56716,14,235,12,126.34408602150538,,,,,,8,151,7,151,,,,
56722,10,220,10,112.24489795918367,,,,,,10,220,10,112.24489795918367,,,,
56732,1,11,1,91.66666666666667,,,,,,,,,,,,,
56733,4,31,4,67.39130435,,,,,,4,31,4,67.39130435,,,,
5674,14,252,14,113.51351351351352,,,,,,13,246,13,113.36405529953917,13,246,13,113.36405529953917
56756,5,66,3,160.97560975609755,,,,,,2,,,,,,,
5676,24,560,22,122.5382932166302,,,,,,17,391,15,123.34384858044164,10,195,9,104.27807486631016
56763,8,5,3,29.41176470588235,,8,8,7.328571428571428,17.5,8,5,3,29.41176470588235,,,,
56767,2,61,2,124.48979591836735,,3,2,8.228571428571428,11.666666666666666,,,,,,,,
5678,2,16,2,133.33333333333334,,2,2,6.967741935483871,15.5,2,16,2,133.33333333333334,2,16,2,133.33333333333334
5679,18,452,18,111.05651105651106,,,,,,15,404,15,114.12429378531074,9,240,9,115.38461538461539
56795,9,86,8,130.3030303030303,,2,7,8.783505154639176,48.5,4,37,4,127.58620689655173,,,,
56797,10,105,9,111.70212765957447,,3,5,6.244897959183674,16.333333333333332,3,21,3,91.30434782608695,,,,
56799,11,379,10,155.96707818930042,,0,2,9.333333333333334,,4,101,4,160.31746031746033,,,,
5680,49,537,33,129.3975903614458,,80,49,6.9209039548022595,13.275,42,399,26,130.81967213114754,34,280,19,122.80701754385964
56800,16,8,3,66.66666666666667,,27,17,6.774193548387097,13.777777777777779,5,6,1,100,,,,
56801,1,18,1,105.88235294117646,,,,,,1,18,1,105.88235294117646,,,,
56802,11,218,10,139.74358974358975,,0,1,6,,4,143,4,136.1904761904762,,,,
56803,4,32,3,96.96969696969697,,,,,,3,32,3,96.96969696969697,,,,
56805,7,214,6,168.50393700787401,,,,,,1,,,,,,,
56806,13,163,9,142.98245614035088,,,,,,6,68,4,130.76923076923077,,,,
56807,2,36,1,163.63636363636363,,1,1,4,12,2,36,1,163.63636363636363,,,,
56809,10,88,5,179.59183673469389,,2,3,11.1,20,5,6,1,120,,,,
5681,34,554,35,157.83475783475782,,18,30,7.162055336,28.11111111111111,27,345,26,143.75,20,199,20,116.37426900584795
56810,14,566,15,219.3798449612403,,2,6,9.789473684210526,28.5,7,273,7,205.26315789473685,,,,
56811,19,138,10,172.5,,35,20,7.834123222748815,12.057142857142857,7,9,2,100,,,,
56812,4,18,2,138.46153846153845,,4,4,11.125,12,4,18,2,138.46153846153845,,,,
56815,12,99,9,125.31645569620254,,9,11,7.136094674556213,18.77777777777778,6,43,3,122.85714285714286,,,,
56816,11,98,9,171.9298245614035,,,,,,6,60,6,162.16216216216216,,,,
56817,13,235,13,155.6291390728477,,9,6,6.879310344827586,12.88888888888889,6,103,6,125.60975609756098,,,,
56818,12,262,11,157.83132530120483,,,,,,5,99,4,126.92307692307692,,,,
56819,7,1,1,50,,11,7,8.544,11.363636363636363,,,,,,,,
5682,34,11,5,44,,33,34,7.060382916053019,20.575757575757574,29,11,5,44,24,6,4,26.08695652173913
56820,10,1,1,50,,11,9,8.360655737704919,16.636363636363637,6,1,1,50,,,,
56822,2,5,2,71.42857142857143,,,,,,2,5,2,71.42857142857143,,,,
56823,3,13,3,61.904761904761905,,,,,,3,13,3,61.904761904761905,,,,
56824,3,17,3,100,,2,2,10.054054054054054,18.5,3,17,3,100,,,,
56825,5,71,4,154.34782608695653,,0,1,10.285714285714286,,,,,,,,,
56826,4,46,3,124.32432432432432,,,,,,4,46,3,124.32432432432432,,,,
56827,7,5,3,35.714285714285715,,2,5,10.181818181818182,49.5,3,5,2,41.666666666666664,,,,
56828,6,4,2,100,,6,6,9.842105263157896,19,4,4,2,100,,,,
56830,18,207,15,162.99212598425197,,6,13,10.343558282208589,27.166666666666668,6,73,6,192.10526315789474,,,,
56834,5,21,2,262.5,,11,6,10.5,9.090909090909092,5,21,2,262.5,,,,
5684,5,2,3,28.571428571428573,,2,3,8.947368421052632,28.5,5,2,3,28.571428571428573,5,2,3,28.571428571428573
5686,7,125,7,105.04201680672269,,,,,,7,125,7,105.04201680672269,7,125,7,105.04201680672269
5687,16,26,8,72.22222222222223,,23,15,7.364485981308412,13.956521739130435,16,26,8,72.22222222222223,14,24,6,77.41935483870968
5689,9,42,8,107.6923076923077,,6,8,6.512820512820513,19.5,9,42,8,107.6923076923077,9,42,8,107.6923076923077
5690,16,87,8,90.625,,1,1,8.142857142857142,14,16,87,8,90.625,15,83,7,92.22222222222223
5691,26,574,25,111.89083820662768,,3,4,7.2,16.666666666666668,26,574,25,111.89083820662768,26,574,25,111.89083820662768
5692,22,2,2,100,,13,21,7.086206896551724,35.69230769230769,21,2,2,100,15,2,2,100
5699,11,17,3,80.95238095238095,,16,10,8.136986301369863,13.6875,10,17,3,80.95238095238095,6,17,3,80.95238095238095
57003,2,12,2,75,,,,,,2,12,2,75,,,,
57004,8,3,4,15.789473684210526,,10,8,8.204819277108435,16.6,1,,,,,,,
57007,1,80,1,190.47619047619048,,,,,,1,80,1,190.47619047619048,,,,
57064,2,0,2,0,,,,,,2,0,2,0,,,,
57070,19,258,14,135.78947368421052,,,,,,6,111,4,123.33333333333333,,,,
57081,4,1,1,100,,7,4,9.36,10.714285714285714,2,,,,,,,
571,14,108,8,121.34831460674157,,10,6,5.55,12,12,107,7,122.98850574712644,7,31,3,110.71428571428571
5737,8,59,5,73.75,,,,,,8,59,5,73.75,8,59,5,73.75
57373,11,123,7,105.12820512820512,,1,5,9.9,60,6,49,2,104.25531914893617,,,,
5738,18,29,8,67.44186046511628,,20,17,7.834862385321101,16.35,5,5,2,50,,,,
57383,2,3,2,60,,,,,,2,3,2,60,,,,
5739,37,637,36,141.8708240534521,,10,15,7.949238578680203,19.7,30,577,29,144.61152882205513,23,434,22,142.76315789473685
57431,2,18,2,46.15384615384615,,,,,,2,18,2,46.15384615384615,,,,
57432,3,27,3,69.23076923076923,,,,,,3,27,3,69.23076923076923,,,,
57433,17,68,11,144.68085106382978,,,,,,10,40,6,160,,,,
57435,4,78,4,165.95744680851064,,,,,,4,78,4,165.95744680851064,,,,
57437,3,6,3,60,,,,,,3,6,3,60,,,,
57438,3,7,2,100,,3,3,6,25.666666666666668,3,7,2,100,,,,
57441,3,11,3,50,,2,3,6.285714285714286,21,3,11,3,50,,,,
57442,8,0,1,0,,12,7,7.014084507042254,11.833333333333334,4,0,1,0,,,,
57443,9,216,8,113.08900523560209,,,,,,4,92,3,124.32432432432432,,,,
57444,1,14,1,100,,,,,,1,14,1,100,,,,
57445,4,36,3,124.13793103448276,,,,,,4,36,3,124.13793103448276,,,,
57447,1,11,1,68.75,,,,,,1,11,1,68.75,,,,
57448,3,37,3,78.72340425531915,,,,,,3,37,3,78.72340425531915,,,,
57450,9,57,7,90.47619047619048,,,,,,4,20,4,68.96551724137932,,,,
57452,6,4,1,57.142857142857146,,2,4,7.297297297297297,18.5,4,4,1,57.142857142857146,,,,
57455,3,41,3,75.92592592592592,,,,,,3,41,3,75.92592592592592,,,,
57456,2,17,2,77.27272727272727,,,,,,2,17,2,77.27272727272727,,,,
57457,2,8,2,72.72727272727273,,,,,,2,8,2,72.72727272727273,,,,
57458,2,11,2,91.66666666666667,,,,,,2,11,2,91.66666666666667,,,,
57459,8,153,8,131.89655172413794,,7,7,9.19047619,18,4,83,4,125.75757575757575,,,,
57461,1,21,1,100,,,,,,1,21,1,100,,,,
57463,2,22,2,73.33333333333333,,,,,,2,22,2,73.33333333333333,,,,
57465,9,5,1,125,,14,9,7.341614906832298,11.5,3,,,,,,,
57466,2,43,2,95.55555555555556,,,,,,2,43,2,95.55555555555556,,,,
57468,3,0,1,0,,2,3,6.9,30,3,0,1,0,,,,
57470,6,41,3,80.39215686,,2,3,7.591836734693878,24.5,1,6,1,37.5,,,,
57471,2,1,2,8.333333333333334,,,,,,,,,,,,,
57472,4,1,1,100,,0,2,7.666666666666667,,3,1,1,100,,,,
5750,11,40,7,133.33333333333334,,10,11,6.817120622568093,25.7,5,14,3,200,2,0,1,0
5769,36,552,30,132.37410071942446,,49,33,8.068322981,13.142857142857142,28,413,23,127.86377708978328,19,292,14,142.4390243902439
5785,23,169,13,131.0077519379845,,17,21,7.707446808510638,22.11764705882353,23,169,13,131.0077519379845,21,153,11,140.36697247706422
5787,21,166,12,102.46913580246914,,19,20,7.073047858942066,20.894736842105264,10,105,7,156.71641791044777,,,,
5792,13,3,2,33.333333333333336,,16,13,8.305970149253731,16.75,11,3,2,33.333333333333336,11,3,2,33.333333333333336
5795,11,99,9,99,,,,,,11,99,9,99,11,99,9,99
5799,23,245,15,94.96124031007751,,,,,,17,194,11,96.51741293532338,12,143,8,101.41843971631205
57992,11,47,5,111.9047619047619,,11,10,7.065989847715736,17.90909090909091,4,3,1,50,,,,
57994,4,40,4,97.56097561,,,,,,4,40,4,97.56097561,,,,
57995,1,1,1,6.25,,,,,,1,1,1,6.25,,,,
57996,7,56,5,98.24561403508773,,,,,,7,56,5,98.24561403508773,,,,
57997,8,0,1,0,,15,7,7.2,11.666666666666666,8,0,1,0,,,,
57999,2,20,2,166.66666666666666,,3,2,10.333333333333334,12,,,,,,,,
58000,19,247,16,126.66666666666667,,,,,,9,72,7,128.57142857142858,,,,
58001,5,68,5,121.42857142857143,,,,,,5,68,5,121.42857142857143,,,,
58006,5,45,5,88.23529411764706,,,,,,5,45,5,88.23529411764706,,,,
58009,11,9,3,60,,5,9,7.457142857142857,28,2,,,,,,,
58010,15,203,13,109.72972972972973,,6,7,7.544117647058823,22.666666666666668,5,73,5,94.80519481,,,,
58013,19,308,16,126.74897119341564,,1,2,7.333333333333333,18,10,143,9,119.16666666666667,,,,
58014,7,15,3,100,,2,7,9.6,72.5,4,3,1,60,,,,
58036,3,20,2,111.11111111111111,,6,3,6.909090909090909,11,3,20,2,111.11111111111111,,,,
58037,3,28,3,54.90196078431372,,,,,,3,28,3,54.90196078431372,,,,
5805,43,494,32,124.74747474747475,,,,,,32,338,25,118.18181818181819,24,267,19,132.83582089552237
5808,45,548,37,126.55889145496536,,26,33,8.340659340659341,21,41,539,34,129.25659472422063,30,356,23,131.85185185185185
58085,1,13,1,185.71428571428572,,,,,,,,,,,,,
5809,31,26,9,57.77777777777778,,39,30,8.866187050359713,17.82051282051282,31,26,9,57.77777777777778,17,17,5,62.96296296296296
5810,18,372,18,132.38434163701066,,,,,,18,372,18,132.38434163701066,18,372,18,132.38434163701066
5811,11,10,2,90.90909091,,13,10,5.9375,14.76923076923077,,,,,,,,
58134,33,28,5,77.77777777777777,,32,32,7.817671809256662,22.28125,10,24,3,109.0909090909091,,,,
58135,20,547,20,173.65079365079364,,,,,,10,208,10,160,,,,
58136,4,3,2,27.272727272727273,,9,4,8.081632653061224,10.88888888888889,4,3,2,27.272727272727273,,,,
58137,8,170,8,118.05555555555556,,,,,,7,129,7,121.69811320754717,,,,
58138,2,16,2,123.07692307692308,,,,,,2,16,2,123.07692307692308,,,,
58143,11,5,1,166.66666666666666,,12,9,8.963855421686747,13.833333333333334,6,,,,,,,
58144,9,5,4,50,,9,9,8.979591836734693,16.333333333333332,3,,,,,,,
58149,18,232,13,118.97435897435898,,0,3,9.157894736842104,,9,19,4,95,,,,
58151,20,473,19,130.3030303030303,,,,,,10,285,9,145.40816326530611,,,,
58152,21,61,6,110.9090909090909,,20,20,7.564469914040115,17.45,10,,,,,,,
58155,16,3,2,150,,13,16,8.242622950819673,23.46153846153846,10,,,,,,,
58159,18,277,16,121.49122807017544,,8,9,9.95,15,10,81,9,117.3913043478261,,,,
58160,8,14,3,140,,11,8,8.271428571428572,12.727272727272727,2,,,,,,,
58161,1,2,1,40,,,,,,1,2,1,40,,,,
58162,12,247,11,149.6969696969697,,,,,,7,168,6,140,,,,
58163,11,20,4,95.23809523809524,,1,9,8.307692307692308,117,3,14,1,77.77777777777777,,,,
58164,18,30,4,69.76744186046511,,33,18,7.767441860465116,11.727272727272727,9,,,,,,,
58165,6,52,5,94.54545454545455,,,,,,1,1,1,25,,,,
58166,2,12,2,57.142857142857146,,0,1,16,,2,12,2,57.142857142857146,,,,
58167,2,56,2,116.66666666666667,,,,,,2,56,2,116.66666666666667,,,,
58168,3,4,3,50,,2,3,10.666666666666666,9,3,4,3,50,,,,
58169,19,447,17,145.6026058631922,,1,3,11.837837837837839,37,9,294,9,150.76923076923077,,,,
58171,17,110,12,111.11111111111111,,,,,,7,59,4,105.35714285714286,,,,
58172,19,44,6,141.93548387096774,,19,17,7.080745341614906,16.94736842105263,8,29,4,111.53846153846153,,,,
58173,12,218,12,155.71428571428572,,,,,,6,171,6,196.55172413793105,,,,
58178,13,334,13,127.96934865900383,,0,1,6.857142857142857,,2,34,2,100,,,,
58179,14,339,14,129.38931297709922,,,,,,3,26,3,104,,,,
58181,16,250,15,123.76237623762377,,,,,,8,159,8,131.40495867768595,,,,
58182,3,6,2,120,,1,3,8.75,48,3,6,2,120,,,,
58184,21,212,14,115.84699453551913,,7,8,8.806451612903226,8.857142857142858,10,108,6,138.46153846153845,,,,
58185,12,265,12,123.83177570093459,,,,,,5,122,5,131.18279569892474,,,,
58187,16,216,14,142.10526315789474,,,,,,10,178,8,149.57983193277312,,,,
58188,2,2,2,22.22222222222222,,,,,,1,1,1,50,,,,
58189,5,27,3,135,,,,,,1,19,1,190,,,,
58190,17,352,15,129.41176470588235,,0,2,16,,7,146,7,114.0625,,,,
58192,2,0,1,0,,,,,,2,0,1,0,,,,
58214,2,1,2,50,,1,2,9.833333333333334,36,2,1,2,50,,,,
58232,1,4,1,80,,,,,,1,4,1,80,,,,
58239,15,215,15,142.3841059602649,,,,,,10,180,10,152.54237288135593,,,,
58240,13,171,12,114.76510067114094,,,,,,8,139,7,128.7037037037037,,,,
58241,6,5,2,71.42857142857143,,5,5,8.195121951219512,16.4,6,5,2,71.42857142857143,,,,
58243,1,1,1,50,,,,,,1,1,1,50,,,,
58246,29,11,5,57.89473684210526,,36,30,8.262711864,19.666666666666668,10,0,2,0,,,,
58253,5,10,1,83.33333333333333,,,,,,5,10,1,83.33333333333333,,,,
58258,13,38,10,90.47619047619048,,15,11,5.896551724137931,15.466666666666667,10,38,8,100,,,,
58260,11,114,11,79.16666666666667,,,,,,10,113,10,79.57746479,,,,
58268,2,10,2,90.90909091,,,,,,,,,,,,,
58270,1,4,1,50,,,,,,,,,,,,,
58282,10,103,8,111.95652173913044,,11,10,5.358139534883721,19.545454545454547,8,76,6,96.20253164556962,,,,
58293,3,27,2,90,,3,1,12,9.666666666666666,,,,,,,,
58295,6,31,6,79.48717948717949,,2,4,8.4,25,6,31,6,79.48717948717949,,,,
58299,1,3,1,50,,1,1,3.25,24,,,,,,,,
58328,3,4,2,50,,7,3,7.78125,9.142857142857142,,,,,,,,
58329,1,1,1,16.666666666666668,,,,,,,,,,,,,
58338,20,137,14,107.03125,,21,17,7.380191693290735,14.904761904761905,10,103,9,100,,,,
58360,1,1,1,50,,2,1,5,12,1,1,1,50,,,,
58362,7,118,6,134.0909090909091,,9,7,5.478260869565218,12.777777777777779,,,,,,,,
58367,2,10,1,111.11111111111111,,,,,,,,,,,,,
5837,83,827,62,113.75515818431911,,88,81,6.4176755447941884,18.772727272727273,57,643,45,115.02683363148479,39,435,32,110.68702290076335
5838,19,54,10,81.81818181818181,,28,19,7.970588235294118,14.571428571428571,19,54,10,81.81818181818181,8,7,5,36.84210526
5839,50,948,43,131.66666666666666,,0,2,10.153846153846153,,33,567,27,124.8898678414097,28,509,23,130.51282051282053
58393,7,72,7,107.46268656716418,,2,3,7.674418604651163,21.5,6,72,6,110.76923076923077,,,,
58396,18,321,17,132.09876543209876,,,,,,10,167,9,135.77235772357724,,,,
58398,15,0,1,0,,15,14,9.100371747211897,17.933333333333334,5,,,,,,,
58404,5,24,3,133.33333333333334,,3,4,8.068965517241379,19.333333333333332,5,24,3,133.33333333333334,,,,
5841,38,176,21,100,,33,38,6.736572890025576,23.696969696969695,32,139,16,98.58156028368795,22,100,11,102.04081632653062
58416,2,19,2,126.66666666666667,,0,1,5.5,,,,,,,,,
58418,20,207,18,169.6721311,,5,12,9.222857142857142,35,10,108,10,174.19354838709677,,,,
58420,21,257,17,120.09345794392523,,,,,,10,126,7,122.33009708737865,,,,
58421,1,0,1,0,,,,,,,,,,,,,
58422,21,15,5,107.14285714285714,,33,21,7.623059866962306,13.666666666666666,10,14,4,107.6923076923077,,,,
58423,21,481,21,164.16382252559728,,,,,,10,258,10,150.87719298245614,,,,
58424,19,631,19,130.64182194616978,,,,,,8,241,8,119.90049751243781,,,,
58425,4,21,4,70,,0,1,10,,3,16,3,66.66666666666667,,,,
58426,14,11,6,44,,26,14,8.666666666666666,12.461538461538462,10,1,2,8.333333333333334,,,,
58427,16,186,12,145.3125,,5,9,6.971830985915493,28.4,10,129,6,138.70967741935485,,,,
5844,18,2,2,66.66666666666667,,20,18,7.757869249394673,20.65,13,2,2,66.66666666666667,13,2,2,66.66666666666667
5845,5,33,4,106.45161290322581,,0,1,8,,5,33,4,106.45161290322581,5,33,4,106.45161290322581
58619,3,20,3,142.85714285714286,,1,2,5.538461538461538,26,,,,,,,,
58634,4,42,4,87.5,,,,,,2,5,2,55.55555555555556,,,,
58636,5,40,5,81.63265306122449,,,,,,3,35,3,100,,,,
58637,21,79,12,65.83333333333333,,23,21,7.3768115942028984,18,11,40,6,67.79661016949153,,,,
58638,10,208,9,106.12244897959184,,,,,,8,206,8,108.42105263157895,,,,
58639,6,111,6,124.71910112359551,,,,,,,,,,,,,
58642,3,15,3,55.55555555555556,,,,,,,,,,,,,
58644,2,1,1,25,,,,,,2,1,1,25,,,,
5866,5,67,4,115.51724137931035,,3,5,8.538461538461538,26,5,67,4,115.51724137931035,,,,
5871,7,91,4,112.34567901234568,,,,,,7,91,4,112.34567901234568,4,47,2,120.51282051282051
5872,3,40,3,148.14814814814815,,0,1,13,,3,40,3,148.14814814814815,3,40,3,148.14814814814815
58726,3,36,2,92.30769231,,,,,,3,36,2,92.30769231,,,,
58727,21,18,4,138.46153846153845,,27,20,6.559652928416486,17.074074074074073,11,4,1,133.33333333333334,,,,
58729,7,119,7,116.66666666666667,,,,,,4,51,4,94.44444444444444,,,,
58731,13,62,11,95.38461538461539,,17,12,6.603174603174603,11.117647058823529,8,45,8,102.27272727272727,,,,
58734,13,17,5,100,,8,11,6.801980198019802,25.25,9,11,4,100,,,,
58735,1,8,1,66.66666666666667,,,,,,1,8,1,66.66666666666667,,,,
58743,22,71,12,118.33333333333333,,16,20,6.752186588921282,21.4375,10,36,5,100,,,,
58744,9,79,6,90.80459770114942,,2,1,2.16,12.5,6,49,3,102.08333333333333,,,,
58746,1,8,1,61.53846153846154,,0,1,13,,1,8,1,61.53846153846154,,,,
58749,4,9,4,27.272727272727273,,,,,,4,9,4,27.272727272727273,,,,
58750,7,0,2,0,,6,5,5.925,13.333333333333334,7,0,2,0,,,,
58751,5,56,3,77.77777777777777,,,,,,5,56,3,77.77777777777777,,,,
5882,77,1533,72,116.4009111617312,,4,15,8.627737226277372,34.25,63,1308,60,116.37010676156584,48,1015,46,117.20554272517322
58859,9,104,6,130,,11,7,6.838235294117647,12.363636363636363,5,11,2,84.61538461538461,,,,
58865,15,35,6,100,,10,14,7.790322580645161,24.8,10,22,4,110,,,,
58912,1,3,1,100,,,,,,1,3,1,100,,,,
5892,9,6,3,35.294117647058826,,9,9,9.493150684931507,16.22222222222222,9,6,3,35.294117647058826,9,6,3,35.294117647058826
59064,6,0,1,0,,10,5,6.148760330578512,12.1,6,0,1,0,,,,
59067,12,208,12,99.52153110047847,,6,7,6.549618320610687,21.833333333333332,6,86,6,92.47311827956989,,,,
59068,2,10,2,50,,,,,,2,10,2,50,,,,
59070,12,51,10,65.38461538461539,,9,6,4.387096774193548,10.333333333333334,12,51,10,65.38461538461539,,,,
59071,2,6,1,46.15384615384615,,1,2,6.6923076923076925,26,2,6,1,46.15384615384615,,,,
59080,8,196,7,93.33333333333333,,11,8,3.9735099337748343,13.727272727272727,8,196,7,93.33333333333333,,,,
59084,4,1,2,33.333333333333336,,5,4,8.752941176,17,4,1,2,33.333333333333336,,,,
59085,3,0,1,0,,2,3,7.714285714285714,28,3,0,1,0,,,,
59086,13,143,9,133.6448598130841,,,,,,2,6,1,60,,,,
59116,6,82,5,113.88888888888889,,6,4,7.011235955,14.833333333333334,,,,,,,,
5912,6,224,6,155.55555555555554,,,,,,6,224,6,155.55555555555554,,,,
5913,6,116,6,126.08695652173913,,,,,,6,116,6,126.08695652173913,5,114,5,131.0344827586207
5915,3,126,3,136.95652173913044,,,,,,3,126,3,136.95652173913044,3,126,3,136.95652173913044
59153,5,16,4,133.33333333333334,,,,,,,,,,,,,
59154,1,3,1,33.333333333333336,,,,,,1,3,1,33.333333333333336,,,,
59155,15,285,15,113.0952380952381,,,,,,5,91,5,96.80851063829788,,,,
59162,7,148,7,105.71428571428571,,,,,,2,22,2,75.86206896551724,,,,
59163,8,42,6,107.6923076923077,,4,6,9.154639175257731,24.25,3,1,1,100,,,,
59211,12,62,12,119.23076923076923,,,,,,6,23,5,104.54545454545455,,,,
59216,7,38,7,76,,4,4,6.64,18.75,7,38,7,76,,,,
5922,9,28,4,155.55555555555554,,21,8,5.717277486910994,9.095238095238095,2,,,,2,,,
59271,7,47,7,85.45454545454545,,1,2,6.979591836734694,49,7,47,7,85.45454545454545,,,,
59279,9,71,7,114.51612903225806,,,,,,2,41,2,136.66666666666666,,,,
5928,66,1762,65,158.02690582959642,,,,,,50,1328,49,156.05170387779083,42,1130,41,155.6473829201102
59287,4,3,2,60,,4,3,3.107142857142857,14,4,3,2,60,,,,
59288,8,166,8,105.73248407643312,,0,1,4.5,,8,166,8,105.73248407643312,,,,
59299,11,55,7,107.84313725490196,,6,9,8.61038961,25.666666666666668,4,17,3,113.33333333333333,,,,
5930,5,7,2,50,,10,5,3.4146341463414633,12.3,5,7,2,50,5,7,2,50
59300,3,70,2,111.11111111111111,,0,1,6,,,,,,,,,
59302,6,15,4,107.14285714285714,,,,,,,,,,,,,
59304,7,97,6,190.19607843137254,,,,,,4,13,3,162.5,,,,
59305,3,0,1,0,,2,3,8.459016393442623,30.5,3,0,1,0,,,,
59306,7,120,7,84.50704225352112,,,,,,2,31,2,79.48717948717949,,,,
59307,6,79,5,112.85714285714286,,,,,,6,79,5,112.85714285714286,,,,
59308,6,101,6,131.16883116883116,,,,,,,,,,,,,
59311,7,95,7,103.26086956521739,,0,3,6.48,,1,4,1,33.333333333333336,,,,
59313,11,64,7,103.2258064516129,,6,7,8.888888889,22.5,5,0,2,0,,,,
59317,4,74,4,112.12121212121212,,,,,,4,74,4,112.12121212121212,,,,
59318,7,63,6,110.52631578947368,,,,,,4,56,4,112,,,,
59320,4,58,4,120.83333333333333,,,,,,4,58,4,120.83333333333333,,,,
59321,1,37,1,123.33333333333333,,,,,,1,37,1,123.33333333333333,,,,
5933,17,70,4,125,,24,16,8.853868194842407,14.541666666666666,10,14,2,70,8,14,2,70
59330,13,252,13,131.9371727748691,,,,,,5,137,5,153.93258426966293,,,,
59332,4,2,1,25,,5,4,7.166666666666667,14.4,4,2,1,25,,,,
59333,12,521,12,151.89504373177843,,4,8,7.2272727272727275,22,4,106,4,149.29577464788733,,,,
59335,8,199,6,153.07692307692307,,,,,,2,,,,,,,
59336,12,504,12,159.49367088607596,,,,,,4,191,4,152.8,,,,
59343,7,9,4,56.25,,9,7,8,15.666666666666666,5,8,3,53.333333333333336,,,,
59344,4,6,1,300,,6,4,9.264705882352942,11.333333333333334,4,6,1,300,,,,
59346,11,227,10,148.36601307189542,,,,,,4,90,4,134.32835820895522,,,,
59351,5,22,2,95.65217391304348,,2,3,8,15,5,22,2,95.65217391304348,,,,
5939,44,1127,45,151.68236877523555,,25,37,8.317725753,23.92,38,869,37,150.34602076124568,23,588,23,160.21798365122615
5940,20,0,2,0,,25,20,8.646680942184155,18.68,20,0,2,0,20,0,2,0
59417,3,30,2,250,,2,3,7.090909090909091,33,3,30,2,250,,,,
5944,83,73,15,86.9047619,,81,83,7.470927187008905,23.567901234567902,68,70,14,88.60759493670886,49,56,11,82.35294118
5949,4,48,4,126.3157894736842,,3,4,9.826086956521738,23,1,14,1,107.6923076923077,1,14,1,107.6923076923077
5953,1,3,1,25,,0,1,7,,1,3,1,25,1,3,1,25
5956,13,114,6,156.16438356164383,,21,13,6.285714285714286,13,13,114,6,156.16438356164383,13,114,6,156.16438356164383
5957,41,1401,41,154.63576158940398,,,,,,26,892,26,148.41930116472545,9,262,9,129.0640394
59580,3,3,1,75,,0,1,8.526315789473685,,,,,,,,,
5959,17,170,14,114.09395973154362,,14,16,7.693379790940766,20.5,11,103,9,100.98039215686275,4,31,3,83.78378378378379
59590,6,42,4,77.77777777777777,,,,,,6,42,4,77.77777777777777,,,,
59591,10,4,2,80,,8,7,7.779310344827586,18.125,10,4,2,80,,,,
59593,6,79,5,100,,,,,,6,79,5,100,,,,
59594,6,191,4,169.02654867256638,,0,1,15,,6,191,4,169.02654867256638,,,,
59596,3,7,1,77.77777777777777,,4,3,8.735294117647058,17,3,7,1,77.77777777777777,,,,
59597,4,10,4,62.5,,4,4,9.306122448979592,12.25,4,10,4,62.5,,,,
5960,8,44,4,200,,10,8,9.071428571428571,16.8,5,25,3,208.33333333333334,,,,
59600,9,74,7,101.36986301369863,,2,5,8.235294117647058,25.5,9,74,7,101.36986301369863,,,,
59601,5,18,4,94.73684210526316,,3,4,10,15,5,18,4,94.73684210526316,,,,
59603,0,22,3,104.76190476190476,,1,2,8.666666666666666,36,,,,,,,,
59605,4,22,2,95.65217391304348,,1,2,10.666666666666666,18,4,22,2,95.65217391304348,,,,
59607,3,0,1,0,,2,3,10.097560975609756,20.5,3,0,1,0,,,,
59608,6,3,2,33.333333333333336,,2,2,7.741935483870968,15.5,6,3,2,33.333333333333336,,,,
5961,34,371,25,170.1834862385321,,47,35,8.445,17.02127659574468,13,168,9,168,7,74,4,148
59611,2,0,1,0,,0,1,18,,2,0,1,0,,,,
59612,3,8,1,66.66666666666667,,,,,,3,8,1,66.66666666666667,,,,
59613,2,5,1,83.33333333333333,,1,2,7.818181818181818,33,2,5,1,83.33333333333333,,,,
59620,8,0,1,0,,10,6,8.176991150442477,11.3,8,0,1,0,,,,
59622,3,18,3,78.26086956521739,,,,,,,,,,,,,
59652,6,1,1,50,,6,5,7.212765957446808,15.666666666666666,,,,,,,,
5966,4,86,4,108.86075949367088,,,,,,4,86,4,108.86075949367088,4,86,4,108.86075949367088
59688,4,7,1,350,,4,4,6.405405405405405,18.5,,,,,,,,
5969,13,56,10,93.33333333333333,,25,13,6.339622641509434,12.72,11,52,8,104,10,52,7,108.33333333333333
5971,1,17,1,130.76923076923077,,,,,,1,17,1,130.76923076923077,1,17,1,130.76923076923077
5972,13,206,12,136.42384105960264,,7,9,7.321428571428571,24,9,134,8,142.5531914893617,9,134,8,142.5531914893617
59724,5,84,5,120,,7,5,8.810126582278482,11.285714285714286,,,,,,,,
59728,3,17,3,56.666666666666664,,0,1,18,,,,,,,,,
59729,2,5,2,38.46153846153846,,,,,,,,,,,,,
59730,7,66,6,82.5,,,,,,,,,,,,,
59732,8,43,4,113.15789473684211,,11,9,5.215686274509804,13.909090909090908,,,,,,,,
59734,8,141,8,134.28571428571428,,2,8,5.751724137931035,72.5,,,,,,,,
59735,5,164,5,174.46808510638297,,5,5,6.409090909090909,17.6,,,,,,,,
59737,7,152,7,99.34640522875817,,13,8,7.242603550295858,13,,,,,,,,
5977,3,0,1,0,,3,3,8.04,16.666666666666668,,,,,,,,
5979,25,4,4,33.333333333333336,,25,24,6.766423357664234,21.92,4,,,,1,,,
59848,3,42,3,131.25,,,,,,1,28,1,127.27272727272727,,,,
5985,18,187,15,109.35672514619883,,13,19,7.6875,29.53846153846154,8,74,6,125.42372881355932,3,4,2,100
59873,3,4,1,33.333333333333336,,3,3,6.617647058823529,22.666666666666668,3,4,1,33.333333333333336,,,,
59876,6,58,3,156.75675675675674,,5,5,11.225806451612904,12.4,6,58,3,156.75675675675674,,,,
5988,22,26,6,70.27027027027027,,38,18,6.53030303,10.421052631578947,10,25,4,78.125,2,24,1,100
59881,8,12,2,133.33333333333334,,8,8,7.822222222222222,16.875,8,12,2,133.33333333333334,,,,
59883,7,53,5,94.64285714285714,,8,6,9.888888889,13.5,7,53,5,94.64285714285714,,,,
599,2,19,2,100,,2,2,6,24,2,19,2,100,2,19,2,100
5990,3,14,3,63.63636363636363,,,,,,3,14,3,63.63636363636363,,,,
5991,37,184,19,126.89655172413794,,35,36,6.5244215938303345,22.228571428571428,24,85,11,108.97435897435898,23,85,11,108.97435897435898
59925,5,50,4,90.90909091,,,,,,5,50,4,90.90909091,,,,
59926,4,1,1,50,,,,,,4,1,1,50,,,,
59934,6,14,2,87.5,,7,6,7.1891891891891895,15.857142857142858,6,14,2,87.5,,,,
60114,0,144,5,146.9387755102041,,0,1,12,,0,144,5,146.9387755102041,,,,
60115,7,142,7,133.96226415094338,,,,,,,,,,,,,
60119,1,1,1,50,,,,,,1,1,1,50,,,,
60121,4,85,5,107.59493670886076,,,,,,1,15,1,62.5,,,,
6025,5,2,2,100,,2,4,9.831325301204819,41.5,5,2,2,100,5,2,2,100
6038,8,114,8,126.66666666666667,,,,,,8,114,8,126.66666666666667,8,114,8,126.66666666666667
6046,22,49,9,90.74074074074075,,24,22,8.421524664,18.583333333333332,9,28,3,121.73913043478261,,,,
6047,14,259,14,124.51923076923077,,1,2,8.727272727272727,22,7,118,7,125.53191489361703,,,,
605,3,57,3,103.63636363636364,,,,,,,,,,,,,
60502,11,207,10,140.81632653061226,,7,6,7.285714285714286,14,,,,,,,,
60504,4,0,1,0,,3,4,9.677419355,20.666666666666668,2,0,1,0,,,,
6054,29,71,11,142,,39,28,7.057591623036649,14.692307692307692,18,31,6,134.7826086956522,4,1,2,14.285714285714286
60542,2,10,2,52.63157894736842,,,,,,,,,,,,,
60543,1,6,1,100,,2,1,10.5,12,,,,,,,,
6058,33,9,4,75,,35,29,8.188888888888888,15.428571428571429,22,8,3,72.72727272727273,7,1,1,50
6059,96,3267,93,141.12311015118792,,,,,,88,3118,85,140.83107497741645,61,2056,59,138.5444744
6060,24,134,16,103.07692307692308,,17,21,7.7164179104477615,23.647058823529413,16,96,11,93.20388349514563,5,41,4,82
6061,23,449,21,136.06060606060606,,,,,,20,429,20,136.62420382165604,11,265,11,129.90196078431373
60634,1,6,1,85.71428571428571,,,,,,,,,,,,,
60635,7,177,7,108.58895705521472,,,,,,,,,,,,,
60637,7,201,6,139.58333333333334,,,,,,,,,,,,,
60638,2,1,2,20,,,,,,,,,,,,,
60639,1,4,1,36.36363636363637,,,,,,,,,,,,,
60664,6,152,7,143.39622641509433,,,,,,,,,,,,,
60666,0,15,1,88.23529411764706,,0,1,10.736842105263158,,,,,,,,,
60667,1,4,1,66.66666666666667,,,,,,,,,,,,,
60674,4,114,4,83.21167883211679,,,,,,2,73,2,100,,,,
60681,6,207,6,127.77777777777777,,,,,,,,,,,,,
60688,4,5,4,20.833333333333332,,,,,,,,,,,,,
60689,5,66,5,79.51807228915662,,,,,,,,,,,,,
60700,11,234,11,151.94805194805195,,,,,,,,,,,,,
60796,1,2,1,100,,2,1,6.230769230769231,13,,,,,,,,
60798,0,12,1,85.71428571428571,,,,,,,,,,,,,
60799,3,56,3,109.80392156862744,,,,,,,,,,,,,
6097,14,46,8,124.32432432432432,,20,13,8.416961130742049,14.15,4,0,2,0,3,0,1,0
61443,2,11,1,110,,,,,,,,,,,,,
61502,1,10,1,52.63157894736842,,,,,,,,,,,,,
6160,30,257,24,104.47154471544715,,15,28,8.103092783505154,32.333333333333336,27,240,22,107.62331838565022,27,240,22,107.62331838565022
6161,64,160,24,105.26315789473684,,62,64,7.434875444839857,22.661290322580644,60,155,23,104.02684563758389,47,130,20,99.23664122137404
6162,16,27,4,103.84615384615384,,17,15,9.678018575851393,19,9,14,3,140,5,,,
6172,8,113,8,121.50537634408602,,,,,,4,63,4,106.77966101694915,,,,
6176,1,9,1,45,,,,,,1,9,1,45,1,9,1,45
6179,5,6,1,85.71428571428571,,6,5,7.108695652173913,15.333333333333334,5,6,1,85.71428571428571,,,,
6180,5,0,1,0,,2,5,8.962025316455696,39.5,5,0,1,0,5,0,1,0
61889,7,112,5,105.66037735849056,,,,,,,,,,,,,
61890,3,22,3,64.70588235294117,,,,,,,,,,,,,
62028,4,94,5,89.52380952380952,,4,4,5.659090909090909,22,,,,,,,,
62036,8,274,8,135.64356435643563,,,,,,,,,,,,,
6235,28,557,26,109.43025540275049,,,,,,27,543,25,111.49897330595482,18,421,17,111.96808510638297
62358,2,4,1,44.44444444444444,,5,4,9.405405405405405,14.8,,,,,,,,
6236,4,4,2,50,,3,3,9.6,16.666666666666668,4,4,2,50,4,4,2,50
6237,51,48,13,92.30769231,,52,51,5.6680851063829785,22.596153846153847,41,41,10,97.61904761904762,29,23,7,104.54545454545455
6238,7,38,4,79.16666666666667,,1,1,5.625,16,7,38,4,79.16666666666667,7,38,4,79.16666666666667
6240,34,62,13,96.875,,60,34,7.192592592592592,13.5,27,57,11,121.27659574468085,20,46,7,153.33333333333334
6243,22,408,21,110.5691056910569,,,,,,22,408,21,110.5691056910569,22,408,21,110.5691056910569
6245,23,20,9,54.054054054054056,,30,22,7.460122699386503,16.3,11,13,5,54.166666666666664,7,12,3,60
6247,34,476,35,105.77777777777777,,5,10,7.967213114754099,24.4,27,300,26,100.67114093959732,21,245,20,100.40983606557377
62473,3,6,2,46.15384615384615,,1,3,9.551020408163266,49,,,,,,,,
62475,2,6,2,60,,,,,,,,,,,,,
6250,2,53,1,132.5,,,,,,2,53,1,132.5,,,,
62505,7,59,4,105.35714285714286,,,,,,,,,,,,,
6252,1,8,1,100,,1,1,5,24,1,8,1,100,1,8,1,100
62525,8,113,7,109.70873786407768,,2,6,7.454545454545454,33,,,,,,,,
62526,10,1,1,100,,10,10,7.555555555555555,18.9,,,,,,,,
6256,138,98,29,84.48275862068965,,193,138,7.065176908752328,16.694300518134714,98,44,18,54.32098765432099,65,32,14,48.484848484848484
6263,9,177,8,104.11764705882354,,,,,,9,177,8,104.11764705882354,9,177,8,104.11764705882354
6264,14,197,14,93.36492890995261,,2,2,5.833333333333333,18,14,197,14,93.36492890995261,14,197,14,93.36492890995261
6265,27,491,26,104.46808510638297,,,,,,20,402,19,109.23913043478261,12,209,11,107.17948717948718
62650,7,140,7,102.94117647058823,,10,6,7.785123966942149,12.1,,,,,,,,
62679,7,79,7,105.33333333333333,,,,,,,,,,,,,
6268,4,68,4,103.03030303030303,,,,,,,,,,,,,
62680,3,11,3,25.58139534883721,,1,2,6.5625,32,,,,,,,,
62681,3,15,3,57.69230769230769,,0,1,10.5,,,,,,,,,
62686,2,6,2,60,,,,,,,,,,,,,
62693,3,4,3,21.05263157894737,,4,3,9.826086956521738,17.25,,,,,,,,
62694,7,76,8,101.33333333333333,,6,7,7.0212765957446805,23.5,,,,,,,,
62695,5,84,4,101.20481927710843,,6,3,5.731343283582089,11.166666666666666,,,,,,,,
62708,10,2,1,100,,7,9,8.086956522,23,,,,,,,,
6272,61,1419,56,147.50519750519751,,13,24,7.592727272727273,21.153846153846153,43,1169,42,151.42487046632124,17,522,17,152.1865889212828
6273,14,224,11,151.35135135135135,,,,,,6,148,6,140.95238095238096,5,122,5,150.6172839506173
62781,1,3,1,75,,1,1,12.75,24,,,,,,,,
62783,0,0,1,0,,4,3,8.294117647058824,17,,,,,,,,
6280,49,1001,46,144.02877697841726,,,,,,36,696,34,138.36978131212723,29,628,27,137.41794310722102
6281,122,3517,121,166.20982986767487,,45,64,6.908700322234157,20.68888888888889,89,2244,88,157.03289013296012,49,1242,48,140.97616345062428
6282,3,119,3,121.42857142857143,,,,,,3,119,3,121.42857142857143,3,119,3,121.42857142857143
6283,10,164,10,98.79518072289157,,,,,,4,40,4,68.96551724137932,4,40,4,68.96551724137932
6284,17,221,14,154.54545454545453,,12,16,7.010989010989011,22.75,15,100,11,144.92753623188406,11,97,10,146.96969696969697
6285,8,3,6,33.333333333333336,,7,8,9.171974522292993,22.428571428571427,5,3,4,42.857142857142854,5,3,4,42.857142857142854
62852,4,64,4,95.52238806,,3,2,5.529411764705882,17,,,,,,,,
62853,3,25,3,51.02040816326531,,2,3,5.714285714285714,21,,,,,,,,
62854,2,25,2,49.01960784313726,,2,1,6.3,10,,,,,,,,
62856,7,69,6,135.2941176470588,,,,,,,,,,,,,
62857,4,34,4,55.73770491803279,,0,1,13.714285714285714,,,,,,,,,
6286,44,277,22,156.49717514124293,,62,44,7.646302250803859,15.048387096774194,32,178,15,143.5483870967742,23,56,7,119.14893617021276
62861,5,78,5,102.63157894736842,,6,5,6.578313253012048,13.833333333333334,,,,,,,,
62862,7,26,4,89.65517241379311,,10,7,6,13.9,,,,,,,,
62867,4,61,3,132.6086956521739,,,,,,,,,,,,,
62868,0,15,2,68.18181818181819,,4,2,4.894736842105263,9.5,,,,,,,,
6287,38,45,7,109.7560975609756,,59,37,8.491646778,14.203389830508474,29,11,3,73.33333333333333,19,11,3,73.33333333333333
62870,4,42,3,85.71428571428571,,,,,,,,,,,,,
62871,5,110,5,94.82758620689656,,2,2,4.604651162790698,21.5,,,,,,,,
62874,2,0,2,0,,1,1,7.333333333333333,27,,,,,,,,
62875,3,38,2,115.15151515151516,,1,2,8.884615384615385,52,,,,,,,,
62876,1,10,1,125,,,,,,,,,,,,,
62877,1,1,1,33.333333333333336,,,,,,,,,,,,,
62879,2,19,2,79.16666666666667,,,,,,,,,,,,,
6288,110,3833,110,140.35151958989383,,,,,,83,2924,83,138.77551020408163,66,2394,66,137.8238341968912
62881,3,58,3,111.53846153846153,,6,3,6.233766233766234,12.833333333333334,,,,,,,,
62882,1,11,1,91.66666666666667,,1,1,9.428571428571429,21,,,,,,,,
62883,2,15,2,71.42857142857143,,1,2,6.428571428571429,28,,,,,,,,
62884,3,0,3,0,,,,,,,,,,,,,
62888,1,3,1,60,,,,,,,,,,,,,
62889,3,70,3,145.83333333333334,,3,3,8.555555555555555,18,,,,,,,,
62898,2,1,1,25,,,,,,,,,,,,,
62900,1,19,1,172.72727272727272,,,,,,,,,,,,,
62901,3,6,3,35.294117647058826,,1,2,5.076923076923077,26,,,,,,,,
62902,6,8,2,47.05882352941177,,1,2,11.35135135135135,37,,,,,,,,
62904,4,3,2,37.5,,5,4,6.083333333333333,14.4,,,,,,,,
62906,1,8,1,42.10526315789474,,,,,,,,,,,,,
62907,5,118,4,147.5,,4,4,6.422535211267606,17.75,,,,,,,,
62908,3,0,1,0,,3,3,8.129032258064516,20.666666666666668,,,,,,,,
62909,3,14,2,66.66666666666667,,,,,,,,,,,,,
62912,7,91,6,102.24719101123596,,,,,,,,,,,,,
62916,3,2,1,50,,2,2,7.111111111111111,13.5,,,,,,,,
62918,7,62,6,112.72727272727273,,1,2,4.8,10,,,,,,,,
62922,13,131,12,122.42990654205607,,10,11,7.9171597633136095,16.9,,,,,,,,
62923,4,45,4,128.57142857142858,,0,3,7.0476190476190474,,,,,,,,,
62925,4,5,2,83.33333333333333,,4,4,6.846153846153846,19.5,,,,,,,,
62926,3,49,3,116.66666666666667,,6,3,6.666666666666667,12,,,,,,,,
62928,0,53,2,100,,1,2,7.953488372093023,43,,,,,,,,
62930,2,13,2,54.166666666666664,,,,,,,,,,,,,
62932,2,50,2,151.5151515151515,,,,,,,,,,,,,
6297,4,5,4,41.666666666666664,,2,4,9.068181818181818,44,4,5,4,41.666666666666664,4,5,4,41.666666666666664
63019,3,10,3,43.47826086956522,,4,2,5.5,12,,,,,,,,
63042,5,41,4,113.88888888888889,,6,5,4.823529411764706,17,,,,,,,,
63044,3,6,3,37.5,,,,,,,,,,,,,
63049,2,1,1,50,,2,2,5.857142857142857,21,,,,,,,,
63050,1,15,1,75,,,,,,,,,,,,,
63052,8,181,8,126.57342657342657,,,,,,,,,,,,,
63053,3,1,1,100,,1,2,8.75,24,,,,,,,,
63059,6,15,3,166.66666666666666,,7,6,6.634146341463414,17.571428571428573,,,,,,,,
63062,6,56,6,100,,2,5,9.578947368421053,28.5,,,,,,,,
63065,7,80,6,109.58904109589041,,2,1,7.578947368421052,9.5,,,,,,,,
63066,9,160,8,133.33333333333334,,,,,,,,,,,,,
63067,5,15,3,71.42857142857143,,1,2,10.857142857142858,21,,,,,,,,
63068,6,94,6,116.04938271604938,,,,,,,,,,,,,
63069,1,0,1,0,,,,,,,,,,,,,
63070,7,7,1,233.33333333333334,,7,6,7.081967213114754,17.428571428571427,,,,,,,,
63071,2,4,1,57.142857142857146,,1,2,9.84,25,,,,,,,,
63073,9,197,8,139.7163120567376,,,,,,,,,,,,,
63074,5,31,5,83.78378378378379,,3,4,7.741935483870968,20.666666666666668,,,,,,,,
63075,5,46,4,117.94871794871794,,,,,,,,,,,,,
63076,2,8,2,100,,,,,,,,,,,,,
63077,9,13,3,76.47058823529412,,10,9,5.746031746031746,18.9,,,,,,,,
63086,10,337,10,143.40425531914894,,4,2,4.378378378378378,9.25,,,,,,,,
63087,5,202,4,113.48314606741573,,2,3,8.285714285714286,21,,,,,,,,
63088,6,47,5,117.5,,6,4,7.164179104477612,11.166666666666666,,,,,,,,
63089,7,174,5,129.8507462686567,,,,,,,,,,,,,
63091,7,119,7,143.3734939759036,,,,,,,,,,,,,
63092,4,6,2,150,,0,2,8.526315789473685,,,,,,,,,
63093,6,138,6,209.0909090909091,,3,4,5.830985915492958,23.666666666666668,,,,,,,,
63094,7,91,6,128.16901408450704,,,,,,,,,,,,,
63095,5,34,4,136,,1,4,10.071428571428571,56,,,,,,,,
63096,7,38,4,108.57142857142857,,,,,,,,,,,,,
63102,2,2,1,33.333333333333336,,3,2,6.571428571428571,14,,,,,,,,
63104,5,56,4,96.55172413793103,,,,,,,,,,,,,
63109,8,215,8,153.57142857142858,,,,,,,,,,,,,
63112,0,2,2,25,,8,5,6.666666666666667,13.5,,,,,,,,
63125,6,31,4,72.09302325581395,,5,6,6.605504587155964,21.8,,,,,,,,
63131,8,138,6,158.6206896551724,,7,6,5.611510791366906,19.857142857142858,,,,,,,,
6314,100,2583,99,124.1826923076923,,,,,,78,1872,76,117.07317073170732,61,1601,60,117.98084008843036
63166,3,27,3,142.10526315789474,,,,,,,,,,,,,
63167,1,0,1,0,,,,,,,,,,,,,
6319,7,58,6,113.72549019607843,,1,2,6.6923076923076925,26,7,58,6,113.72549019607843,7,58,6,113.72549019607843
6321,50,683,38,122.1824686940966,,59,49,6.316666666666666,18.305084745762713,36,513,27,123.91304347826087,26,339,20,115.3061224489796
6322,37,374,27,119.87179487179488,,25,33,9.176470588235293,19.72,27,248,19,120.3883495145631,21,210,15,128.83435582822085
6323,10,27,2,71.05263157894737,,11,10,6.803827751196172,19,10,27,2,71.05263157894737,9,27,2,71.05263157894737
63271,4,32,3,84.21052631578948,,,,,,,,,,,,,
6328,30,122,10,169.44444444444446,,41,31,6.996978851963746,16.146341463414632,19,20,5,125,10,18,2,200
63387,2,20,2,95.23809523809524,,4,2,6.461538461538462,9.75,,,,,,,,
6342,12,102,12,107.36842105263158,,,,,,6,61,6,112.96296296296296,1,5,1,62.5
63496,11,193,13,166.3793103448276,,,,,,,,,,,,,
63501,2,18,2,72,,,,,,,,,,,,,
63503,2,13,2,130,,,,,,,,,,,,,
6351,14,22,3,115.78947368421052,,28,14,6.552631578947368,10.857142857142858,6,12,1,150,1,,,
63513,2,10,2,100,,1,2,7.285714285714286,42,,,,,,,,
6352,8,159,7,108.16326530612245,,,,,,8,159,7,108.16326530612245,8,159,7,108.16326530612245
63523,0,0,1,0,,,,,,,,,,,,,
63526,1,0,1,0,,0,1,9.25,,,,,,,,,
63536,10,130,10,128.7128712871287,,1,2,10.64516129032258,31,,,,,,,,
63538,6,5,1,83.33333333333333,,3,6,9.241379310344827,29,,,,,,,,
6354,17,8,6,66.66666666666667,,19,17,8.676384839650146,18.05263157894737,13,6,4,75,2,,,
63545,1,11,1,73.33333333333333,,,,,,,,,,,,,
63547,6,87,6,112.98701298701299,,,,,,,,,,,,,
63548,12,275,12,143.97905759162305,,,,,,,,,,,,,
6355,51,253,27,116.58986175115207,,66,52,7.764084507042254,17.21212121212121,29,91,14,101.11111111111111,15,16,5,76.19047619047619
6356,39,73,9,121.66666666666667,,54,39,8.075294118,15.74074074074074,24,9,2,64.28571428571429,17,9,2,64.28571428571429
63564,2,4,2,57.142857142857146,,1,2,8.625,48,,,,,,,,
63565,3,6,1,200,,3,2,11.052631578947368,6.333333333333333,,,,,,,,
63567,4,187,4,178.0952380952381,,,,,,,,,,,,,
63568,4,130,4,136.8421052631579,,,,,,,,,,,,,
63569,4,0,2,0,,6,4,7.26,16.666666666666668,,,,,,,,
63570,2,22,2,115.78947368421052,,0,1,8.571428571428571,,,,,,,,,
63575,3,34,3,125.92592592592592,,,,,,,,,,,,,
63580,10,174,9,125.17985611510791,,,,,,,,,,,,,
63586,2,47,2,97.91666666666667,,,,,,,,,,,,,
6359,15,23,6,104.54545454545455,,19,15,6.675,16.842105263157894,11,7,4,53.84615384615385,10,7,4,53.84615384615385
6360,12,282,11,128.76712328767124,,10,7,6.46875,12.8,5,155,5,124,5,155,5,124
63600,2,18,2,100,,,,,,,,,,,,,
6362,8,23,3,115,,16,8,7.435582822085889,10.1875,1,,,,1,,,
63662,3,94,3,174.07407407407408,,1,3,12.285714285714286,21,,,,,,,,
63663,3,51,3,110.8695652173913,,0,2,16,,,,,,,,,
63664,3,47,3,117.5,,,,,,,,,,,,,
63665,1,7,1,116.66666666666667,,0,1,15.23076923076923,,,,,,,,,
63666,1,17,1,113.33333333333333,,0,1,10.75,,,,,,,,,
63667,3,77,3,120.3125,,1,3,9.777777777777779,54,,,,,,,,
63669,3,0,3,0,,,,,,,,,,,,,
6369,26,336,24,100.59880239520957,,,,,,19,237,17,111.79245283018868,2,6,2,42.857142857142854
63703,5,19,3,135.71428571428572,,5,5,5.816326530612245,19.6,,,,,,,,
63705,4,91,4,146.7741935483871,,2,1,2.25,12,,,,,,,,
63706,1,0,1,0,,,,,,,,,,,,,
63707,4,70,4,102.94117647058823,,,,,,,,,,,,,
6371,3,10,1,62.5,,,,,,1,,,,,,,
63712,2,7,2,140,,,,,,,,,,,,,
63716,1,0,1,0,,,,,,,,,,,,,
63718,5,58,4,95.08196721311475,,1,2,7.6,30,,,,,,,,
63720,2,15,2,65.21739130434783,,,,,,,,,,,,,
63721,6,84,6,140,,1,4,7.181818181818182,66,,,,,,,,
63722,6,92,6,124.32432432432432,,2,3,6.571428571428571,10.5,,,,,,,,
63723,3,21,3,70,,1,2,10.8,25,,,,,,,,
63725,2,14,2,87.5,,0,2,8.25,,,,,,,,,
63726,2,4,1,80,,1,1,5.666666666666667,18,,,,,,,,
63727,5,63,5,118.86792452830188,,0,1,4.285714285714286,,,,,,,,,
63729,1,0,1,0,,0,1,12.5,,,,,,,,,
63730,6,2,1,66.66666666666667,,7,6,6.394160583941606,19.571428571428573,,,,,,,,
63731,5,7,1,175,,4,5,6.895522388059701,16.75,,,,,,,,
63732,3,4,2,66.66666666666667,,,,,,,,,,,,,
63735,3,17,2,113.33333333333333,,,,,,,,,,,,,
63737,3,36,3,85.71428571428571,,,,,,,,,,,,,
63738,5,4,2,80,,7,5,5.6875,13.714285714285714,,,,,,,,
63739,7,92,7,124.32432432432432,,6,6,8.571428571428571,17.5,,,,,,,,
63740,8,4,2,57.142857142857146,,5,7,6.873786408,20.6,,,,,,,,
63741,2,0,1,0,,0,2,10,,,,,,,,,
63742,5,26,3,89.65517241379311,,9,3,5.314285714285714,7.777777777777778,,,,,,,,
63743,1,3,1,60,,,,,,,,,,,,,
63745,7,19,1,51.351351351351354,,10,7,5,13.2,,,,,,,,
63748,1,1,1,50,,0,1,2.6666666666666665,,,,,,,,,
63749,1,0,1,0,,,,,,,,,,,,,
63750,1,8,1,66.66666666666667,,,,,,,,,,,,,
63751,1,2,1,40,,,,,,,,,,,,,
63754,1,15,1,107.14285714285714,,,,,,,,,,,,,
63768,3,11,3,73.33333333333333,,,,,,,,,,,,,
63769,9,191,9,129.05405405405406,,1,2,6.461538461538462,13,,,,,,,,
6377,5,138,5,105.34351145038168,,,,,,4,112,4,109.80392156862744,4,112,4,109.80392156862744
63770,3,21,3,116.66666666666667,,,,,,,,,,,,,
63772,1,2,1,50,,,,,,,,,,,,,
63780,1,12,1,133.33333333333334,,,,,,,,,,,,,
63788,3,49,3,140,,,,,,,,,,,,,
63793,1,3,1,60,,,,,,,,,,,,,
63794,1,10,1,125,,,,,,,,,,,,,
63803,2,27,1,135,,1,2,7,30,,,,,,,,
63804,1,17,1,106.25,,2,1,12.375,8,,,,,,,,
63806,1,12,1,200,,,,,,,,,,,,,
63807,7,140,7,122.80701754385964,,,,,,,,,,,,,
63809,1,3,1,75,,,,,,,,,,,,,
63812,2,30,2,100,,,,,,,,,,,,,
63833,1,3,1,60,,1,1,11.076923076923077,13,,,,,,,,
63837,2,32,2,64,,1,2,6.333333333333333,36,,,,,,,,
6384,11,561,11,155.83333333333334,,,,,,6,359,6,160.9865470852018,,,,
63853,9,161,9,164.28571428571428,,5,4,7.521126761,14.2,,,,,,,,
63868,5,70,5,112.90322580645162,,,,,,,,,,,,,
63869,7,106,7,99.06542056074767,,,,,,,,,,,,,
6387,8,179,7,130.65693430656935,,,,,,4,61,3,107.01754385964912,4,61,3,107.01754385964912
6389,51,64,11,108.47457627118644,,59,50,7.053481331987891,16.796610169491526,39,46,8,102.22222222222223,25,34,4,109.6774193548387
6392,5,105,5,175,,,,,,5,105,5,175,,,,
63945,6,105,5,128.0487804878049,,2,3,6.580645161290323,15.5,,,,,,,,
6395,10,55,8,85.9375,,,,,,7,45,7,83.33333333333333,5,33,5,78.57142857142857
6396,90,1762,80,165.6015037593985,,,,,,65,1173,60,158.08625336927224,38,695,35,166.66666666666666
6398,14,169,10,118.18181818181819,,11,11,8.152466367713005,20.272727272727273,11,117,7,118.18181818181819,3,23,1,153.33333333333334
64046,3,1,1,33.333333333333336,,0,2,13.384615384615385,,,,,,,,,
6406,20,349,17,135.7976653696498,,21,17,8.167741935483871,14.761904761904763,5,76,4,108.57142857142857,5,76,4,108.57142857142857
6407,14,365,13,129.8932384341637,,,,,,8,206,8,114.44444444444444,5,174,5,116.77852348993288
6408,20,513,20,139.40217391304347,,,,,,8,256,8,156.09756097560975,7,229,7,151.65562913907286
6409,8,192,7,107.26256983240224,,,,,,2,64,2,90.14084507042253,,,,
6410,15,374,13,146.09375,,,,,,7,227,7,150.33112582781456,3,78,3,116.41791044776119
6411,7,106,7,89.83050847457628,,,,,,5,99,5,90,,,,
6412,23,182,17,136.8421052631579,,13,18,8.083601286173634,23.923076923076923,14,111,10,168.1818181818182,5,13,2,260
6413,8,192,8,126.3157894736842,,,,,,3,76,3,110.14492753623189,3,76,3,110.14492753623189
6414,15,84,7,109.0909090909091,,14,15,7.116719242902208,22.642857142857142,5,22,3,100,5,22,3,100
6415,15,277,15,124.2152466367713,,,,,,12,228,12,121.92513368983957,12,228,12,121.92513368983957
6418,18,397,17,147.03703703703704,,,,,,6,129,6,126.47058823529412,4,108,4,124.13793103448276
6419,18,93,10,124,,9,9,6.8059701492537314,14.88888888888889,8,71,6,122.41379310344827,8,71,6,122.41379310344827
6422,21,394,20,151.53846153846155,,17,18,6.666666666666667,19.58823529411765,14,265,13,174.3421052631579,9,151,8,188.75
6423,85,1929,79,142.67751479289942,,21,38,8.160427807,26.714285714285715,70,1512,62,140.12974976830398,48,857,44,136.46496815286625
6424,10,110,8,129.41176470588235,,8,9,5.625,22,10,110,8,129.41176470588235,3,0,1,0
6426,19,526,19,120.91954022988506,,4,9,6.082758620689655,36.25,8,261,8,123.11320754716981,8,261,8,123.11320754716981
6427,17,424,17,123.61516034985422,,0,2,12.857142857142858,,5,41,5,68.33333333333333,5,41,5,68.33333333333333
6428,20,487,18,133.0601092896175,,,,,,10,291,9,127.07423580786026,8,238,7,125.26315789473684
6429,22,131,15,107.37704918032787,,23,22,7.348623853211009,18.956521739130434,7,1,2,33.333333333333336,6,1,2,33.333333333333336
6433,24,394,24,105.63002680965147,,,,,,14,203,14,109.72972972972973,9,153,9,113.33333333333333
6436,16,56,9,93.33333333333333,,17,16,7.405940594059406,17.823529411764707,13,26,6,104,6,17,3,106.25
6440,5,123,5,124.24242424242425,,,,,,4,116,4,133.33333333333334,,,,
6441,3,23,3,143.75,,,,,,3,23,3,143.75,3,23,3,143.75
6443,1,41,1,195.23809523809524,,,,,,1,41,1,195.23809523809524,,,,
6448,34,785,34,104.24966799468791,,,,,,26,684,26,106.54205607476635,18,491,18,106.50759219088937
6450,27,98,13,127.27272727272727,,35,27,6.009724473257698,17.62857142857143,23,75,12,129.31034482758622,21,54,11,110.20408163265306
6452,43,540,32,119.73392461197339,,24,25,7.492822966507177,17.416666666666668,33,417,25,119.48424068767908,14,238,12,127.95698924731182
6455,29,412,22,135.52631578947367,,17,22,6.778761061946903,19.941176470588236,16,175,11,121.52777777777777,14,154,9,126.22950819672131
6457,27,722,26,200.55555555555554,,,,,,10,275,10,166.66666666666666,8,247,8,173.94366197183098
6460,94,2078,80,145.01046755059315,,19,32,7.758354755784062,20.473684210526315,68,1495,56,148.01980198019803,41,642,31,123.46153846153847
64604,2,8,2,72.72727272727273,,,,,,,,,,,,,
6461,28,638,23,157.14285714285714,,19,19,6.938547486,18.842105263157894,10,289,7,182.91139240506328,,,,
6462,43,630,35,117.97752808988764,,11,15,7.225806451612903,16.90909090909091,36,573,28,121.91489361702128,27,378,20,123.1270358306189
6463,41,358,28,129.71014492753622,,24,40,6.361809045,33.166666666666664,29,285,22,128.95927601809956,18,127,11,141.11111111111111
6464,134,124,32,105.08474576271186,,189,132,7.790257104194858,15.640211640211641,107,113,25,114.14141414141415,77,65,17,95.58823529411765
6465,2,1,1,50,,3,2,7.953488372093023,14.333333333333334,2,1,1,50,2,1,1,50
6466,29,939,29,148.10725552050474,,2,4,12.23076923076923,13,22,684,22,145.53191489361703,20,623,20,145.2214452214452
6467,69,1617,66,132.86770747740346,,0,1,10,,49,1080,46,129.49640287769785,33,618,30,123.84769539078157
6468,15,281,12,129.49308755760367,,,,,,10,190,8,145.0381679389313,7,120,6,127.65957446808511
6470,3,20,2,95.23809523809524,,3,3,5.52,16.666666666666668,3,20,2,95.23809523809524,,,,
64726,4,59,4,125.53191489361703,,0,1,6,,,,,,,,,
6473,9,214,9,122.98850574712644,,,,,,5,108,5,124.13793103448276,,,,
6481,8,14,5,82.35294118,,10,8,7.491525423728813,17.7,8,14,5,82.35294118,4,1,2,50
6483,4,55,4,119.56521739130434,,,,,,,,,,,,,
6486,27,172,14,116.21621621621621,,27,24,7.144736842105263,16.88888888888889,13,101,7,108.60215053763442,12,77,6,126.22950819672131
6487,47,1131,46,131.8181818181818,,,,,,31,626,30,123.96039603960396,19,343,19,123.82671480144404
6488,26,725,26,136.79245283018867,,,,,,15,365,15,135.68773234200742,14,318,14,132.5
64887,8,24,6,82.75862068965517,,2,5,7.76,37.5,,,,,,,,
6489,26,188,15,118.23899371069183,,22,24,9.050632911392405,21.545454545454547,19,110,10,106.79611650485437,16,98,9,106.52173913043478
6491,7,189,8,128.57142857142858,,9,7,8.2875,17.77777777777778,4,88,4,110,3,38,3,105.55555555555556
6492,12,401,12,126.1006289308176,,,,,,5,233,5,145.625,2,17,2,80.95238095238095
6493,13,287,14,176.07361963190183,,,,,,6,120,6,155.84415584415584,,,,
6494,43,603,34,171.3068181818182,,35,34,8.810408921933085,15.371428571428572,39,578,31,175.15151515151516,29,386,21,163.5593220338983
6506,3,8,2,72.72727272727273,,1,3,8.769230769,52,3,8,2,72.72727272727273,3,8,2,72.72727272727273
6509,5,99,5,139.43661971830986,,4,5,6.185567010309279,24.25,4,71,3,142,4,71,3,142
6512,41,369,29,115.3125,,33,35,7.046979865771812,18.060606060606062,22,170,17,94.44444444444444,15,89,12,94.68085106382979
6515,9,1,3,16.666666666666668,,8,8,7.92,21.875,9,1,3,16.666666666666668,7,0,2,0
6516,9,2,2,40,,7,8,9.272727272727273,22,,,,,,,,
6518,19,96,15,109.0909090909091,,18,19,7.546987951807229,23.055555555555557,19,96,15,109.0909090909091,19,96,15,109.0909090909091
6522,11,170,10,101.19047619047619,,,,,,9,131,8,97.76119402985074,9,131,8,97.76119402985074
6525,18,635,18,146.31336405529953,,4,4,6.3428571428571425,17.5,10,162,10,106.57894736842105,7,123,7,108.84955752212389
6526,41,1038,37,145.3781512605042,,9,9,9.664429530201343,16.555555555555557,23,601,21,150.25,13,220,12,139.2405063291139
6527,7,16,2,106.66666666666667,,13,7,4.926829268292683,9.461538461538462,5,16,2,106.66666666666667,4,6,1,150
65304,3,56,3,109.80392156862744,,,,,,,,,,,,,
65307,1,10,1,83.33333333333333,,,,,,,,,,,,,
65313,5,5,2,83.33333333333333,,5,5,10.556962025316455,15.8,,,,,,,,
65316,4,16,4,69.56521739130434,,,,,,,,,,,,,
65319,4,39,3,185.71428571428572,,,,,,,,,,,,,
65320,4,40,3,160,,5,4,7.870967741935484,18.6,,,,,,,,
65323,2,2,2,33.333333333333336,,,,,,,,,,,,,
65331,4,84,3,88.42105263157895,,,,,,,,,,,,,
65332,1,19,1,105.55555555555556,,,,,,,,,,,,,
65333,1,14,1,77.77777777777777,,,,,,,,,,,,,
65336,5,38,4,74.50980392156863,,,,,,,,,,,,,
65338,8,195,8,119.6319018404908,,,,,,,,,,,,,
65346,2,11,2,57.89473684210526,,,,,,,,,,,,,
65347,4,13,4,48.148148148148145,,0,1,11.142857142857142,,,,,,,,,
65348,3,12,1,120,,4,3,8.232558139534884,10.75,,,,,,,,
65354,4,10,2,83.33333333333333,,0,4,11.5,,,,,,,,,
65355,1,3,1,100,,0,1,12,,,,,,,,,
65356,4,57,4,100,,,,,,,,,,,,,
65358,4,45,4,93.75,,1,4,8.6,60,,,,,,,,
65362,4,56,4,105.66037735849056,,,,,,,,,,,,,
65365,11,132,8,106.45161290322581,,,,,,,,,,,,,
65366,1,0,1,0,,,,,,,,,,,,,
65368,2,12,2,120,,,,,,,,,,,,,
65371,8,60,6,113.20754716981132,,,,,,,,,,,,,
65373,7,3,1,100,,11,7,7.561643835616438,13.272727272727273,,,,,,,,
65379,4,31,3,100,,1,1,11,6,,,,,,,,
65391,6,33,5,94.28571428571429,,,,,,,,,,,,,
65393,3,53,3,115.21739130434783,,,,,,,,,,,,,
65402,6,49,6,84.48275862068965,,,,,,,,,,,,,
65403,5,2,1,66.66666666666667,,0,1,7,,,,,,,,,
65405,2,35,2,152.17391304347825,,,,,,,,,,,,,
65406,2,11,2,73.33333333333333,,,,,,,,,,,,,
65407,8,12,4,100,,6,7,9.022222222222222,22.5,,,,,,,,
65410,4,43,4,84.31372549019608,,,,,,,,,,,,,
65411,7,40,5,68.96551724137932,,6,7,7.478873239,23.666666666666668,,,,,,,,
65412,1,10,1,66.66666666666667,,0,1,12,,,,,,,,,
65413,5,107,5,117.58241758241758,,,,,,,,,,,,,
65414,4,91,4,149.18032786885246,,,,,,,,,,,,,
65415,1,11,1,110,,,,,,,,,,,,,
65417,3,35,3,97.22222222222223,,,,,,,,,,,,,
65418,2,4,1,50,,0,2,11.837837837837839,,,,,,,,,
65420,2,19,2,70.37037037037037,,,,,,,,,,,,,
65421,3,4,2,50,,,,,,,,,,,,,
65422,8,186,6,152.45901639344262,,,,,,,,,,,,,
65423,1,4,1,80,,,,,,,,,,,,,
65450,9,376,9,181.6425120772947,,13,7,6.818181818181818,8.461538461538462,,,,,,,,
65451,9,170,8,140.49586776859505,,,,,,,,,,,,,
65453,3,10,2,52.63157894736842,,,,,,,,,,,,,
6554,44,1458,41,145.36390827517448,,1,1,4.615384615384615,13,34,1015,31,133.3771353,16,327,13,129.2490118577075
65562,2,3,1,23.076923076923077,,0,1,13,,,,,,,,,
6560,16,10,5,71.42857142857143,,23,16,9.078534031413612,16.608695652173914,10,10,4,83.33333333333333,6,8,2,88.88888888888889
6561,27,33,7,110,,29,27,7.554702495201536,17.96551724137931,14,12,1,240,3,,,
6574,12,326,14,123.95437262357414,,0,1,12.857142857142858,,4,75,4,117.1875,,,,
6591,34,18,3,105.88235294117646,,52,33,7.448840381991815,14.096153846153847,26,18,3,105.88235294117646,15,0,1,0
6592,32,500,28,113.63636363636364,,10,15,7.59375,19.2,28,489,26,113.72093023255815,20,422,19,111.05263157894737
66103,1,1,1,33.333333333333336,,,,,,,,,,,,,
66153,2,44,1,125.71428571428571,,,,,,,,,,,,,
6628,24,112,16,116.66666666666667,,27,24,8.863117870722434,19.48148148148148,20,95,14,111.76470588235294,3,25,3,104.16666666666667
66311,3,1,1,100,,3,1,10.08,8.333333333333334,,,,,,,,
6643,54,50,14,83.33333333333333,,64,54,7.364093959731544,18.625,35,18,10,69.23076923076923,21,5,5,35.714285714285715
6644,35,558,28,133.81294964028777,,,,,,16,206,12,113.18681318681318,7,50,5,128.2051282051282
6645,64,1358,63,109.42788074133763,,,,,,47,802,46,97.92429792429792,34,484,33,89.79591836734694
6647,7,31,2,147.61904761904762,,7,7,7.64,21.428571428571427,7,31,2,147.61904761904762,7,31,2,147.61904761904762
66491,1,11,1,78.57142857142857,,,,,,,,,,,,,
66492,1,0,1,0,,,,,,,,,,,,,
66493,1,1,1,100,,0,1,19,,,,,,,,,
66494,4,10,3,111.11111111111111,,2,2,9.6,12.5,,,,,,,,
66495,5,3,2,50,,0,4,7.741935483870968,,,,,,,,,
66496,3,17,3,70.83333333333333,,,,,,,,,,,,,
66500,7,149,6,158.51063829787233,,4,4,6.4411764705882355,17,,,,,,,,
66501,4,1,1,16.666666666666668,,6,3,8.842105263157896,12.666666666666666,,,,,,,,
66502,1,50,1,151.5151515151515,,0,1,11,,,,,,,,,
66503,5,9,3,81.81818181818181,,,,,,,,,,,,,
66505,3,18,2,100,,,,,,,,,,,,,
66506,1,14,1,107.6923076923077,,,,,,,,,,,,,
66508,3,34,2,106.25,,1,1,6,20,,,,,,,,
66509,5,30,3,115.38461538461539,,,,,,,,,,,,,
6651,82,1945,77,123.41370558375634,,0,3,6,,52,1303,48,127.87046123650637,29,646,26,123.75478927203065
66511,5,5,1,83.33333333333333,,2,2,5.555555555555555,13.5,,,,,,,,
66514,2,17,2,121.42857142857143,,,,,,,,,,,,,
6654,13,127,10,147.67441860465115,,8,13,6.632653061,36.75,11,86,8,134.375,10,81,7,139.6551724137931
6664,1,6,1,85.71428571428571,,,,,,,,,,,,,
6669,41,75,13,100,,55,40,7.039908779931585,15.945454545454545,39,57,12,89.0625,18,23,4,88.46153846153847
6670,22,552,21,131.74224343675417,,2,1,3.5,6,7,126,7,105,,,,
6671,68,991,54,126.24203821656052,,49,56,7.607142857142857,21.714285714285715,53,625,39,119.73180076628353,41,458,27,119.5822454308094
6673,17,182,12,129.07801418439718,,5,8,8.795454545454545,17.6,5,25,3,67.56756756756756,5,25,3,67.56756756756756
6674,45,1017,44,130.8880308880309,,,,,,34,804,33,130.94462540716611,25,559,25,129.39814814814815
6676,60,662,44,128.79377431906616,,63,56,7.548746518105849,17.095238095238095,44,476,33,122.68041237113403,24,220,16,115.18324607329843
6677,13,19,5,135.71428571428572,,15,12,8.738675958188153,19.133333333333333,13,19,5,135.71428571428572,13,19,5,135.71428571428572
66773,9,96,6,137.14285714285714,,5,5,6.688524590163935,12.2,,,,,,,,
6680,4,26,3,113.04347826086956,,,,,,4,26,3,113.04347826086956,,,,
66816,9,249,9,152.76073619631902,,15,8,4.356687898089172,10.466666666666667,,,,,,,,
66824,4,86,4,103.6144578313253,,,,,,,,,,,,,
6683,58,94,15,123.6842105263158,,56,58,7.794392523364486,21.017857142857142,52,54,11,103.84615384615384,34,35,7,109.375
66831,5,70,4,170.73170731707316,,1,1,8.5,12,,,,,,,,
6684,29,72,9,130.9090909090909,,35,29,7.502407704654896,17.8,18,46,6,131.42857142857142,6,1,2,16.666666666666668
6691,17,262,17,123.00469483568075,,17,17,6.5,20.470588235294116,2,7,2,100,2,7,2,100
6692,17,213,11,121.02272727272727,,20,16,6.879765395894428,17.05,2,6,2,100,2,6,2,100
6693,9,240,8,113.74407582938389,,,,,,6,155,5,108.39160839160839,4,105,3,102.94117647058823
66934,6,43,5,143.33333333333334,,1,1,1,6,,,,,,,,
66935,6,271,6,141.14583333333334,,0,1,12,,,,,,,,,
66936,5,21,3,67.74193548387096,,,,,,,,,,,,,
66937,5,0,1,0,,2,5,8.5,42,,,,,,,,
66938,5,10,2,58.82352941,,4,4,6.576923076923077,13,,,,,,,,
66948,7,358,7,138.75968992248062,,,,,,,,,,,,,
6695,2,2,1,40,,2,2,7.32,25,2,2,1,40,2,2,1,40
66959,5,6,3,100,,1,3,9.36,25,,,,,,,,
6696,4,131,4,103.96825396825396,,,,,,4,131,4,103.96825396825396,4,131,4,103.96825396825396
66960,6,66,4,106.45161290322581,,0,2,15.75,,,,,,,,,
66961,6,130,6,118.18181818181819,,,,,,,,,,,,,
66962,1,7,1,46.666666666666664,,,,,,,,,,,,,
66963,5,29,2,80.55555555555556,,5,4,8.775,16,,,,,,,,
66964,6,45,4,125,,4,5,7.479452055,18.25,,,,,,,,
66967,6,5,2,62.5,,2,6,5.925925925925926,40.5,,,,,,,,
66968,4,80,4,125,,,,,,,,,,,,,
6697,37,382,28,134.50704225352112,,41,37,6.8515625,18.73170731707317,20,93,14,116.25,18,92,13,116.45569620253164
66970,3,38,3,111.76470588235294,,,,,,,,,,,,,
66971,2,2,1,100,,0,1,6,,,,,,,,,
66973,2,1,1,100,,0,1,7.666666666666667,,,,,,,,,
66975,5,2,2,66.66666666666667,,5,4,6.658536585365853,16.4,,,,,,,,
66977,5,18,4,81.81818181818181,,1,4,9.571428571428571,42,,,,,,,,
66978,7,23,4,100,,5,6,6.823529411764706,20.4,,,,,,,,
66979,6,140,6,128.44036697247705,,,,,,,,,,,,,
66980,6,52,4,82.53968253968254,,0,1,8,,,,,,,,,
66982,3,20,3,62.5,,,,,,,,,,,,,
66983,6,45,4,104.65116279069767,,6,6,6.7,20,,,,,,,,
66984,7,61,6,124.48979591836735,,0,1,12,,,,,,,,,
66986,4,55,3,152.77777777777777,,1,2,8,12,,,,,,,,
66991,7,25,3,83.33333333333333,,15,7,7.3907284768211925,10.066666666666666,,,,,,,,
66993,3,7,2,46.666666666666664,,2,2,9.333333333333334,9,,,,,,,,
66994,6,52,3,123.80952380952381,,,,,,,,,,,,,
66995,6,221,5,128.48837209302326,,3,3,9,8,,,,,,,,
66997,6,69,3,132.69230769230768,,,,,,,,,,,,,
66999,5,33,5,86.84210526315789,,,,,,,,,,,,,
67000,6,168,6,113.51351351351352,,,,,,,,,,,,,
67002,5,113,5,116.49484536082474,,0,1,10,,,,,,,,,
67004,6,11,2,275,,4,6,11.076923076923077,13,,,,,,,,
67005,1,7,1,87.5,,0,1,12,,,,,,,,,
67006,5,46,5,104.54545454545455,,5,5,7.357142857142857,16.8,,,,,,,,
67007,4,6,2,150,,0,1,11,,,,,,,,,
67008,6,202,6,142.25352112676057,,0,1,10,,,,,,,,,
67012,5,61,5,112.96296296296296,,3,4,7.222222222222222,18,,,,,,,,
67013,5,22,4,91.66666666666667,,0,1,7.384615384615385,,,,,,,,,
67014,5,43,4,116.21621621621621,,2,5,9.616438356164384,36.5,,,,,,,,
67015,3,17,2,85,,,,,,,,,,,,,
67016,5,105,5,102.94117647058823,,,,,,,,,,,,,
67019,5,0,1,0,,4,5,7.121495327102804,26.75,,,,,,,,
67020,2,10,2,58.82352941,,,,,,,,,,,,,
67022,5,47,4,162.06896551724137,,8,4,7.325581395348837,10.75,,,,,,,,
67023,5,2,1,100,,6,5,6.456521739130435,15.333333333333334,,,,,,,,
67024,5,30,4,115.38461538461539,,,,,,,,,,,,,
67025,5,22,3,88,,,,,,,,,,,,,
67026,5,34,4,117.24137931034483,,4,5,9.320388349514563,25.75,,,,,,,,
67027,2,32,2,80,,,,,,,,,,,,,
67029,5,2,3,18.181818181818183,,12,6,8.168067226890756,9.916666666666666,,,,,,,,
67030,7,108,5,118.68131868131869,,4,7,7.1875,24,,,,,,,,
67031,7,23,5,79.31034483,,,,,,,,,,,,,
67036,7,0,2,0,,12,7,6.654545454545454,13.75,,,,,,,,
67037,7,123,6,125.51020408163265,,4,4,5.853658536585366,10.25,,,,,,,,
67038,3,11,1,110,,,,,,,,,,,,,
6705,2,20,2,133.33333333333334,,,,,,2,20,2,133.33333333333334,2,20,2,133.33333333333334
67067,7,38,4,135.71428571428572,,5,7,7.430769230769231,26,,,,,,,,
67069,4,48,4,208.69565217391303,,,,,,,,,,,,,
67093,3,10,3,71.42857142857143,,,,,,,,,,,,,
67094,3,39,2,118.18181818181819,,,,,,,,,,,,,
67095,5,41,3,107.89473684210526,,6,5,6.947368421052632,15.833333333333334,,,,,,,,
67096,7,41,6,95.34883720930233,,,,,,,,,,,,,
67097,4,6,3,60,,3,3,8.297872340425531,15.666666666666666,,,,,,,,
6711,8,2,2,66.66666666666667,,8,8,7.046979865771812,18.625,3,1,1,50,3,1,1,50
67124,5,137,5,155.6818181818182,,,,,,,,,,,,,
67128,2,0,1,0,,,,,,,,,,,,,
67141,5,86,5,94.50549450549451,,,,,,,,,,,,,
67142,3,4,1,66.66666666666667,,,,,,,,,,,,,
67143,5,10,3,100,,2,3,5.857142857142857,21,,,,,,,,
67145,3,0,1,0,,4,2,8.8,11.25,,,,,,,,
67149,6,6,3,60,,7,6,11.816793893129772,18.714285714285715,,,,,,,,
67150,5,54,5,158.8235294117647,,,,,,,,,,,,,
67151,1,8,1,72.72727272727273,,,,,,,,,,,,,
67152,5,1,2,14.285714285714286,,8,5,8.307692307692308,13,,,,,,,,
67153,6,183,6,151.2396694214876,,1,1,14,18,,,,,,,,
67155,3,28,2,200,,5,3,14.081632653061224,9.8,,,,,,,,
67157,4,3,2,30,,,,,,,,,,,,,
67158,3,2,1,40,,,,,,,,,,,,,
67159,7,1,2,14.285714285714286,,11,7,6.391304347826087,12.545454545454545,,,,,,,,
67160,3,12,2,57.142857142857146,,2,3,8.5,18,,,,,,,,
67162,4,11,2,122.22222222222223,,0,4,12.352941176470589,,,,,,,,,
67163,5,7,2,53.84615384615385,,1,1,23,6,,,,,,,,
67164,1,2,1,100,,0,1,11,,,,,,,,,
67167,6,11,1,157.14285714285714,,11,6,9.126050420168067,10.818181818181818,,,,,,,,
67169,4,9,3,90,,2,4,10.767123287671232,36.5,,,,,,,,
67170,3,2,1,50,,3,2,8,19,,,,,,,,
67172,4,27,4,90,,2,1,13,6,,,,,,,,
67175,3,3,2,37.5,,,,,,,,,,,,,
67177,6,173,5,213.58024691358025,,,,,,,,,,,,,
67178,6,102,5,152.23880597014926,,1,5,6.688524590163935,61,,,,,,,,
67180,7,72,5,180,,11,6,8.921739130434782,10.454545454545455,,,,,,,,
67181,3,6,3,100,,,,,,,,,,,,,
67182,3,28,3,116.66666666666667,,3,3,6.380952380952381,21,,,,,,,,
67183,5,90,4,152.54237288135593,,,,,,,,,,,,,
67194,7,14,4,70,,5,4,9.4,18,,,,,,,,
67195,5,34,4,75.55555555555556,,,,,,,,,,,,,
67196,4,53,4,135.89743589743588,,,,,,,,,,,,,
67202,7,32,4,84.21052631578948,,12,7,8.313725490196079,12.75,,,,,,,,
67204,5,30,5,90.90909091,,,,,,,,,,,,,
67207,4,6,1,120,,3,4,9.096774193548388,20.666666666666668,,,,,,,,
67208,8,177,7,120.40816326530613,,,,,,,,,,,,,
67209,4,35,3,89.74358974358974,,,,,,,,,,,,,
67213,2,15,2,75,,,,,,,,,,,,,
67214,4,49,4,94.23076923076923,,0,2,7.8,,,,,,,,,
67215,5,59,5,137.2093023255814,,,,,,,,,,,,,
67217,9,56,4,140,,10,9,8.341463414634147,16.4,,,,,,,,
67218,1,3,1,30,,,,,,,,,,,,,
67219,5,2,2,66.66666666666667,,3,4,7.344827586206897,19.333333333333332,,,,,,,,
67220,1,9,1,112.5,,,,,,,,,,,,,
67229,1,5,1,125,,,,,,,,,,,,,
67233,3,0,1,0,,1,2,9.870967741935484,31,,,,,,,,
67234,5,14,3,82.35294118,,3,5,6.905660377,17.666666666666668,,,,,,,,
67237,5,16,4,94.11764705882354,,5,3,6.2,6,,,,,,,,
67238,6,12,2,80,,7,6,6.486486486486487,15.857142857142858,,,,,,,,
67239,6,34,4,161.9047619047619,,7,6,7.014705882352941,19.428571428571427,,,,,,,,
67240,1,2,1,50,,1,1,11,6,,,,,,,,
67242,8,109,6,118.47826086956522,,3,7,7.0212765957446805,31.333333333333332,,,,,,,,
67243,2,2,2,25,,0,1,15.428571428571429,,,,,,,,,
67244,5,1,1,100,,3,4,7.645161290322581,20.666666666666668,,,,,,,,
6725,44,748,41,129.41176470588235,,1,2,11.428571428571429,21,18,297,15,123.75,3,33,2,63.46153846153846
6726,79,985,58,143.37700145560407,,87,75,8.766712141882675,16.850574712643677,54,608,38,142.05607476635515,29,303,17,140.27777777777777
67264,6,22,2,110,,3,5,6.5,28,,,,,,,,
67274,5,44,3,97.77777777777777,,,,,,,,,,,,,
67275,5,118,5,147.5,,,,,,,,,,,,,
67316,6,3,2,21.428571428571427,,6,6,4.660714285714286,18.666666666666668,,,,,,,,
67323,7,130,6,108.33333333333333,,,,,,,,,,,,,
6739,3,51,3,113.33333333333333,,,,,,,,,,,,,
67405,4,7,3,100,,,,,,,,,,,,,
67419,3,5,1,250,,0,2,7.578947368421052,,,,,,,,,
67427,1,0,1,0,,,,,,,,,,,,,
67443,4,45,3,150,,,,,,,,,,,,,
67446,11,53,5,135.89743589743588,,5,3,6.979591836734694,9.8,,,,,,,,
67447,5,0,1,0,,0,1,11.142857142857142,,,,,,,,,
67451,11,205,10,175.2136752136752,,,,,,,,,,,,,
67453,4,19,2,79.16666666666667,,,,,,,,,,,,,
67454,4,53,2,89.83050847457628,,1,2,10.2,30,,,,,,,,
67455,11,131,7,132.32323232323233,,2,1,5.3076923076923075,13,,,,,,,,
67464,3,6,1,66.66666666666667,,0,3,11.236363636363636,,,,,,,,,
67466,1,0,1,0,,0,1,14,,,,,,,,,
67467,6,2,2,50,,0,1,8,,,,,,,,,
67469,10,68,5,97.14285714285714,,,,,,,,,,,,,
67475,12,102,10,102,,,,,,,,,,,,,
67496,2,5,2,83.33333333333333,,,,,,,,,,,,,
67497,8,110,6,108.91089108910892,,6,5,6.75,14.666666666666666,,,,,,,,
67498,8,134,6,124.07407407407408,,8,5,4.352941176470588,12.75,,,,,,,,
67499,13,323,12,146.15384615384616,,9,6,5.488372093023256,14.333333333333334,,,,,,,,
67502,4,9,2,112.5,,,,,,,,,,,,,
67505,6,79,6,88.76404494382022,,,,,,,,,,,,,
67507,6,7,3,53.84615384615385,,7,6,6.8807339449541285,15.571428571428571,,,,,,,,
67508,4,6,2,37.5,,0,1,8,,,,,,,,,
67509,1,31,1,140.9090909090909,,,,,,,,,,,,,
67516,7,28,5,59.57446808510638,,,,,,,,,,,,,
67517,8,58,6,67.44186046511628,,3,2,8.8125,10.666666666666666,,,,,,,,
67518,7,29,5,61.702127659574465,,,,,,,,,,,,,
67519,8,52,6,88.13559322033899,,14,8,6.987341772151899,11.285714285714286,,,,,,,,
67521,4,0,1,0,,4,3,4.625,12,,,,,,,,
67523,7,42,6,61.76470588235294,,,,,,,,,,,,,
67525,8,14,3,116.66666666666667,,10,8,6.779220779220779,15.4,,,,,,,,
67526,1,0,1,0,,,,,,,,,,,,,
67530,4,29,4,60.416666666666664,,,,,,,,,,,,,
67531,4,16,3,64,,0,1,17,,,,,,,,,
67532,1,1,1,25,,0,1,13,,,,,,,,,
67534,5,35,3,58.333333333333336,,2,5,6.512195121951219,41,,,,,,,,
67535,6,4,4,30.76923076923077,,0,1,16.285714285714285,,,,,,,,,
67536,7,101,5,97.11538461538461,,0,1,10,,,,,,,,,
67537,6,0,2,0,,2,4,6.929577464788732,35.5,,,,,,,,
67539,4,1,2,11.11111111111111,,0,1,36,,,,,,,,,
6754,14,16,5,100,,18,14,7.4462540716612375,17.055555555555557,7,8,2,114.28571428571429,5,0,1,0
67540,7,135,7,120.53571428571429,,3,7,9.631578947368421,38,,,,,,,,
67541,7,38,7,58.46153846153846,,4,6,5.9491525423728815,29.5,,,,,,,,
67542,7,102,5,124.39024390243902,,5,6,8.037735849056604,21.2,,,,,,,,
67545,3,5,2,55.55555555555556,,0,2,4.536585365853658,,,,,,,,,
67546,7,120,7,100,,,,,,,,,,,,,
67548,2,0,1,0,,0,1,5.538461538461538,,,,,,,,,
6761,7,134,6,124.07407407407408,,,,,,6,126,5,121.15384615384616,6,126,5,121.15384615384616
6762,16,256,16,118.51851851851852,,,,,,16,256,16,118.51851851851852,7,96,7,124.67532467532467
6763,13,3,2,60,,5,11,7.566265060240964,49.8,7,0,1,0,1,,,
67642,9,77,4,116.66666666666667,,15,9,4.2430939226519335,12.066666666666666,,,,,,,,
67643,10,202,8,114.77272727272727,,,,,,,,,,,,,
67645,3,0,1,0,,1,3,8.938775510204081,49,,,,,,,,
6771,38,835,35,125.56390977443608,,,,,,21,364,19,130,20,312,18,121.875
6772,42,47,13,77.04918032786885,,52,42,6.789156626506024,19.153846153846153,31,35,11,68.62745098039215,31,35,11,68.62745098039215
6774,33,783,31,132.26351351351352,,0,2,12,,25,664,23,135.51020408163265,25,664,23,135.51020408163265
6775,10,36,8,97.29729729729729,,20,10,6.426540284,10.55,10,36,8,97.29729729729729,10,36,8,97.29729729729729
67825,4,76,4,124.59016393442623,,3,4,7.461538461538462,26,,,,,,,,
67826,2,23,1,121.05263157894737,,,,,,,,,,,,,
6783,19,266,17,136.4102564102564,,,,,,19,266,17,136.4102564102564,14,233,12,145.625
6784,1,1,1,100,,3,1,6.461538461538462,8.666666666666666,,,,,,,,
67856,8,25,5,56.81818181818182,,10,6,5.462686567164179,13.4,,,,,,,,
67863,4,2,2,66.66666666666667,,,,,,,,,,,,,
6789,27,605,24,121,,,,,,16,389,15,121.18380062305296,5,147,5,118.54838709677419
6790,45,826,38,142.16867469879517,,32,42,8.178438661710038,25.21875,33,612,26,140.68965517241378,9,97,6,179.62962962962962
6791,38,793,31,142.88288288288288,,,,,,23,539,19,150.1392757660167,5,87,5,112.98701298701299
6792,5,151,5,114.39393939393939,,,,,,5,151,5,114.39393939393939,,,,
6793,2,19,2,111.76470588235294,,,,,,2,19,2,111.76470588235294,2,19,2,111.76470588235294
67934,2,5,2,166.66666666666666,,5,2,10.046511627906977,8.6,,,,,,,,
67936,3,0,1,0,,,,,,,,,,,,,
67937,1,0,1,0,,2,1,12,9,,,,,,,,
67939,1,4,1,36.36363636363637,,,,,,,,,,,,,
67949,3,13,2,52,,,,,,,,,,,,,
6795,2,5,1,125,,1,2,9.290322580645162,31,2,5,1,125,,,,
67950,3,0,1,0,,,,,,,,,,,,,
67951,0,0,1,0,,2,1,5.538461538461538,6.5,,,,,,,,
6797,7,10,3,71.42857142857143,,4,7,7.8320610687022905,32.75,7,10,3,71.42857142857143,7,10,3,71.42857142857143
67996,1,0,1,0,,,,,,,,,,,,,
68,2,34,2,87.17948717948718,,3,1,4.75,8,2,34,2,87.17948717948718,2,34,2,87.17948717948718
6804,8,30,3,107.14285714285714,,14,8,6.440677966101695,12.642857142857142,1,,,,1,,,
6806,61,29,14,74.35897435897436,,80,61,8.284066330209084,17.3375,47,17,8,77.27272727272727,34,17,7,85
6815,2,0,1,0,,4,2,8.448979591836734,12.25,2,0,1,0,2,0,1,0
6819,97,3092,96,148.36852207293666,,2,4,10.864864864864865,18.5,83,2533,82,146.84057971014494,57,1822,57,145.1792828685259
68279,6,1,2,16.666666666666668,,5,6,8.210526315789474,22.8,,,,,,,,
6828,9,76,4,149.01960784313727,,6,6,7.153846153846154,21.666666666666668,2,43,2,159.25925925925927,2,43,2,159.25925925925927
68295,11,2,2,66.66666666666667,,7,7,8.446601941747574,14.714285714285714,,,,,,,,
68299,2,1,1,50,,,,,,,,,,,,,
68302,2,23,2,104.54545454545455,,,,,,,,,,,,,
68303,7,150,7,174.41860465116278,,,,,,,,,,,,,
68309,7,1,1,100,,5,7,7.666666666666667,25.2,,,,,,,,
68313,3,3,1,42.857142857142854,,,,,,,,,,,,,
68316,10,36,7,105.88235294117646,,7,9,8.516129032258064,26.571428571428573,,,,,,,,
68319,10,189,8,157.5,,6,9,9.965217391304348,19.166666666666668,,,,,,,,
68325,5,16,3,76.19047619047619,,,,,,,,,,,,,
68328,1,4,1,100,,,,,,,,,,,,,
68329,2,11,2,110,,1,2,5.217391304347826,23,,,,,,,,
68330,5,22,3,122.22222222222223,,1,2,7.25,24,,,,,,,,
68331,4,78,3,121.875,,,,,,,,,,,,,
68333,9,60,6,98.36065573770492,,6,7,10.758620689655173,14.5,,,,,,,,
68337,8,126,6,123.52941176470588,,0,1,13,,,,,,,,,
68338,2,6,2,40,,,,,,,,,,,,,
68339,10,6,3,54.54545454545455,,11,10,8.074468085106384,17.09090909090909,,,,,,,,
68348,4,44,4,133.33333333333334,,,,,,,,,,,,,
68350,4,27,4,67.5,,,,,,,,,,,,,
68351,2,37,2,92.5,,,,,,,,,,,,,
68353,4,4,1,50,,2,3,9.9,30,,,,,,,,
68358,2,18,2,112.5,,,,,,,,,,,,,
68360,5,47,5,106.81818181818181,,,,,,,,,,,,,
68361,1,5,1,71.42857142857143,,,,,,,,,,,,,
68362,9,1,2,25,,14,9,7.766355140186916,15.285714285714286,,,,,,,,
68364,2,13,2,86.66666666666667,,,,,,,,,,,,,
68365,8,6,4,100,,6,7,9.358208955,22.333333333333332,,,,,,,,
68366,2,0,1,0,,,,,,,,,,,,,
68367,1,0,1,0,,,,,,,,,,,,,
68369,2,4,1,400,,1,2,9,28,,,,,,,,
68407,10,144,8,240,,16,10,8.264705882352942,12.75,,,,,,,,
68410,1,24,1,109.0909090909091,,,,,,,,,,,,,
68543,8,12,2,200,,8,8,7.673076923076923,26,,,,,,,,
68555,6,125,6,142.04545454545453,,,,,,,,,,,,,
68557,3,10,2,47.61904761904762,,,,,,,,,,,,,
68559,2,12,2,85.71428571428571,,,,,,,,,,,,,
68560,2,11,2,84.61538461538461,,,,,,,,,,,,,
68567,1,2,1,25,,,,,,,,,,,,,
68569,1,10,1,100,,0,1,9.692307692307692,,,,,,,,,
68578,5,47,3,167.85714285714286,,,,,,,,,,,,,
68579,3,0,1,0,,,,,,,,,,,,,
6858,6,122,6,154.43037974683546,,,,,,6,122,6,154.43037974683546,6,122,6,154.43037974683546
68580,2,33,2,75,,,,,,,,,,,,,
68581,1,1,1,14.285714285714286,,0,1,11.76,,,,,,,,,
68582,3,2,1,50,,0,2,18,,,,,,,,,
68583,5,11,4,50,,,,,,,,,,,,,
68586,9,104,6,170.49180327868854,,,,,,,,,,,,,
68587,3,11,3,57.89473684210526,,,,,,,,,,,,,
68588,1,7,1,58.333333333333336,,,,,,,,,,,,,
68592,7,16,4,123.07692307692308,,8,6,6.755905511811024,15.875,,,,,,,,
6865,6,10,2,111.11111111111111,,6,6,9.387096774193548,20.666666666666668,5,9,1,112.5,5,9,1,112.5
68746,3,0,1,0,,2,3,6.923076923076923,19.5,,,,,,,,
6875,5,92,5,141.53846153846155,,3,4,7.0588235294117645,22.666666666666668,,,,,,,,
6883,15,495,15,134.8773841961853,,3,3,6.444444444444445,18,3,85,3,149.12280701754386,3,85,3,149.12280701754386
6884,10,11,6,45.833333333333336,,15,9,6.848780487804878,13.666666666666666,1,0,1,0,1,0,1,0
68882,9,64,6,96.96969696969697,,4,7,7.1571428571428575,35,,,,,,,,
6892,8,5,4,27.77777777777778,,8,4,8.272727272727273,8.25,2,,,,2,,,
6896,8,116,7,152.6315789473684,,,,,,,,,,,,,
69082,1,4,1,100,,,,,,,,,,,,,
69083,2,7,2,38.888888888888886,,,,,,,,,,,,,
691,9,68,6,86.07594936708861,,10,9,4.6350710900473935,21.1,9,68,6,86.07594936708861,,,,
69128,9,47,6,223.8095238095238,,14,8,10,10.285714285714286,,,,,,,,
6922,9,112,8,117.89473684210526,,,,,,4,46,4,131.42857142857142,,,,
6931,50,1630,51,125.28823981552652,,,,,,35,985,35,116.5680473372781,24,582,23,107.57855822550832
6932,7,9,3,60,,13,7,7.414012738853503,12.076923076923077,5,1,1,33.333333333333336,5,1,1,33.333333333333336
6935,1,6,1,50,,,,,,,,,,,,,
69397,11,171,10,96.06741573033707,,,,,,,,,,,,,
6942,28,357,27,88.36633663366337,,,,,,21,223,20,80.50541516245487,14,131,13,76.16279069767442
6944,7,13,4,108.33333333333333,,0,6,7.461538461538462,,7,13,4,108.33333333333333,7,13,4,108.33333333333333
6945,37,940,35,119.89795918367346,,,,,,30,688,28,115.43624161073825,23,597,22,116.1478599
6954,21,258,18,104.8780487804878,,,,,,16,217,14,104.32692307692308,7,50,6,67.56756756756756
6956,6,12,2,75,,5,6,6.330275229357798,21.8,6,12,2,75,6,12,2,75
6957,9,49,7,81.66666666666667,,4,7,7,27,9,49,7,81.66666666666667,7,22,5,62.857142857142854
6958,30,443,26,128.40579710144928,,1,2,12,8,23,330,21,123.59550561797752,17,244,16,122.61306532663316
6960,4,55,3,94.82758620689656,,,,,,4,55,3,94.82758620689656,4,55,3,94.82758620689656
6964,34,505,33,114.25339366515837,,17,26,7.327102803738318,18.88235294117647,24,383,24,109.42857142857143,17,297,17,106.07142857142857
6966,39,1317,39,144.88448844884488,,,,,,29,685,27,125,20,361,18,110.39755351681957
69679,2,40,2,125,,,,,,,,,,,,,
6971,37,193,21,121.38364779874213,,50,38,7.625316455696202,15.8,30,172,16,125.54744525547446,23,126,11,134.04255319148936
69748,1,0,1,0,,,,,,,,,,,,,
6975,17,47,6,114.63414634146342,,28,17,7.833827893175074,12.035714285714286,14,27,4,117.3913043478261,14,27,4,117.3913043478261
69805,5,10,2,125,,4,5,7.217391304347826,17.25,,,,,,,,
69809,1,2,1,40,,,,,,,,,,,,,
69814,2,39,2,90.69767441860465,,,,,,,,,,,,,
69818,6,0,1,0,,1,4,11.210526315789474,38,,,,,,,,
69819,6,52,5,126.82926829268293,,,,,,,,,,,,,
69820,3,23,3,65.71428571428571,,,,,,,,,,,,,
69822,6,25,3,125,,4,6,8.512820512820513,29.25,,,,,,,,
69825,4,17,4,60.714285714285715,,0,1,8,,,,,,,,,
69826,2,13,2,100,,,,,,,,,,,,,
69835,9,110,8,90.90909091,,1,2,10.451612903225806,31,,,,,,,,
69836,1,6,1,75,,,,,,,,,,,,,
69837,9,157,9,112.94964028776978,,,,,,,,,,,,,
69841,2,28,1,84.84848484848484,,,,,,,,,,,,,
69844,4,35,3,125,,5,3,4.5,8.8,,,,,,,,
69845,2,12,2,57.142857142857146,,,,,,,,,,,,,
69846,5,46,5,97.87234042553192,,,,,,,,,,,,,
69847,8,0,1,0,,7,6,6.397058823529412,19.428571428571427,,,,,,,,
69848,6,14,3,200,,12,6,5.357142857142857,9.333333333333334,,,,,,,,
69850,4,5,3,55.55555555555556,,,,,,,,,,,,,
69851,1,4,1,36.36363636363637,,,,,,,,,,,,,
69852,8,184,9,115,,,,,,,,,,,,,
69853,2,0,1,0,,0,2,12,,,,,,,,,
69855,2,4,1,33.333333333333336,,,,,,,,,,,,,
69856,2,2,2,50,,0,1,6.666666666666667,,,,,,,,,
69857,1,21,1,116.66666666666667,,1,1,11.25,16,,,,,,,,
69858,7,41,5,89.13043478,,4,3,6.470588235294118,12.75,,,,,,,,
69859,5,44,3,118.91891891891892,,,,,,,,,,,,,
69862,7,73,8,100,,,,,,,,,,,,,
69864,7,12,4,85.71428571428571,,,,,,,,,,,,,
69865,1,0,1,0,,,,,,,,,,,,,
69867,4,13,3,48.148148148148145,,,,,,,,,,,,,
69868,3,32,3,86.48648648648648,,,,,,,,,,,,,
69869,7,71,7,116.39344262295081,,0,1,17.5,,,,,,,,,
69870,7,36,5,83.72093023255815,,9,5,5.888888888888889,12,,,,,,,,
69871,7,40,4,88.88888888888889,,8,6,5.512195121951219,15.375,,,,,,,,
69872,6,45,5,67.16417910447761,,,,,,,,,,,,,
69873,7,130,7,96.29629629629629,,,,,,,,,,,,,
69874,2,4,2,40,,,,,,,,,,,,,
69875,4,69,4,109.52380952380952,,2,3,10.285714285714286,24.5,,,,,,,,
69876,7,35,6,106.06060606060606,,10,7,6.218978102189781,13.7,,,,,,,,
69880,4,63,4,95.45454545454545,,,,,,,,,,,,,
69881,7,9,3,69.23076923076923,,6,6,6.573913043478261,19.166666666666668,,,,,,,,
69882,1,0,1,0,,0,1,9.6,,,,,,,,,
69884,6,137,5,124.54545454545455,,,,,,,,,,,,,
69886,1,10,2,76.92307692307692,,,,,,,,,,,,,
69887,2,5,1,125,,3,2,7.7368421052631575,12.666666666666666,,,,,,,,
69888,6,36,5,97.29729729729729,,4,6,5.9361702127659575,23.5,,,,,,,,
69890,1,12,1,66.66666666666667,,,,,,,,,,,,,
69891,6,43,6,82.69230769,,,,,,,,,,,,,
69892,1,39,1,97.5,,0,1,6.461538461538462,,,,,,,,,
69894,6,48,5,102.12765957446808,,,,,,,,,,,,,
69895,1,1,1,20,,,,,,,,,,,,,
69896,2,0,2,0,,,,,,,,,,,,,
69897,7,39,3,111.42857142857143,,4,7,9.069767441860465,32.25,,,,,,,,
69898,6,16,4,44.44444444444444,,,,,,,,,,,,,
69899,6,50,6,111.11111111111111,,3,4,7.404255319148936,15.666666666666666,,,,,,,,
69901,6,40,4,88.88888888888889,,5,4,6.461538461538462,13,,,,,,,,
69902,4,53,4,139.47368421052633,,,,,,,,,,,,,
69903,3,27,3,150,,0,2,6,,,,,,,,,
69904,5,14,2,127.27272727272727,,3,5,9,23.333333333333332,,,,,,,,
69905,7,99,6,128.57142857142858,,3,7,6.8,35,,,,,,,,
69907,2,3,1,33.333333333333336,,2,1,11.142857142857142,7,,,,,,,,
69908,2,19,2,57.57575757575758,,0,1,36,,,,,,,,,
69909,2,53,2,147.22222222222223,,,,,,,,,,,,,
69910,7,75,6,75,,5,4,4.705882352941177,10.2,,,,,,,,
69913,7,21,3,75,,,,,,,,,,,,,
69915,2,0,1,0,,,,,,,,,,,,,
69916,3,0,1,0,,1,1,5.1,20,,,,,,,,
69918,3,30,3,76.92307692307692,,,,,,,,,,,,,
69919,5,18,2,300,,,,,,,,,,,,,
69920,8,124,6,93.93939393939394,,5,2,4,6,,,,,,,,
69922,1,0,1,0,,,,,,,,,,,,,
69923,4,6,3,54.54545454545455,,,,,,,,,,,,,
69924,4,2,1,15.384615384615385,,2,3,6.142857142857143,21,,,,,,,,
69925,4,46,3,131.42857142857142,,0,2,4.666666666666667,,,,,,,,,
69926,4,2,1,50,,4,3,16.4,7.5,,,,,,,,
69929,7,5,2,71.42857142857143,,3,6,8.513513513513514,24.666666666666668,,,,,,,,
69930,8,44,6,89.79591836734694,,,,,,,,,,,,,
69931,4,15,4,37.5,,4,3,8.262295081967213,15.25,,,,,,,,
69932,8,20,3,86.95652173913044,,4,6,8.876712328767123,18.25,,,,,,,,
69933,3,35,2,194.44444444444446,,2,3,5.492957746478873,35.5,,,,,,,,
69935,3,38,3,152,,,,,,,,,,,,,
69981,6,151,5,148.0392156862745,,0,1,8,,,,,,,,,
70057,1,13,1,144.44444444444446,,0,1,7.384615384615385,,,,,,,,,
70058,1,5,1,29.41176470588235,,,,,,,,,,,,,
70067,3,3,2,50,,2,3,6.967741935483871,31,,,,,,,,
70068,3,2,1,20,,3,3,7.2,20,,,,,,,,
70076,4,9,1,112.5,,,,,,,,,,,,,
7008,4,10,2,43.47826086956522,,7,4,10.746268656716419,9.571428571428571,3,8,1,80,2,8,1,80
70122,2,2,2,100,,0,1,8,,,,,,,,,
70126,4,13,3,100,,4,4,5.888888888888889,13.5,,,,,,,,
70127,1,0,1,0,,1,1,4.153846153846154,13,,,,,,,,
70129,2,28,1,107.6923076923077,,4,2,2.88,12.5,,,,,,,,
70148,4,45,3,173.07692307692307,,,,,,,,,,,,,
70150,2,5,2,45.45454545454545,,,,,,,,,,,,,
70154,2,59,2,105.35714285714286,,,,,,,,,,,,,
70155,1,2,1,50,,,,,,,,,,,,,
70157,6,29,5,116,,5,5,6.674157303370786,17.8,,,,,,,,
70158,2,4,2,100,,,,,,,,,,,,,
70159,5,16,4,145.45454545454547,,3,5,7.98,33.333333333333336,,,,,,,,
70161,2,3,1,50,,,,,,,,,,,,,
70162,5,31,5,103.33333333333333,,5,4,7.636363636363637,15.4,,,,,,,,
70163,6,7,4,87.5,,3,4,7.432835820895522,22.333333333333332,,,,,,,,
70169,6,25,4,108.69565217391305,,,,,,,,,,,,,
70170,6,7,2,175,,9,5,8.689655172413794,9.666666666666666,,,,,,,,
70171,3,1,1,100,,1,3,9.473684210526315,38,,,,,,,,
70172,2,31,1,163.1578947368421,,0,1,10.285714285714286,,,,,,,,,
70173,4,24,4,72.72727272727273,,1,2,7.153846153846154,26,,,,,,,,
70175,6,20,3,83.33333333333333,,6,5,6.846153846153846,13,,,,,,,,
70176,6,9,2,128.57142857142858,,,,,,,,,,,,,
70181,1,1,1,33.333333333333336,,,,,,,,,,,,,
70184,2,17,2,73.91304347826087,,,,,,,,,,,,,
70186,2,5,2,55.55555555555556,,,,,,,,,,,,,
70188,6,91,6,124.65753424657534,,1,2,10.909090909090908,22,,,,,,,,
70189,2,9,2,64.28571428571429,,,,,,,,,,,,,
70191,1,10,1,71.42857142857143,,0,1,15,,,,,,,,,
70193,3,39,3,114.70588235294117,,,,,,,,,,,,,
70194,2,6,1,60,,0,2,11.294117647058824,,,,,,,,,
70196,4,95,4,115.85365853658537,,,,,,,,,,,,,
70198,3,7,2,63.63636363636363,,2,3,8.888888889,27,,,,,,,,
70205,3,1,1,25,,6,3,9.2,12.5,,,,,,,,
70209,2,24,2,218.1818181818182,,,,,,,,,,,,,
70210,3,47,1,146.875,,,,,,,,,,,,,
70211,5,117,5,107.33944954128441,,,,,,,,,,,,,
70258,5,83,4,123.88059701492537,,,,,,,,,,,,,
7026,2,44,2,93.61702127659575,,,,,,2,44,2,93.61702127659575,,,,
70261,1,1,1,20,,0,1,16,,,,,,,,,
70262,7,34,4,170,,10,7,7.956521739130435,13.8,,,,,,,,
70264,1,22,1,169.23076923076923,,,,,,,,,,,,,
70270,3,11,2,78.57142857142857,,,,,,,,,,,,,
70273,8,1,1,100,,11,8,6.146341463414634,14.909090909090908,,,,,,,,
70275,5,101,5,117.44186046511628,,,,,,,,,,,,,
70276,4,32,3,80,,2,2,5.5,12,,,,,,,,
70279,2,31,2,106.89655172413794,,,,,,,,,,,,,
70280,3,13,1,100,,,,,,,,,,,,,
70281,1,12,1,70.58823529411765,,,,,,,,,,,,,
70282,4,22,2,115.78947368421052,,,,,,,,,,,,,
70284,5,218,5,205.66037735849056,,,,,,,,,,,,,
70287,1,10,1,76.92307692307692,,,,,,,,,,,,,
70289,2,7,1,70,,,,,,,,,,,,,
70290,1,5,1,100,,,,,,,,,,,,,
70291,1,21,1,123.52941176470588,,,,,,,,,,,,,
70292,2,14,1,58.333333333333336,,0,1,9,,,,,,,,,
70294,5,63,3,121.15384615384616,,0,1,7,,,,,,,,,
70295,4,23,4,53.48837209302326,,,,,,,,,,,,,
70296,3,6,1,42.857142857142854,,1,2,10.2,30,,,,,,,,
70297,5,64,4,77.10843373493977,,0,1,10.5,,,,,,,,,
70298,2,8,1,200,,,,,,,,,,,,,
70299,4,6,1,100,,2,3,9.9,20,,,,,,,,
70303,5,1,1,16.666666666666668,,4,3,7.469387755102041,12.25,,,,,,,,
70304,6,102,6,120,,2,3,10.421052631578947,19,,,,,,,,
70305,2,2,1,66.66666666666667,,0,1,12,,,,,,,,,
70306,4,41,3,170.83333333333334,,,,,,,,,,,,,
70307,5,44,4,102.32558139534883,,,,,,,,,,,,,
70308,6,14,2,100,,7,5,7.851063829787234,13.428571428571429,,,,,,,,
70310,1,24,1,133.33333333333334,,,,,,,,,,,,,
70341,1,12,1,200,,,,,,,,,,,,,
70357,0,0,1,0,,,,,,,,,,,,,
70364,1,5,1,250,,1,1,11.571428571428571,14,,,,,,,,
70368,2,15,1,115.38461538461539,,,,,,,,,,,,,
7044,5,130,5,191.1764705882353,,,,,,,,,,,,,
70487,0,4,1,40,,,,,,,,,,,,,
7049,9,199,10,116.37426900584795,,,,,,3,15,3,78.94736842105263,3,15,3,78.94736842105263
7052,15,84,7,113.51351351351352,,19,15,6.739002933,17.94736842105263,9,26,4,104,,,,
7057,30,472,23,115.1219512195122,,,,,,21,356,16,113.73801916932908,7,185,7,124.16107382550335
7058,7,92,7,104.54545454545455,,,,,,1,36,1,116.12903225806451,1,36,1,116.12903225806451
7059,70,1502,61,139.33209647495363,,4,12,10.2,27.5,40,885,35,141.14832535885168,28,688,23,151.2087912087912
7060,17,115,11,98.29059829,,25,18,6.482412060301508,15.92,13,80,6,106.66666666666667,12,80,6,106.66666666666667
70832,1,11,1,110,,,,,,,,,,,,,
7094,11,128,8,126.73267326732673,,9,10,8.456140350877194,19,11,128,8,126.73267326732673,5,63,4,114.54545454545455
7105,33,380,28,125.82781456953643,,0,4,9.4,,21,223,16,113.19796954314721,9,62,7,116.98113207547169
7106,2,12,1,109.0909090909091,,7,2,4.8,7.142857142857143,1,,,,1,,,
71192,1,2,1,100,,1,1,8.538461538461538,26,,,,,,,,
7125,37,144,16,165.51724137931035,,54,38,8.401554404145077,14.296296296296296,22,58,8,170.58823529411765,14,32,4,168.42105263157896
7130,35,11,6,68.75,,49,33,7.526530612244898,15,27,10,5,90.90909091,18,4,3,50
71309,1,7,1,58.333333333333336,,,,,,,,,,,,,
71310,1,2,2,33.333333333333336,,0,2,11.666666666666666,,,,,,,,,
71311,1,3,1,37.5,,6,2,6.8076923076923075,8.666666666666666,,,,,,,,
7134,44,1314,44,150.86107921928817,,,,,,33,1074,33,145.52845528455285,23,774,23,150.87719298245614
7140,1,9,2,100,,1,2,7.953488372093023,43,,,,,,,,
7145,5,1,1,50,,2,3,10.254545454545454,27.5,5,1,1,50,5,1,1,50
7152,11,217,11,116.66666666666667,,,,,,11,217,11,116.66666666666667,9,171,9,106.2111801242236
7155,9,235,9,123.6842105263158,,3,7,6.3076923076923075,26,5,147,5,128.94736842105263,,,,
7157,1,19,1,65.51724137931035,,,,,,1,19,1,65.51724137931035,1,19,1,65.51724137931035
7162,3,19,2,172.72727272727272,,4,3,4.835820895522388,16.75,3,19,2,172.72727272727272,3,19,2,172.72727272727272
7197,25,5,3,83.33333333333333,,26,25,6.820224719101123,20.53846153846154,18,1,2,20,9,,,
7201,2,3,1,75,,0,2,10.628571428571428,,2,3,1,75,2,3,1,75
7205,1,0,1,0,,0,1,12.5,,,,,,,,,
7215,9,71,6,142,,16,9,5.585106382978723,11.75,3,20,2,133.33333333333334,1,4,1,57.142857142857146
7216,92,2751,91,153.08848080133555,,,,,,67,1924,66,153.79696243005594,36,1000,35,153.37423312883436
7217,21,164,13,140.17094017094018,,13,18,8.798722044728434,24.076923076923077,14,94,9,136.2318841,5,5,2,100
7218,3,32,3,168.42105263157896,,4,3,8.921052631578947,19,3,32,3,168.42105263157896,3,32,3,168.42105263157896
7219,1,0,1,0,,0,1,7.333333333333333,,1,0,1,0,1,0,1,0
722,13,40,3,137.93103448275863,,10,11,7.3649289099526065,21.1,5,40,3,137.93103448275863,5,40,3,137.93103448275863
724,4,5,1,100,,9,4,5.387755102040816,10.88888888888889,4,5,1,100,1,,,
7240,38,10,6,40,,39,38,7.505202312138728,22.17948717948718,30,6,4,30,24,4,3,26.666666666666668
7245,11,0,1,0,,22,12,5.803278689,11.090909090909092,6,,,,2,,,
7250,43,68,8,123.63636363636364,,64,42,8.272425249169435,14.109375,29,65,7,130,13,6,2,100
7256,5,133,5,111.76470588235294,,,,,,4,105,4,114.1304347826087,4,105,4,114.1304347826087
7260,60,1159,51,148.97172236503857,,,,,,40,736,32,154.29769392033543,22,404,18,162.24899598393574
7266,32,271,20,116.30901287553648,,21,27,8.295399515738499,19.666666666666668,22,42,12,87.5,18,39,10,97.5
7269,1,0,1,0,,6,2,6.923076923076923,8.666666666666666,,,,,,,,
7270,50,49,17,76.5625,,58,49,8.421818181818182,18.96551724137931,48,49,17,76.5625,40,45,15,81.81818181818181
7276,13,326,12,153.05164319248826,,1,1,7,6,7,74,6,101.36986301369863,7,74,6,101.36986301369863
7279,21,190,13,125,,21,20,7.111638954869359,20.047619047619047,5,7,3,53.84615384615385,5,7,3,53.84615384615385
728,40,1113,40,125.76271186440678,,,,,,31,797,31,118.95522388059702,31,797,31,118.95522388059702
7289,2,16,2,160,,,,,,2,16,2,160,2,16,2,160
7292,3,10,2,100,,2,2,11.419354838709678,15.5,,,,,,,,
7293,19,156,12,120,,20,20,8.251716247139589,21.85,18,152,11,125.6198347107438,14,46,7,112.1951219512195
7294,6,95,5,121.7948717948718,,2,5,5.851851851851852,40.5,,,,,,,,
7295,12,77,6,202.6315789473684,,23,13,6.966292134831461,11.608695652173912,11,77,4,213.88888888888889,11,77,4,213.88888888888889
7296,13,32,7,123.07692307692308,,23,11,6.688524590163935,10.608695652173912,8,29,5,152.6315789473684,5,13,3,118.18181818181819
7297,19,227,16,96.18644068,,14,8,5.59375,13.714285714285714,17,213,14,96.81818181818181,,,,
7298,4,121,4,114.15094339622641,,,,,,4,121,4,114.15094339622641,,,,
7304,53,1280,45,174.62482946793997,,32,32,8.023728813559321,18.4375,43,875,37,166.98473282442748,27,710,23,180.6615776081425
7312,10,10,3,47.61904761904762,,8,9,8.4,23.75,8,1,1,33.333333333333336,,,,
7322,62,13,8,76.47058823529412,,60,61,7.931192660550459,21.8,47,9,5,100,30,3,4,42.857142857142854
7324,4,19,3,76,,4,4,8.117647058823529,25.5,4,19,3,76,4,19,3,76
7325,93,661,57,124.71698113207547,,82,89,7.633835457705678,21.048780487804876,78,477,48,122.9381443298969,51,273,29,115.67796610169492
7326,25,77,11,160.41666666666666,,24,25,8.459227467811159,19.416666666666668,9,51,6,164.51612903225808,9,51,6,164.51612903225808
7327,20,45,8,102.27272727272727,,24,20,8.225063938618925,16.291666666666668,18,45,8,102.27272727272727,6,11,3,84.61538461538461
7328,16,170,14,111.11111111111111,,8,11,8.607142857142858,21,8,81,7,108,2,2,1,66.66666666666667
7338,30,388,27,140.57971014492753,,,,,,18,178,16,113.37579617834395,15,123,13,116.0377358490566
7341,20,484,20,180.59701492537314,,,,,,13,427,13,205.28846153846155,,,,
7343,7,4,3,28.571428571428573,,8,7,9.163636363636364,13.75,1,,,,1,,,
7344,70,106,30,99.06542056074767,,96,69,7.749667110519308,15.645833333333334,45,66,17,100,29,48,9,137.14285714285714
7354,22,30,6,63.829787234042556,,28,22,6.365422396856582,18.178571428571427,9,0,1,0,,,,
7355,6,63,5,92.64705882,,,,,,3,39,3,92.85714285714286,3,39,3,92.85714285714286
7364,59,97,26,95.09803921568627,,90,58,8.004545454545454,14.666666666666666,45,73,19,112.3076923076923,36,58,13,126.08695652173913
7419,1,0,1,0,,,,,,1,0,1,0,1,0,1,0
7421,6,2,2,66.66666666666667,,2,6,6.6947368421052635,47.5,6,2,2,66.66666666666667,6,2,2,66.66666666666667
7426,6,100,6,75.18796992481202,,,,,,6,100,6,75.18796992481202,6,100,6,75.18796992481202
7429,5,105,5,87.5,,,,,,5,105,5,87.5,5,105,5,87.5
7430,1,1,1,20,,,,,,1,1,1,20,1,1,1,20
7431,5,7,3,58.333333333333336,,1,2,10.125,16,5,7,3,58.333333333333336,5,7,3,58.333333333333336
7436,11,63,7,79.74683544303798,,8,10,7.691489361702128,23.5,8,27,4,72.97297297297297,8,27,4,72.97297297297297
7440,9,114,9,63.333333333333336,,,,,,8,113,8,64.94252873563218,8,113,8,64.94252873563218
7442,8,12,5,41.37931034482759,,4,7,7.956521739130435,23,8,12,5,41.37931034482759,8,12,5,41.37931034482759
7446,62,850,53,144.31239388794566,,1,3,9.857142857142858,14,43,613,37,138.06306306306305,27,431,25,130.21148036253777
7449,4,47,4,104.44444444444444,,0,1,5.7,,4,47,4,104.44444444444444,4,47,4,104.44444444444444
7454,7,151,7,158.94736842105263,,,,,,1,14,1,93.33333333333333,,,,
7458,40,655,38,142.70152505446623,,1,1,9,12,29,476,27,141.24629080118694,6,145,6,118.85245901639344
7459,12,66,9,132,,3,10,6.707865168539326,59.333333333333336,4,23,2,135.2941176470588,2,,,
7463,3,74,3,121.31147540983606,,,,,,1,48,1,177.77777777777777,1,48,1,177.77777777777777
7466,1,6,1,120,,,,,,1,6,1,120,1,6,1,120
7467,5,93,4,166.07142857142858,,,,,,,,,,,,,
7468,11,227,9,168.14814814814815,,5,9,6.662068965517242,29,4,105,4,150,2,22,2,91.66666666666667
7469,9,59,3,159.45945945945945,,14,10,9.605504587155963,15.571428571428571,3,,,,1,,,
7470,16,2,3,40,,22,16,7.533333333333333,16.363636363636363,10,,,,8,,,
7471,14,87,8,147.45762711864407,,4,6,8.351351351,18.5,8,57,3,203.57142857142858,,,,
7472,83,1232,60,132.90183387270767,,48,70,8.193254329990884,22.854166666666668,74,1131,54,132.43559718969556,49,499,33,120.53140096618357
7473,30,106,12,173.7704918032787,,31,30,8.491228070175438,22.06451612903226,24,100,10,169.4915254237288,19,30,6,166.66666666666666
7474,29,741,27,136.21323529411765,,0,1,19.714285714285715,,19,523,18,142.5068119891008,7,172,7,149.56521739130434
7475,23,25,3,89.28571428571429,,16,23,7.541401274,29.4375,16,25,3,89.28571428571429,5,24,2,92.30769231
7476,33,822,31,120.88235294117646,,14,22,6.696245733788396,20.928571428571427,24,544,22,115.74468085106383,10,223,9,140.25157232704402
7481,4,51,3,108.51063829787235,,1,2,7.5,24,,,,,,,,
7483,3,11,3,42.30769230769231,,,,,,3,11,3,42.30769230769231,3,11,3,42.30769230769231
7485,6,50,5,74.62686567,,0,6,8.347826086956522,,3,21,2,63.63636363636363,3,21,2,63.63636363636363
7487,7,6,2,54.54545454545455,,8,7,7.139240506329114,19.75,,,,,,,,
7488,36,1002,33,141.92634560906515,,,,,,23,716,20,144.06438631790743,11,350,9,144.62809917355372
7490,1,8,1,57.142857142857146,,,,,,,,,,,,,
7492,9,1,1,50,,12,9,7.389162561576355,16.916666666666668,9,1,1,50,9,1,1,50
7493,1,3,1,75,,0,1,6.48,,1,3,1,75,1,3,1,75
7495,4,42,4,102.4390243902439,,,,,,4,42,4,102.4390243902439,4,42,4,102.4390243902439
7496,10,154,7,120.3125,,,,,,10,154,7,120.3125,10,154,7,120.3125
7498,5,88,5,122.22222222222223,,,,,,2,52,2,130,2,52,2,130
7499,2,12,1,100,,0,2,9.870967741935484,,,,,,,,,
750,36,499,28,149.84984984984985,,24,28,8.085287846481876,19.541666666666668,24,287,18,141.3793103448276,24,287,18,141.3793103448276
7501,5,2,1,100,,5,5,7.979381443298969,19.4,5,2,1,100,5,2,1,100
7502,5,135,5,128.57142857142858,,,,,,5,135,5,128.57142857142858,5,135,5,128.57142857142858
7503,111,91,28,87.5,,137,110,7.289099526066351,18.48175182481752,93,65,23,82.27848101265823,63,46,16,83.63636363636364
7504,5,187,4,115.4320987654321,,,,,,5,187,4,115.4320987654321,5,187,4,115.4320987654321
7505,2,51,3,92.72727272727273,,,,,,2,34,2,100,2,34,2,100
7506,1,1,1,50,,0,1,4,,,,,,,,,
7508,1,9,1,75,,,,,,1,9,1,75,1,9,1,75
7509,1,35,1,106.06060606060606,,,,,,1,35,1,106.06060606060606,1,35,1,106.06060606060606
7515,5,97,5,88.18181818181819,,0,1,8,,3,48,3,72.72727272727273,3,48,3,72.72727272727273
7516,23,353,17,136.8217054263566,,,,,,17,251,12,131.41361256544502,8,133,5,143.01075268817203
7521,24,565,23,134.52380952380952,,0,1,9.428571428571429,,12,261,11,132.48730964467006,,,,
7525,3,62,3,137.77777777777777,,0,3,10.434782608695652,,3,62,3,137.77777777777777,,,,
7528,15,356,14,123.1833910034602,,,,,,8,255,8,137.09677419354838,2,2,2,22.22222222222222
7529,20,147,17,96.71052631578948,,20,16,6.442477876106195,16.95,15,89,13,121.91780821917808,5,40,4,137.93103448275863
7530,7,150,5,116.27906976744185,,0,1,16,,,,,,,,,
7532,24,19,7,76,,24,23,7.238532110091743,18.166666666666668,15,15,5,83.33333333333333,14,15,5,83.33333333333333
7533,41,63,15,128.57142857142858,,62,42,8.394463668,13.983870967741936,24,19,5,105.55555555555556,10,7,3,87.5
7534,19,701,19,135.32818532818533,,,,,,10,252,10,127.91878172588832,,,,
7535,26,182,15,118.95424836601308,,26,24,6.548856548856548,18.5,13,69,7,106.15384615384616,5,7,2,50
7537,15,172,13,121.98581560283688,,2,2,11,9,5,69,4,125.45454545454545,,,,
7539,4,39,3,134.48275862068965,,,,,,4,39,3,134.48275862068965,4,39,3,134.48275862068965
7540,21,496,18,142.93948126801152,,9,13,6.972972972972973,16.444444444444443,10,247,9,148.79518072289156,,,,
7542,26,1067,26,160.93514328808448,,,,,,13,472,13,160,1,37,1,119.35483870967742
7543,8,146,7,119.67213114754098,,,,,,1,4,1,100,,,,
7544,98,2283,91,138.02902055622732,,27,36,8.477732793522268,18.296296296296298,77,1905,74,138.24383164005806,55,1392,53,130.95014111006586
7545,30,0,5,0,,32,30,8.872841444270016,19.90625,26,0,4,0,19,0,3,0
7547,6,124,6,113.76146788990826,,1,1,4.5,4,,,,,,,,
7548,23,433,21,143.3774834437086,,,,,,9,169,8,123.35766423357664,7,99,6,120.73170731707317
7550,27,188,13,112.57485029940119,,24,27,7.111111111111111,21.375,20,133,10,101.52671755725191,8,11,2,84.61538461538461
7551,4,4,3,44.44444444444444,,,,,,1,2,1,50,1,2,1,50
7552,22,581,22,139.3285371702638,,0,1,24,,10,145,10,120.83333333333333,4,38,4,88.37209302325581
7553,16,458,16,149.1856678,,23,16,6.134078212290503,15.565217391304348,10,156,9,120,4,57,4,96.61016949152543
7555,10,226,10,126.96629213483146,,,,,,5,133,5,141.48936170212767,,,,
7559,6,125,6,113.63636363636364,,,,,,1,30,1,78.94736842105263,,,,
7560,30,691,28,146.39830508474577,,,,,,20,421,19,146.18055555555554,6,141,6,150
7567,1,1,1,33.333333333333336,,,,,,1,1,1,33.333333333333336,1,1,1,33.333333333333336
7569,4,3,2,25,,6,4,7.25,12,,,,,,,,
7574,43,69,15,111.29032258064517,,49,44,7.336273428886439,18.510204081632654,26,34,6,121.42857142857143,21,9,3,64.28571428571429
7575,2,0,1,0,,4,2,9.574468085106384,11.75,2,0,1,0,2,0,1,0
7583,5,56,4,90.32258065,,,,,,5,56,4,90.32258065,5,56,4,90.32258065
7593,13,155,13,93.37349397590361,,14,12,6,17.714285714285715,3,31,3,110.71428571428571,3,31,3,110.71428571428571
7594,3,7,2,116.66666666666667,,1,3,17.333333333333332,18,2,7,1,175,2,7,1,175
7595,7,8,3,88.88888888888889,,7,7,9.056603773584905,15.142857142857142,2,0,1,0,2,0,1,0
76,12,160,11,120.30075187969925,,,,,,12,160,11,120.30075187969925,12,160,11,120.30075187969925
7603,2,1,2,50,,3,2,6.625,16,1,1,1,100,1,1,1,100
7605,8,69,7,109.52380952380952,,,,,,2,6,1,200,2,6,1,200
7606,14,197,12,123.8993710691824,,,,,,10,156,10,116.41791044776119,6,107,6,121.5909090909091
7607,25,780,25,139.78494623655914,,9,18,9.437288136,32.77777777777778,17,614,17,145.84323040380048,10,348,10,139.2
7609,16,31,7,114.81481481481481,,23,16,7.716621253405995,15.956521739130435,9,7,3,100,3,0,1,0
7610,4,1,1,25,,0,3,9.166666666666666,,4,1,1,25,4,1,1,25
7613,6,67,6,128.84615384615384,,,,,,6,67,6,128.84615384615384,6,67,6,128.84615384615384
7625,17,184,13,187.75510204081633,,8,12,9.438202247191011,22.25,,,,,,,,
7634,9,131,8,129.7029702970297,,0,3,16.666666666666668,,1,,,,1,,,
7649,24,252,21,124.13793103448276,,5,14,8.751381215469614,36.2,15,174,13,127.94117647058823,15,174,13,127.94117647058823
7650,6,23,4,82.14285714285714,,4,3,6.4,15,6,23,4,82.14285714285714,6,23,4,82.14285714285714
7656,2,11,2,73.33333333333333,,,,,,2,11,2,73.33333333333333,2,11,2,73.33333333333333
7658,19,94,11,104.44444444444444,,27,19,6.953846153846154,14.444444444444445,10,47,6,92.15686274509804,10,47,6,92.15686274509804
7663,12,7,2,77.77777777777777,,9,12,7.216589861751152,24.11111111111111,8,7,2,77.77777777777777,8,7,2,77.77777777777777
7665,21,40,8,93.02325581395348,,22,20,7.037037037037037,18.40909090909091,17,37,6,105.71428571428571,9,36,5,105.88235294117646
7666,6,9,4,42.857142857142854,,4,6,5.621621621621622,27.75,6,9,4,42.857142857142854,6,9,4,42.857142857142854
7669,15,20,2,76.92307692307692,,22,15,7.478005865102639,15.5,5,7,1,46.666666666666664,4,7,1,46.666666666666664
768,38,1241,37,140.8626560726447,,0,3,11.4,,33,1022,32,140.1920438957476,19,670,18,143.77682403433477
7689,12,2,4,28.571428571428573,,14,12,8.4375,18.285714285714285,12,2,4,28.571428571428573,11,2,3,33.333333333333336
7690,47,889,48,121.28240109140519,,20,21,6.857142857142857,16.8,25,326,23,110.13513513513513,10,151,9,115.26717557251908
7692,4,98,4,102.08333333333333,,2,3,5.863636363636363,22,4,98,4,102.08333333333333,,,,
7696,36,101,19,116.0919540229885,,43,37,7.679706601466993,19.023255813953487,28,73,13,130.35714285714286,22,42,10,116.66666666666667
7699,24,147,18,120.49180327868852,,32,22,7.846153846153846,13.40625,15,93,12,127.3972602739726,,,,
7702,3,14,3,127.27272727272727,,1,3,7.534883720930233,43,2,8,2,160,,,,
7704,6,97,4,107.77777777777777,,,,,,5,97,4,107.77777777777777,,,,
772,26,719,26,162.66968325791856,,,,,,26,719,26,162.66968325791856,18,508,18,158.75
7720,10,70,8,101.44927536231884,,,,,,10,70,8,101.44927536231884,10,70,8,101.44927536231884
7721,35,223,20,127.42857142857143,,23,30,6.904255319148936,24.52173913043478,28,125,14,113.63636363636364,22,52,8,96.29629629629629
7723,20,19,8,65.51724137931035,,14,20,7.595375722543353,24.714285714285715,15,6,5,35.294117647058826,11,5,4,35.714285714285715
7726,36,9,4,50,,49,38,6.832957110609481,18.081632653061224,28,9,4,50,20,9,4,50
7727,7,32,4,152.38095238095238,,6,7,9.375,18.666666666666668,5,14,3,116.66666666666667,5,14,3,116.66666666666667
7731,24,632,23,120.61068702290076,,,,,,14,259,14,103.18725099601593,9,182,9,92.38578680203045
7734,6,7,4,63.63636363636363,,3,5,9.317647059,28.333333333333332,6,7,4,63.63636363636363,6,7,4,63.63636363636363
7743,7,11,4,42.30769230769231,,5,5,6.896551724137931,17.4,7,11,4,42.30769230769231,7,11,4,42.30769230769231
7744,5,33,3,103.125,,,,,,2,17,2,121.42857142857143,,,,
7763,2,22,2,75.86206896551724,,,,,,2,22,2,75.86206896551724,,,,
778,5,31,3,86.11111111111111,,,,,,5,31,3,86.11111111111111,5,31,3,86.11111111111111
7802,25,559,24,153.57142857142858,,21,23,8.15625,21.333333333333332,11,198,10,159.67741935483872,1,,,
7807,27,3,3,100,,28,27,7.0718446601941745,18.392857142857142,16,,,,11,,,
7808,46,276,28,126.02739726027397,,51,45,8.346303501945526,20.15686274509804,29,200,18,133.33333333333334,21,80,12,90.90909091
781,86,1140,69,158.33333333333334,,83,85,6.266733266733267,24.120481927710845,74,894,57,159.64285714285714,54,370,39,158.1196581196581
786,36,208,23,126.06060606060606,,28,36,8.574834437086093,26.964285714285715,36,208,23,126.06060606060606,34,205,22,126.54320987654322
7894,3,4,3,33.333333333333336,,,,,,,,,,,,,
7895,18,514,17,138.1720430107527,,2,7,7.2439024390243905,41,6,257,6,136.70212765957447,6,257,6,136.70212765957447
7896,18,25,4,89.28571428571429,,14,18,8.487394957983193,25.5,12,25,4,89.28571428571429,12,25,4,89.28571428571429
7897,109,3205,104,137.4946374946375,,6,19,7.437125748502994,27.833333333333332,71,2247,71,138.53267570900124,45,1291,45,134.47916666666666
7898,15,256,14,120.75471698113208,,,,,,5,54,4,105.88235294117646,5,54,4,105.88235294117646
7899,28,652,26,127.34375,,21,19,6.463235294117647,12.952380952380953,16,291,15,119.75308641975309,6,51,5,91.07142857142857
7900,49,1431,49,128.68705035971223,,,,,,15,410,15,127.72585669781931,2,11,2,78.57142857142857
7901,44,929,44,128.13793103448276,,,,,,14,248,14,122.77227722772277,4,39,4,88.63636363636364
7902,30,596,26,106.61896243291592,,0,1,11,,30,596,26,106.61896243291592,20,488,18,112.70207852193995
7903,88,1285,74,131.52507676560901,,6,19,8.739884393063583,28.833333333333332,50,650,39,121.49532710280374,31,391,24,116.02373887240356
7904,26,114,14,98.27586206896552,,33,25,7.591397849462366,16.90909090909091,19,92,11,94.84536082474227,19,92,11,94.84536082474227
7905,47,248,25,106.89655172413794,,64,47,8.339080459770114,16.3125,20,78,7,98.73417721518987,7,47,2,106.81818181818181
7906,30,89,10,109.87654320987654,,25,30,6.986301369863014,23.36,16,28,5,107.6923076923077,11,28,4,127.27272727272727
7908,35,362,28,120.66666666666667,,,,,,18,142,14,130.27522935779817,13,79,9,138.59649122807016
7920,45,51,14,62.19512195121951,,72,46,7.595744680851064,14.36111111111111,33,37,11,56.92307692307692,25,21,8,52.5
7935,2,0,1,0,,1,2,9.5,36,2,0,1,0,2,0,1,0
7937,7,149,7,93.125,,4,4,6.202247191011236,22.25,3,59,3,84.28571428571429,,,,
7938,1,5,1,250,,,,,,1,5,1,250,,,,
7942,3,0,1,0,,3,3,8.222222222222221,18,1,,,,,,,
7945,5,11,4,73.33333333333333,,2,5,9,40,3,3,3,60,,,,
7954,15,37,4,132.14285714285714,,27,15,6.661016949152542,13.11111111111111,4,,,,,,,
796,48,721,40,127.83687943262412,,,,,,48,721,40,127.83687943262412,38,602,33,126.47058823529412
7966,10,74,8,82.22222222222223,,6,9,7.9125,26.666666666666668,,,,,,,,
7967,46,61,17,88.40579710144928,,56,46,7.366045142296369,18.196428571428573,27,28,8,80,13,8,3,88.88888888888889
7968,1,5,1,100,,1,1,5.25,24,1,5,1,100,1,5,1,100
7981,3,58,3,161.11111111111111,,,,,,,,,,,,,
8,74,807,59,132.73026315789474,,,,,,60,611,46,134.58149779735683,46,450,35,120.96774193548387
8009,3,0,1,0,,9,3,5.1,6.666666666666667,,,,,,,,
8033,3,6,1,150,,6,3,7.333333333333333,10.5,3,6,1,150,,,,
8034,11,196,10,110.11235955056179,,8,9,7.409395973154362,18.625,11,196,10,110.11235955056179,11,196,10,110.11235955056179
8035,34,492,32,113.88888888888889,,2,4,10.604651162790697,21.5,24,376,23,112.91291291291292,16,186,15,92.53731343283582
8037,14,172,12,163.8095238095238,,10,8,7.373493975903615,16.6,14,172,12,163.8095238095238,14,172,12,163.8095238095238
8038,36,4,5,26.666666666666668,,41,36,6.492159227985525,20.21951219512195,20,4,4,28.571428571428573,11,4,4,28.571428571428573
8040,27,381,24,144.86692015209127,,2,6,7.322033898305085,59,18,189,15,128.57142857142858,16,162,13,120.8955223880597
8041,20,128,13,152.38095238095238,,11,19,7.993548387096774,28.181818181818183,9,29,4,223.07692307692307,3,,,
8049,24,45,10,90,,27,23,7.842696629213483,19.77777777777778,21,36,9,87.80487805,15,20,6,100
8050,3,14,1,140,,2,3,8.153846153846153,39,3,14,1,140,3,14,1,140
8054,14,90,9,112.5,,4,11,7.25,54,8,70,6,118.64406779661017,4,9,2,128.57142857142858
8056,11,112,10,80.57553956834532,,,,,,3,41,3,61.19402985074627,3,41,3,61.19402985074627
8058,9,4,1,200,,4,5,7.880597014925373,16.75,,,,,,,,
8059,11,69,9,104.54545454545455,,2,2,9.290322580645162,15.5,,,,,,,,
8060,8,136,8,121.42857142857143,,6,7,9.719008264,20.166666666666668,1,1,1,16.666666666666668,1,1,1,16.666666666666668
8062,6,104,7,123.80952380952381,,5,6,4.194174757281553,20.6,,,,,,,,
8063,9,239,9,139.76608187134502,,,,,,,,,,,,,
8068,2,6,2,50,,2,2,10.25,12,2,6,2,50,2,6,2,50
8069,16,67,11,113.55932203389831,,14,15,7.54601227,23.285714285714285,13,65,9,120.37037037037037,8,38,6,105.55555555555556
8070,11,18,3,43.90243902439025,,7,11,7.278688524590164,26.142857142857142,3,6,1,26.08695652173913,3,6,1,26.08695652173913
8073,5,89,5,115.58441558441558,,,,,,5,89,5,115.58441558441558,5,89,5,115.58441558441558
8077,1,0,1,0,,,,,,1,0,1,0,1,0,1,0
8078,11,7,2,87.5,,10,11,6.597510373443983,24.1,8,2,1,100,7,,,
8080,3,29,3,100,,,,,,3,29,3,100,3,29,3,100
8081,13,138,10,104.54545454545455,,7,12,6.366906474820144,39.714285714285715,9,109,6,113.54166666666667,9,109,6,113.54166666666667
8082,7,248,7,123.38308457711443,,,,,,6,224,6,119.78609625668449,,,,
8083,22,369,21,139.77272727272728,,14,11,8.7,14.285714285714286,11,263,11,138.42105263157896,11,263,11,138.42105263157896
8085,28,542,26,126.93208430913349,,0,5,10,,24,327,21,116.37010676156584,23,303,20,115.64885496183206
8087,8,30,5,88.23529411764706,,13,8,6.798029556650246,15.615384615384615,8,30,5,88.23529411764706,8,30,5,88.23529411764706
8088,8,94,7,134.28571428571428,,,,,,,,,,,,,
8094,3,2,1,100,,5,3,8.686567164179104,13.4,3,2,1,100,3,2,1,100
8096,28,768,25,143.55140186915887,,,,,,23,672,21,144.51612903225808,11,227,9,122.70270270270271
8097,6,148,5,149.4949494949495,,,,,,,,,,,,,
8098,15,86,8,108.86075949367088,,13,12,7.060150376,20.46153846153846,9,9,3,75,3,4,2,66.66666666666667
8099,31,549,27,124.77272727272727,,9,15,8.361702127659575,20.88888888888889,19,372,19,124.83221476510067,13,216,13,119.33701657458563
8101,38,600,30,153.84615384615384,,1,2,15.428571428571429,7,15,246,12,172.02797202797203,4,57,3,228
8103,4,84,4,109.0909090909091,,,,,,3,62,3,119.23076923076923,3,62,3,119.23076923076923
8106,3,83,2,244.11764705882354,,1,1,10.2,20,3,83,2,244.11764705882354,3,83,2,244.11764705882354
8107,6,110,5,142.85714285714286,,,,,,6,110,5,142.85714285714286,6,110,5,142.85714285714286
8108,2,21,2,72.41379310344827,,,,,,2,21,2,72.41379310344827,2,21,2,72.41379310344827
8109,3,1,1,16.666666666666668,,1,3,9.891891891891891,37,3,1,1,16.666666666666668,3,1,1,16.666666666666668
8111,2,35,2,77.77777777777777,,,,,,2,35,2,77.77777777777777,2,35,2,77.77777777777777
8112,1,4,1,44.44444444444444,,,,,,1,4,1,44.44444444444444,1,4,1,44.44444444444444
8114,10,109,7,131.32530120481928,,8,10,8.379888268156424,22.375,4,49,3,144.11764705882354,4,49,3,144.11764705882354
8116,5,0,1,0,,4,5,7.764705882352941,25.5,4,,,,4,,,
8118,4,6,4,20,,,,,,4,6,4,20,4,6,4,20
8120,1,6,1,150,,1,1,7.666666666666667,18,,,,,,,,
8121,4,17,4,38.63636363636363,,0,1,11,,2,14,2,40,2,14,2,40
8127,15,246,14,93.18181818181819,,0,2,6.1875,,4,66,4,104.76190476190476,4,66,4,104.76190476190476
8129,10,77,9,81.91489361702128,,,,,,,,,,,,,
813,106,3816,102,147.44976816074188,,,,,,79,2826,77,144.47852760736197,56,2058,55,143.91608391608392
8130,8,38,7,59.375,,,,,,2,0,2,0,2,0,2,0
8137,7,64,7,75.29411764705883,,4,7,9.128205128205128,29.25,4,52,4,83.87096774193549,4,52,4,83.87096774193549
8138,6,25,5,100,,2,2,9.12,12.5,,,,,,,,
8140,8,31,6,114.81481481481481,,6,8,6,28.5,7,13,5,72.22222222222223,7,13,5,72.22222222222223
8141,2,3,1,42.857142857142854,,3,2,7,12,1,3,1,42.857142857142854,1,3,1,42.857142857142854
8143,2,17,2,65.38461538461539,,1,1,13.714285714285714,14,1,0,1,0,1,0,1,0
8144,9,18,4,163.63636363636363,,7,6,8.598425196850394,18.142857142857142,7,4,2,133.33333333333334,7,4,2,133.33333333333334
8145,2,13,2,39.39393939393939,,,,,,2,13,2,39.39393939393939,2,13,2,39.39393939393939
8148,12,61,9,58.65384615384615,,0,1,13.5,,10,50,7,55.55555555555556,8,38,6,49.35064935064935
8149,18,596,19,161.51761517615176,,0,2,9,,8,166,8,200,3,12,3,57.142857142857146
8150,18,322,14,137.0212765957447,,7,11,6.141176470588236,24.285714285714285,8,161,6,150.46728971962617,1,1,1,14.285714285714286
8151,3,13,1,86.66666666666667,,0,2,11.75,,3,13,1,86.66666666666667,2,,,
8154,12,88,10,125.71428571428571,,22,11,5.55,10.909090909090908,8,49,7,98,1,8,1,53.333333333333336
8155,1,1,1,16.666666666666668,,,,,,1,1,1,16.666666666666668,1,1,1,16.666666666666668
8156,3,8,2,50,,,,,,3,8,2,50,3,8,2,50
8157,8,59,5,75.64102564102564,,7,6,8.789473684210526,16.285714285714285,2,,,,2,,,
8159,13,292,13,143.8423645320197,,7,5,6.303030303030303,14.142857142857142,2,62,2,147.61904761904762,2,62,2,147.61904761904762
8160,3,18,1,138.46153846153845,,,,,,3,18,1,138.46153846153845,3,18,1,138.46153846153845
8161,11,218,11,126.74418604651163,,,,,,2,12,1,133.33333333333334,2,12,1,133.33333333333334
8163,5,1,3,33.333333333333336,,5,5,8.555555555555555,21.6,,,,,,,,
8164,7,124,5,145.88235294117646,,,,,,,,,,,,,
8168,3,9,2,50,,1,1,6.315789473684211,19,3,9,2,50,3,9,2,50
8169,3,73,3,105.79710144927536,,,,,,3,73,3,105.79710144927536,3,73,3,105.79710144927536
8170,5,51,5,115.9090909090909,,,,,,5,51,5,115.9090909090909,5,51,5,115.9090909090909
8172,13,218,12,138.8535031847134,,3,7,8.787878787878787,33,3,6,3,46.15384615384615,3,6,3,46.15384615384615
8173,6,69,5,102.98507462686567,,4,6,8.886792453,26.5,6,69,5,102.98507462686567,6,69,5,102.98507462686567
8177,36,23,7,71.875,,52,36,8.152849740932643,14.846153846153847,29,13,5,86.66666666666667,18,6,2,120
818,73,2339,72,143.23331292100428,,28,26,7.467625899280575,14.892857142857142,46,1258,45,134.68950749464668,36,1035,35,133.03341902313625
8182,14,190,13,143.93939393939394,,1,3,7.875,64,6,80,6,145.45454545454547,1,48,1,228.57142857142858
8185,15,21,4,105,,15,15,7.81981982,22.2,15,21,4,105,3,,,
820,6,5,3,71.42857142857143,,7,6,7.319148936170213,20.142857142857142,6,5,3,71.42857142857143,6,5,3,71.42857142857143
8207,2,0,1,0,,1,1,8.5,12,2,0,1,0,2,0,1,0
8208,13,136,8,138.77551020408163,,6,9,9.580645161290322,20.666666666666668,13,136,8,138.77551020408163,13,136,8,138.77551020408163
8211,4,7,2,175,,2,3,6.625,24,4,7,2,175,4,7,2,175
8221,32,575,25,132.4884792626728,,11,15,9.014492753623188,18.818181818181817,18,393,14,143.95604395604394,2,,,
8224,28,894,28,128.8184438040346,,2,10,7.2,65,17,444,17,125.07042253521126,6,95,6,110.46511627906976
8235,6,18,3,112.5,,7,6,9.163636363636364,15.714285714285714,6,18,3,112.5,6,18,3,112.5
8238,58,1880,53,153.09446254071662,,0,1,9,,37,1162,33,152.69382391590014,16,642,15,161.30653266331657
8250,7,119,7,93.7007874,,1,1,6.5,12,,,,,,,,
8251,6,91,6,130,,,,,,5,37,4,127.58620689655173,1,34,1,154.54545454545453
8259,1,0,1,0,,,,,,1,0,1,0,,,,
8261,4,3,2,37.5,,3,4,9.492537313432836,22.333333333333332,4,3,2,37.5,4,3,2,37.5
8264,16,66,8,124.52830188679245,,9,12,10.143646408839778,20.11111111111111,13,66,8,124.52830188679245,,,,
8265,9,56,3,147.3684210526316,,12,9,7.851063829787234,15.666666666666666,9,56,3,147.3684210526316,9,56,3,147.3684210526316
8266,20,129,17,127.72277227722772,,21,16,8.150537634408602,13.285714285714286,20,129,17,127.72277227722772,8,63,7,140
829,41,68,17,86.07594936708861,,55,40,8.394495412844037,15.854545454545455,29,62,12,91.17647058823529,13,53,7,92.98245614035088
8295,21,100,12,151.5151515151515,,22,20,7.706161137440758,19.181818181818183,14,37,7,137.03703703703704,,,,
830,68,42,15,80.76923076923077,,108,69,7.497185741,14.805555555555555,50,42,13,84,45,40,11,90.90909091
8301,3,4,3,25,,,,,,,,,,,,,
8311,4,8,1,133.33333333333334,,2,4,8.4,27.5,4,8,1,133.33333333333334,,,,
8312,12,19,9,61.29032258064516,,13,12,7.601593625498008,19.307692307692307,3,8,2,61.53846153846154,3,8,2,61.53846153846154
8313,8,49,6,119.51219512195122,,5,8,8.013698630136986,29.2,3,8,1,66.66666666666667,2,8,1,66.66666666666667
8326,6,4,2,100,,6,6,9.692307692307692,21.666666666666668,,,,,,,,
8327,14,272,14,122.52252252252252,,,,,,5,95,5,106.74157303370787,,,,
8328,20,264,14,136.08247422680412,,,,,,13,156,8,123.80952380952381,5,106,4,149.29577464788733
838,93,2055,89,149.23747276688454,,35,58,8.293650793650794,21.6,78,1836,74,150.86277732128184,58,1423,56,146.70103092783506
8380,43,161,20,129.83870967741936,,49,41,8.311720698254364,16.367346938775512,10,30,4,81.08108108108108,,,,
8388,5,92,5,122.66666666666667,,,,,,5,92,5,122.66666666666667,,,,
8424,7,2,1,50,,10,7,8.631578947368421,17.1,7,2,1,50,4,2,1,50
843,7,156,6,145.79439252336448,,,,,,7,156,6,145.79439252336448,7,156,6,145.79439252336448
8444,26,37,9,80.43478260869566,,31,26,7.894736842105263,16.548387096774192,20,16,5,64,11,4,1,200
8445,5,8,1,66.66666666666667,,6,5,6.913043478260869,15.333333333333334,5,8,1,66.66666666666667,,,,
8483,2,6,2,150,,2,2,6.6,20,1,1,1,100,,,,
8486,3,0,1,0,,2,3,7.8545454545454545,27.5,3,0,1,0,3,0,1,0
8527,13,240,10,137.14285714285714,,7,7,8.320754716981131,15.142857142857142,6,133,4,125.47169811320755,,,,
8528,11,307,10,129.53586497890296,,,,,,4,158,4,120.61068702290076,,,,
853,1,49,1,136.11111111111111,,,,,,1,49,1,136.11111111111111,1,49,1,136.11111111111111
8530,34,17,7,106.25,,45,34,7.485314685314686,15.88888888888889,23,11,6,73.33333333333333,22,11,6,73.33333333333333
8573,31,399,26,119.46107784431138,,0,1,12,,22,272,19,124.20091324200914,7,96,6,139.1304347826087
858,24,510,23,142.06128133704735,,,,,,22,459,21,144.79495268138803,17,332,16,140.67796610169492
8580,16,52,9,162.5,,18,16,7.959183673469388,16.333333333333332,11,52,9,162.5,9,31,7,172.22222222222223
8582,2,6,2,60,,,,,,2,6,2,60,2,6,2,60
8583,3,2,3,28.571428571428573,,,,,,2,1,2,25,2,1,2,25
8586,3,56,3,86.15384615384616,,,,,,3,56,3,86.15384615384616,3,56,3,86.15384615384616
8600,4,48,4,133.33333333333334,,,,,,,,,,,,,
862,17,136,14,108.8,,12,16,7.027624309392265,30.166666666666668,11,63,8,106.77966101694915,11,63,8,106.77966101694915
8627,10,283,10,124.66960352422907,,,,,,,,,,,,,
8628,10,13,4,76.47058823529412,,12,10,5.833333333333333,15,6,3,2,37.5,,,,
8632,22,33,11,82.5,,17,21,7.516629711751663,26.529411764705884,14,23,8,85.18518518518519,5,10,3,125
8634,35,16,4,123.07692307692308,,41,35,8.725761772853186,17.609756097560975,19,14,2,233.33333333333334,12,14,2,233.33333333333334
8639,3,1,1,100,,2,2,7.959183673469388,24.5,,,,,,,,
8647,16,628,16,135.63714902807774,,,,,,6,379,6,137.8181818181818,1,11,1,55
8652,8,98,8,132.43243243243242,,,,,,5,55,5,166.66666666666666,,,,
8654,5,13,2,130,,1,3,9.272727272727273,33,1,,,,,,,
8660,3,60,3,80,,,,,,3,60,3,80,3,60,3,80
8661,47,17,7,62.96296296296296,,77,46,6.935424354243542,14.077922077922079,32,17,5,68,15,5,1,41.666666666666664
8723,2,14,2,56,,1,2,15.6,30,,,,,,,,
8726,6,124,6,118.0952380952381,,,,,,,,,,,,,
8727,3,0,3,0,,0,2,7.6,,3,0,3,0,,,,
8729,5,85,3,125,,,,,,2,,,,,,,
8731,6,164,6,125.19083969465649,,,,,,,,,,,,,
8732,14,242,13,100,,,,,,11,180,10,100.55865921787709,,,,
8734,13,12,3,92.30769231,,13,13,7.969465648854962,20.153846153846153,9,7,2,77.77777777777777,5,0,1,0
8739,18,221,13,122.77777777777777,,,,,,6,95,5,118.75,,,,
8741,41,742,43,134.42028985507247,,,,,,13,178,13,118.66666666666667,9,92,9,113.58024691358025
8746,43,11,10,40.74074074074074,,54,43,8.002139037433155,17.314814814814813,31,11,8,57.89473684210526,19,10,7,55.55555555555556
8749,5,61,5,105.17241379310344,,12,5,4.553571428571429,9.333333333333334,5,61,5,105.17241379310344,,,,
8750,8,141,9,142.42424242424244,,2,3,9,17,3,34,3,117.24137931034483,3,34,3,117.24137931034483
8751,6,95,5,118.75,,1,2,9,10,1,,,,1,,,
8752,4,103,4,128.75,,,,,,4,103,4,128.75,4,103,4,128.75
8783,1,4,1,44.44444444444444,,0,1,12,,1,4,1,44.44444444444444,,,,
88,82,2766,80,138.3,,,,,,72,2564,71,140.10928961748633,57,2126,56,136.8082368082368
8805,8,13,4,46.42857142857143,,10,8,8.832298136645962,16.1,4,1,2,16.666666666666668,,,,
8836,3,87,3,138.0952380952381,,,,,,,,,,,,,
8844,2,12,2,120,,0,2,13.44,,2,12,2,120,2,12,2,120
8845,21,9,6,75,,27,20,8.287878787878787,14.666666666666666,11,9,6,75,,,,
8848,21,230,16,115.57788944723617,,12,10,8.670520231213873,14.416666666666666,9,108,5,118.68131868131869,9,108,5,118.68131868131869
8849,16,0,2,0,,17,16,7.298969072164948,17.11764705882353,7,,,,7,,,
903,13,250,13,92.25092250922509,,2,6,6.134831460674158,44.5,10,217,10,92.73504273504274,8,185,8,92.5
914,59,406,42,147.63636363636363,,61,56,7.208053691275167,19.540983606557376,49,378,36,150,38,339,31,156.94444444444446
916,5,101,5,84.16666666666667,,,,,,5,101,5,84.16666666666667,5,101,5,84.16666666666667
921,22,269,18,120.08928571428571,,9,15,9.263736263736265,20.22222222222222,22,269,18,120.08928571428571,22,269,18,120.08928571428571
925,42,666,38,131.10236220472441,,4,8,7.25,24,32,533,29,134.59595959595958,22,473,21,135.91954022988506
930,52,1825,52,159.94741454864155,,2,5,7.868852459016393,30.5,43,1597,42,160.50251256281408,33,1069,32,152.06258890469417
953,77,2967,76,131.16710875331566,,,,,,63,2421,62,127.89223454833598,49,1901,48,127.1571906354515
956,3,0,1,0,,,,,,1,,,,1,,,
966,5,59,4,109.25925925925925,,,,,,5,59,4,109.25925925925925,5,59,4,109.25925925925925
968,2,30,2,111.11111111111111,,,,,,2,30,2,111.11111111111111,2,30,2,111.11111111111111
985,4,47,4,95.91836734693878,,,,,,,,,,,,,
988,2,3,1,75,,2,2,6.285714285714286,21,,,,,,,,
992,96,2583,95,139.02045209903122,,,,,,76,2089,74,137.88778877887788,63,1818,61,138.67276887871853
1382,2,,,,,1,2,6.6976744186046515,43,2,,,,2,,,
1406,2,,,,,1,2,11.6,30,2,,,,2,,,
15199,2,,,,,2,2,10.363636363636363,22,2,,,,2,,,
15229,1,,,,,1,1,10.666666666666666,27,1,,,,1,,,
1677,2,,,,,2,2,8.372093023255815,21.5,2,,,,1,,,
1713,1,,,,,1,1,5.5,24,1,,,,1,,,
17919,1,,,,,0,1,10.636363636363637,,1,,,,,,,
1811,1,,,,,0,1,9,,1,,,,1,,,
18166,1,,,,,4,2,8.125,12,,,,,,,,
1819,1,,,,,0,1,8.666666666666666,,1,,,,1,,,
18598,14,,,,,16,14,7.1568627450980395,19.125,14,,,,11,,,
19107,1,,,,,0,1,8.16,,1,,,,,,,
19124,1,,,,,7,1,3.130434782608696,3.2857142857142856,1,,,,,,,
19447,2,,,,,0,2,10,,2,,,,2,,,
19461,4,,,,,3,4,10,21,3,,,,,,,
19576,3,,,,,1,1,7.333333333333333,9,,,,,,,,
19701,3,,,,,3,3,9.049180327868852,20.333333333333332,,,,,,,,
19720,6,,,,,8,6,5.754098360655738,15.25,6,,,,,,,
19721,5,,,,,5,5,7,21.6,5,,,,,,,
19856,3,,,,,5,3,7.235294117647059,13.6,,,,,,,,
1991,3,,,,,0,3,10.88888888888889,,3,,,,3,,,
19969,1,,,,,0,1,14,,,,,,,,,
20012,4,,,,,4,4,8.918918919,18.5,4,,,,4,,,
20028,3,,,,,5,3,11.88888888888889,10.8,2,,,,2,,,
20033,1,,,,,1,1,7,18,1,,,,1,,,
20052,7,,,,,8,7,8.076923076923077,16.25,7,,,,,,,
20117,2,,,,,4,2,6,12,1,,,,1,,,
20297,1,,,,,0,1,9.333333333333334,,1,,,,1,,,
20305,1,,,,,0,1,14,,1,,,,1,,,
2032,7,,,,,6,7,5.137254901960785,25.5,7,,,,7,,,
20569,8,,,,,9,8,7,20,4,,,,,,,
20713,1,,,,,0,1,6,,1,,,,1,,,
20765,9,,,,,10,9,8.380434782608695,18.4,9,,,,5,,,
20811,8,,,,,7,6,6.975609756097561,17.571428571428573,8,,,,4,,,
20820,3,,,,,3,3,4.415094339622642,17.666666666666668,3,,,,3,,,
20847,16,,,,,16,16,6.851735015772871,19.8125,11,,,,3,,,
20853,4,,,,,4,4,5.723076923076923,16.25,4,,,,1,,,
20988,0,,,,,0,1,11,,,,,,,,,
2274,3,,,,,3,3,7.527272727272727,18.333333333333332,,,,,,,,
2343,3,,,,,3,3,9.287671232876713,24.333333333333332,3,,,,3,,,
23437,2,,,,,2,2,9.8,15,2,,,,2,,,
23444,2,,,,,1,2,10.333333333333334,18,2,,,,2,,,
23455,3,,,,,1,2,11.82857142857143,35,3,,,,3,,,
23585,1,,,,,0,1,5.25,,1,,,,1,,,
23764,5,,,,,6,4,5.1891891891891895,12.333333333333334,,,,,,,,
23943,3,,,,,4,2,3.1153846153846154,13,3,,,,3,,,
24175,6,,,,,7,6,5.526315789473684,16.285714285714285,6,,,,6,,,
24252,15,,,,,19,15,7.432835820895522,14.105263157894736,7,,,,,,,
24261,5,,,,,5,5,8.025974025974026,15.4,4,,,,,,,
24270,5,,,,,5,5,6.35,24,5,,,,5,,,
24275,3,,,,,2,3,5.75,24,3,,,,3,,,
24304,3,,,,,4,3,3.36,12.5,3,,,,3,,,
24324,14,,,,,11,13,7.651162790697675,23.454545454545453,7,,,,,,,
24334,4,,,,,12,4,6.75,8,4,,,,,,,
24337,2,,,,,0,2,12,,1,,,,1,,,
24567,4,,,,,5,3,6.617647058823529,13.6,,,,,,,,
24584,8,,,,,10,8,8.934306569343066,13.7,3,,,,,,,
24607,7,,,,,10,7,7.9875,16,7,,,,,,,
24766,9,,,,,16,9,8.642857142857142,10.5,5,,,,,,,
24892,10,,,,,15,9,5.964497041420119,11.266666666666667,7,,,,7,,,
25130,6,,,,,10,6,8.691176470588236,13.6,,,,,,,,
25164,1,,,,,1,1,9,24,,,,,,,,
25167,3,,,,,4,3,8.093023255813954,10.75,,,,,,,,
25174,2,,,,,1,2,8.709677419354838,31,,,,,,,,
25176,2,,,,,0,2,8.8,,,,,,,,,
25667,4,,,,,4,4,9.162162162162161,18.5,1,,,,1,,,
25668,3,,,,,3,3,6.279069767,14.333333333333334,2,,,,2,,,
25685,4,,,,,6,4,6.461538461538462,15.166666666666666,2,,,,2,,,
26182,4,,,,,1,4,7.5,44,4,,,,,,,
26200,1,,,,,0,1,7,,1,,,,,,,
2643,1,,,,,0,1,10.421052631578947,,1,,,,1,,,
26581,2,,,,,1,2,9.428571428571429,21,2,,,,,,,
26725,13,,,,,18,13,7.511450381679389,14.555555555555555,13,,,,7,,,
26731,2,,,,,2,2,7.875,24,,,,,,,,
26884,1,,,,,0,1,11.5,,1,,,,1,,,
26893,12,,,,,7,12,8.393782383419689,27.571428571428573,10,,,,7,,,
26896,9,,,,,8,9,10.177777777777777,16.875,6,,,,2,,,
26900,3,,,,,3,3,8.459016393442623,20.333333333333332,3,,,,3,,,
27294,6,,,,,1,3,12.857142857142858,28,,,,,,,,
27313,4,,,,,2,2,9.5625,16,,,,,,,,
27324,2,,,,,2,2,9.272727272727273,11,,,,,,,,
27325,3,,,,,0,1,13.714285714285714,,,,,,,,,
27351,1,,,,,0,1,28,,,,,,,,,
27486,12,,,,,16,11,7.932885906040268,9.3125,1,,,,1,,,
27963,10,,,,,10,9,8.797927461139896,19.3,,,,,,,,
28351,3,,,,,1,3,4.363636363636363,55,3,,,,,,,
28419,5,,,,,1,4,8.225806451612904,62,5,,,,,,,
28435,8,,,,,11,8,5.525179856115108,12.636363636363637,8,,,,3,,,
28463,2,,,,,2,1,4.875,8,2,,,,,,,
28473,6,,,,,2,6,5.660377358490566,53,6,,,,,,,
28664,1,,,,,0,1,5.333333333333333,,,,,,,,,
29189,2,,,,,2,2,8.108108108108109,18.5,2,,,,2,,,
29210,1,,,,,0,1,13,,,,,,,,,
29219,3,,,,,3,3,7.1,20,3,,,,3,,,
29456,3,,,,,2,3,6.5,24,,,,,,,,
29782,6,,,,,7,6,7.651376146788991,15.571428571428571,6,,,,6,,,
29805,3,,,,,3,4,9.272727272727273,18.333333333333332,3,,,,,,,
29810,6,,,,,3,6,6.886956521739131,38.333333333333336,6,,,,6,,,
29818,9,,,,,13,8,6.914634146341464,12.615384615384615,8,,,,4,,,
30734,2,,,,,0,2,7.714285714285714,,2,,,,,,,
30735,1,,,,,3,1,10.736842105263158,6.333333333333333,,,,,,,,
30928,4,,,,,6,4,7.459459459,12.333333333333334,4,,,,,,,
31176,3,,,,,0,3,8.428571428571429,,3,,,,3,,,
31200,8,,,,,3,6,7.270588235294118,28.333333333333332,3,,,,3,,,
31693,2,,,,,2,2,10.258064516129032,15.5,2,,,,2,,,
31709,2,,,,,2,1,6.8,7.5,1,,,,,,,
3175,2,,,,,3,2,5.230769230769231,13,2,,,,2,,,
32239,4,,,,,5,4,8.740740741,16.2,,,,,,,,
32256,6,,,,,6,5,9.545454545454545,14.666666666666666,2,,,,,,,
32278,7,,,,,6,7,8.760736196319018,27.166666666666668,,,,,,,,
32281,15,,,,,14,15,7.28,21.428571428571427,8,,,,,,,
32287,11,,,,,14,11,7.693779904,14.928571428571429,6,,,,,,,
32598,4,,,,,0,4,8.464285714285714,,4,,,,,,,
33009,2,,,,,1,2,10.216216216216216,37,2,,,,,,,
33059,1,,,,,0,1,10.333333333333334,,1,,,,1,,,
33070,3,,,,,2,3,6.8,30,3,,,,3,,,
33071,2,,,,,0,2,10.2,,2,,,,2,,,
33082,16,,,,,15,15,8.709677419354838,20.666666666666668,13,,,,7,,,
33087,9,,,,,4,7,10.285714285714286,22.75,8,,,,2,,,
33094,5,,,,,4,5,9.189873417721518,19.75,5,,,,5,,,
33097,1,,,,,1,1,13.846153846153847,13,1,,,,1,,,
3328,2,,,,,3,2,6.75,10.666666666666666,2,,,,2,,,
34441,4,,,,,4,4,6.1875,16,4,,,,3,,,
3475,2,,,,,2,2,5.863636363636363,22,2,,,,,,,
34960,2,,,,,0,2,4.7368421052631575,,2,,,,2,,,
34976,1,,,,,1,1,7.333333333333333,18,1,,,,1,,,
34977,1,,,,,0,1,6,,1,,,,1,,,
34989,19,,,,,21,18,7.53030303,18.857142857142858,11,,,,7,,,
34992,1,,,,,0,1,19,,1,,,,1,,,
34994,1,,,,,0,1,9.692307692307692,,1,,,,1,,,
35066,4,,,,,3,5,8.603773585,35.333333333333336,4,,,,4,,,
35068,2,,,,,2,2,7.5,24,2,,,,2,,,
35318,4,,,,,4,4,9.966101694915254,14.75,3,,,,2,,,
3532,3,,,,,0,1,7.384615384615385,,2,,,,2,,,
35646,4,,,,,0,2,14.5,,4,,,,,,,
35878,8,,,,,9,8,8.487804878048781,13.666666666666666,,,,,,,,
35895,3,,,,,4,3,7.253731343283582,16.75,2,,,,2,,,
361,6,,,,,3,6,8.561797752808989,29.666666666666668,6,,,,6,,,
3637,1,,,,,2,1,4,13.5,,,,,,,,
36372,2,,,,,0,1,10.363636363636363,,,,,,,,,
36683,2,,,,,4,2,4,11.25,2,,,,,,,
36981,2,,,,,0,2,11.4,,2,,,,1,,,
37053,3,,,,,4,3,9.245901639344263,15.25,3,,,,3,,,
37378,2,,,,,0,2,9.833333333333334,,1,,,,,,,
37399,1,,,,,1,1,8.210526315789474,19,1,,,,,,,
3758,31,,,,,41,27,7.714285714285714,13.487804878048781,17,,,,15,,,
3783,7,,,,,4,6,10.18348623853211,27.25,7,,,,7,,,
38437,1,,,,,1,1,6.666666666666667,18,1,,,,1,,,
38585,5,,,,,2,5,8.176470588235293,51,5,,,,5,,,
38620,3,,,,,2,3,10.375,24,3,,,,3,,,
38623,2,,,,,0,1,12.333333333333334,,2,,,,2,,,
38624,3,,,,,2,1,6.666666666666667,13.5,3,,,,3,,,
38641,1,,,,,1,1,9.666666666666666,18,1,,,,1,,,
39056,1,,,,,1,1,9.473684210526315,19,,,,,,,,
39083,4,,,,,5,4,5.7073170731707314,16.4,,,,,,,,
39088,3,,,,,3,3,8.205882352941176,22.666666666666668,3,,,,,,,
39112,4,,,,,5,4,7.8,18,,,,,,,,
39115,1,,,,,1,1,5,12,,,,,,,,
39123,3,,,,,0,1,9.75,,3,,,,,,,
39128,1,,,,,0,1,8.5,,,,,,,,,
39142,5,,,,,7,5,6.162162162162162,15.857142857142858,,,,,,,,
39145,3,,,,,3,3,7.03125,21.333333333333332,,,,,,,,
39154,2,,,,,2,2,7.615384615384615,13,,,,,,,,
39156,3,,,,,0,3,10.5,,,,,,,,,
3918,1,,,,,0,1,11.5,,1,,,,1,,,
39190,3,,,,,1,2,6,40,,,,,,,,
39377,2,,,,,0,1,7.2,,2,,,,2,,,
39415,4,,,,,0,2,2.8,,4,,,,3,,,
39453,2,,,,,1,2,8.4,25,2,,,,,,,
39552,3,,,,,2,3,9.25,24,1,,,,1,,,
39557,1,,,,,2,1,7.111111111111111,13.5,1,,,,1,,,
39559,1,,,,,4,1,10,6,1,,,,1,,,
40234,3,,,,,3,3,7.4,10,3,,,,3,,,
40251,2,,,,,0,2,7.2,,2,,,,2,,,
40269,3,,,,,2,3,4.645161290322581,15.5,3,,,,,,,
40273,1,,,,,1,1,3,14,1,,,,,,,
40288,5,,,,,6,4,7.6923076923076925,13,5,,,,5,,,
40291,3,,,,,2,2,11.142857142857142,14,3,,,,3,,,
40298,3,,,,,0,3,9.2,,3,,,,3,,,
40308,2,,,,,1,1,7,12,2,,,,2,,,
40311,1,,,,,1,1,7.153846153846154,26,1,,,,,,,
40320,3,,,,,4,2,3.9130434782608696,5.75,3,,,,3,,,
40332,1,,,,,0,1,11,,1,,,,1,,,
40353,4,,,,,7,4,6.471910112,12.714285714285714,4,,,,4,,,
40356,5,,,,,5,4,4.9879518072289155,16.6,5,,,,5,,,
40372,2,,,,,0,1,12,,2,,,,2,,,
40401,1,,,,,0,1,4.105263157894737,,1,,,,1,,,
4061,2,,,,,1,2,9.652173913043478,23,2,,,,2,,,
41389,4,,,,,4,3,7.105263157894737,9.5,4,,,,,,,
41503,11,,,,,23,10,7.2,10.217391304347826,,,,,,,,
4168,1,,,,,2,1,9.36,12.5,1,,,,1,,,
41764,1,,,,,2,1,7,12,1,,,,,,,
41792,1,,,,,0,1,9.666666666666666,,1,,,,,,,
41822,1,,,,,0,1,8,,1,,,,,,,
41824,17,,,,,15,17,6.6765578635014835,22.466666666666665,7,,,,,,,
4243,3,,,,,0,3,9.681818181818182,,,,,,,,,
42623,1,,,,,3,1,8.25,8,1,,,,,,,
42627,5,,,,,7,5,7.894736842105263,13.571428571428571,1,,,,,,,
42678,0,,,,,1,1,9.692307692307692,26,,,,,,,,
42688,6,,,,,4,6,7.05,30,4,,,,,,,
42693,2,,,,,2,2,5.8125,16,2,,,,,,,
42824,5,,,,,2,5,9.348837209302326,43,5,,,,5,,,
42833,1,,,,,0,1,10.666666666666666,,1,,,,,,,
42836,1,,,,,0,1,9.142857142857142,,1,,,,1,,,
42837,12,,,,,14,11,6.421052631578948,16.285714285714285,6,,,,6,,,
4284,1,,,,,0,1,12.461538461538462,,1,,,,1,,,
42841,1,,,,,0,1,10,,1,,,,1,,,
42846,2,,,,,0,1,6,,2,,,,1,,,
42848,9,,,,,7,8,7.744680851,20.142857142857142,9,,,,2,,,
42850,1,,,,,1,1,10,18,1,,,,1,,,
43093,15,,,,,10,13,8.625,24,11,,,,5,,,
43274,1,,,,,1,1,6.9,20,1,,,,1,,,
43297,3,,,,,2,2,7.346938775510204,24.5,3,,,,3,,,
43300,3,,,,,0,2,9.789473684210526,,3,,,,2,,,
43302,1,,,,,0,1,9,,1,,,,1,,,
43304,1,,,,,0,1,25,,1,,,,1,,,
43306,13,,,,,27,13,8.242424242424242,11,7,,,,6,,,
43313,1,,,,,2,1,7.153846153846154,13,1,,,,1,,,
43317,4,,,,,4,3,7.038461538461538,13,4,,,,4,,,
43326,6,,,,,6,6,6.367346939,16.333333333333332,6,,,,6,,,
43331,2,,,,,3,2,5.387755102040816,16.333333333333332,2,,,,2,,,
43335,1,,,,,0,1,17,,1,,,,1,,,
43337,3,,,,,5,3,9.625,9.6,3,,,,3,,,
43339,2,,,,,1,2,9.5625,32,2,,,,2,,,
43819,1,,,,,2,1,6.315789473684211,9.5,,,,,,,,
43911,3,,,,,1,3,11,42,3,,,,2,,,
43912,2,,,,,2,2,10,21,2,,,,2,,,
43926,5,,,,,0,5,11.666666666666666,,5,,,,3,,,
43939,3,,,,,0,2,9.428571428571429,,3,,,,2,,,
43960,1,,,,,1,1,7.428571428571429,21,1,,,,1,,,
43966,5,,,,,3,4,7.315068493150685,24.333333333333332,4,,,,4,,,
43976,9,,,,,7,9,9.307692307692308,22.285714285714285,9,,,,4,,,
43992,2,,,,,0,2,12.774193548387096,,2,,,,2,,,
44484,1,,,,,0,1,7,,1,,,,,,,
44490,10,,,,,9,10,7.115577889447236,22.11111111111111,10,,,,7,,,
44495,7,,,,,6,7,7.121951219512195,20.5,4,,,,4,,,
44496,1,,,,,0,1,4.666666666666667,,1,,,,1,,,
44498,10,,,,,11,10,9.070422535211268,19.363636363636363,5,,,,5,,,
44500,8,,,,,9,7,9.123966942,13.444444444444445,8,,,,5,,,
44506,2,,,,,0,2,8.4,,2,,,,,,,
44513,2,,,,,0,2,8.166666666666666,,2,,,,,,,
44790,3,,,,,3,2,10.571428571428571,14,,,,,,,,
44831,6,,,,,6,5,7.96039604,16.833333333333332,,,,,,,,
45212,5,,,,,4,5,9.176470588235293,25.5,5,,,,1,,,
45380,3,,,,,0,2,12.833333333333334,,1,,,,,,,
45382,1,,,,,1,1,13.5,24,,,,,,,,
45496,7,,,,,5,6,9,17.6,3,,,,3,,,
45514,1,,,,,2,1,8.142857142857142,14,,,,,,,,
45530,3,,,,,4,3,12.75,12,3,,,,3,,,
45662,1,,,,,1,1,8.666666666666666,18,1,,,,1,,,
45947,2,,,,,0,2,18,,2,,,,2,,,
45973,3,,,,,3,3,9.6,18.333333333333332,3,,,,2,,,
45995,3,,,,,4,2,5.806451612903226,7.75,2,,,,2,,,
46000,1,,,,,3,1,4.7368421052631575,6.333333333333333,1,,,,1,,,
46006,9,,,,,13,8,7.869565217391305,10.615384615384615,8,,,,,,,
46010,2,,,,,1,2,9,18,2,,,,2,,,
46022,11,,,,,12,9,8.526315789473685,9.5,11,,,,9,,,
46024,1,,,,,0,1,8.076923076923077,,1,,,,1,,,
46025,1,,,,,1,1,12.24,25,1,,,,1,,,
46057,3,,,,,1,2,9.125,48,3,,,,3,,,
46073,3,,,,,4,3,4.842105263157895,14.25,3,,,,3,,,
4612,3,,,,,4,3,5.675675675675675,18.5,3,,,,3,,,
46140,1,,,,,3,1,6.75,8,1,,,,1,,,
46141,1,,,,,0,1,14.571428571428571,,1,,,,1,,,
4623,8,,,,,7,7,7.810344827586207,16.571428571428573,8,,,,8,,,
46281,6,,,,,4,4,8.482758620689655,21.75,6,,,,6,,,
46304,2,,,,,3,3,11.066666666666666,15,,,,,,,,
47244,7,,,,,7,7,7.1571428571428575,20,,,,,,,,
47509,1,,,,,4,1,6.571428571428571,5.25,1,,,,1,,,
47513,7,,,,,8,7,7.19205298,18.875,3,,,,3,,,
47737,4,,,,,3,4,11.166666666666666,12,1,,,,1,,,
47764,1,,,,,0,1,26,,1,,,,1,,,
47765,6,,,,,6,4,7.3125,10.666666666666666,,,,,,,,
47769,1,,,,,3,1,6,6.333333333333333,1,,,,1,,,
47782,1,,,,,0,1,9.5,,1,,,,1,,,
47786,6,,,,,5,6,9.879699248,26.6,,,,,,,,
47792,2,,,,,0,2,7.255813953488372,,2,,,,,,,
47814,1,,,,,0,1,10,,1,,,,,,,
47867,2,,,,,2,1,6.25,12,,,,,,,,
47906,4,,,,,5,4,4.3561643835616435,14.6,,,,,,,,
47995,1,,,,,1,1,7.846153846153846,26,,,,,,,,
48013,1,,,,,0,1,13,,,,,,,,,
4807,11,,,,,13,11,8.415254237288135,18.153846153846153,11,,,,10,,,
48500,1,,,,,1,1,8,12,,,,,,,,
48501,2,,,,,0,1,9.230769231,,,,,,,,,
48557,13,,,,,12,12,8.854368932038835,17.166666666666668,3,,,,,,,
48560,1,,,,,0,1,7.578947368421052,,,,,,,,,
48567,1,,,,,0,1,9.142857142857142,,1,,,,,,,
48798,2,,,,,2,2,8.4,17.5,,,,,,,,
4903,6,,,,,13,6,8,11.307692307692308,6,,,,6,,,
49341,3,,,,,4,3,8.909090909090908,16.5,,,,,,,,
49374,1,,,,,0,1,12.857142857142858,,1,,,,,,,
49684,5,,,,,6,5,9.952941176470588,14.166666666666666,,,,,,,,
49825,1,,,,,0,1,8,,1,,,,,,,
50078,5,,,,,14,5,6.711864406779661,8.428571428571429,,,,,,,,
50193,2,,,,,1,2,5.8125,32,2,,,,,,,
50207,1,,,,,0,1,6.857142857142857,,1,,,,,,,
50288,1,,,,,2,1,5.368421052631579,9.5,,,,,,,,
50322,1,,,,,2,1,10.857142857142858,10.5,1,,,,,,,
5075,4,,,,,4,4,6.534653465346534,25.25,,,,,,,,
50894,12,,,,,10,12,9.898734177,23.7,7,,,,,,,
51287,2,,,,,0,2,18.857142857142858,,,,,,,,,
51516,8,,,,,17,10,7.407407407407407,14.294117647058824,1,,,,,,,
52042,1,,,,,0,1,5.5,,,,,,,,,
52055,1,,,,,1,1,8.5,12,,,,,,,,
52057,4,,,,,2,3,7.03125,32,,,,,,,,
52058,1,,,,,1,1,11,12,,,,,,,,
52077,3,,,,,1,2,11.333333333333334,45,,,,,,,,
52094,5,,,,,3,3,12.210526315789474,19,,,,,,,,
52123,3,,,,,7,3,6.315789473684211,8.142857142857142,,,,,,,,
5231,8,,,,,5,8,8.076923076923077,31.2,7,,,,2,,,
52338,2,,,,,6,2,5.04,8.333333333333334,,,,,,,,
52345,1,,,,,0,1,11.333333333333334,,,,,,,,,
52437,1,,,,,0,1,12,,,,,,,,,
52439,1,,,,,0,1,6.4,,,,,,,,,
53,4,,,,,3,4,8.936170212765957,31.333333333333332,4,,,,4,,,
53224,7,,,,,5,6,6.688524590163935,24.4,,,,,,,,
53486,3,,,,,2,3,7.363636363636363,33,,,,,,,,
54160,2,,,,,0,1,8.142857142857142,,2,,,,,,,
54832,2,,,,,1,2,8.210526315789474,19,2,,,,,,,
54843,6,,,,,0,4,8.347826086956522,,6,,,,,,,
54876,2,,,,,2,1,5.333333333333333,9,2,,,,,,,
54883,5,,,,,6,5,8.066666666666666,15,5,,,,,,,
54891,2,,,,,2,2,8.666666666666666,9,2,,,,,,,
54900,2,,,,,1,2,4.883720930232558,43,2,,,,,,,
54922,2,,,,,1,2,9.230769231,26,2,,,,,,,
55391,2,,,,,2,1,6,7.5,2,,,,,,,
55400,3,,,,,0,2,7.0344827586206895,,3,,,,,,,
55447,2,,,,,0,1,12,,2,,,,,,,
55743,1,,,,,1,1,5.7,20,1,,,,,,,
55771,4,,,,,1,5,7.914893617021277,47,4,,,,,,,
55793,5,,,,,6,5,10.02061855670103,16.166666666666668,4,,,,,,,
5584,2,,,,,2,2,10.325581395348838,21.5,2,,,,2,,,
56171,10,,,,,6,8,7.181818181818182,22,5,,,,,,,
56175,4,,,,,5,3,8.947368421052632,11.4,4,,,,,,,
56188,3,,,,,2,2,14,12,1,,,,,,,
5632,5,,,,,6,5,7.366336633663367,16.833333333333332,5,,,,5,,,
56326,2,,,,,0,2,8.4,,2,,,,,,,
56336,2,,,,,4,2,6.5,9,,,,,,,,
56342,1,,,,,0,1,8.25,,1,,,,,,,
56353,1,,,,,0,1,6,,1,,,,,,,
56361,12,,,,,11,12,6.6835443037974684,21.545454545454547,8,,,,,,,
56381,4,,,,,6,4,7.690140845070423,11.833333333333334,4,,,,,,,
5652,4,,,,,2,3,8.111111111,27,4,,,,4,,,
56545,1,,,,,2,1,6,7.5,1,,,,,,,
56546,3,,,,,2,3,6.285714285714286,31.5,1,,,,,,,
56558,1,,,,,0,1,5,,1,,,,,,,
56566,1,,,,,1,1,11,12,,,,,,,,
56568,1,,,,,1,1,4,6,1,,,,,,,
56569,1,,,,,0,1,17,,1,,,,,,,
56574,4,,,,,9,4,7.408163265306122,10.88888888888889,4,,,,,,,
56576,2,,,,,3,2,7.6,10,2,,,,,,,
56585,1,,,,,1,1,10.5,12,1,,,,,,,
56597,3,,,,,1,2,13.263157894736842,19,3,,,,,,,
56606,11,,,,,6,10,7.2615384615384615,32.5,5,,,,,,,
56629,5,,,,,0,1,6.333333333333333,,5,,,,,,,
56636,6,,,,,6,6,7.294117647058823,17,,,,,,,,
56667,5,,,,,10,5,7.472727272727273,11,5,,,,,,,
56695,6,,,,,6,6,7.902439024390244,20.5,5,,,,,,,
56707,2,,,,,1,2,9,28,2,,,,,,,
56723,4,,,,,4,4,10.32,12.5,3,,,,,,,
56831,1,,,,,0,1,9.5,,1,,,,,,,
57058,1,,,,,2,1,4.5,12,1,,,,,,,
57060,1,,,,,0,1,7,,1,,,,,,,
57074,1,,,,,0,1,13.5,,1,,,,,,,
57079,1,,,,,0,1,17.142857142857142,,1,,,,,,,
57083,4,,,,,3,4,13.789473684210526,19,,,,,,,,
57091,1,,,,,0,1,10,,1,,,,,,,
57370,15,,,,,12,15,6.980609418282548,30.083333333333332,8,,,,,,,
57436,7,,,,,8,6,9.952941176470588,10.625,,,,,,,,
57460,4,,,,,2,4,6,37.5,4,,,,,,,
57464,2,,,,,1,2,7.116279069767442,43,2,,,,,,,
57750,14,,,,,13,13,8.055776892430279,19.307692307692307,7,,,,,,,
57921,2,,,,,2,2,9.454545454545455,16.5,2,,,,,,,
57993,8,,,,,5,7,9.767441860465116,17.2,1,,,,,,,
57998,2,,,,,2,2,5.76,12.5,2,,,,,,,
5801,1,,,,,1,1,6.666666666666667,27,,,,,,,,
58156,2,,,,,0,1,20,,2,,,,,,,
58174,1,,,,,0,1,12,,1,,,,,,,
58175,7,,,,,14,7,9.695652173913043,9.857142857142858,5,,,,,,,
58186,1,,,,,2,1,12.25,12,1,,,,,,,
58191,2,,,,,3,1,9.111111111,9,2,,,,,,,
58242,15,,,,,24,15,8.890365448504983,12.541666666666666,5,,,,,,,
58247,2,,,,,1,2,10.25,24,2,,,,,,,
58274,1,,,,,1,1,3.7777777777777777,27,,,,,,,,
58341,1,,,,,1,1,11.076923076923077,13,1,,,,,,,
58528,14,,,,,14,12,8.405529954,15.5,6,,,,,,,
58640,5,,,,,6,5,6.42,16.666666666666668,5,,,,,,,
58728,1,,,,,2,1,8,9,1,,,,,,,
58742,1,,,,,2,1,5.454545454545454,11,1,,,,,,,
58745,1,,,,,0,1,6.8,,1,,,,,,,
58864,9,,,,,12,9,7.682539682539683,15.75,4,,,,,,,
58924,2,,,,,0,2,13.555555555555555,,2,,,,,,,
59069,5,,,,,2,5,5.014925373134329,33.5,5,,,,,,,
59073,1,,,,,0,1,9,,1,,,,,,,
59075,2,,,,,0,1,8.571428571428571,,2,,,,,,,
59101,1,,,,,0,1,1.8461538461538463,,1,,,,,,,
59270,2,,,,,0,1,9.666666666666666,,2,,,,,,,
59278,2,,,,,1,2,10.133333333333333,45,2,,,,,,,
59310,10,,,,,15,10,7.506607929515418,15.133333333333333,5,,,,,,,
59314,5,,,,,5,5,10,15.6,5,,,,,,,
59331,6,,,,,1,6,10.40625,64,1,,,,,,,
59338,5,,,,,1,5,9.731707317073171,82,5,,,,,,,
59345,2,,,,,3,2,8.7,13.333333333333334,2,,,,,,,
5950,4,,,,,13,4,7.469387755102041,7.538461538461538,4,,,,4,,,
5951,24,,,,,30,24,6.488222698072805,15.566666666666666,17,,,,7,,,
59592,3,,,,,0,2,14.4,,3,,,,,,,
5964,2,,,,,1,2,4.75,24,2,,,,2,,,
59655,4,,,,,2,1,7,12,,,,,,,,
59851,4,,,,,5,3,8.464285714285714,11.2,4,,,,,,,
6036,11,,,,,13,11,5.867256637168142,17.384615384615383,,,,,,,,
6048,18,,,,,23,18,6.878873239436619,15.434782608695652,15,,,,11,,,
60797,2,,,,,6,2,5.127272727272727,9.166666666666666,,,,,,,,
62459,7,,,,,17,8,6.494845360824742,11.411764705882353,,,,,,,,
62859,1,,,,,0,1,13,,,,,,,,,
62864,3,,,,,3,3,5.225806451612903,20.666666666666668,,,,,,,,
62869,3,,,,,6,3,7.434782608695652,7.666666666666667,,,,,,,,
62872,2,,,,,1,2,8.545454545454545,33,,,,,,,,
63063,1,,,,,0,1,11.538461538461538,,,,,,,,,
63090,5,,,,,6,5,8.315789474,19,,,,,,,,
6346,1,,,,,0,1,6,,1,,,,1,,,
6350,4,,,,,0,4,7.945945945945946,,,,,,,,,
63504,6,,,,,6,6,9.510638298,15.666666666666666,,,,,,,,
63566,1,,,,,0,1,13,,,,,,,,,
63585,4,,,,,7,4,8.302325581,12.285714285714286,,,,,,,,
63668,3,,,,,2,3,8.76,25,,,,,,,,
6368,5,,,,,5,5,7.2110091743119265,21.8,5,,,,3,,,
63681,11,,,,,16,11,7.863013698630137,13.6875,,,,,,,,
63719,2,,,,,4,2,5.666666666666667,9,,,,,,,,
6372,6,,,,,3,5,6.6875,32,,,,,,,,
63728,1,,,,,0,1,5.769230769230769,,,,,,,,,
63733,1,,,,,1,1,3.75,16,,,,,,,,
63734,1,,,,,0,1,10.285714285714286,,,,,,,,,
63746,1,,,,,0,1,6,,,,,,,,,
63752,1,,,,,0,1,12,,,,,,,,,
63786,1,,,,,2,1,8.64,12.5,,,,,,,,
63805,1,,,,,2,1,6,9,,,,,,,,
63810,1,,,,,0,1,8.4,,,,,,,,,
63811,4,,,,,12,4,8.482758620689655,7.25,,,,,,,,
64056,7,,,,,11,7,5.68,13.636363636363637,,,,,,,,
6417,6,,,,,9,6,8.970297029702971,11.222222222222221,1,,,,1,,,
6449,2,,,,,0,2,10.941176470588236,,2,,,,1,,,
6480,1,,,,,1,1,11,12,1,,,,1,,,
65309,2,,,,,0,2,11,,,,,,,,,
65310,2,,,,,2,2,6.681818181818182,22,,,,,,,,
65326,1,,,,,0,1,11,,,,,,,,,
65330,1,,,,,0,1,8.5,,,,,,,,,
65334,2,,,,,3,2,6,14.333333333333334,,,,,,,,
65335,1,,,,,1,1,5.538461538461538,13,,,,,,,,
65337,1,,,,,0,1,10.153846153846153,,,,,,,,,
65350,4,,,,,1,4,10,57,,,,,,,,
65369,1,,,,,0,1,10.08,,,,,,,,,
65372,3,,,,,1,3,6.976744186046512,43,,,,,,,,
65390,9,,,,,16,9,6.548076923076923,13,,,,,,,,
65392,1,,,,,1,1,11,12,,,,,,,,
65416,4,,,,,2,4,9.633802816901408,35.5,,,,,,,,
65424,1,,,,,0,1,12.5,,,,,,,,,
6551,9,,,,,12,9,9.454545454545455,13.75,6,,,,6,,,
6552,1,,,,,3,1,5.25,8,1,,,,1,,,
66178,2,,,,,3,2,10.54054054054054,12.333333333333334,,,,,,,,
66490,2,,,,,2,2,9.333333333333334,18,,,,,,,,
66498,3,,,,,3,3,6.084507042253521,23.666666666666668,,,,,,,,
66499,3,,,,,4,3,7.222222222222222,13.5,,,,,,,,
6650,1,,,,,2,1,4.285714285714286,14,,,,,,,,
66507,2,,,,,3,1,6.75,8,,,,,,,,
66513,2,,,,,0,2,8.5,,,,,,,,,
66517,4,,,,,3,4,5.23943662,23.666666666666668,,,,,,,,
66943,1,,,,,0,1,3,,,,,,,,,
66944,7,,,,,8,7,7.367088607594937,19.75,,,,,,,,
66953,7,,,,,8,7,8.473282442748092,16.375,,,,,,,,
66958,3,,,,,3,3,9.243243243243244,12.333333333333334,,,,,,,,
66965,4,,,,,2,3,9,18,,,,,,,,
66966,1,,,,,1,1,11.538461538461538,13,,,,,,,,
66974,2,,,,,2,2,11.75,12,,,,,,,,
66989,7,,,,,13,7,7.258741258741258,11,,,,,,,,
66992,6,,,,,11,5,6.049586776859504,11,,,,,,,,
67003,5,,,,,11,5,5.586206896551724,10.545454545454545,,,,,,,,
67010,2,,,,,1,2,7.7368421052631575,38,,,,,,,,
67011,5,,,,,4,5,7.714285714285714,22.75,,,,,,,,
67018,5,,,,,2,5,8.761904761904763,31.5,,,,,,,,
67071,9,,,,,8,8,7.731543624161074,18.625,,,,,,,,
6710,2,,,,,4,2,7.2272727272727275,11,2,,,,2,,,
67138,1,,,,,2,1,6,9.5,,,,,,,,
67139,2,,,,,0,2,12,,,,,,,,,
67176,5,,,,,8,5,7.615384615384615,13,,,,,,,,
67216,8,,,,,3,8,8.106382978723405,31.333333333333332,,,,,,,,
67235,9,,,,,10,9,6.163043478260869,18.4,,,,,,,,
67236,7,,,,,10,7,5.458646616541353,13.3,,,,,,,,
67241,1,,,,,0,1,7,,,,,,,,,
67273,6,,,,,6,5,7.975609756097561,13.666666666666666,,,,,,,,
67277,2,,,,,1,2,9.272727272727273,44,,,,,,,,
67282,6,,,,,4,4,6.101694915254237,14.75,,,,,,,,
67436,4,,,,,0,2,14.333333333333334,,,,,,,,,
67437,2,,,,,3,2,6,6.666666666666667,,,,,,,,
67448,11,,,,,6,9,6.9714285714285715,17.5,,,,,,,,
67459,3,,,,,3,3,6.823529411764706,17,,,,,,,,
67478,4,,,,,5,4,7.404255319148936,18.8,,,,,,,,
67500,8,,,,,5,4,9.222222222222221,10.8,,,,,,,,
67514,1,,,,,0,1,8,,,,,,,,,
67528,5,,,,,5,5,5.931818181818182,17.6,,,,,,,,
67620,3,,,,,2,3,13.75,12,,,,,,,,
6764,1,,,,,0,1,13,,1,,,,,,,
67644,1,,,,,3,1,7.153846153846154,8.666666666666666,,,,,,,,
67989,12,,,,,18,11,6.096774193548387,13.777777777777779,,,,,,,,
67990,4,,,,,0,3,11.675675675675675,,,,,,,,,
68277,5,,,,,8,5,7.116279069767442,10.75,,,,,,,,
68280,10,,,,,14,10,5.606557377,17.428571428571427,,,,,,,,
68285,3,,,,,3,3,9.306122448979592,16.333333333333332,,,,,,,,
68296,5,,,,,3,4,10.5,18.666666666666668,,,,,,,,
68304,8,,,,,13,7,7.147826086956521,8.846153846153847,,,,,,,,
68307,6,,,,,7,6,5.890909090909091,15.714285714285714,,,,,,,,
68311,1,,,,,0,1,9.6,,,,,,,,,
68332,4,,,,,7,4,5.2,15,,,,,,,,
68347,1,,,,,2,1,9,6,,,,,,,,
68363,1,,,,,0,1,11.5,,,,,,,,,
68368,1,,,,,0,1,21,,,,,,,,,
68562,5,,,,,6,5,8.023255813953488,14.333333333333334,,,,,,,,
68566,1,,,,,2,1,7.75,12,,,,,,,,
68570,1,,,,,0,1,12,,,,,,,,,
68572,5,,,,,7,5,9.692307692307692,14.857142857142858,,,,,,,,
68573,2,,,,,3,2,12.620689655172415,9.666666666666666,,,,,,,,
6859,1,,,,,0,1,9,,,,,,,,,
68590,8,,,,,8,7,8.548672566371682,14.125,,,,,,,,
68591,3,,,,,1,2,7.741935483870968,31,,,,,,,,
68892,2,,,,,0,2,11,,,,,,,,,
68893,1,,,,,0,1,14.571428571428571,,,,,,,,,
69153,1,,,,,1,1,7.285714285714286,28,,,,,,,,
6926,1,,,,,2,1,7.090909090909091,16.5,,,,,,,,
69312,2,,,,,1,2,7.65,40,,,,,,,,
69399,2,,,,,2,2,11.590909090909092,22,,,,,,,,
69401,3,,,,,0,1,12.8,,,,,,,,,
69402,1,,,,,0,1,16,,,,,,,,,
69458,2,,,,,2,2,11.333333333333334,18,,,,,,,,
69697,2,,,,,4,1,3.75,6,,,,,,,,
69801,1,,,,,0,1,9.5,,,,,,,,,
69806,1,,,,,0,1,10.666666666666666,,,,,,,,,
69807,7,,,,,12,7,8.013157894736842,12.666666666666666,,,,,,,,
69813,1,,,,,3,1,9.428571428571429,7,,,,,,,,
69815,1,,,,,2,1,6.947368421052632,9.5,,,,,,,,
69821,2,,,,,0,1,6,,,,,,,,,
69832,1,,,,,0,1,9,,,,,,,,,
69838,8,,,,,2,2,4.5,14,,,,,,,,
69839,9,,,,,14,7,6.313432835820896,9.571428571428571,,,,,,,,
69840,3,,,,,2,3,5.714285714285714,21,,,,,,,,
69842,2,,,,,1,2,7.875,48,,,,,,,,
69843,8,,,,,5,3,4.565217391304348,9.2,,,,,,,,
69849,3,,,,,1,2,6.521739130434782,23,,,,,,,,
69860,2,,,,,3,2,4.7368421052631575,6.333333333333333,,,,,,,,
69861,7,,,,,5,7,8.7,16,,,,,,,,
69883,2,,,,,4,2,7.2,10,,,,,,,,
69889,1,,,,,0,1,4.333333333333333,,,,,,,,,
69893,1,,,,,1,1,2.142857142857143,14,,,,,,,,
69906,1,,,,,0,1,5.2,,,,,,,,,
69911,1,,,,,0,1,13,,,,,,,,,
69912,2,,,,,0,2,11.75,,,,,,,,,
69914,6,,,,,7,6,6.285714285714286,18,,,,,,,,
69917,6,,,,,8,6,4.033613445378151,14.875,,,,,,,,
70047,1,,,,,0,1,4.8,,,,,,,,,
70071,1,,,,,2,1,7.125,8,,,,,,,,
70072,1,,,,,2,1,9.157894736842104,9.5,,,,,,,,
70104,3,,,,,1,1,6.333333333333333,18,,,,,,,,
70123,2,,,,,0,1,32,,,,,,,,,
70125,1,,,,,0,1,4.714285714285714,,,,,,,,,
70149,2,,,,,1,1,8,12,,,,,,,,
70174,1,,,,,0,1,7.2,,,,,,,,,
70178,3,,,,,2,2,12,9,,,,,,,,
70190,1,,,,,2,1,4.8,12.5,,,,,,,,
70192,2,,,,,2,2,14.228571428571428,17.5,,,,,,,,
70206,1,,,,,0,1,7.846153846153846,,,,,,,,,
70263,1,,,,,2,1,6.428571428571429,7,,,,,,,,
70265,4,,,,,2,4,8.742857142857142,35,,,,,,,,
70271,7,,,,,5,5,10.241379310344827,11.6,,,,,,,,
70277,2,,,,,2,2,13.304347826086957,23,,,,,,,,
70278,1,,,,,0,1,6.8,,,,,,,,,
70283,3,,,,,2,3,14.516129032258064,15.5,,,,,,,,
70288,1,,,,,0,1,14.285714285714286,,,,,,,,,
70300,1,,,,,1,1,5.4,10,,,,,,,,
70301,2,,,,,0,2,9.3,,,,,,,,,
70302,1,,,,,0,1,13.285714285714286,,,,,,,,,
70309,1,,,,,1,1,12.947368421052632,19,,,,,,,,
70311,3,,,,,3,3,6.2727272727272725,22,,,,,,,,
70326,1,,,,,1,1,10.941176470588236,17,,,,,,,,
70329,4,,,,,4,4,6.985074626865671,16.75,,,,,,,,
70343,1,,,,,0,1,10,,,,,,,,,
70344,1,,,,,0,1,21,,,,,,,,,
70373,1,,,,,0,1,10.615384615384615,,,,,,,,,
7107,3,,,,,4,3,7.862068965517241,14.5,3,,,,,,,
72,2,,,,,0,2,8.823529411764707,,2,,,,2,,,
7427,3,,,,,4,2,6.571428571428571,10.5,3,,,,3,,,
7444,2,,,,,0,2,13.588235294117647,,2,,,,1,,,
7612,2,,,,,0,2,9,,2,,,,2,,,
7767,2,,,,,2,2,10.54054054054054,18.5,2,,,,2,,,
7778,1,,,,,2,1,7.333333333333333,9,1,,,,1,,,
8084,2,,,,,0,2,10.5,,1,,,,1,,,
8100,6,,,,,10,6,7.6438356164383565,14.6,6,,,,6,,,
8215,5,,,,,6,5,7.589743589743589,19.5,5,,,,5,,,
8218,2,,,,,0,2,8.808510638297872,,2,,,,2,,,
8220,3,,,,,0,3,5.625,,3,,,,3,,,
8529,3,,,,,0,2,12.461538461538462,,3,,,,3,,,
8614,8,,,,,11,8,7.969230769230769,17.727272727272727,3,,,,,,,
8635,2,,,,,1,2,10.32,25,1,,,,1,,,
8743,1,,,,,1,1,1.3846153846153846,13,,,,,,,,
8763,1,,,,,1,1,10.5,28,1,,,,1,,,
15196,2,,,,,,,,,2,,,,2,,,
174,1,,,,,,,,,1,,,,1,,,
18328,1,,,,,,,,,,,,,,,,
20306,1,,,,,,,,,1,,,,1,,,
21069,3,,,,,,,,,1,,,,,,,
25707,1,,,,,,,,,1,,,,,,,
27276,1,,,,,,,,,,,,,,,,
29195,1,,,,,,,,,,,,,,,,
31207,1,,,,,,,,,1,,,,1,,,
33680,2,,,,,,,,,,,,,,,,
34979,2,,,,,,,,,2,,,,2,,,
35075,1,,,,,,,,,1,,,,1,,,
38630,3,,,,,,,,,2,,,,2,,,
38633,1,,,,,,,,,1,,,,1,,,
38656,1,,,,,,,,,,,,,,,,
39169,2,,,,,,,,,,,,,,,,
39428,1,,,,,,,,,1,,,,1,,,
39489,1,,,,,,,,,1,,,,1,,,
39492,2,,,,,,,,,2,,,,2,,,
39498,2,,,,,,,,,2,,,,2,,,
39500,1,,,,,,,,,1,,,,1,,,
39555,1,,,,,,,,,1,,,,1,,,
39560,1,,,,,,,,,1,,,,1,,,
39561,1,,,,,,,,,1,,,,1,,,
40247,1,,,,,,,,,,,,,,,,
43307,1,,,,,,,,,1,,,,1,,,
43938,1,,,,,,,,,1,,,,1,,,
44481,1,,,,,,,,,1,,,,1,,,
44824,1,,,,,,,,,,,,,,,,
46147,1,,,,,,,,,1,,,,1,,,
47781,2,,,,,,,,,1,,,,1,,,
47784,1,,,,,,,,,1,,,,1,,,
48126,1,,,,,,,,,1,,,,1,,,
4968,1,,,,,,,,,1,,,,1,,,
50195,1,,,,,,,,,1,,,,,,,
5042,2,,,,,,,,,2,,,,2,,,
52105,2,,,,,,,,,,,,,,,,
52350,2,,,,,,,,,,,,,,,,
52352,4,,,,,,,,,,,,,,,,
52354,6,,,,,,,,,,,,,,,,
52388,1,,,,,,,,,,,,,,,,
52448,1,,,,,,,,,,,,,,,,
52689,1,,,,,,,,,,,,,,,,
54838,1,,,,,,,,,1,,,,,,,
54844,4,,,,,,,,,4,,,,,,,
54868,1,,,,,,,,,1,,,,,,,
54885,2,,,,,,,,,2,,,,,,,
55412,1,,,,,,,,,1,,,,,,,
55436,1,,,,,,,,,1,,,,,,,
55453,2,,,,,,,,,2,,,,,,,
55455,1,,,,,,,,,1,,,,,,,
55752,1,,,,,,,,,1,,,,,,,
56570,1,,,,,,,,,1,,,,,,,
56580,1,,,,,,,,,,,,,,,,
56614,2,,,,,,,,,,,,,,,,
56832,2,,,,,,,,,2,,,,,,,
5749,1,,,,,,,,,,,,,,,,
58231,1,,,,,,,,,1,,,,,,,
58397,1,,,,,,,,,1,,,,,,,
59061,1,,,,,,,,,1,,,,,,,
59281,1,,,,,,,,,1,,,,,,,
59303,1,,,,,,,,,1,,,,,,,
59316,1,,,,,,,,,1,,,,,,,
59342,1,,,,,,,,,1,,,,,,,
60659,1,,,,,,,,,,,,,,,,
61069,1,,,,,,,,,,,,,,,,
62917,2,,,,,,,,,,,,,,,,
63571,1,,,,,,,,,,,,,,,,
63714,1,,,,,,,,,,,,,,,,
63744,2,,,,,,,,,,,,,,,,
63753,1,,,,,,,,,,,,,,,,
6378,1,,,,,,,,,1,,,,1,,,
63785,1,,,,,,,,,,,,,,,,
65305,1,,,,,,,,,,,,,,,,
65361,1,,,,,,,,,,,,,,,,
65396,1,,,,,,,,,,,,,,,,
6590,1,,,,,,,,,1,,,,1,,,
66482,1,,,,,,,,,,,,,,,,
66942,1,,,,,,,,,,,,,,,,
66957,1,,,,,,,,,,,,,,,,
66972,1,,,,,,,,,,,,,,,,
67168,1,,,,,,,,,,,,,,,,
67197,3,,,,,,,,,,,,,,,,
67278,2,,,,,,,,,,,,,,,,
67442,1,,,,,,,,,,,,,,,,
68314,1,,,,,,,,,,,,,,,,
68317,2,,,,,,,,,,,,,,,,
68318,1,,,,,,,,,,,,,,,,
6851,1,,,,,,,,,1,,,,1,,,
68577,1,,,,,,,,,,,,,,,,
69833,1,,,,,,,,,,,,,,,,
69834,1,,,,,,,,,,,,,,,,
69866,4,,,,,,,,,,,,,,,,
69921,2,,,,,,,,,,,,,,,,
70164,1,,,,,,,,,,,,,,,,
70200,1,,,,,,,,,,,,,,,,
70201,1,,,,,,,,,,,,,,,,
70207,1,,,,,,,,,,,,,,,,
70208,1,,,,,,,,,,,,,,,,
70269,1,,,,,,,,,,,,,,,,
70354,1,,,,,,,,,,,,,,,,
8638,2,,,,,,,,,2,,,,,,,
