player_id,player_name,career_is_capped,cap_prob_model,career_role_guess,career_batting_runs,career_bat_avg,career_bat_sr,career_bowling_wickets,career_bow_econ,venue_fit_score,runs_slope,wk_slope,career_matches_played,career_age_years
1018,Pavan Deshpande,False,0.5656593014195604,top/middle,505.0,,111.23348017621146,2.0,5.571428571428571,1.127123513512922,35.499999999999964,,21.0,36.19
1028,Varun Aaron,False,0.5067747590702602,finishing allrounder,9.0,,112.5,5.0,7.253731343283582,112.5,,4.999999999999998,7.0,36.08
1030,Harshad Khadiwale,False,0.45622826908874814,opener,54.0,,101.88679245283019,,,101.88679245283019,,,4.0,37.1
1031,Chirag Pathak,False,0.43625849668281846,opener,41.0,,89.1304347826087,,,89.1304347826087,,,2.0,38.81
1033,Paras Dogra,True,0.5611862454750546,top/middle,93.0,,138.80597014925374,,,1.5505509460808125,-37.499999999999986,,5.0,41.02
1039,Mandeep Singh,True,0.6649428869727946,top/middle,952.0,,141.66666666666666,1.0,8.074074074074074,2.4334962278136434,114.99999999999999,,41.0,33.94
1040,Harpreet Singh,True,0.6259141149533629,top/middle,669.0,,129.40038684719536,,,2.576659523387728,72.1,,23.0,34.29
1045,David Wiese,False,0.5088650449063273,finisher,21.0,,190.9090909090909,0.0,12.666666666666666,1.2543246692148966,,,3.0,40.53
1063,Colin Ingram,False,0.5145293989429913,top/middle,333.0,,133.2,,,5.079503836436582,,,9.0,40.4
107,Mohammad Hafeez,False,0.5045697969743174,finishing allrounder,96.0,,126.3157894736842,5.0,6.2727272727272725,1.6911315197316654,,,11.0,45.11
1071,Jaydev Unadkat,True,0.6798633192738182,finishing allrounder,261.0,,120.27649769585254,69.0,7.592592592592593,1.19299458185669,-20.6,0.6000000000000001,59.0,34.11
1077,David Miller,True,0.6404623946336678,finisher,1878.0,,137.98677443056576,,,2.0209547880114327,-41.899999999999984,,91.0,36.46
1082,Cameron Delport,False,0.48381284561506555,top/middle,89.0,,141.26984126984127,,,2.684349178253275,,,4.0,36.54
1086,Amit Paunikar,True,0.5481953186853655,top/middle,45.0,,136.36363636363637,,,136.36363636363637,,,1.0,37.61
1089,Shafiul Islam,False,0.46739429314792685,finishing allrounder,3.0,,33.333333333333336,5.0,9.664122137404581,0.712566048031257,,1.0,7.0,36.14
109,Wriddhiman Saha,True,0.6410981658449757,opener,1100.0,,111.78861788617886,,,3.6447835296604407,38.999999999999986,,57.0,41.09
1100,Dinesh Chandimal,True,0.5625523603088992,top/middle,187.0,,100.53763440860214,,,4.467067247823153,-21.19230769230769,,10.0,36.02
1104,Mohammad Shahzad,False,0.48559997320605147,opener,127.0,,116.5137614678899,,,5.332772435007188,,,7.0,38.88
1107,Mohammad Nabi,True,0.6935584217993668,finishing allrounder,751.0,,125.37562604340567,37.0,7.28066037735849,1.9107842580736778,66.69999999999999,2.3000000000000003,56.0,40.9
1109,Samiullah Shinwari,False,0.4644727058580232,finishing allrounder,42.0,,84.0,6.0,7.230769230769231,2.4572969339372257,25.999999999999986,3.999999999999999,6.0,37.91
1113,Imrul Kayes,False,0.5410187104084787,top/middle,590.0,,114.78599221789884,,,9.429638945214348,-58.19999999999999,,34.0,38.81
1114,Sohrawordi Shuvo,False,0.43827376057808576,finisher,1.0,,100.0,0.0,15.428571428571429,100.0,,,2.0,37.02
1121,Jahurul Islam,False,0.4680022859421273,top/middle,58.0,,74.35897435897436,,,4.8451866357220466,,,6.0,38.96
1161,AJ Blake,False,0.46709535207985686,top/middle,53.0,,84.12698412698413,,,7.096560599426444,,,5.0,36.84
117,Ashok Dinda,False,0.45748423858182463,finishing allrounder,1.0,,50.0,5.0,9.0,50.0,,,2.0,41.67
1171,Chris Woakes,False,0.5503203542416291,finishing allrounder,67.0,,108.06451612903226,18.0,6.996389891696751,1.0252272941735399,-0.9999999999999998,-1.4999999999999998,16.0,36.74
1183,Alex Hales,False,0.5531136759058413,opener,518.0,,148.0,,,3.1746877274916945,-12.071428571428578,,17.0,36.9
1187,Jason Roy,True,0.6376265997401094,opener,819.0,,128.16901408450704,,,1.9245781457840294,-66.42857142857143,,31.0,35.35
1195,Ben Stokes,False,0.5117930300958072,batting allrounder,48.0,,100.0,1.0,8.461538461538462,1.704223780439993,7.499999999999995,-7.850462293418875e-17,6.0,34.48
1205,Jonny Bairstow,True,0.6615031031695665,top/middle,1348.0,,141.44805876180482,,,3.973384301865359,-56.5,,46.0,36.17
1210,James Vince,False,0.4879788750085472,top/middle,124.0,,133.33333333333334,,,0.8546503227828552,-40.66666666666666,,6.0,34.7
1219,David Willey,True,0.6451148581574147,finishing allrounder,113.0,,100.89285714285714,22.0,7.061728395061729,1.061826409717106,9.499999999999995,-6.2803698347351e-16,23.0,35.74
126,Rohit Sharma,True,0.6631292153106864,opener,2636.0,,134.69596320899336,0.0,11.142857142857142,2.5855281246723187,-51.4,,101.0,38.58
1280,Bavanaka Sandeep,True,0.5592733430268949,batting allrounder,106.0,,108.16326530612245,1.0,5.3478260869565215,27.119280869695533,,,4.0,33.59
1318,Andre Russell,True,0.7026017964808497,finishing allrounder,1832.0,,158.88985255854294,108.0,9.423049391553329,3.268057143094377,-18.4,-2.4999999999999996,107.0,37.58
1327,Johnson Charles,True,0.6705653662979857,top/middle,893.0,,137.80864197530863,1.0,7.5,2.0880709824783823,-1.2999999999999872,,34.0,36.87
137,Shreevats Goswami,True,0.5814010654686614,opener,148.0,,123.33333333333333,,,4.408565461265647,-117.99999999999997,,6.0,36.53
138,Bharat Chipli,False,0.4373621814738379,top/middle,1.0,,25.0,,,25.0,,,1.0,42.83
1389,Sean Abbott,True,0.627754534726962,finishing allrounder,40.0,,105.26315789473684,27.0,8.657142857142857,1.2768105684609623,5.3999999999999995,1.2999999999999998,18.0,33.74
140,AB de Villiers,True,0.6064855660392506,top/middle,313.0,,145.58139534883722,,,2.6624558148713016,,,15.0,41.77
142,Shikhar Dhawan,True,0.6484843659526702,opener,1800.0,,123.03485987696514,,,7.809253460076079,-200.19999999999996,,54.0,39.98
143,Dinesh Karthik,True,0.6525909207933589,finisher,1554.0,,151.1673151750973,0.0,18.0,1.7230407744083225,-65.59999999999998,,95.0,40.49
1440,Rahul Tripathi,True,0.6622736388669159,top/middle,2323.0,,146.56151419558358,0.0,2.5714285714285716,3.5684789054579165,-4.199999999999994,,98.0,34.74
1465,Vishant More,False,0.5383437462781189,top/middle,385.0,,120.3125,,,2.513494483647951,-40.49999999999999,,29.0,34.0
147,Pradeep Sangwan,True,0.5746100646292572,finishing allrounder,2.0,,28.571428571428573,11.0,7.954285714285715,0.6783277711746619,-1.9999999999999996,-2.9999999999999987,9.0,35.06
1481,Kusal Perera,True,0.619493326371405,top/middle,828.0,,125.26475037821483,,,3.5381394360608978,48.74285714285713,,32.0,35.28
1486,Doug Bracewell,False,0.45124028544882394,finishing allrounder,5.0,,71.42857142857143,0.0,7.153846153846154,71.42857142857143,,,2.0,35.16
1487,Adam Milne,True,0.6577105080008403,finishing allrounder,78.0,,91.76470588235294,34.0,8.532019704433498,1.8100644169884854,-2.5999999999999988,3.3999999999999995,29.0,33.62
1497,Ronit More,False,0.5064673734388656,finishing allrounder,36.0,,94.73684210526316,23.0,7.581661891117479,8.950184512375902,-6.642857142857142,-2.9999999999999996,18.0,33.82
1506,Nihal Ullal,False,0.5277190259928609,opener,740.0,,110.61285500747384,,,13.146481707446295,-51.99999999999999,,42.0,32.85
1512,Vasuki Koushik,False,0.5553634384021876,finishing allrounder,26.0,,81.25,42.0,7.166858457997699,0.8729160516189728,0.20000000000000004,1.2000000000000006,41.0,33.19
15162,Sandesh Drugwar,False,0.3773358960529891,top/middle,9.0,,52.94117647058823,,,52.94117647058823,,,4.0,24.57
1519,Zahoor Farooqi,False,0.47593925385613717,finishing allrounder,6.0,,120.0,2.0,8.790697674418604,120.0,,,5.0,27.11
15197,Ranjeet Darji,False,0.4042036989585069,finishing allrounder,9.0,,128.57142857142858,4.0,10.363636363636363,128.57142857142858,,,5.0,30.81
15198,Kushal Kakad,True,0.5718419333614695,finishing allrounder,60.0,,157.89473684210526,4.0,10.10958904109589,1.546917857026811,-13.999999999999996,0.9999999999999998,3.0,30.61
152,Ravindra Jadeja,True,0.6960120004877335,finishing allrounder,1325.0,,131.8407960199005,65.0,7.407265774378585,4.004229505183477,9.800000000000002,-0.8999999999999999,81.0,36.97
15222,Sudip Kumar Gharami,True,0.6189099160634378,top/middle,692.0,,123.13167259786476,,,2.3942205307206845,65.0,,31.0,26.69
15228,Dhrushant Soni,False,0.48649147544100274,finishing allrounder,52.0,,162.5,7.0,7.430769230769231,0.7011950835885689,17.333333333333332,1.6666666666666665,7.0,30.13
15231,Ameya Soman,True,0.5286705633797663,top/middle,12.0,,150.0,,,150.0,,,1.0,35.3
1532,HS Sharath,False,0.5535276175223857,finishing allrounder,131.0,,139.36170212765958,27.0,8.149797570850202,3.3898512779664647,-23.499999999999993,-1.4999999999999993,25.0,32.48
1541,Sean Williams,False,0.41839416541480334,finishing allrounder,21.0,,84.0,1.0,7.621621621621622,84.0,,,3.0,39.17
15551,Ackeem Auguste,False,0.4085813125625252,top/middle,91.0,,146.7741935483871,,,2.2891959763043315,,,6.0,22.21
1566,Mohammed Shami,True,0.6632664486812294,finishing allrounder,67.0,,103.07692307692308,90.0,7.714867617107943,1.8721156935583534,2.657142857142856,-3.0999999999999996,64.0,35.23
1568,Kane Williamson,True,0.6359730672880238,top/middle,857.0,,108.07061790668348,,,3.0787757262457176,-71.07142857142858,,36.0,35.3
1570,Wahab Riaz,False,0.4895060568848869,finishing allrounder,23.0,,135.2941176470588,15.0,5.8562874251497,2.2163780247627174,,,7.0,40.41
158,Amit Mishra,True,0.615207063702275,finishing allrounder,25.0,,65.78947368421052,16.0,8.227272727272727,3.2095832437136997,18.99999999999999,-0.5999999999999999,17.0,43.01
159,Manoj Tiwary,True,0.5863464530359785,batting allrounder,212.0,,110.41666666666667,3.0,7.653543307086614,110.41666666666667,3.153846153846155,0.23076923076923084,16.0,40.03
1596,Moeen Ali,True,0.7032821716264221,finishing allrounder,1843.0,,135.11730205278593,75.0,7.651127819548872,2.6175607750113916,-149.20000000000002,-2.5999999999999996,109.0,38.44
1600,Benny Howell,False,0.5758656548345287,finishing allrounder,449.0,,138.58024691358025,16.0,6.9553398058252425,6.0355494328437596,11.000000000000007,3.499999999999999,23.0,37.14
1609,G Khera,True,0.6216159131689089,top/middle,664.0,,125.04708097928437,2.0,7.2631578947368425,3.5522883208229032,-151.99999999999994,,28.0,34.48
161,Dwayne Bravo,True,0.6761152652695404,finishing allrounder,264.0,,128.15533980582524,65.0,6.688421052631579,2.2700058297409895,-58.499999999999986,-14.999999999999996,45.0,42.14
1612,Yuzvendra Chahal,True,0.6456650066529603,finishing allrounder,16.0,,43.24324324324324,149.0,7.706070287539936,1.225972586703134,-4.499999999999999,-4.699999999999999,114.0,35.35
1617,Rishi Dhawan,True,0.6530540822098035,finishing allrounder,162.0,,117.3913043478261,23.0,7.533834586466165,1.7863505620077824,5.4999999999999964,-1.7000000000000002,23.0,35.77
1621,Sumit Singh,False,0.48691910104306807,finishing allrounder,28.0,,71.7948717948718,3.0,7.166666666666667,1.1691108513208905,,,4.0,38.21
1622,Amit Kumar,False,0.40761907337894876,opener,2.0,,22.22222222222222,2.0,8.0,22.22222222222222,,,3.0,36.0
16284,Habibur Rahman,True,0.5037738711622477,top/middle,317.0,,133.19327731092437,,,2.5909899943473076,174.99999999999994,,16.0,35.12
1629,Suraj Yadav,False,0.3999442249233315,opener,110.0,,164.17910447761193,,,,,,5.0,38.09
1633,Chiranjeevi G,False,0.5138744294523783,finishing allrounder,172.0,,121.98581560283688,11.0,7.427184466019417,5.8199132222086964,-42.66666666666666,-2.9999999999999996,12.0,33.44
164,Dhawal Kulkarni,True,0.5817392936314356,finishing allrounder,6.0,,54.54545454545455,9.0,7.5477031802120145,54.54545454545455,,2.9999999999999996,13.0,36.96
167,Ajinkya Rahane,True,0.6585173615430354,top/middle,1836.0,,140.4743687834736,,,3.875361385113195,138.40000000000003,,68.0,37.47
1679,Ankeet Chavan,True,0.5287113882116423,finishing allrounder,9.0,,90.0,1.0,4.775510204081633,90.0,,,2.0,40.08
1682,SS Mundhe,False,0.5332061677387366,finishing allrounder,284.0,,119.32773109243698,13.0,7.303448275862069,15.53527209104925,0.9999999999999999,0.7142857142857143,24.0,37.08
1684,Akshya Darekar,False,0.4611919951690931,finishing allrounder,4.0,,28.571428571428573,8.0,7.93984962406015,28.571428571428573,,,8.0,37.32
1685,A Mithun,False,0.5264566740209413,finishing allrounder,172.0,,131.29770992366412,7.0,6.5504587155963305,1.5054343289359944,167.99999999999994,4.999999999999998,12.0,36.09
169,Robin Uthappa,True,0.6304746604037439,top/middle,498.0,,135.69482288828337,,,2.1824783278765856,-37.99999999999998,,20.0,40.04
1699,Suryakumar Yadav,True,0.6701364110488978,top/middle,4840.0,,157.91190864600327,2.0,6.75,2.9316926161710684,63.400000000000006,-1.9999999999999996,152.0,35.2
1701,Swapnil Singh,True,0.6665540990780986,finishing allrounder,406.0,,125.69659442724458,24.0,7.1179487179487175,3.07209719209876,10.199999999999998,0.19999999999999987,35.0,34.85
1704,Abhimanyu Chauhan,False,0.44778373309672126,batting allrounder,161.0,,121.05263157894737,4.0,8.26086956521739,11.443121316736608,-8.999999999999996,,10.0,39.16
1706,Parag Khanapurkar,True,0.5310906885363693,finishing allrounder,23.0,,62.16216216216216,0.0,7.0,3.237930818917344,1.4999999999999998,0.0,9.0,39.66
1711,Selvam Suresh Kumar,False,0.47937268407683925,finisher,18.0,,66.66666666666667,0.0,8.5,1.9441745994387163,,,4.0,40.69
1712,M Raja,False,0.4742398525165694,finishing allrounder,8.0,,160.0,0.0,7.714285714285714,160.0,,,1.0,40.56
172,Shoaib Malik,False,0.5426617655444219,top/middle,392.0,,133.33333333333334,3.0,7.787234042553192,5.9258655371959605,-165.99999999999997,,17.0,43.82
1727,Ankit Sharma,True,0.6209374979783351,finishing allrounder,477.0,,117.77777777777777,24.0,6.174228675136116,4.91800882452074,60.29999999999999,0.5,24.0,34.6
1733,Priyank Panchal,False,0.4910855716949138,opener,162.0,,137.28813559322035,,,5.070568468991879,-133.99999999999994,,6.0,35.63
175,RR Raje,True,0.5684881147080432,finishing allrounder,99.0,,176.78571428571428,8.0,9.72972972972973,5.8706720521084,42.499999999999986,3.999999999999999,10.0,39.23
1758,Patrick Cummins,True,0.6855652060083877,finishing allrounder,452.0,,154.26621160409556,64.0,8.436893203883495,1.2840030527646782,7.400000000000001,1.5,53.0,32.55
176,Yogesh Takawale,False,0.4358719503691157,finisher,153.0,,111.67883211678833,,,111.67883211678833,,,8.0,41.06
1772,Sheldon Cottrell,True,0.5578539840978971,finishing allrounder,1.0,,100.0,17.0,7.217910447761194,100.0,,-1.9999999999999996,15.0,36.27
1776,Tanmay Mishra,False,0.47332053370410576,finisher,32.0,,123.07692307692308,,,4.895508611800998,,,3.0,38.93
17898,Bilal Sami,True,0.4496893311948345,finishing allrounder,0.0,,0.0,13.0,7.824324324324325,0.0,,-0.9999999999999998,7.0,21.93
17909,Riaz Hassan,False,0.3911772650910812,finisher,9.0,,56.25,,,1.0058855909938687,,,5.0,23.05
17911,Nangeyalia Kharote,False,0.42121300057995675,finishing allrounder,15.0,,55.55555555555556,0.0,7.068493150684931,0.6908239055785356,14.999999999999995,0.0,4.0,24.59
17937,Zubaid Akbari,True,0.48251377998705147,opener,170.0,,122.3021582733813,0.0,6.0,3.784409948249004,-103.99999999999994,,7.0,25.57
18097,Aditya Singh,False,0.4258722944383779,opener,235.0,,188.0,1.0,19.0,188.0,,,4.0,27.09
1810,Devon Thomas,True,0.5417960165160337,top/middle,49.0,,98.0,,,1.4784156418757015,,,8.0,36.04
18108,Vivek Kumar,False,0.4813859635707417,finisher,23.0,,191.66666666666666,0.0,23.0,191.66666666666666,,,2.0,27.29
1812,Kedar Devdhar,False,0.48250896544686755,opener,123.0,,124.24242424242425,,,124.24242424242425,,,3.0,35.95
18120,Vishal Singh,False,0.43823114730931345,finisher,1.0,,100.0,,,100.0,,,3.0,31.92
1813,Deepak Chahar,True,0.6737305569270952,finishing allrounder,137.0,,130.47619047619048,71.0,7.990140845070423,1.3961542480267104,3.1999999999999997,-0.4000000000000001,67.0,33.3
18135,Vikash Vishal,False,0.4634037103621924,top/middle,25.0,,96.15384615384616,,,1.7846166271412685,-8.499999999999998,,2.0,26.8
1814,Ashok Menaria,False,0.4891209954691287,top/middle,190.0,,119.49685534591195,0.0,10.0,6.094442122652815,-119.99999999999996,,8.0,35.08
18154,Bal Krishna,True,0.5316575355306339,finishing allrounder,4.0,,26.666666666666668,8.0,6.65,33.333333333333336,,-0.9999999999999997,4.0,26.96
1816,Robin Bist,False,0.4339965270054271,finisher,67.0,,93.05555555555556,,,1.7010569782140508,,,5.0,38.07
18161,Bhanu Anand,False,0.471278748953531,opener,826.0,,126.88172043010752,,,126.88172043010752,193.99999999999994,,24.0,
1817,Unmukt Chand,False,0.4650090823031737,top/middle,37.0,,75.51020408163265,,,1.9285918256102383,,,5.0,32.67
1827,Amit Yadav,True,0.5410464404256874,finishing allrounder,9.0,,128.57142857142858,9.0,4.866666666666666,128.57142857142858,,,4.0,36.13
1828,Bhargav Bhatt,False,0.48002239534380303,finishing allrounder,14.0,,200.0,8.0,6.812227074235808,240.0,-2.499999999999999,1.9999999999999996,15.0,35.54
1829,Shahbaz Nadeem,True,0.5819075932646319,finishing allrounder,27.0,,81.81818181818181,9.0,8.522292993630574,1.1304281547839212,0.4999999999999999,-1.4999999999999998,8.0,36.29
183,Saurabh Tiwary,True,0.5852372598568976,top/middle,175.0,,104.16666666666667,,,4.089441656221848,-62.49999999999998,,9.0,35.91
1836,Shuvagoto Hom,False,0.5654019125122948,finishing allrounder,441.0,,128.94736842105263,16.0,7.109826589595376,6.927195140566011,-6.499999999999999,1.9999999999999996,33.0,39.04
1842,Lewis Gregory,False,0.45845152557513913,finisher,10.0,,90.9090909090909,1.0,12.5,90.9090909090909,,,1.0,33.51
1860,Biplab Samantray,False,0.5184988092032683,batting allrounder,292.0,,139.71291866028707,21.0,7.414847161572053,1.761870821602195,39.38461538461539,9.999999999999996,12.0,36.95
1883,Anup Fulper,False,0.47148775818344757,finisher,38.0,,126.66666666666667,,,2.7696734778112044,-0.9999999999999998,,3.0,42.07
1884,Ravi Jangid,False,0.48723927837262493,finishing allrounder,21.0,,116.66666666666667,2.0,10.548387096774194,1.4685089149946102,-18.99999999999999,-1.9999999999999996,6.0,38.48
1885,Himanshu Joshi,False,0.47656691615972796,top/middle,50.0,,111.11111111111111,0.0,13.846153846153847,111.11111111111111,,,1.0,38.76
1886,Akshay Wakhare,False,0.4543852241485662,finishing allrounder,0.0,,0.0,1.0,6.795918367346939,0.0,,-0.9999999999999998,5.0,40.15
189,Harbhajan Singh,True,0.5519830406568281,finishing allrounder,4.0,,100.0,0.0,8.0,100.0,,,3.0,45.4
1890,Kumar Deobrat,False,0.46375168681437323,top/middle,57.0,,101.78571428571429,,,12.064344823552508,6.4999999999999964,,3.0,33.09
1895,Avi Barot,False,0.5036189929761489,opener,264.0,,192.7007299270073,1.0,10.333333333333334,192.7007299270073,,,4.0,33.42
19012,Zeeshan Ali,True,0.5534406530778786,opener,144.0,,97.95918367346938,,,3.0024774477100142,15.214285714285712,,11.0,36.45
19020,Ateeq Iqbal,False,0.43992796024462644,finishing allrounder,3.0,,60.0,7.0,7.2993630573248405,1.9695553920533262,0.9999999999999998,-0.9999999999999998,8.0,33.97
19062,Shaik Rafi,False,0.4252225557781689,finishing allrounder,6.0,,66.66666666666667,6.0,7.589743589743589,66.66666666666667,,,6.0,27.1
19072,Dharani Kumar,False,0.423728515182748,top/middle,81.0,,100.0,0.0,11.0,100.0,-76.99999999999997,,9.0,24.11
19074,Gulfaam Saleh,False,0.41944339588982466,opener,32.0,,139.1304347826087,,,139.1304347826087,,,3.0,30.08
19083,Maheep Kumar,False,0.4396766369395324,top/middle,325.0,,118.18181818181819,,,118.18181818181819,200.99999999999997,,14.0,27.07
19086,K N Prudhvi Raj,False,0.3935073981115081,finisher,22.0,,64.70588235294117,,,64.70588235294117,,,6.0,26.21
19090,Gundluri Ashish Reddy,False,0.3803601825477721,finisher,3.0,,100.0,,,100.0,,,5.0,23.36
19093,K Sai Rahul,False,0.45385495991480795,batting allrounder,273.0,,152.51396648044692,4.0,8.916666666666666,152.51396648044692,46.999999999999986,-3.999999999999999,11.0,26.21
19096,Bodhala Vinay Kumar,False,0.4614831081410707,finishing allrounder,94.0,,144.6153846153846,15.0,7.5566750629722925,1.7046176299437215,-45.999999999999986,-2.9999999999999996,19.0,26.99
19097,Andimani Teja,False,0.4051377017612193,finishing allrounder,1.0,,100.0,1.0,12.0,100.0,,-0.9999999999999998,2.0,24.91
19098,Pyla Avinash,False,0.4838961110613461,top/middle,342.0,,133.0739299610895,,,1.7264329849939273,-87.99999999999999,,16.0,25.39
19103,Dhruva Kumar Reddy,False,0.44111226249371605,top/middle,231.0,,126.92307692307692,0.0,5.25,126.92307692307692,-60.999999999999986,,11.0,27.91
19108,B Varma,False,0.45452536732445664,finishing allrounder,134.0,,154.02298850574712,6.0,10.246153846153845,154.02298850574712,-25.999999999999986,1.9999999999999996,15.0,26.74
19111,Shaik Abbas,False,0.3955213544091022,finisher,107.0,,187.71929824561403,,,187.71929824561403,,,6.0,25.14
19112,Pinninti Tapaswi,False,0.5257800372665588,batting allrounder,292.0,,156.14973262032086,7.0,8.635135135135135,3.833424835210531,66.49999999999997,1.9999999999999993,14.0,29.29
19125,Ayush Shukla,True,0.5371025569311432,finishing allrounder,2.0,,25.0,6.0,9.03896103896104,1.3566555423493238,0.0,0.8571428571428571,8.0,23.08
19126,Pinninti Tejaswi,False,0.43178274477631967,finishing allrounder,25.0,,92.5925925925926,7.0,8.01639344262295,92.5925925925926,-20.999999999999993,2.9999999999999996,14.0,25.46
19141,M Hemanth Reddy,False,0.4506863108063977,batting allrounder,286.0,,154.59459459459458,8.0,8.016806722689076,154.59459459459458,51.99999999999997,7.999999999999998,12.0,23.08
19144,AV Surya,False,0.39428486785609157,top/middle,59.0,,128.2608695652174,,,128.2608695652174,,,4.0,
19145,Aamer Jamal,False,0.508070023083696,finishing allrounder,38.0,,140.74074074074073,11.0,8.39344262295082,1.111857585577317,-0.4999999999999996,0.7857142857142859,9.0,29.39
19148,Karan Kannan,False,0.465053861451697,finishing allrounder,258.0,,109.7872340425532,14.0,6.619047619047619,109.7872340425532,55.999999999999986,9.999999999999996,22.0,24.04
1915,Adam Rossington,False,0.4196657881817186,opener,23.0,,115.0,,,115.0,,,3.0,32.56
19150,Vinukonda Venu,False,0.3955210165668345,finishing allrounder,10.0,,111.11111111111111,5.0,6.571428571428571,111.11111111111111,,,5.0,29.13
1923,Vinay Choudhary,False,0.44216233566446794,finishing allrounder,27.0,,79.41176470588235,5.0,9.253731343283581,79.41176470588235,,,11.0,32.23
1924,Sam Billings,True,0.6097768760113167,top/middle,257.0,,114.73214285714286,,,2.2936764099548106,-12.500000000000009,,15.0,34.45
19291,Robin Das,False,0.4349111814946657,top/middle,0.0,,0.0,,,0.0,,,2.0,23.75
19309,Lahiru Udara,False,0.43064763256168365,opener,103.0,,149.2753623188406,,,149.2753623188406,,,5.0,32.0
19312,Nuwan Thushara,True,0.6142599576001522,finishing allrounder,4.0,,25.0,30.0,7.660550458715596,0.8714559975121635,-0.35714285714285704,4.285714285714285,30.0,31.31
19315,Vijayakanth Viyaskanth,False,0.5046121290817585,finishing allrounder,26.0,,81.25,11.0,7.172413793103448,1.1366748807112994,-7.499999999999996,3.14018491736755e-16,12.0,23.98
19316,Maheesh Theekshana,True,0.6619602019702697,finishing allrounder,76.0,,55.072463768115945,82.0,7.369598373157092,0.7504058343661132,6.700000000000002,2.9000000000000004,82.0,25.32
19401,Tharayil Antony Abeesh,False,0.48925267638832554,finishing allrounder,48.0,,165.51724137931035,17.0,6.203883495145631,165.51724137931035,,,8.0,32.55
19402,Pougajendy Akash,False,0.47815066538756257,top/middle,464.0,,141.8960244648318,1.0,9.5,141.8960244648318,43.99999999999999,,24.0,22.0
19403,Ameer Zeeshan N,False,0.556026781536398,top/middle,741.0,,120.48780487804878,4.0,7.5,120.48780487804878,-8.333333333333332,,22.0,28.76
19404,Bhupender Chauhan,False,0.5078005576783469,finishing allrounder,105.0,,92.10526315789474,15.0,7.359516616314199,92.10526315789474,-5.0769230769230775,1.1538461538461542,21.0,31.07
19405,George Samuel A,False,0.4365648871348003,finisher,52.0,,85.24590163934427,,,85.24590163934427,,,11.0,
19406,Karthikeyan J,False,0.5353396577692735,top/middle,566.0,,134.76190476190476,0.0,4.0,134.76190476190476,-14.038461538461537,,23.0,32.26
19409,SG Singh,True,0.6446466001302952,finishing allrounder,506.0,,129.41176470588235,60.0,6.593785960874569,3.5464030308853403,68.97142857142855,6.514285714285713,40.0,26.53
1941,Devon Conway,True,0.6541158117235655,top/middle,1804.0,,128.125,,,2.661469752864314,-181.8,,58.0,34.39
19412,Mathan M,False,0.4773637961329388,finishing allrounder,12.0,,133.33333333333334,8.0,8.048780487804878,133.33333333333334,,,6.0,27.59
19414,Shri Sivagunal S,False,0.44316535140990077,finishing allrounder,35.0,,87.5,2.0,5.918918918918919,87.5,,,4.0,
19416,Vijai R,False,0.49352795159593055,finishing allrounder,12.0,,100.0,26.0,7.213793103448276,100.0,-2.9999999999999996,-0.8846153846153847,22.0,26.87
19418,Vengadeshwaran,False,0.47800723981117954,finishing allrounder,21.0,,91.30434782608695,7.0,7.384615384615385,91.30434782608695,,,8.0,29.93
19420,Alankrit Agarwal,False,0.4386406249124918,top/middle,112.0,,93.33333333333333,,,93.33333333333333,,,8.0,
19422,Arjun Shetty,False,0.4916976179436601,top/middle,244.0,,109.90990990990991,,,109.90990990990991,,,8.0,34.12
19428,Jasvanth S,False,0.4885933852235176,finishing allrounder,47.0,,106.81818181818181,11.0,6.63302752293578,106.81818181818181,,,9.0,27.98
19429,Mathavan M,False,0.45893911705342805,finisher,110.0,,123.59550561797752,,,123.59550561797752,,,8.0,
19430,Nipun Gaikwad,False,0.447144118278741,top/middle,95.0,,86.36363636363636,,,86.36363636363636,,,8.0,
19433,Aditya Singh Chauhan,False,0.44840421089026866,finishing allrounder,5.0,,50.0,6.0,9.10909090909091,50.0,0.03846153846153852,-0.4615384615384615,5.0,22.35
19434,Pravin R,False,0.4206225963433951,finisher,123.0,,106.95652173913044,,,106.95652173913044,42.99999999999998,,20.0,21.75
19435,Rajaram Sivaramakrishnan,False,0.46653133439375893,finishing allrounder,11.0,,73.33333333333333,9.0,8.37037037037037,73.33333333333333,1.6666666666666665,-1.0,8.0,25.12
19436,Govindaraajan AS,False,0.46351854382315255,opener,79.0,,133.89830508474577,2.0,7.615384615384615,133.89830508474577,,,2.0,
19437,S Akshay Jain,False,0.4747273591730819,finishing allrounder,3.0,,33.333333333333336,8.0,5.384615384615385,0.6845188127826887,-2.9999999999999996,,12.0,32.94
1944,Keshav Maharaj,True,0.641202749005335,finishing allrounder,79.0,,92.94117647058823,26.0,7.375722543352601,1.4738591223067885,-21.499999999999993,0.5999999999999999,25.0,35.8
19440,Adil Tunda,False,0.446857034794558,finishing allrounder,21.0,,91.30434782608695,42.0,7.344632768361582,91.30434782608695,-16.999999999999996,-9.999999999999996,23.0,
19441,Parameeswaran S,True,0.6215696511292174,batting allrounder,744.0,,125.04201680672269,18.0,7.818897637795276,3.2898554723319506,53.8,0.0,34.0,25.76
19442,B Prabhu,False,0.4708342525503819,top/middle,51.0,,145.71428571428572,,,145.71428571428572,,,5.0,33.29
19449,Sabari S,False,0.46357882295161956,finishing allrounder,11.0,,122.22222222222223,3.0,6.895522388059701,122.22222222222223,,,4.0,24.93
19454,Satish Jangir,True,0.6208633209371579,finishing allrounder,272.0,,144.68085106382978,25.0,7.810126582278481,144.68085106382978,-25.576923076923077,-1.5000000000000007,28.0,27.65
19455,Ramachandran Ragupathy,True,0.5841674212506313,opener,340.0,,126.39405204460967,,,4.175214035069064,28.000000000000007,,19.0,29.54
19457,Ashwath S,False,0.47865995520251836,finishing allrounder,41.0,,97.61904761904762,7.0,4.604651162790698,97.61904761904762,,,6.0,32.54
19458,Kamaleeshwaran A,False,0.5218766088601758,batting allrounder,588.0,,133.33333333333334,10.0,10.014084507042254,133.33333333333334,-3.6923076923076907,0.7692307692307694,35.0,24.24
19459,Karthik B Nair,False,0.513116487279694,finishing allrounder,88.0,,96.7032967032967,24.0,6.26932668329177,96.7032967032967,-22.66666666666666,-1.333333333333333,19.0,29.31
19460,Manikandan J,False,0.5217356828251735,finisher,257.0,,109.36170212765957,3.0,9.68421052631579,109.36170212765957,-34.46153846153845,-1.0,35.0,27.01
19462,Yash Avinash Jadhav,False,0.5125667940596734,top/middle,302.0,,116.15384615384616,,,2.8653077631534116,-39.199999999999996,,24.0,26.44
19464,Premraj Rajavelu,False,0.5086590565976619,finisher,554.0,,131.9047619047619,3.0,7.811320754716981,131.9047619047619,-29.153846153846157,,31.0,20.5
19469,S Santhosh Kumaran,False,0.52022289049434,finishing allrounder,135.0,,131.06796116504853,14.0,8.289940828402367,131.06796116504853,-13.26923076923077,-0.4230769230769231,21.0,27.65
19470,Abin Mathew M,True,0.5255065649204745,finishing allrounder,1.0,,100.0,6.0,7.489051094890511,100.0,,-0.11538461538461549,8.0,28.06
19472,Mohit Mittan,True,0.5995446717618562,batting allrounder,378.0,,117.02786377708978,3.0,6.363636363636363,24.190431338090704,-62.35714285714289,1.0,23.0,26.94
19475,Nitish Manikin Salekar,False,0.470381937670556,batting allrounder,210.0,,111.70212765957447,6.0,6.142857142857143,111.70212765957447,,,8.0,
19476,Paras Ratnaparkhe,False,0.5206433375910186,batting allrounder,341.0,,113.2890365448505,13.0,7.342465753424658,113.2890365448505,-2.3333333333333326,-1.4230769230769231,18.0,37.56
19477,Priyam Ashish M,False,0.4764556755364382,opener,270.0,,133.66336633663366,,,133.66336633663366,,,10.0,26.15
19478,Surendiran P,False,0.4446939184103663,finisher,123.0,,82.0,,,82.0,-38.999999999999986,,13.0,
19479,Gopal Thivagar,False,0.5210783789823012,finishing allrounder,129.0,,105.73770491803279,26.0,8.403726708074535,105.73770491803279,-19.153846153846157,1.1999999999999997,26.0,31.07
19483,Sharadh Kishan A,False,0.44313451588357317,finishing allrounder,5.0,,100.0,2.0,6.985074626865671,100.0,,,4.0,
19485,Akash Kargave,False,0.5251599558991105,top/middle,645.0,,119.88847583643123,3.0,9.6,4.627632519275784,36.5,-0.24999999999999994,29.0,
19488,Ayyanar R,False,0.4363517636806992,opener,101.0,,82.11382113821138,,,82.11382113821138,,,6.0,
19489,Palani R,False,0.45946180476498166,finishing allrounder,18.0,,112.5,7.0,8.014925373134329,112.5,,,8.0,
19491,Pooviarasan Manogaran,False,0.48155143727437816,finishing allrounder,66.0,,77.6470588235294,30.0,7.157360406091371,77.6470588235294,-8.0,-3.2307692307692304,21.0,24.34
19492,Surendar B,False,0.4524903733120912,top/middle,70.0,,107.6923076923077,,,107.6923076923077,1.333333333333333,,7.0,
19495,Thennavan N,False,0.49519016454373266,top/middle,106.0,,120.45454545454545,2.0,9.692307692307692,120.45454545454545,,,7.0,38.17
19497,Venkadesan S,False,0.4413741184354609,finishing allrounder,7.0,,46.666666666666664,7.0,8.290909090909091,46.666666666666664,,,5.0,
19499,Kaladi Babu,False,0.4234374966398314,finisher,6.0,,60.0,,,60.0,,,3.0,
19530,Shahnawaz Dhani,True,0.5778171619473662,finishing allrounder,16.0,,228.57142857142858,13.0,7.721311475409836,0.7033765636524003,-7.999999999999998,0.4999999999999999,12.0,27.31
19535,Rejaur Rahman Raja,False,0.5115211123619328,finishing allrounder,39.0,,90.69767441860465,27.0,8.221757322175732,7.82084785688828,4.999999999999999,-0.8999999999999996,22.0,26.07
1955,James Fuller,False,0.43092070657385184,finishing allrounder,18.0,,150.0,10.0,7.769230769230769,150.0,,-1.9999999999999996,7.0,35.84
196,Srikkanth Anirudha,False,0.4770571471651122,opener,117.0,,127.17391304347827,,,2.2810974196540825,,,6.0,38.62
19662,Arka Sarkar,False,0.41684010851346914,finishing allrounder,15.0,,65.21739130434783,2.0,7.2,65.21739130434783,,,4.0,25.4
19666,Arjun Kumar,False,0.38411931608312605,finisher,20.0,,181.8181818181818,0.0,9.0,181.8181818181818,,,3.0,
19669,Aaditya Sharma,False,0.4978219795666994,top/middle,313.0,,122.74509803921569,,,8.85284220140968,-76.99999999999996,,23.0,24.97
19673,Subham Sarkar,False,0.4377132075741206,finishing allrounder,182.0,,132.84671532846716,8.0,7.048192771084337,132.84671532846716,9.999999999999996,0.0,11.0,
19674,Shubham Chatterjee,False,0.4368788628491421,top/middle,250.0,,104.60251046025104,,,104.60251046025104,95.99999999999999,,15.0,29.93
19676,Satyaki Dutta,False,0.4240028441544854,batting allrounder,25.0,,71.42857142857143,2.0,6.333333333333333,71.42857142857143,,,5.0,31.85
19677,Abhishek Bose,False,0.39284258564615165,opener,61.0,,108.92857142857143,,,108.92857142857143,,,2.0,
19683,Toufik Mondal,False,0.4571237341645129,finishing allrounder,232.0,,139.75903614457832,15.0,7.330645161290323,139.75903614457832,99.99999999999997,0.9999999999999998,17.0,23.05
19684,Arindam Ghosh,False,0.45344964455223113,top/middle,377.0,,109.27536231884058,,,109.27536231884058,-70.99999999999999,,14.0,38.46
19685,Raju Halder,False,0.41863209240140703,finishing allrounder,0.0,,0.0,16.0,5.955390334572491,0.0,,7.999999999999998,15.0,30.1
19686,Dipanjan Mukherjee,False,0.39121523383373696,finisher,9.0,,81.81818181818181,0.0,12.0,81.81818181818181,,,2.0,32.04
19687,Akash Pandey,False,0.49503479213075124,finishing allrounder,90.0,,93.75,17.0,6.884393063583815,1.1767413485504559,7.999999999999994,-0.4999999999999999,19.0,26.81
19691,Ranjot Khaira,False,0.5244700697684219,top/middle,393.0,,102.87958115183245,0.0,16.0,1.4304316757878401,56.09999999999998,,24.0,27.12
19695,Anurag Tiwari,False,0.42484862834303,finishing allrounder,2.0,,100.0,6.0,7.248322147651007,100.0,,-1.9999999999999996,12.0,30.03
19696,Saurabh Singh,False,0.5095472717532328,finisher,228.0,,111.76470588235294,1.0,8.459016393442623,2.8258280176094432,37.499999999999986,-0.9999999999999998,16.0,28.13
19697,Raj Pal,False,0.4037042470746649,finishing allrounder,12.0,,120.0,8.0,6.795918367346939,120.0,,,5.0,41.96
19699,Ankur Pal,False,0.4274463207833828,top/middle,287.0,,125.87719298245614,,,125.87719298245614,-18.99999999999999,,15.0,
197,Debabrata Das,False,0.4215962125776255,finisher,43.0,,97.72727272727273,,,97.72727272727273,,,5.0,39.18
19700,Prince Yadav,False,0.5619381452427746,finishing allrounder,627.0,,118.30188679245283,21.0,7.953810623556582,7.443049762619983,-80.49999999999999,4.499999999999998,34.0,27.9
19702,Suraj Jaiswal,False,0.4374636727849115,finishing allrounder,82.0,,122.38805970149254,15.0,7.066666666666666,122.38805970149254,73.99999999999999,-6.999999999999998,15.0,25.98
19703,Sourav Paul,False,0.38558027746292894,top/middle,12.0,,44.44444444444444,,,44.44444444444444,,,4.0,26.22
19706,Ramesh Prasad,False,0.42561251129319055,finishing allrounder,1.0,,25.0,13.0,6.090909090909091,25.0,,0.9999999999999998,16.0,31.82
19708,Gaurav Chauhan,False,0.4397653574523772,finisher,233.0,,144.72049689440993,3.0,7.45945945945946,144.72049689440993,162.99999999999994,-2.9999999999999996,13.0,
19710,Debopratim Halder,False,0.40406311565979103,finishing allrounder,0.0,,0.0,9.0,7.714285714285714,0.0,,8.999999999999996,5.0,23.04
19712,Shakir Gandhi,False,0.5019537959604637,top/middle,280.0,,120.6896551724138,,,1.9502009477975193,66.5,,23.0,26.3
19714,Abishek Porel,True,0.6425145640656784,top/middle,1523.0,,136.83737646001796,,,3.7143262893588807,220.89999999999995,,61.0,23.11
19715,Tarun Godara,False,0.4302308421751658,finisher,181.0,,131.15942028985506,,,131.15942028985506,-74.99999999999997,,14.0,26.15
19716,Samik Karmankar,False,0.3911934246900066,finisher,1.0,,100.0,,,100.0,,,1.0,
19718,Vikas Singh,False,0.4386150261815219,finishing allrounder,144.0,,112.5,4.0,8.976,112.5,-35.999999999999986,-3.999999999999999,13.0,26.12
19726,Avijit Singh,False,0.41644860722939364,opener,24.0,,104.34782608695652,,,104.34782608695652,,,2.0,29.23
19727,Mohammad Kaif,False,0.42991274905648913,finishing allrounder,19.0,,105.55555555555556,10.0,7.355769230769231,105.55555555555556,,-5.999999999999999,12.0,
19730,Siddharth Singh,False,0.4041950794366789,opener,102.0,,134.21052631578948,,,3.8561821381484087,,,4.0,
19754,Raja Khan,False,0.4085387298017439,finishing allrounder,0.0,,0.0,0.0,11.555555555555555,0.0,,,1.0,33.01
19781,Mitchell Owen,True,0.4308119754159869,finisher,163.0,,148.1818181818182,2.0,10.0,1.243201767509587,,,12.0,24.2
198,Manish Pandey,True,0.6594822820593259,top/middle,2012.0,,132.98083278255123,0.0,15.0,2.250837239855934,-10.59999999999999,,84.0,36.21
1980,Seekkuge Prasanna,False,0.4920573415518823,finishing allrounder,31.0,,147.61904761904762,2.0,8.5,147.61904761904762,,,4.0,40.42
19806,Harshit Rathod,False,0.43383698615022026,finishing allrounder,22.0,,137.5,9.0,6.802816901408451,137.5,19.999999999999993,4.999999999999998,7.0,27.32
19809,Shekhar Majhi,False,0.4074631833803105,finishing allrounder,9.0,,100.0,5.0,8.25,100.0,,-0.9999999999999998,5.0,
19811,Dibyashakti Chakrabarty,False,0.4085923931721509,opener,51.0,,127.5,,,127.5,,,4.0,
19815,Swastik Samal,False,0.4737705113353396,opener,230.0,,129.94350282485877,,,1.1234677498622085,25.499999999999993,,13.0,25.33
19821,Biswabhusan Bihari,False,0.4122256983198247,finisher,139.0,,102.96296296296296,,,102.96296296296296,-34.999999999999986,,9.0,
19829,Sourav Gouda,False,0.4073911905471931,finisher,169.0,,152.25225225225225,,,154.25531914893617,,,6.0,
19834,Maroju Prasanth,False,0.3946116380683605,top/middle,14.0,,70.0,,,70.0,-13.999999999999996,,4.0,
19841,Ramachandra Behera,False,0.39198705346243884,finisher,14.0,,116.66666666666667,,,116.66666666666667,,,4.0,32.48
19854,Rahul Choudhary,False,0.4205795131575982,finishing allrounder,13.0,,108.33333333333333,3.0,4.92,108.33333333333333,,,3.0,
19857,Abhishek Yadav,False,0.5176924837812176,finishing allrounder,144.0,,110.76923076923077,8.0,6.5181818181818185,1.5560437899606718,-27.49999999999999,-2.4999999999999996,22.0,30.47
19860,Aditya Rout,False,0.3979463250023626,opener,158.0,,188.0952380952381,,,188.0952380952381,,,5.0,
19868,Pradeep Pradhan,False,0.43429325595562085,finishing allrounder,10.0,,166.66666666666666,12.0,7.666666666666667,166.66666666666666,5.999999999999999,0.0,6.0,31.41
19870,Prayash Singh,False,0.5054437889195406,finishing allrounder,136.0,,144.68085106382978,0.0,9.75,2.8968647912383383,34.999999999999986,0.0,10.0,31.81
19894,Mitchell Hay,False,0.4258243522500542,finisher,87.0,,124.28571428571429,,,2.239729433377718,-0.9999999999999998,,11.0,25.27
19970,Lalith Mohan,False,0.471545040425744,finishing allrounder,8.0,,160.0,12.0,7.059880239520958,160.0,7.999999999999998,1.1999999999999997,16.0,35.69
19971,Dheeraj Kumar,False,0.5100488729762318,finisher,289.0,,162.35955056179776,,,1.142547675968091,22.257142857142853,,17.0,26.23
19972,Abhishek Thakuri,True,0.5382746145261113,top/middle,20.0,,105.26315789473684,,,1.5856556077062025,3.999999999999999,,3.0,27.07
19973,Amlanjyoti Das,True,0.5210436379817895,finishing allrounder,1.0,,33.333333333333336,2.0,7.255813953488372,33.333333333333336,,,2.0,23.86
19974,Mohit Mongia,False,0.3948443425052378,finishing allrounder,101.0,,142.25352112676057,4.0,5.012658227848101,,,,12.0,26.44
19976,Pratyush Kumar,False,0.39362918176820016,finisher,19.0,,126.66666666666667,,,,,,3.0,30.41
19977,Sakibul Gani,False,0.5466733114772839,batting allrounder,614.0,,145.49763033175356,9.0,6.47191011235955,5.668222722639744,49.8,2.9999999999999987,18.0,26.24
19979,Sachin Kumar,False,0.5001118368668417,finishing allrounder,102.0,,129.1139240506329,3.0,8.352941176470589,2.3937223830837073,-35.49999999999998,0.4999999999999999,9.0,27.92
19980,Vikash Yadav,False,0.46762485011096383,finisher,27.0,,150.0,,,150.0,,,1.0,37.82
19981,Amod Yadav,False,0.4734096355496945,finishing allrounder,12.0,,48.0,5.0,6.989010989010989,1.3322834008708333,0.0,0.4999999999999998,4.0,23.96
19982,Hardik Tamore,True,0.6192641112970836,top/middle,585.0,,150.0,,,3.259242496135481,62.7,,27.0,28.1
19983,Lakshay Thareja,False,0.5014566280812456,finisher,302.0,,137.89954337899545,,,3.7219131982483566,50.714285714285715,,16.0,28.2
19984,Vaibhav Kandpal,False,0.4836752241461301,batting allrounder,537.0,,143.96782841823057,6.0,8.598425196850394,143.96782841823057,-90.99999999999999,-1.9999999999999996,20.0,25.29
19985,Siddhant Sharma,False,0.44609108681805765,finishing allrounder,56.0,,151.35135135135135,14.0,8.893401015228426,151.35135135135135,19.999999999999993,13.999999999999996,11.0,28.96
19986,Vishamber Kahlon,False,0.44567265049927907,top/middle,0.0,,0.0,,,0.0,,,1.0,29.0
19988,Ishaan Gadekar,False,0.4888241622030663,opener,242.0,,160.26490066225165,,,7.909522083549745,4.499999999999996,,7.0,28.24
19990,Priyesh Patel,False,0.474657601660346,top/middle,308.0,,152.47524752475246,,,15.966183522111587,78.66666666666664,,7.0,24.11
19992,RI Thakur,False,0.44027114171970205,top/middle,16.0,,84.21052631578948,,,84.21052631578948,,,1.0,27.95
19993,Aman Kumar,False,0.4397177057311328,finisher,16.0,,94.11764705882354,1.0,5.5,94.11764705882354,,,3.0,25.94
19997,Taranjit Singh,False,0.4834525196350238,finishing allrounder,68.0,,97.14285714285714,8.0,7.104294478527607,97.14285714285714,-39.999999999999986,-1.9999999999999996,18.0,38.67
19998,Rajvardhan Hangargekar,False,0.5526691874483289,finishing allrounder,161.0,,145.04504504504504,33.0,7.686832740213523,0.9761190266153639,-6.499999999999999,2.4999999999999987,28.0,23.05
19999,Dhanraj Pardeshi,False,0.42720713888243256,finishing allrounder,1.0,,50.0,12.0,8.206451612903226,,,,8.0,26.83
20000,Ranjeet Nikam,False,0.5242767732967352,finisher,386.0,,132.1917808219178,,,2.938512723859326,41.99999999999997,,28.0,26.18
20002,Arpit Gaud,False,0.5286564937843005,opener,512.0,,155.15151515151516,,,2.097649662736618,36.384615384615394,,21.0,29.4
20003,Shantanu Raghuvanshi,False,0.3864212120882424,finisher,41.0,,120.58823529411765,0.0,18.0,,,,5.0,25.46
20004,Rakesh Thakur,False,0.4773089486337383,finisher,113.0,,91.869918699187,,,3.400990382505359,2.0285714285714294,,10.0,34.21
20005,Arshad Khan,True,0.6708221692238177,finishing allrounder,368.0,,136.80297397769516,39.0,8.722689075630251,1.7169003544332844,10.999999999999998,0.4999999999999999,42.0,27.93
20006,Ramandeep Singh,True,0.7020673588870413,finishing allrounder,1399.0,,160.98964326812427,59.0,7.9566878980891715,1.4607123456213342,89.1,2.7999999999999994,92.0,28.62
20009,Bharat Sharma,True,0.5512244650504893,opener,125.0,,128.8659793814433,,,2.145204002093188,-2.3333333333333326,,7.0,26.3
2001,Yashodha Lanka,False,0.42462460320348094,opener,106.0,,113.97849462365592,,,113.97849462365592,,,5.0,33.15
20011,Lakhan Singh,True,0.595054701509613,batting allrounder,272.0,,138.77551020408163,5.0,11.327102803738319,3.2878423828877534,-6.999999999999996,0.49999999999999983,10.0,27.27
20013,Tushar Saha,False,0.436986039754946,finishing allrounder,82.0,,86.3157894736842,14.0,4.947867298578199,,,,12.0,40.19
20014,Subham Ghosh,False,0.47289076720543194,finishing allrounder,23.0,,71.875,3.0,8.776119402985074,6.952417171800305,-12.999999999999993,-2.9999999999999996,5.0,27.14
20015,Rajat Dey,False,0.5112757497709965,finisher,171.0,,127.61194029850746,1.0,8.5,3.7924528851432484,4.499999999999993,,11.0,28.91
20017,Parvez Sultan,False,0.4469213777903196,finishing allrounder,19.0,,95.0,13.0,7.816216216216216,95.0,,2.9999999999999996,9.0,22.36
20018,Sankar Paul,False,0.4855296688705216,finishing allrounder,24.0,,120.0,1.0,6.48,4.703796907313031,3.9999999999999987,-0.9999999999999998,5.0,25.03
20020,Abhishek Goswami,False,0.5597326581051322,opener,974.0,,126.16580310880829,,,4.6675740599289695,-132.49999999999994,,34.0,28.05
20021,Hardeep Singh,False,0.5367252939792533,finisher,671.0,,183.33333333333334,0.0,6.0,4.865904017137908,215.49999999999994,,37.0,30.43
20022,Nalin Mishra,False,0.4229064194694724,finisher,31.0,,96.875,,,96.875,2.9999999999999996,,4.0,29.94
20023,Karan Sharma,False,0.5922059423594431,opener,1495.0,,126.58763759525826,13.0,6.795698924731183,2.946720067671804,91.09999999999997,1.1,47.0,27.07
20024,Nachiket Bhute,False,0.45746139444151085,finishing allrounder,48.0,,208.69565217391303,6.0,9.631578947368421,0.7025529648354173,11.999999999999998,1.4999999999999998,7.0,20.46
20026,Sarbeswar Mohanty,False,0.5014898060570445,finishing allrounder,75.0,,129.31034482758622,23.0,7.148936170212766,2.431431742083188,2.6538461538461537,-0.9999999999999998,10.0,30.52
20027,Mickil Jaiswal,True,0.5702035715599304,finisher,94.0,,146.875,1.0,6.631578947368421,3.5401163168703755,-15.999999999999996,-0.4999999999999999,6.0,27.55
20029,Rahul Buddhi,True,0.6080670315896506,top/middle,224.0,,113.13131313131314,0.0,12.0,3.2613619435850336,-6.6000000000000005,,16.0,28.19
2003,Bhanuka Rajapaksa,True,0.6396657034414366,top/middle,618.0,,132.05128205128204,,,2.363783091164735,-39.39999999999999,,36.0,34.09
20030,Prateek Reddy,True,0.4891077419145119,finisher,30.0,,83.33333333333333,,,0.9536111095353831,11.999999999999998,,5.0,24.99
20032,Sai Reddy,True,0.5440475366882326,batting allrounder,33.0,,75.0,2.0,12.48,0.7935574283618488,-28.99999999999999,,5.0,25.94
20034,Rakesh Yadav,False,0.405670247982974,finishing allrounder,133.0,,162.1951219512195,0.0,11.52,162.1951219512195,,,5.0,26.23
20035,Rakshan Readdi,True,0.5288164435922839,finishing allrounder,13.0,,130.0,13.0,7.7894736842105265,130.0,,1.4999999999999998,8.0,25.16
20036,MSR Charan,True,0.478361397291824,top/middle,0.0,,0.0,,,0.0,,,1.0,25.98
20041,Karnajit Yumnam,False,0.4525894347461024,opener,18.0,,45.0,,,0.9398424968273684,-15.999999999999996,,3.0,27.92
20042,Langlonyamba Keishangbam,False,0.4617435498060321,top/middle,45.0,,70.3125,0.0,5.0,1.523282718418972,-40.999999999999986,,3.0,27.98
20045,Nilesh Lamichaney,False,0.4658715844670144,top/middle,81.0,,60.44776119402985,,,2.0265524778627046,-19.499999999999996,,9.0,34.23
20046,Lee Yong Lepcha,False,0.49379966067348235,finishing allrounder,66.0,,62.857142857142854,17.0,5.198473282442748,1.191678689602628,4.499999999999998,7.499999999999997,16.0,34.06
20049,Mandup Bhutia,False,0.40392577340713504,batting allrounder,65.0,,101.5625,7.0,7.8311688311688314,101.5625,,,9.0,30.92
20050,Tashi Bhalla,False,0.3847861989764381,finisher,23.0,,71.875,,,71.875,,,4.0,41.41
20054,Sanidhya Hurkat,False,0.5250722391672088,opener,575.0,,171.13095238095238,,,3.442159737884092,114.49999999999993,,16.0,26.33
20055,Techi Doria,False,0.46978933948548113,finishing allrounder,40.0,,68.96551724137932,1.0,5.76,68.96551724137932,,,3.0,31.74
20056,Kamsha Yangfo,False,0.3935623005833303,top/middle,83.0,,89.24731182795699,,,89.24731182795699,,,7.0,33.03
20057,Nabam Tempol,False,0.3983334210526046,batting allrounder,69.0,,104.54545454545455,1.0,6.3,104.54545454545455,,,6.0,31.17
20062,Bobby Zothansanga,False,0.4631801861317385,finishing allrounder,5.0,,33.333333333333336,2.0,7.54054054054054,33.333333333333336,0.4999999999999999,0.9999999999999998,5.0,39.26
20068,Joshua Ozukum,False,0.4488054010677838,opener,124.0,,91.17647058823529,0.0,7.5,11.72692554927185,-15.499999999999996,,9.0,25.31
20069,Chopise Hopongkyu,False,0.47869976687128174,finishing allrounder,6.0,,120.0,7.0,8.577181208053691,0.7011572645095923,-3.999999999999999,-0.9999999999999996,9.0,24.94
20072,Girish Rauturi,True,0.5906069662104045,finishing allrounder,170.0,,180.85106382978722,13.0,7.517241379310345,180.85106382978722,-17.999999999999993,-0.9999999999999998,9.0,28.3
20073,Piyush Joshi,True,0.6056547933199393,top/middle,461.0,,129.13165266106444,1.0,7.377049180327869,8.65488701522958,41.00000000000001,-0.4999999999999999,14.0,29.5
20074,Vijay Sharma,True,0.6001435530452857,finisher,272.0,,135.3233830845771,2.0,7.6,4.074537636358759,21.799999999999997,,23.0,27.19
20075,Ashish Chaudhary,False,0.3842268431163909,finishing allrounder,7.0,,100.0,0.0,10.5,100.0,,,2.0,27.12
20076,Agrim Tiwari,True,0.588672216604807,finishing allrounder,30.0,,115.38461538461539,31.0,8.666666666666666,3.3052383778105616,10.999999999999998,2.6999999999999993,21.0,29.62
20077,Yuvraj Chaudhary,True,0.6364976006808911,batting allrounder,636.0,,152.8846153846154,17.0,7.262195121951219,3.784327041974832,42.99999999999998,2.499999999999999,20.0,24.14
20078,Arslan Khan,False,0.4039230634799209,opener,76.0,,96.20253164556962,0.0,5.571428571428571,1.132005660749842,75.99999999999996,,10.0,26.2
20079,Jagjit Singh,False,0.41238228739207794,finishing allrounder,32.0,,145.45454545454547,7.0,7.953488372093023,0.7013211766555143,-11.999999999999998,-2.9999999999999996,3.0,28.83
20080,Prabin Luha,False,0.42373686507056546,finisher,77.0,,105.47945205479452,,,105.47945205479452,-62.99999999999998,,10.0,30.55
20081,Gourav Choudhury,False,0.4744984270628506,opener,271.0,,166.25766871165644,,,7.560504547842444,35.999999999999986,,7.0,26.43
20083,Ankitkar Jaiswal,False,0.45421038730169955,finishing allrounder,2.0,,200.0,4.0,6.767441860465116,200.0,,1.333333333333333,4.0,24.35
20084,Ashish Rai,False,0.4187589602808942,finishing allrounder,1.0,,33.333333333333336,6.0,5.297872340425532,33.333333333333336,,,4.0,28.0
20085,Sunil Roul,False,0.4691723813594897,finishing allrounder,1.0,,20.0,8.0,8.390243902439025,0.6692483759897145,0.4999999999999999,3.999999999999999,6.0,27.12
20086,Tarini Sa,False,0.48784543325518465,finishing allrounder,8.0,,66.66666666666667,20.0,7.3754152823920265,0.697246230432634,0.7307692307692311,0.6857142857142854,15.0,29.2
20087,Walter Toppo,False,0.45763420915935704,finisher,8.0,,100.0,,,100.0,,,1.0,31.15
20088,Denish Das,True,0.5940259036372797,top/middle,313.0,,116.35687732342008,2.0,8.318181818181818,1.560724356933949,36.49999999999999,0.0,14.0,23.53
20111,Chinta Gandhi,False,0.4599044758386861,finishing allrounder,3.0,,60.0,14.0,6.536170212765957,100.0,0.33333333333333326,3.333333333333333,15.0,31.26
20112,Bhanu Pania,False,0.5221482432651243,finisher,236.0,,128.2608695652174,,,1.4024482562507856,10.600000000000003,,27.0,29.23
20116,Kaif Ahmed,True,0.5758027260695989,finisher,311.0,,121.96078431372548,,,121.96078431372548,16.423076923076927,,19.0,28.56
20118,Mohit Raut,False,0.5212176177315005,finishing allrounder,226.0,,103.19634703196347,20.0,7.1020408163265305,3.629861792490738,25.0,2.9999999999999996,20.0,27.85
20147,Digvijay Rangi,False,0.4474589881589809,finisher,0.0,,0.0,0.0,4.666666666666667,0.0,,,2.0,27.62
20170,Suvankar Bal,False,0.47134983501142924,finisher,103.0,,97.16981132075472,,,97.16981132075472,3.3076923076923084,,8.0,30.06
20171,Erik Roy,False,0.5190552598260042,top/middle,357.0,,124.39024390243902,,,11.412377731264746,29.749999999999986,,16.0,26.86
20228,Saira Patil,True,0.596770917630497,finishing allrounder,354.0,,139.37007874015748,16.0,6.935064935064935,1.4116354382848104,80.39999999999999,3.999999999999999,17.0,29.07
20229,Mohammad Ali,False,0.39090509134939777,finishing allrounder,1.0,,100.0,8.0,8.41304347826087,100.0,,,5.0,33.07
20298,Anuj Raj,False,0.46560778365320454,finishing allrounder,112.0,,186.66666666666666,24.0,6.6521739130434785,186.66666666666666,,2.884615384615385,12.0,25.07
20299,Suraj Kashyap,False,0.47789402712663337,finishing allrounder,30.0,,90.9090909090909,7.0,7.352941176470588,3.602261480017233,6.4999999999999964,0.0,4.0,22.29
20301,Akash Raj,False,0.445439736636738,top/middle,29.0,,82.85714285714286,0.0,12.0,1.3848367389056027,-5.499999999999999,,2.0,20.51
2031,Sumit Mathur,False,0.4406790437325042,finisher,152.0,,120.63492063492063,1.0,8.2,120.63492063492063,27.999999999999993,,12.0,28.01
20310,Ahmed Daniyal,True,0.47556241927094894,finishing allrounder,41.0,,178.2608695652174,12.0,4.773480662983426,5.349010735647173,,9.999999999999996,8.0,28.4
20327,Usman Khan,False,0.5603714263345693,top/middle,849.0,,136.2760834670947,,,3.3198439906845136,19.0,,37.0,30.55
2033,Jalaj Saxena,False,0.5271866335239594,finishing allrounder,304.0,,142.05607476635515,34.0,6.398286937901499,3.7652741692170864,54.8846153846154,0.7428571428571428,22.0,38.95
2037,Aniket Choudhary,True,0.5837983290088972,finishing allrounder,20.0,,117.6470588235294,20.0,6.763636363636364,0.9656816416045921,-4.999999999999998,-0.39999999999999974,12.0,35.83
2054,Jason Behrendorff,True,0.6273775227109798,finishing allrounder,13.0,,65.0,29.0,8.33939393939394,3.0698397766072465,1.4999999999999998,2.7142857142857144,22.0,35.6
20693,Kuldip Yadav,True,0.5877600113193352,finishing allrounder,1.0,,20.0,22.0,8.910569105691057,0.697246230432634,0.24999999999999994,2.6857142857142855,21.0,29.11
20694,Bhagath Varma,True,0.535315130524221,finisher,1.0,,100.0,1.0,5.5,100.0,,,2.0,27.18
207,Iqbal Abdulla,True,0.5346662925481531,finishing allrounder,6.0,,120.0,2.0,11.833333333333334,120.0,,,3.0,35.98
20702,Tristan Stubbs,True,0.6484076363491944,finisher,1281.0,,152.13776722090262,4.0,12.96,2.4954807508917507,148.9,0.19999999999999987,55.0,25.28
20704,Salman Mirza,False,0.3919603110015933,finishing allrounder,0.0,,0.0,15.0,5.021052631578947,0.0,,,7.0,31.9
20711,Samarpit Joshi,False,0.46573450926123344,top/middle,39.0,,139.28571428571428,,,139.28571428571428,,,1.0,26.19
20723,Mohit Avasthi,False,0.49724207659685893,finishing allrounder,14.0,,100.0,29.0,8.523012552301255,1.6861839978734483,11.999999999999998,-0.09999999999999988,21.0,33.02
20730,Yash Kshirsagar,False,0.532527368368706,batting allrounder,532.0,,122.29885057471265,9.0,6.315789473684211,120.8994708994709,13.999999999999991,1.4999999999999993,30.0,26.95
20751,Vikas Rawat,True,0.3943380885502224,finishing allrounder,2.0,,66.66666666666667,4.0,10.333333333333334,66.66666666666667,,,5.0,33.1
20754,Ankit Manor,False,0.4566151141382516,finishing allrounder,6.0,,60.0,3.0,7.015384615384615,60.0,,,4.0,24.94
20755,Kamal Singh,False,0.4700816247917616,opener,85.0,,111.84210526315789,1.0,8.5,111.84210526315789,,,5.0,24.99
20756,Tanush Gusain,False,0.451432030582095,opener,176.0,,129.41176470588235,,,129.41176470588235,,,5.0,24.8
20757,Vijay Jethi,False,0.45116006639474043,top/middle,29.0,,103.57142857142857,,,103.57142857142857,,,4.0,30.99
20760,Manan Hingrajia,False,0.3887955826848678,opener,55.0,,75.34246575342466,4.0,7.0,75.34246575342466,,,5.0,27.77
20761,Aishwarya Mourya,False,0.4677928436302765,finishing allrounder,138.0,,126.60550458715596,20.0,9.295336787564766,2.9116200896934474,-9.999999999999996,13.999999999999996,17.0,31.76
20762,Shivam Sharma,False,0.535102265658828,finishing allrounder,240.0,,131.14754098360655,21.0,7.414990859232176,8.393848176127499,-17.499999999999993,0.9999999999999992,28.0,30.03
20763,Jasmer Dhankar,False,0.5122996504798424,finishing allrounder,14.0,,93.33333333333333,22.0,8.255874673629243,1.8592518403433393,2.9999999999999987,-5.499999999999998,27.0,27.12
20764,Munindra Maurya,False,0.4489895149780416,finishing allrounder,5.0,,125.0,0.0,8.88,125.0,,0.0,2.0,29.19
20766,Fazil Fanoos,False,0.5328538182837973,finishing allrounder,107.0,,117.58241758241758,32.0,7.325581395348837,4.267969007054426,-27.499999999999993,-3.0,26.0,28.14
20767,Vathsal Govind,False,0.5155837141336944,top/middle,585.0,,109.34579439252336,,,9.056058566852961,3.9999999999999982,,27.0,25.9
20768,Nedumankuzhy Basil,False,0.5035811769795988,finishing allrounder,13.0,,72.22222222222223,22.0,7.812646370023419,0.9722128005122088,0.9999999999999992,0.9999999999999986,20.0,29.1
20769,Kalliparambil Rojith Ganesh,False,0.4853254294557196,finisher,115.0,,136.9047619047619,,,136.9047619047619,,,6.0,32.04
20797,Pathirikattu Midhun,False,0.5058427627479235,finishing allrounder,77.0,,95.06172839506173,18.0,6.686567164179104,4.7307906164693785,0.4999999999999977,-2.499999999999999,21.0,31.58
20801,Akshay Manohar,False,0.5358267046466384,batting allrounder,609.0,,122.28915662650603,4.0,6.5064935064935066,8.88330656099508,51.99999999999997,-0.9999999999999997,30.0,25.83
20802,Abdul Basith,False,0.6042270440969315,finishing allrounder,722.0,,136.48393194706995,28.0,7.608695652173913,5.669537108637021,80.39999999999998,1.4999999999999982,45.0,27.13
20804,Alfi John,False,0.5182778387075732,finishing allrounder,319.0,,152.6315789473684,5.0,7.738636363636363,27.876805744456732,57.499999999999986,-1.570092458683775e-16,26.0,24.45
20805,Venugopalan Vinod C V,False,0.4914982564845193,finishing allrounder,158.0,,117.91044776119404,25.0,6.601156069364162,1.111354200758782,-27.999999999999993,-20.999999999999993,25.0,38.32
20808,Dheeraj Prem,False,0.4243829097377262,finisher,4.0,,25.0,,,25.0,0.0,,5.0,
20810,Riya Basheer,False,0.45787632295548797,top/middle,445.0,,124.64985994397759,,,20.560708572718145,-150.99999999999997,,23.0,
20812,Varun Nayanar,False,0.5337414597207596,top/middle,655.0,,121.5213358070501,,,3.4217547147807985,-122.99999999999997,,26.0,23.09
20813,Bharath M,False,0.4896813174165318,top/middle,236.0,,122.91666666666667,,,25.44244382398758,1.9999999999999984,,13.0,28.63
20814,Maruthungal Ajinas,False,0.5429806730432369,top/middle,681.0,,125.87800369685768,,,6.067353274937687,130.99999999999997,,30.0,28.55
20815,Sachin M S,False,0.4454355917323463,top/middle,173.0,,94.02173913043478,0.0,14.0,94.02173913043478,30.999999999999986,,8.0,
20816,Akash Pillai,False,0.4539671209803721,opener,120.0,,114.28571428571429,0.0,16.0,13.662929123428015,-26.999999999999993,,6.0,
20819,Akhil Scaria,False,0.5309015842117045,finishing allrounder,604.0,,123.77049180327869,71.0,7.297509829619921,5.95142023045129,130.99999999999994,9.999999999999995,35.0,
20822,Gowtham Mohan,False,0.4414619697094275,finishing allrounder,49.0,,89.0909090909091,1.0,8.4,89.0909090909091,40.999999999999986,,8.0,
20823,Niranjan V Dev,False,0.43530128958398384,finisher,56.0,,78.87323943661971,,,8.736939232926794,7.999999999999998,,12.0,
20824,Amal Ramesh,False,0.43892997312095966,finishing allrounder,2.0,,66.66666666666667,13.0,6.9397590361445785,66.66666666666667,0.0,-1.9999999999999996,10.0,
20825,Abhijith K,False,0.4102824375664326,finishing allrounder,13.0,,81.25,3.0,8.25,81.25,,,3.0,
20826,Vinil S,False,0.4903726459070979,finishing allrounder,29.0,,82.85714285714286,25.0,6.534521158129176,8.565015475719413,-6.9999999999999964,2.9999999999999987,25.0,26.69
20828,Vishnu Raj,False,0.4725978766774033,opener,416.0,,100.0,,,6.182123011792491,2.4999999999999947,,22.0,
20829,Abhishek Nair,False,0.5152051423327173,opener,862.0,,119.55617198335645,,,24.219767449749156,80.99999999999996,,33.0,21.47
20830,Albin Alias,False,0.4273154798445249,top/middle,27.0,,65.85365853658537,,,65.85365853658537,,,5.0,
20831,Krishna Prasad,False,0.5271631708809718,opener,1054.0,,130.6071871127633,,,7.546872779898689,155.49999999999991,,30.0,26.41
20832,Harikrishnan K N,False,0.46894730643639526,finishing allrounder,135.0,,99.26470588235294,6.0,7.11864406779661,22.352904177065646,-4.999999999999998,1.9999999999999996,11.0,
20834,Atul Diamond Sowri,False,0.41675149805785056,finisher,60.0,,139.53488372093022,,,139.53488372093022,,,5.0,
20836,Rahul Chandran,False,0.4426871736561294,finishing allrounder,1.0,,50.0,17.0,7.921450151057402,50.0,,3.499999999999999,15.0,
20837,Febin Albert,False,0.4316447162484212,finishing allrounder,2.0,,25.0,7.0,6.8354430379746836,25.0,,,4.0,
20839,Sreeraj R,False,0.430083071045798,finishing allrounder,58.0,,148.71794871794873,17.0,6.459183673469388,148.71794871794873,,-14.999999999999995,11.0,
20843,Anand Joseph,False,0.5233296708715907,finishing allrounder,136.0,,112.39669421487604,26.0,7.202970297029703,1.3408572998766832,-12.0,1.9999999999999991,22.0,30.11
20844,Aadidev T J,False,0.4529672711936856,opener,257.0,,106.19834710743801,,,106.19834710743801,-20.999999999999993,,11.0,
20845,Aravind K S,False,0.42527358507556806,top/middle,28.0,,58.333333333333336,,,58.333333333333336,-27.999999999999993,,5.0,
20846,Sanju Sanjeev,False,0.4692567872422837,top/middle,125.0,,135.8695652173913,,,135.8695652173913,,,5.0,
20848,Kiran Sagar M,False,0.46134925040533226,finishing allrounder,3.0,,75.0,15.0,7.177777777777778,2.062970720135751,-0.9999999999999998,0.9999999999999998,16.0,
20850,Jose Perayil,False,0.4874425295585537,finishing allrounder,44.0,,95.65217391304348,9.0,7.641025641025641,21.061808198591738,3.999999999999999,-4.710277376051325e-16,10.0,27.67
20854,Prasoon Prasad,False,0.4873552392442004,finishing allrounder,154.0,,205.33333333333334,12.0,5.869565217391305,0.7023340200218794,111.99999999999997,-3.999999999999999,14.0,
20855,Monu Krishna,False,0.48680644982049137,finishing allrounder,14.0,,48.275862068965516,24.0,7.425882352941176,48.275862068965516,,2.9999999999999987,19.0,25.19
20861,Ashwin Anand,False,0.47517029333273364,batting allrounder,195.0,,116.76646706586827,1.0,8.516129032258064,116.76646706586827,56.99999999999997,0.9999999999999998,8.0,
20862,Ananthakrishnan J,False,0.4834585554243601,finishing allrounder,130.0,,130.0,8.0,6.0,2.060998274328302,-37.49999999999999,,11.0,
20863,Abhishek R Nair,False,0.45596883122089843,top/middle,83.0,,90.21739130434783,2.0,7.75,90.21739130434783,48.99999999999999,,7.0,
20864,Adithya Krishnan K,False,0.4424191112022705,finishing allrounder,13.0,,50.0,4.0,5.503759398496241,50.0,,,7.0,
20865,Sreehari Nair,False,0.49544775933167295,finishing allrounder,28.0,,62.22222222222222,30.0,6.235714285714286,3.684387138391481,6.499999999999998,1.4999999999999993,27.0,27.51
20866,Muhammed Sharafuddeen,False,0.5288183274123984,finishing allrounder,324.0,,150.69767441860466,54.0,7.458715596330276,2.524260055016895,64.49999999999997,-1.9999999999999996,33.0,
20867,Rabin Krishna M,False,0.4643319660446813,finishing allrounder,88.0,,133.33333333333334,6.0,4.764705882352941,133.33333333333334,,,5.0,
20869,Asif Salam,False,0.384778512611553,finishing allrounder,1.0,,33.333333333333336,8.0,7.538461538461538,33.333333333333336,,,7.0,
20870,Subin S,False,0.46083600423812254,top/middle,173.0,,98.29545454545455,,,7.921690887548939,-8.000000000000002,,17.0,
20871,Gireesh P G,False,0.4612196649771303,finisher,110.0,,104.76190476190476,,,1.5044219774935828,-21.999999999999996,,15.0,
20874,Anand Krishnan,False,0.5093061965313627,opener,797.0,,118.07407407407408,0.0,12.0,6.698833608439052,103.49999999999999,,28.0,
20875,Jofin Jose C,False,0.42513170585906823,finishing allrounder,39.0,,60.9375,4.0,7.6,60.9375,,,8.0,
20877,Anuj Jotin,False,0.4855654232545142,top/middle,300.0,,111.52416356877323,0.0,12.0,11.834312055162075,-40.49999999999999,,16.0,
20878,Neeraj Kumar M N,False,0.4544356525845049,top/middle,63.0,,150.0,,,150.0,,,2.0,
20879,Mannembeth Sreeroop,False,0.4783881900338496,finishing allrounder,126.0,,100.8,17.0,8.903225806451612,5.523779359053082,29.999999999999993,-0.4999999999999996,15.0,
20880,Vaisakh Chandran,False,0.4501966194064964,finishing allrounder,5.0,,71.42857142857143,7.0,6.4941176470588236,71.42857142857143,,2.4999999999999996,13.0,
20881,Vishnu P Kumar,False,0.4185535833972198,finishing allrounder,0.0,,0.0,3.0,7.176470588235294,0.0,,-2.9999999999999996,3.0,
20882,Muhammed Afriedh K T,False,0.44851460619784456,finishing allrounder,5.0,,166.66666666666666,5.0,7.135135135135135,166.66666666666666,,,4.0,
20884,Afrad Reshab P N,False,0.4532311433724186,finishing allrounder,11.0,,78.57142857142857,11.0,6.098360655737705,78.57142857142857,,-4.999999999999998,9.0,
20886,Nikhil Thottath,False,0.5185525183746083,finisher,512.0,,135.09234828496042,,,15.805696696149559,12.999999999999996,,27.0,26.02
20887,Sreenath Kodakkadath,False,0.45828573836159037,top/middle,133.0,,110.83333333333333,,,110.83333333333333,,,6.0,
20894,Aman Khan,True,0.6938546251057232,batting allrounder,1154.0,,157.2207084468665,46.0,7.461847389558233,2.2672531009785164,125.79999999999998,8.6,51.0,29.01
20937,Arjun Sharma,False,0.4788152874460896,finishing allrounder,14.0,,175.0,6.0,5.506849315068493,0.8210872688791694,,,3.0,29.51
20985,Raman Bishnoi,False,0.42499169347007926,finishing allrounder,155.0,,174.1573033707865,12.0,6.6467065868263475,4.254437926382173,,,10.0,27.93
20987,Bhagmender Lather,False,0.5057744393255679,finishing allrounder,201.0,,125.625,7.0,8.095890410958905,2.687404948861055,55.49999999999998,0.9999999999999998,9.0,28.44
20989,Vivrant Sharma,True,0.5864811695424068,top/middle,97.0,,107.77777777777777,0.0,9.714285714285714,2.2907173774459815,-37.499999999999986,,6.0,28.28
20990,Vivek Vashisht,False,0.3872414512292506,finishing allrounder,9.0,,60.0,7.0,7.515789473684211,60.0,,,6.0,27.06
21008,Rishav Raj,False,0.4244397552005615,finisher,0.0,,0.0,,,0.0,,,2.0,29.81
2101,Quinton de Kock,True,0.6491003382700274,opener,2164.0,,132.4357405140759,,,2.6264116726136124,-143.10000000000002,,75.0,32.94
21026,Kumar Rajnish,False,0.41264043805968564,finisher,27.0,,84.375,,,84.375,,,2.0,31.91
21029,Bipin Saurabh,False,0.4927967141434619,opener,328.0,,135.53719008264463,,,10.031619338779688,-28.599999999999998,,9.0,26.02
21058,Baljeet Singh Bihari,False,0.38167148390847216,top/middle,21.0,,105.0,,,105.0,,,1.0,23.2
2119,Kennar Lewis,False,0.4739991810509865,opener,123.0,,109.82142857142857,,,10.876430758201668,-23.499999999999993,,9.0,34.28
21196,Mohammad Waheed,False,0.3815513888258152,finishing allrounder,1.0,,100.0,2.0,7.75,100.0,,,1.0,22.2
21388,Martin Coetzee,False,0.4302103173880766,finisher,37.0,,160.8695652173913,,,160.8695652173913,,,3.0,37.12
217,Ben Cutting,False,0.4548731785712661,finisher,38.0,,86.36363636363636,1.0,8.8,0.8889947442017071,,,3.0,38.82
21784,Brad Evans,False,0.3973295312878713,finishing allrounder,8.0,,47.05882352941177,8.0,7.836734693877551,2.746343473251906,,,4.0,28.68
21790,Tashinga Musekiwa,False,0.39076769925813454,finisher,19.0,,76.0,,,1.314983175124003,,,4.0,25.79
2199,Mominul Haque,False,0.46880361260521924,top/middle,69.0,,82.14285714285714,1.0,7.0,1.099764682056677,-34.49999999999999,,5.0,34.16
220,David Warner,True,0.6594172881082265,opener,1812.0,,134.32171979243884,,,2.6111721856762853,32.20000000000002,,53.0,39.08
2201,Arafat Sunny,False,0.5170670891972144,finishing allrounder,93.0,,76.85950413223141,32.0,6.689127105666156,16.425618496974835,18.999999999999996,1.7999999999999992,34.0,39.16
2205,Ziaur Rahman,False,0.5489082016649095,finishing allrounder,247.0,,129.3193717277487,14.0,8.181818181818182,2.136519334298818,-22.299999999999997,0.7999999999999998,24.0,38.98
2207,Mizanur Rahman,False,0.46691328697511836,top/middle,44.0,,63.768115942028984,,,2.7516758214805006,-1.0000000000000004,,7.0,34.33
2208,Mukhtar Ali,False,0.49897060562681567,finishing allrounder,29.0,,80.55555555555556,3.0,8.736263736263735,3.049856229896219,2.9999999999999996,0.9999999999999998,13.0,36.13
2210,Sabbir Rahman,False,0.5304094047061451,top/middle,347.0,,119.65517241379311,0.0,8.0,2.116294116236056,28.78571428571429,,22.0,34.01
2212,Ariful Haque,False,0.5456036558298216,finishing allrounder,423.0,,125.51928783382789,3.0,9.891089108910892,3.45471860698229,41.7,0.29999999999999993,39.0,33.02
2213,Soumya Sarkar,False,0.5708663177879378,top/middle,844.0,,109.6103896103896,9.0,8.81578947368421,5.813482130319726,27.100000000000016,0.10000000000000007,53.0,32.75
2214,Gulbadin Naib,True,0.6026695244799554,batting allrounder,202.0,,117.44186046511628,2.0,6.8478260869565215,1.4828397485541351,9.499999999999986,0.9999999999999998,14.0,34.48
2216,Amir Hamza Hotak,False,0.4796743759459528,finishing allrounder,17.0,,48.57142857142857,8.0,6.5675675675675675,0.5602266054646273,-8.499999999999995,-3.9999999999999982,10.0,34.29
2218,Anamul Haque,False,0.575527228594975,top/middle,1282.0,,120.0374531835206,,,2.580377356844959,11.999999999999996,,50.0,32.94
2226,Nasir Hossain,False,0.530200533864329,batting allrounder,366.0,,115.82278481012658,16.0,6.502463054187192,5.011832110491366,,,12.0,33.99
2228,Alauddin Babu,False,0.5182159107858417,finishing allrounder,100.0,,119.04761904761905,17.0,8.083969465648854,2.010968991396637,-13.214285714285714,-0.7142857142857142,13.0,33.98
2229,Al-Amin Hossain,False,0.5197191924345601,finishing allrounder,38.0,,62.295081967213115,25.0,8.681912681912682,0.5637318875148396,-16.499999999999996,-7.499999999999996,23.0,32.92
223,Steven Smith,True,0.6239703988230673,top/middle,380.0,,115.5015197568389,,,4.760585836313142,-48.39999999999999,,22.0,36.48
2230,Kamrull Rabbi,False,0.5307586179266012,finishing allrounder,18.0,,138.46153846153845,26.0,9.086124401913876,0.917451100595422,-4.399999999999999,-3.0,24.0,33.96
2231,Nazmul Islam,False,0.45861620356559,finishing allrounder,13.0,,65.0,17.0,7.424749163879599,65.0,-10.999999999999998,-2.3,16.0,34.69
2232,Sohag Gazi,False,0.4855232023312355,finishing allrounder,23.0,,56.09756097560975,13.0,8.04149377593361,0.690132948565642,-0.33333333333333326,-2.3333333333333326,12.0,34.31
2234,Nadif Chowdhury,False,0.4671531487542056,finisher,6.0,,600.0,,,600.0,,,1.0,38.6
224,Moises Henriques,True,0.6033171096944429,finishing allrounder,166.0,,103.75,4.0,4.388059701492537,3.8763463153979205,,,15.0,38.82
2246,Tom Latham,False,0.5181510332594089,top/middle,353.0,,107.95107033639144,,,3.3056907198559355,17.499999999999993,,13.0,33.65
2249,Taijul Islam,False,0.47277770484763865,finishing allrounder,9.0,,90.0,12.0,6.893203883495145,90.0,-1.7142857142857146,1.4,15.0,33.8
2250,Colin de Grandhomme,False,0.4529934382461785,batting allrounder,18.0,,72.0,1.0,4.363636363636363,72.0,,,5.0,39.35
2254,Rahul Shukla,False,0.4570806739525329,finishing allrounder,1.0,,100.0,7.0,9.096774193548388,100.0,,-1.4999999999999998,3.0,35.25
2255,Sujit Nayak,True,0.5807850324098169,finishing allrounder,135.0,,128.57142857142858,1.0,6.571428571428571,1.6423198626512294,0.7499999999999959,-0.4999999999999999,8.0,36.43
2256,Apoorv Wankhade,True,0.606846066088493,top/middle,466.0,,139.1044776119403,,,4.385330868472775,6.300000000000002,,20.0,33.7
22565,Waseem Muhammad,True,0.4746061526043933,opener,103.0,,100.0,,,1.3002887263049514,100.99999999999999,,4.0,31.79
22568,Kadeem Alleyne,False,0.39006461727889225,finisher,10.0,,66.66666666666667,0.0,8.0,0.8998533449756817,,,3.0,24.9
2257,Chirag Jani,False,0.6023805595655315,finishing allrounder,580.0,,116.70020120724347,61.0,7.217948717948718,1.7964968014437954,15.3,3.0,39.0,36.05
2258,Sanju Samson,True,0.6660858212030782,top/middle,3666.0,,145.01582278481013,,,1.8962325818600265,81.19999999999999,,132.0,31.04
2259,Kuldeep Raval,False,0.4902428388160628,finishing allrounder,75.0,,127.11864406779661,6.0,6.068965517241379,127.11864406779661,,,5.0,39.99
2261,Harshal Patel,True,0.683952366770349,finishing allrounder,314.0,,110.95406360424029,149.0,8.019444444444444,2.0997578559591026,-20.099999999999998,-5.9,99.0,35.01
22862,Aks Swadhin,False,0.45069979202610577,finishing allrounder,1.0,,100.0,3.0,8.426966292134832,100.0,,,4.0,23.12
22868,Zahiduzzaman Khan,False,0.45242643230654556,finisher,18.0,,85.71428571428571,,,85.71428571428571,,,1.0,29.4
22876,Towfiq Khan,False,0.48046811841038384,top/middle,116.0,,104.50450450450451,,,2.2690248361974614,29.99999999999999,,7.0,34.46
22877,Imran Uzzaman,False,0.4642560769331742,top/middle,52.0,,72.22222222222223,,,2.9781522072369717,-2.9999999999999996,,9.0,31.06
22888,Sajjadul Haque,False,0.38340132450230724,top/middle,0.0,,0.0,,,0.0,,,1.0,35.88
22889,Sabbir Hossain,False,0.4425940218089231,batting allrounder,79.0,,103.94736842105263,2.0,11.16,1.69540302258802,58.999999999999986,0.0,11.0,28.7
22892,Rahmat Ali,False,0.37942308633999955,finishing allrounder,0.0,,0.0,1.0,6.0,0.0,,,1.0,
22896,Pritom Kumar,False,0.4112514002981877,top/middle,12.0,,57.142857142857146,,,1.2510058939183204,-5.999999999999999,,3.0,24.02
22920,Jacob Duffy,True,0.5999083920186578,finishing allrounder,24.0,,82.75862068965517,40.0,6.449477351916376,1.377797781883062,1.1428571428571426,6.285714285714283,29.0,31.32
2299,Gurkeerat Singh Mann,False,0.503532101665164,batting allrounder,83.0,,92.22222222222223,0.0,7.125,1.4711208179887534,2.499999999999999,,7.0,35.41
23,Piyush Chawla,True,0.6817557651531128,finishing allrounder,155.0,,104.72972972972973,58.0,7.756232686980609,1.008097566412043,32.1,9.2,48.0,36.92
2304,Tymal Mills,True,0.5989757361330879,finishing allrounder,8.0,,53.333333333333336,11.0,10.239669421487603,0.6648861638517507,-7.999999999999998,-6.999999999999998,12.0,33.29
23146,Tahjibul Islam,False,0.4048655092653206,finisher,7.0,,116.66666666666667,,,116.66666666666667,,,2.0,21.34
2315,Reece Topley,True,0.6489933987188032,finishing allrounder,27.0,,75.0,37.0,8.277915632754343,1.6867657840096844,-1.9285714285714284,-4.099999999999999,36.0,31.76
2316,Chris Morris,True,0.6217527019185153,finishing allrounder,67.0,,126.41509433962264,17.0,8.15267175572519,1.116974800889018,,,11.0,38.58
2320,Trent Boult,True,0.6776841087635859,finishing allrounder,93.0,,108.13953488372093,91.0,7.620507399577167,1.7786999867096667,-1.3999999999999992,0.6,83.0,36.35
2321,Olly Stone,False,0.4511616679593742,finishing allrounder,0.0,,0.0,0.0,8.4,0.0,,,1.0,32.13
23311,Jacob Bethell,True,0.5411948638266808,top/middle,420.0,,154.98154981549814,4.0,9.391304347826088,2.6354579679510732,73.99999999999999,3.999999999999999,20.0,22.09
2334,Dwaine Pretorius,True,0.6558630353514114,finishing allrounder,188.0,,132.3943661971831,20.0,7.921182266009852,2.136938729032781,2.000000000000003,-0.5999999999999999,21.0,36.66
234,Daniel Christian,True,0.6243314819634439,finishing allrounder,105.0,,114.1304347826087,8.0,7.782857142857143,1.286381252397157,,,16.0,42.57
23423,Ram R,False,0.5100080237132311,top/middle,319.0,,110.38062283737024,,,2.122554571450236,26.499999999999996,,24.0,24.8
23426,TD Lokesh Raj,False,0.4917383582131273,finishing allrounder,51.0,,96.22641509433963,22.0,6.981412639405204,1.5007007597411666,-4.371428571428569,1.5428571428571427,15.0,25.57
23428,S Abhishek,False,0.4471866970249787,top/middle,103.0,,90.35087719298245,,,90.35087719298245,,,7.0,25.79
23430,AVR Rathnam,False,0.47632563077955276,finisher,12.0,,150.0,,,150.0,,,1.0,29.71
23431,Kishoor G,False,0.46096850321283284,finishing allrounder,6.0,,42.857142857142854,12.0,10.294416243654823,0.6892367681251205,1.9999999999999996,-2.9999999999999996,11.0,
23432,Suganesh M,False,0.41626950197073703,finisher,8.0,,61.53846153846154,,,61.53846153846154,,,1.0,
23434,N Mohammed Ashik,False,0.4469189497219457,opener,14.0,,45.16129032258065,,,45.16129032258065,,,3.0,27.6
23435,M Rooban Raj,False,0.45406928242291983,finishing allrounder,0.0,,0.0,1.0,4.384615384615385,0.0,0.0,,3.0,27.32
23436,Affan Khader M,False,0.40971457861013183,finisher,0.0,,0.0,,,0.0,,,1.0,
23440,Karuppusamy A,False,0.49436154503423374,finishing allrounder,24.0,,92.3076923076923,8.0,7.610738255033557,3.335710074507395,1.5,-0.9999999999999997,11.0,38.63
23441,Sharun Kumar,False,0.46058695494034363,finishing allrounder,2.0,,40.0,3.0,6.72972972972973,40.0,,,3.0,27.35
23443,Arjun Murthy,False,0.48507174747922477,top/middle,84.0,,100.0,,,2.3794410553813132,-2.0,,13.0,23.97
23445,Jitendra Kumar CH,False,0.4788324674122052,finisher,162.0,,120.0,0.0,7.666666666666667,3.9774794902941437,13.100000000000001,,18.0,
23448,Sri Neranjan R,False,0.5202739510692818,batting allrounder,211.0,,104.97512437810946,6.0,10.038461538461538,2.852466023351088,43.99999999999998,5.999999999999999,17.0,33.49
23450,Sai Sudharsan,True,0.6637449948218649,top/middle,3253.0,,140.8834993503681,1.0,6.3,3.9443309889775895,103.10000000000002,,77.0,24.11
23451,Jayaraman Suresh Kumar,False,0.5562004177575938,top/middle,1066.0,,136.49167733674776,,,8.244869570978034,-20.39999999999999,,40.0,35.0
23452,Atheeq Ur Rahman Ma,False,0.5291142267661924,finisher,419.0,,132.17665615141956,4.0,5.5,7.570691603843327,46.800000000000004,,24.0,27.96
23457,Yudheeswaran Valliappan,False,0.5150171156532187,finishing allrounder,4.0,,22.22222222222222,29.0,8.711009174311927,0.7296211562980123,-0.19999999999999998,0.3999999999999998,28.0,27.76
23459,Ganesh R,False,0.42794183714313616,finishing allrounder,0.0,,0.0,1.0,11.538461538461538,0.0,,,2.0,
23461,Amith VP,False,0.5503747518116344,opener,1001.0,,119.59378733572282,,,4.021339734036028,37.89999999999999,,38.0,23.19
23462,M Mathivannan,False,0.5435757064983084,finishing allrounder,78.0,,95.1219512195122,29.0,6.780748663101604,2.9970103166329376,-5.999999999999998,-0.7000000000000004,34.0,24.94
23464,Advaith Sharma,False,0.43350893350554437,finishing allrounder,5.0,,55.55555555555556,1.0,2.88,55.55555555555556,,,1.0,
23467,Gurjapneet Singh,True,0.6580088306223779,finishing allrounder,99.0,,139.43661971830986,50.0,6.682872928176796,2.3266492892038064,12.942857142857141,0.7428571428571423,38.0,27.05
2347,Colin Ackermann,False,0.4543460741975518,opener,2.0,,28.571428571428573,1.0,9.5,28.571428571428573,,,2.0,34.65
23470,P Praveen Kumar,False,0.4432436741403975,opener,46.0,,104.54545454545455,,,104.54545454545455,,,3.0,25.99
23472,Gowtham V,False,0.47139642457569264,finishing allrounder,18.0,,85.71428571428571,8.0,6.484848484848484,1.0183429189299054,-15.999999999999996,-0.9999999999999996,7.0,23.38
23473,Rajkumar K,False,0.4726422237615877,top/middle,183.0,,93.36734693877551,,,4.195625859302237,-5.599999999999999,,14.0,
23474,Saravanan PK,False,0.5003985649556387,finishing allrounder,198.0,,135.6164383561644,15.0,7.383233532934132,4.544195842692358,21.2,-0.29999999999999993,22.0,
23475,Rocky B,False,0.4642907636822411,finishing allrounder,0.0,,0.0,15.0,6.974729241877256,0.0,,0.885714285714286,15.0,32.72
2351,Danushka Gunathilaka,True,0.6128924525099524,top/middle,241.0,,103.87931034482759,1.0,8.689655172413794,1.776947738878183,-4.785714285714284,0.4999999999999999,21.0,34.7
2361,Temba Bavuma,True,0.580815424828947,opener,175.0,,102.94117647058823,,,1.3228040632341918,-20.499999999999993,,15.0,35.53
2362,William Bosisto,False,0.4278331178454106,top/middle,298.0,,124.68619246861925,2.0,5.441860465116279,6.401305719253104,147.99999999999997,,10.0,32.22
2364,Ashton Agar,False,0.5091111574093826,finishing allrounder,81.0,,80.1980198019802,10.0,5.461538461538462,1.3975796004580412,4.999999999999998,1.9999999999999996,13.0,32.12
2367,Travis Head,True,0.6530583725393966,opener,1472.0,,166.3276836158192,0.0,13.363636363636363,3.401867996920962,190.60000000000002,0.0,47.0,31.91
23686,T Ajith Kumar,False,0.45048623530318155,finishing allrounder,0.0,,0.0,4.0,5.27710843373494,0.0,,,3.0,28.18
2373,Ashton Turner,True,0.5834265876089897,finishing allrounder,74.0,,77.08333333333333,1.0,4.304347826086956,3.500916594778485,-12.07142857142857,,10.0,32.84
2379,Ben Duckett,True,0.6150156220352343,top/middle,518.0,,149.71098265895955,,,1.8507801734864957,3.9285714285714266,,19.0,31.11
2382,Jamie Overton,True,0.5243319415464059,finishing allrounder,65.0,,118.18181818181819,15.0,8.418367346938776,1.3407112499063158,18.99999999999999,6.999999999999998,16.0,31.63
23857,Tharun J,False,0.4519753141976471,finishing allrounder,11.0,,91.66666666666667,1.0,9.9375,91.66666666666667,,,4.0,24.41
23858,Vignesh E,False,0.45876578306136795,finishing allrounder,5.0,,83.33333333333333,8.0,7.125,83.33333333333333,,,5.0,30.68
23859,Jerish A,False,0.45930486115201496,finisher,55.0,,114.58333333333333,,,114.58333333333333,,,5.0,25.88
2386,Niroshan Dickwella,False,0.467700361940449,top/middle,14.0,,60.869565217391305,,,2.3613790404232176,,,2.0,29.43
23860,Logesh P,False,0.4900938943608968,top/middle,409.0,,106.23376623376623,0.0,2.0,106.23376623376623,-43.88461538461539,,30.0,25.79
23861,Palanisamy P,False,0.4508461138727003,finisher,30.0,,53.57142857142857,,,53.57142857142857,1.0384615384615385,,15.0,29.87
23862,Sivamurugan M,False,0.48719459371066015,top/middle,199.0,,118.45238095238095,,,118.45238095238095,-6.500000000000001,,15.0,28.51
23863,Vijith A,False,0.45996870591228806,finishing allrounder,2.0,,40.0,6.0,7.419354838709677,40.0,,,4.0,30.43
23864,Vishal Khokhar,False,0.4866866989883566,finishing allrounder,53.0,,94.64285714285714,26.0,7.798319327731092,94.64285714285714,-14.999999999999998,4.666666666666665,17.0,26.01
23865,Amarnath AC,False,0.4319117689537576,finishing allrounder,2.0,,66.66666666666667,0.0,7.846153846153846,66.66666666666667,,,2.0,25.49
23866,Gautham Srinivas R B,False,0.45726588256068523,top/middle,69.0,,75.82417582417582,,,75.82417582417582,-14.999999999999998,,15.0,27.45
23867,Jay Pandey,False,0.512685474625091,top/middle,337.0,,103.37423312883436,2.0,5.285714285714286,103.37423312883436,24.333333333333325,-0.6666666666666665,17.0,31.18
23868,Lawrence B,False,0.4509872787756124,finisher,5.0,,14.705882352941176,0.0,7.578947368421052,14.705882352941176,,,2.0,28.03
23869,Mohamed Safeequddin,False,0.49636361951248104,finishing allrounder,143.0,,111.71875,29.0,7.19106699751861,111.71875,-0.6538461538461541,0.5,20.0,25.26
23870,Sathya Kumar A,False,0.45537096405199173,finishing allrounder,1.0,,9.090909090909092,5.0,6.8023255813953485,9.090909090909092,,,9.0,29.15
23871,Jullian Jacab,False,0.502864961572267,finishing allrounder,159.0,,111.97183098591549,16.0,6.759740259740259,111.97183098591549,-6.230769230769231,1.333333333333333,22.0,25.98
23872,Madhankumar K,False,0.45361120800225796,finishing allrounder,0.0,,0.0,7.0,6.642857142857143,0.0,,,6.0,28.93
23873,Saie Sharan Y,False,0.4513701144694857,finishing allrounder,1.0,,50.0,12.0,7.076086956521739,50.0,,-1.846153846153846,9.0,23.74
23874,Siva Kumar S,False,0.4861402847757011,finishing allrounder,29.0,,103.57142857142857,14.0,6.193548387096774,103.57142857142857,,,9.0,34.24
23875,Vijay Rajaram,False,0.4655903012190881,finishing allrounder,13.0,,100.0,8.0,6.47191011235955,100.0,,,5.0,34.59
23876,Aleti Karthik Reddy,False,0.4858783634713662,finishing allrounder,92.0,,113.58024691358025,2.0,6.625,113.58024691358025,,,7.0,27.06
23877,Kumar P,False,0.46043834099857306,top/middle,104.0,,96.29629629629629,,,96.29629629629629,,,7.0,41.34
23878,Malladi Subrahmanyam Sarma,False,0.4524319821260609,finishing allrounder,12.0,,44.44444444444444,6.0,5.055555555555555,44.44444444444444,,,5.0,26.36
23879,Sanjay Kansal R,False,0.4451803173488142,finishing allrounder,3.0,,33.333333333333336,1.0,8.4,33.333333333333336,,,2.0,24.07
23880,Ajith Kumar A,False,0.4594718755515298,opener,108.0,,96.42857142857143,,,96.42857142857143,,,6.0,28.94
23881,Muhammed Salmanul Faris,False,0.4540846828013819,finisher,12.0,,80.0,,,80.0,,,4.0,29.11
23882,Murugan P,False,0.4873805587722997,finishing allrounder,32.0,,118.51851851851852,5.0,6.7368421052631575,118.51851851851852,,,9.0,28.62
23883,Shreeraj Anant Gharat,False,0.4657361624687582,top/middle,177.0,,112.0253164556962,,,112.0253164556962,,,9.0,25.2
2394,Angelo Perera,False,0.41234837396155016,top/middle,17.0,,85.0,,,85.0,,,1.0,35.76
2399,Dushmantha Chameera,True,0.6743035058158217,finishing allrounder,100.0,,104.16666666666667,51.0,7.809782608695652,1.1554301086115097,-4.115384615384611,-1.6,49.0,33.88
24017,Brian Bennett,False,0.3955633095551343,opener,141.0,,128.1818181818182,0.0,4.0,18.11743105004819,,,4.0,22.05
2407,Dhananjaya de Silva,True,0.6043187444128331,batting allrounder,261.0,,114.97797356828194,2.0,7.463414634146342,2.5810166698835673,-6.1000000000000005,0.49999999999999983,17.0,34.22
2410,Akshdeep Nath,False,0.5507289903462297,top/middle,809.0,,120.38690476190476,2.0,9.054545454545455,4.92611708416281,99.50000000000001,-1.9999999999999996,32.0,32.55
2411,Sandeep Sharma,True,0.6503923453044341,finishing allrounder,34.0,,70.83333333333333,67.0,8.012631578947369,1.0383658782691783,1.570092458683775e-16,4.3999999999999995,61.0,32.53
2412,Smit Patel,False,0.4490211441451756,top/middle,22.0,,81.48148148148148,,,81.48148148148148,,,3.0,32.53
2413,Prashant Chopra,False,0.5057137572101539,opener,266.0,,101.52671755725191,1.0,14.0,2.7732527956942286,-3.942857142857145,,12.0,33.14
2414,Roosh Kalaria,False,0.48285034646566993,finishing allrounder,7.0,,175.0,3.0,7.636363636363637,175.0,,,3.0,32.86
2415,Baba Aparajith,True,0.688489797988868,batting allrounder,1621.0,,130.8313155770783,33.0,6.621359223300971,3.243543846129476,10.200000000000005,-4.0,48.0,31.39
2416,Kyle Mayers,True,0.6698422219231547,batting allrounder,1499.0,,142.2201138519924,14.0,6.469973890339426,2.6756006288864733,-66.1,1.9999999999999996,58.0,33.22
2417,Akeal Hosein,True,0.6773866261480599,finishing allrounder,236.0,,116.25615763546799,62.0,7.285094066570188,1.8585800742429452,1.7000000000000024,2.9999999999999996,64.0,32.59
24177,V Manga Satya Sumanth,False,0.4502050857148565,top/middle,44.0,,102.32558139534883,,,102.32558139534883,,,1.0,40.65
24178,Sowrrow Singh,False,0.4492647475996997,finishing allrounder,10.0,,111.11111111111111,6.0,7.912087912087912,111.11111111111111,,,4.0,
2418,Justin Greaves,False,0.38598996365473803,top/middle,6.0,,120.0,,,120.0,,,1.0,31.75
24180,A Angappan,False,0.42379301015871707,opener,31.0,,134.7826086956522,,,134.7826086956522,,,2.0,
2420,Ronsford Beaton,False,0.38834697119954625,finishing allrounder,10.0,,71.42857142857143,1.0,9.0,71.42857142857143,,,2.0,33.19
24204,Sabari Rajasekar,False,0.4381556215770202,finisher,8.0,,133.33333333333334,,,133.33333333333334,,,3.0,
24235,Deepak Shetty,True,0.5397440311347385,finishing allrounder,2.0,,66.66666666666667,11.0,9.591549295774648,66.66666666666667,,0.4999999999999999,9.0,34.25
24245,Shoaib Khan,False,0.4534288364156493,finisher,9.0,,69.23076923076923,0.0,8.333333333333334,69.23076923076923,,,1.0,32.97
24247,Unnimon Sabu,False,0.4526320828611308,top/middle,15.0,,60.0,0.0,14.0,60.0,,,4.0,28.03
24253,Ajith V,False,0.4892707155087661,finishing allrounder,5.0,,71.42857142857143,20.0,6.501070663811563,1.0201464803059765,2.9999999999999996,0.4999999999999998,28.0,31.52
24254,Unnikrishnan Manukrishnan,False,0.5400430844314759,finishing allrounder,265.0,,153.17919075144508,27.0,7.496746203904555,4.259418409983076,-6.999999999999998,-3.499999999999998,28.0,27.15
24256,Sanjay Raj,False,0.5016737891366452,top/middle,255.0,,127.5,,,57.21615174974709,206.9999999999999,,15.0,31.29
24259,Neel Sunny,False,0.530515354677049,top/middle,339.0,,127.44360902255639,0.0,13.0,3.1083740042680654,-30.999999999999986,,19.0,27.32
24260,Rahul Sharma I,False,0.5219798368786783,finisher,253.0,,116.05504587155963,0.0,6.6923076923076925,5.214684580101527,5.499999999999994,,31.0,30.16
24263,Abhishek P Nair,False,0.5254253005711458,batting allrounder,330.0,,130.95238095238096,2.0,8.355555555555556,5.666051921713958,11.500000000000004,1.9999999999999996,25.0,25.3
24265,Adithya Mohan,False,0.3789202679022249,finisher,3.0,,75.0,,,75.0,,,1.0,26.0
24266,Arjun K,False,0.5309211099337189,finisher,395.0,,125.0,,,2.6425187231533487,60.999999999999986,,33.0,29.74
24267,Biju Narayanan,False,0.515629625243173,finishing allrounder,59.0,,173.52941176470588,36.0,6.1450777202072535,12.815173083095079,9.999999999999996,-2.5,26.0,30.65
24273,Anaz Nazeer,False,0.46883328209138075,top/middle,93.0,,98.93617021276596,,,3.6034881786353736,18.99999999999999,,12.0,21.79
24278,Renjith Raveendran,False,0.45975467597296943,finishing allrounder,1.0,,10.0,5.0,9.10344827586207,10.0,,,4.0,32.49
24279,Mohmmed Anas EU,False,0.46279222350043325,finisher,78.0,,121.875,0.0,20.0,121.875,,,6.0,26.46
24282,Sachin PS,False,0.4862126150455678,finisher,94.0,,140.29850746268656,,,2.752587250753918,-14.499999999999993,,10.0,27.86
24283,Midhun PK,False,0.451265585645718,finishing allrounder,2.0,,50.0,6.0,6.0588235294117645,50.0,,1.9999999999999996,5.0,31.58
24285,K Rakesh,False,0.3954807161479716,finishing allrounder,65.0,,95.58823529411765,1.0,7.457142857142857,95.58823529411765,,,8.0,42.54
24287,Rahul P,False,0.497788491523611,top/middle,153.0,,161.05263157894737,,,161.05263157894737,,,5.0,33.81
24289,Devaadithyan S R,False,0.3957574851737259,top/middle,8.0,,38.095238095238095,,,38.095238095238095,,,2.0,23.29
24292,Anoop G,False,0.4454419726594459,finishing allrounder,4.0,,66.66666666666667,11.0,8.169014084507042,0.6948239136595661,,-6.999999999999998,12.0,27.22
24297,Balu Babu,False,0.5010081418535426,finishing allrounder,101.0,,88.59649122807018,15.0,7.621621621621622,3.384188523340086,-22.499999999999993,-1.9999999999999996,14.0,31.04
24301,Preetish Pavan,False,0.38340739503401705,top/middle,29.0,,67.44186046511628,0.0,24.0,67.44186046511628,,,6.0,21.77
24302,Appu Prakash,False,0.4475801709261847,opener,130.0,,82.27848101265823,,,0.6954558158626304,-39.999999999999986,,10.0,21.63
24305,Ameersha SN,False,0.42153514370558,opener,138.0,,135.2941176470588,,,21.96871039790597,39.999999999999986,,10.0,24.35
24307,Afrad Nazar,False,0.38749851006126823,finishing allrounder,3.0,,75.0,1.0,7.3,75.0,,,3.0,27.12
24310,Liston Augustine,False,0.4361898827674212,top/middle,39.0,,105.4054054054054,,,0.6979949602093525,,,3.0,27.83
24311,Sooraj CS,False,0.44998941855610125,finishing allrounder,3.0,,60.0,0.0,7.6,60.0,,,2.0,30.73
24313,Govind Pai,False,0.5043857736998806,top/middle,461.0,,115.82914572864321,,,25.391455053665386,22.49999999999998,,23.0,21.21
24316,Sanjeev Satheesan,False,0.4788459144440374,finisher,248.0,,151.21951219512195,,,37.348998750903824,85.49999999999999,,15.0,23.14
24320,Mohammed T,False,0.4684998246861114,top/middle,351.0,,132.95454545454547,,,5.387078432965733,46.999999999999986,,20.0,35.46
24321,Muhammed Ashiq,False,0.48430370833846853,finisher,103.0,,114.44444444444444,0.0,24.0,114.44444444444444,,,5.0,28.44
24323,Sivaraj S,False,0.5019313203166569,finishing allrounder,15.0,,75.0,15.0,6.4125,2.016834263669875,-0.9999999999999998,10.999999999999998,21.0,32.83
24326,Amal G,False,0.5067347495724571,finishing allrounder,126.0,,131.25,22.0,7.414141414141414,4.600491435376688,-19.999999999999993,8.999999999999998,22.0,29.24
24327,Rohan Nair,False,0.49427542534491636,top/middle,294.0,,139.33649289099526,,,1.980142508449973,153.99999999999994,,9.0,22.88
24328,Anuraj J S,False,0.4049893316937996,finishing allrounder,0.0,,0.0,10.0,7.6,0.0,,-5.999999999999999,8.0,22.95
24336,Omar Abubacker,False,0.4877378748324452,opener,224.0,,103.70370370370371,3.0,8.065573770491802,8.899417613862873,69.99999999999997,,14.0,23.21
24339,Sreeharsh V Nair,False,0.43813804425653374,top/middle,26.0,,59.09090909090909,,,59.09090909090909,17.999999999999993,,5.0,23.99
24344,Saly V Samson,False,0.4706024016035033,finishing allrounder,215.0,,127.2189349112426,5.0,6.915254237288136,8.445499448409564,86.99999999999997,4.999999999999998,18.0,32.9
24345,Mohammed Ishaaq,False,0.4323633465747492,finishing allrounder,1.0,,20.0,18.0,6.6765578635014835,20.0,,-13.999999999999996,21.0,25.87
24347,Mashood P P,False,0.44215310295982624,finisher,29.0,,100.0,,,100.0,-10.999999999999998,,7.0,25.12
2435,Malinda Pushpakumara,False,0.4666118257587506,finishing allrounder,6.0,,60.0,4.0,7.3,60.0,,,3.0,38.68
24351,Yadhu Krishnan C,False,0.4411416833300425,finishing allrounder,4.0,,30.76923076923077,0.0,8.5,30.76923076923077,,,1.0,26.06
24354,Bovas M Justin,False,0.4650071127106748,finishing allrounder,14.0,,66.66666666666667,3.0,6.2,66.66666666666667,,,4.0,27.68
24355,Aditya Vinod,False,0.41283108476816466,finishing allrounder,6.0,,120.0,11.0,6.951219512195122,120.0,,6.999999999999998,8.0,
24358,Jerin PS,False,0.5030451932582365,finishing allrounder,70.0,,129.62962962962962,37.0,6.834782608695652,2.354895423323165,-11.999999999999998,6.499999999999998,30.0,23.88
2436,Dasun Shanaka,True,0.6917286289980195,finishing allrounder,1009.0,,127.88339670468947,32.0,7.809917355371901,1.7761539329467355,-24.599999999999998,1.2999999999999998,57.0,34.21
24372,Muzahir Raza,True,0.47636496345521273,finishing allrounder,46.0,,164.28571428571428,5.0,7.875,0.7012855370614547,45.999999999999986,0.9999999999999998,6.0,23.56
2439,Akila Dananjaya,True,0.5549783672853517,finishing allrounder,7.0,,87.5,4.0,8.097902097902098,0.9055717424953573,0.33333333333333326,0.0,7.0,32.15
2442,Lahiru Madushanka,False,0.4429782867205336,finisher,1.0,,33.333333333333336,,,33.333333333333336,,,1.0,33.2
2443,Dilshan Munaweera,False,0.47028485359733574,opener,51.0,,87.93103448275862,0.0,10.105263157894736,6.9965982953024115,,,3.0,36.59
24475,Rehan Ahmed,False,0.49170914812298655,finishing allrounder,38.0,,126.66666666666667,14.0,9.67741935483871,1.0375270424533964,-27.999999999999993,-5.999999999999999,10.0,21.29
24555,Vijayaraj B,False,0.3784977359030215,top/middle,9.0,,64.28571428571429,,,64.28571428571429,,,2.0,25.65
24556,Dhwaj Raichura,False,0.473648740180555,finisher,49.0,,140.0,,,140.0,,,4.0,32.1
24559,Rohit Kumar,False,0.4046576435168672,finishing allrounder,1.0,,50.0,1.0,9.136363636363637,50.0,,,3.0,
24570,Vaibhav Yadav,False,0.4167213151696217,finishing allrounder,1.0,,50.0,19.0,6.4106463878327,50.0,0.9999999999999998,-10.999999999999998,12.0,25.08
24572,Sasank Singh,False,0.41330511919017515,top/middle,145.0,,106.61764705882354,,,106.61764705882354,32.99999999999999,,8.0,
24576,Suprodip Debnath,False,0.37797227164224523,opener,1.0,,20.0,,,20.0,,,1.0,
24578,Avirup Gupta,False,0.38693572362147033,finisher,9.0,,128.57142857142858,,,128.57142857142858,,,3.0,34.17
24580,Sumanta Gupta,False,0.43111671904400906,top/middle,260.0,,127.45098039215686,1.0,6.0,127.45098039215686,-67.99999999999999,,13.0,34.8
24587,Sk Hossain-I,False,0.428265059811119,opener,157.0,,149.52380952380952,,,149.52380952380952,,,4.0,28.21
24590,Ayan Gupta,False,0.43297121530910543,finisher,72.0,,128.57142857142858,1.0,3.0,128.57142857142858,,,4.0,30.68
24598,Arin Roy,False,0.4008515121524375,finisher,5.0,,125.0,,,125.0,,,1.0,
24599,Geet Puri,False,0.44330184386002697,finishing allrounder,27.0,,84.375,22.0,7.330827067669173,84.375,-24.999999999999993,-5.999999999999999,16.0,31.06
2460,Ravikant Singh,False,0.4138447028618296,finisher,1.0,,100.0,0.0,7.894736842105263,100.0,,,2.0,31.69
24603,Kaushik Maity,False,0.47801291732519574,finishing allrounder,71.0,,94.66666666666667,12.0,6.949253731343283,8.934379287130998,-6.0,2.9999999999999996,17.0,26.12
24605,Akash Ghatak,False,0.4006570403311099,finishing allrounder,18.0,,150.0,7.0,8.756756756756756,150.0,,,6.0,29.12
24606,Ronit Ghosh,False,0.4353401370002383,finisher,196.0,,163.33333333333334,3.0,3.4285714285714284,163.33333333333334,39.999999999999986,,13.0,27.25
24610,Yuvraj Deepak Keswani,False,0.4023911536608537,finisher,72.0,,133.33333333333334,,,133.33333333333334,19.999999999999993,,5.0,25.09
2463,Ryan Burl,False,0.5395213334954259,finishing allrounder,682.0,,134.251968503937,8.0,7.980861244019139,14.10801365443266,155.99999999999994,3.999999999999999,30.0,31.62
24764,Abdullah Al Mamun,False,0.44607629945982014,top/middle,51.0,,87.93103448275862,,,2.347086869206798,,,3.0,22.0
24767,Ripon Mondol,True,0.5932272657133403,finishing allrounder,26.0,,144.44444444444446,35.0,7.617511520737327,2.520203233705091,3.499999999999999,8.999999999999995,19.0,22.69
24768,Md Ashiqur Zaman,False,0.432835753968461,finishing allrounder,0.0,,0.0,0.0,9.724137931034482,0.0,,0.0,3.0,23.03
24779,Ijaz Ahmadzai,False,0.3773407068349179,top/middle,12.0,,42.857142857142854,,,42.857142857142854,,,1.0,22.43
24808,Avinash Kumar,False,0.39196231016281685,top/middle,7.0,,41.1764705882353,,,41.1764705882353,,,2.0,
24809,Shuvam Dey,False,0.4338496048157194,top/middle,245.0,,106.06060606060606,,,106.06060606060606,-46.999999999999986,,15.0,30.24
24811,Prabhat Maurya,False,0.4076779837360212,finishing allrounder,0.0,,0.0,1.0,8.608695652173912,0.0,,,2.0,23.13
2483,Lizaad Williams,True,0.6099257824878951,finishing allrounder,13.0,,52.0,23.0,9.41566265060241,0.8249317024074659,1.114285714285714,-0.8857142857142856,17.0,32.15
2485,Babar Azam,True,0.646791469027127,top/middle,2024.0,,128.9993626513703,,,3.1877410942353688,-29.599999999999994,,65.0,31.12
24867,Ompal Boken,False,0.39618679066164764,finisher,10.0,,41.666666666666664,,,41.666666666666664,,,4.0,37.11
24888,Nipan Deka,False,0.5045509015037829,finishing allrounder,226.0,,193.16239316239316,14.0,5.7844311377245505,2.1245210260157537,-19.571428571428577,0.0,13.0,24.03
24889,Akash Sengupta,False,0.49607799736682495,finishing allrounder,59.0,,155.26315789473685,10.0,8.359550561797754,1.2223465917055671,-23.499999999999993,-3.999999999999999,7.0,25.08
24890,Ayush Agarwal,True,0.5410226709467623,top/middle,127.0,,113.39285714285714,,,33.354095328225846,-112.99999999999997,,9.0,24.64
24893,Ishan Ahmed,False,0.4821307137015065,batting allrounder,191.0,,97.94871794871794,7.0,6.1875,1.4680784814821175,164.99999999999994,-0.9999999999999998,10.0,26.92
24895,Nibir Deka,False,0.405825735214923,top/middle,218.0,,127.48538011695906,,,9.98223369653663,,,8.0,24.03
24898,Gaurav Talukdar,False,0.4278346209892357,top/middle,0.0,,0.0,,,0.0,,,1.0,24.1
2490,Mohammad Nawaz,True,0.6777396713749151,finishing allrounder,827.0,,127.62345679012346,66.0,7.262119967132293,3.189395146717588,47.3,4.3,65.0,31.69
24900,Nihar Deka,True,0.4751565513463018,batting allrounder,112.0,,107.6923076923077,7.0,6.452830188679245,107.6923076923077,,,7.0,24.03
24901,Roshan Basfor,False,0.5072129476753621,finisher,252.0,,90.0,,,7.601952156826705,-30.499999999999993,,17.0,34.13
24902,Aman Chetry,False,0.4995793084467507,finishing allrounder,196.0,,97.02970297029702,13.0,5.7012448132780085,2.671164234288549,12.5,-0.5000000000000003,17.0,26.02
24903,Abdul Ajij Khuraishi,False,0.38057793460492007,finishing allrounder,2.0,,100.0,1.0,4.928571428571429,100.0,,,1.0,24.23
24905,Dharani Rabha,True,0.5810687403214997,finishing allrounder,132.0,,141.93548387096774,15.0,7.902439024390244,5.430004642972724,19.28571428571429,3.214285714285714,15.0,28.21
24906,Deepak Gohain,True,0.48952933655151876,finishing allrounder,9.0,,128.57142857142858,22.0,4.942857142857143,160.0,,,11.0,33.79
24908,Sandip Paul Mazumder,False,0.41791719100030955,finisher,2.0,,66.66666666666667,,,66.66666666666667,,,2.0,
24913,Nihar Narah,False,0.47050103152263323,top/middle,46.0,,112.1951219512195,0.0,5.0,27.8040941537881,21.999999999999996,,5.0,23.13
24914,Danish Das,False,0.44744326826469916,opener,46.0,,112.1951219512195,,,112.1951219512195,,,3.0,25.27
24915,Bishal Saha,False,0.4912037027438644,top/middle,360.0,,109.7560975609756,,,5.861629060196625,45.49999999999998,,14.0,24.46
24916,Kalam Raiza,False,0.4452342317795315,finishing allrounder,128.0,,113.27433628318585,19.0,5.33587786259542,138.0952380952381,-69.99999999999997,-8.999999999999996,14.0,27.3
24918,Shivam Mittal,False,0.45494606886750355,batting allrounder,20.0,,47.61904761904762,1.0,6.947368421052632,47.61904761904762,,,5.0,22.71
24919,Sekhar Barman,True,0.458679041056276,finishing allrounder,0.0,,0.0,5.0,7.776699029126213,0.0,,-2.9999999999999996,10.0,36.96
24920,Nasir Ullah,False,0.3932525917824249,top/middle,107.0,,107.0,,,107.0,,,8.0,24.47
24921,Manashjyoti Gogoi,True,0.45928654221992704,top/middle,57.0,,93.44262295081967,,,93.44262295081967,-44.999999999999986,,4.0,33.07
24922,Sunil Lachit,False,0.49259109236338444,finishing allrounder,37.0,,154.16666666666666,26.0,6.08,3.130841089688586,5.9999999999999964,2.499999999999999,16.0,25.97
24926,Vikram Rawat,False,0.44661055864721483,batting allrounder,0.0,,0.0,1.0,7.45945945945946,0.0,,,2.0,22.99
24928,Siddarth Sharma,False,0.382281166240466,batting allrounder,47.0,,82.45614035087719,14.0,4.666666666666667,82.45614035087719,,,4.0,26.97
24929,Raj Agarwal,False,0.4158247006282007,batting allrounder,166.0,,167.67676767676767,3.0,6.285714285714286,167.67676767676767,,,4.0,29.1
24931,Denish Ahmed,False,0.48201188540944506,finishing allrounder,73.0,,110.60606060606061,0.0,8.712328767123287,5.620708926687373,27.49999999999999,0.0,10.0,25.27
24932,Asif Wasimul Haque,False,0.39842153191946944,top/middle,107.0,,118.88888888888889,0.0,5.571428571428571,118.88888888888889,,,6.0,
24934,Dibakar Johori,True,0.4664664236039979,finishing allrounder,6.0,,150.0,9.0,6.545454545454546,150.0,,,6.0,
24935,Hridip Deka,False,0.42169551228644914,finishing allrounder,14.0,,93.33333333333333,6.0,6.130434782608695,93.33333333333333,,,4.0,26.13
24937,Rabi Chetri,True,0.5366753001886818,finishing allrounder,13.0,,65.0,13.0,6.7611940298507465,27.52428999478669,8.999999999999996,4.999999999999998,9.0,22.95
24938,Sahil Ahmed,False,0.4084969804420362,finishing allrounder,14.0,,41.1764705882353,2.0,5.277777777777778,37.5,-7.999999999999998,0.0,8.0,
24940,Chanakya Sarma,False,0.48802597299771383,finishing allrounder,47.0,,138.23529411764707,13.0,6.174418604651163,1.0979064004995107,20.499999999999993,-4.499999999999998,11.0,37.41
24941,Anurag Talukdar,False,0.5031247469896812,finisher,222.0,,173.4375,,,11.80072371781364,-12.999999999999993,,9.0,27.93
24943,Gunjan Deka,False,0.4403578354068851,batting allrounder,99.0,,137.5,16.0,7.101449275362318,137.5,-92.99999999999999,-5.999999999999999,10.0,25.1
24945,Nilotpal Das,False,0.39927740833164194,finisher,0.0,,0.0,0.0,8.571428571428571,0.0,,,1.0,24.71
24947,Pushparaj Sharma,False,0.4821067844824197,finishing allrounder,1.0,,14.285714285714286,37.0,5.609756097560975,100.0,-0.9999999999999998,-1.9999999999999996,25.0,31.19
24948,Akash Chetri,False,0.4943511171244945,finishing allrounder,162.0,,131.70731707317074,8.0,6.4945054945054945,98.21428571428571,51.99999999999997,5.999999999999999,15.0,24.47
24949,Kunal Sarma,False,0.5075578657257396,finishing allrounder,95.0,,141.7910447761194,7.0,8.029411764705882,5.085721437545764,-16.499999999999996,0.4999999999999999,8.0,26.81
250,Aaron Finch,True,0.6258591156315643,opener,618.0,,118.61804222648752,,,2.7382879809125806,363.99999999999994,,27.0,39.03
25027,Abir Chakraborty,False,0.4871193351845598,finishing allrounder,31.0,,64.58333333333333,12.0,6.73109243697479,1.438818901185841,-10.499999999999996,0.0,11.0,27.02
25030,Zaman Khan,True,0.5652027089744918,finishing allrounder,9.0,,81.81818181818181,11.0,7.012345679012346,1.1281701807502524,-6.999999999999998,2.9999999999999996,12.0,24.21
25048,Umran Malik,True,0.6486217917754099,finishing allrounder,28.0,,155.55555555555554,48.0,8.101960784313725,1.003288155540864,19.999999999999993,-2.4999999999999996,37.0,26.01
25108,Ayush Singh,False,0.42032299440024495,top/middle,43.0,,113.15789473684211,,,113.15789473684211,26.999999999999993,,8.0,22.18
25128,Nqabayomzi Peter,True,0.483471183383989,finishing allrounder,18.0,,105.88235294117646,7.0,8.271428571428572,2.451851115784055,,-4.999999999999998,6.0,23.96
25132,Praful Hinge,False,0.3898815424349154,finishing allrounder,6.0,,100.0,8.0,8.535211267605634,100.0,,,6.0,23.85
25133,Kshitiz Dahiya,False,0.3916541776991659,finishing allrounder,62.0,,105.08474576271186,3.0,6.4186046511627906,105.08474576271186,,,6.0,27.68
25136,Adhyan Daga,False,0.4011629334412429,top/middle,178.0,,167.9245283018868,0.0,10.0,167.9245283018868,,,7.0,26.01
25138,Harsh Dubey,True,0.5723787636179506,finishing allrounder,76.0,,110.14492753623189,11.0,7.7101449275362315,0.8138127575826875,36.99999999999999,2.6999999999999993,13.0,23.35
25139,Shubham Dubey,True,0.6245948075467583,finisher,565.0,,152.7027027027027,,,1.8443046350149455,46.1,,27.0,31.25
25148,Aniruddha Choudhari,False,0.38502745090013435,opener,45.0,,104.65116279069767,0.0,6.0,104.65116279069767,,,5.0,26.39
25150,Akshay Dullarwar,False,0.3859947158384376,finishing allrounder,5.0,,71.42857142857143,1.0,7.161290322580645,71.42857142857143,,,5.0,28.62
25151,Yash Kadam,False,0.4016932839983802,batting allrounder,184.0,,132.37410071942446,4.0,6.0,132.37410071942446,,,7.0,25.91
25152,Ganesh Bhosle,False,0.3828976106605435,finishing allrounder,4.0,,40.0,3.0,5.1940298507462686,40.0,,,5.0,24.15
25155,Tushar Kadu,False,0.3815822172415382,top/middle,10.0,,90.9090909090909,,,90.9090909090909,,,3.0,19.02
25156,Shivam Deshmukh,False,0.4076242134735945,top/middle,113.0,,144.87179487179486,,,144.87179487179486,,,7.0,24.18
25160,Satyam Bhoyar,False,0.38354682159568854,top/middle,28.0,,87.5,0.0,10.0,87.5,,,5.0,23.71
25162,Sooraj Rai,False,0.39891254534834353,finishing allrounder,23.0,,115.0,6.0,6.605504587155964,115.0,,,7.0,29.12
25170,Parth Rekhade,False,0.4207939079788503,batting allrounder,110.0,,161.76470588235293,2.0,7.514563106796117,1.3051442909057234,107.99999999999997,1.9999999999999996,6.0,26.36
25172,Aman Mokhade,False,0.46231089132121994,top/middle,90.0,,104.65116279069767,0.0,14.0,1.9222857317293756,29.333333333333325,,7.0,24.86
25173,Mandar Mahalle,False,0.42205766526246236,batting allrounder,107.0,,113.82978723404256,2.0,7.972602739726027,1.6594171837176666,80.99999999999996,1.9999999999999996,6.0,
25181,Nayan Chavan,False,0.4419809360069417,finisher,13.0,,65.0,,,65.0,,,2.0,25.86
25182,Gaurav Dhoble,False,0.3857384955508516,finishing allrounder,16.0,,61.53846153846154,3.0,7.0,61.53846153846154,,,3.0,
25184,Rahul Dongarwar,False,0.384060366565818,finishing allrounder,0.0,,0.0,2.0,8.105263157894736,0.0,,,3.0,23.58
25187,Shanmesh Deshmukh,False,0.3921777584660212,finishing allrounder,4.0,,57.142857142857146,13.0,9.695121951219512,57.142857142857146,,,7.0,26.48
25213,Dewald Brevis,True,0.6272738479953438,top/middle,722.0,,155.93952483801297,1.0,16.0,2.206165489500898,104.19999999999997,,24.0,22.58
25216,Andile Simelane,True,0.4830156499646118,finishing allrounder,34.0,,94.44444444444444,5.0,9.947368421052632,1.362036133474736,-7.999999999999998,-2.9999999999999996,6.0,22.9
2523,Will Young,False,0.5089799448061613,top/middle,221.0,,87.6984126984127,,,4.4105607524132795,-8.642857142857144,,16.0,33.01
25231,Samay Shrivastava,True,0.4763144782989965,finishing allrounder,15.0,,53.57142857142857,3.0,8.08860759493671,4.166666666666665,10.999999999999998,0.9999999999999998,9.0,34.71
2526,Ish Sodhi,True,0.6604977133514318,finishing allrounder,103.0,,88.79310344827586,49.0,7.897897897897898,1.1506073884172012,4.2,2.6999999999999997,53.0,33.07
2531,Joe Root,False,0.47096299186849033,top/middle,10.0,,66.66666666666667,0.0,7.0,66.66666666666667,,,3.0,34.91
2533,Najibullah Zadran,True,0.6036602397487016,finisher,373.0,,122.69736842105263,,,2.4892670101213374,53.499999999999986,,24.0,32.74
2534,Rahmat Shah,True,0.4397139714664682,top/middle,3.0,,50.0,,,50.0,,,1.0,32.39
25341,Mahfuzur Rabby,False,0.4168151308840509,finishing allrounder,20.0,,58.8235294117647,2.0,6.657534246575342,2.708638360175695,-9.999999999999996,-1.9999999999999996,5.0,20.55
25353,Numan Shah,False,0.41650555085650465,top/middle,20.0,,105.26315789473684,,,105.26315789473684,,,1.0,19.6
25534,Chad Bowes,False,0.4882400354957235,opener,157.0,,121.70542635658914,,,2.396036228806976,,,8.0,33.11
2558,Jayojit Basu,False,0.43100259652061373,opener,141.0,,106.81818181818181,,,106.81818181818181,,,9.0,36.2
2561,Sandipan Das Sr,False,0.43010307572150547,finishing allrounder,53.0,,69.73684210526316,8.0,9.6,69.73684210526316,-30.999999999999986,-3.999999999999999,12.0,32.99
2563,Arnab Nandi,True,0.5515873232248368,finishing allrounder,25.0,,75.75757575757575,6.0,8.0,75.75757575757575,6.999999999999999,0.0,9.0,38.21
2564,WS Porel,False,0.4209006207151374,top/middle,223.0,,92.5311203319502,,,92.5311203319502,-122.99999999999997,,14.0,36.24
25662,Jarajapu Durgakumar,False,0.41644010142937793,finishing allrounder,23.0,,82.14285714285714,1.0,8.307692307692308,82.14285714285714,4.999999999999998,0.9999999999999998,5.0,25.19
25663,Mitta Reddy,False,0.42666635628757454,finisher,177.0,,152.58620689655172,,,152.58620689655172,2.9999999999999996,,12.0,23.85
25664,Yarragunta Pramod,False,0.42711421145054546,finishing allrounder,4.0,,40.0,9.0,9.0,40.0,1.9999999999999996,-2.9999999999999996,8.0,27.08
25665,Uddaraju Varma,False,0.40934043776382056,finishing allrounder,0.0,,0.0,4.0,7.147826086956521,0.0,,,5.0,26.32
25666,Sujit Yadav,False,0.4409799608586799,finishing allrounder,90.0,,100.0,13.0,5.558139534883721,100.0,19.999999999999993,-4.999999999999998,13.0,34.44
25669,Priyansh Arya,True,0.6419339355151373,opener,1865.0,,173.97388059701493,0.0,9.454545454545455,4.490196422152692,386.4999999999999,0.0,48.0,24.86
25670,Samar Dubhashi,False,0.43517580997462396,finisher,6.0,,54.54545454545455,,,54.54545454545455,,,1.0,30.18
25671,Umang Kumar,False,0.5089554115313182,top/middle,280.0,,145.83333333333334,0.0,10.0,2.1292435943067938,36.49999999999999,,14.0,24.96
25672,Abhinav Tandel,False,0.38599628696095223,finisher,4.0,,50.0,1.0,11.1,50.0,,,1.0,27.18
25676,Sajeevan Akhil,False,0.5467177297316169,finishing allrounder,475.0,,110.72261072261072,26.0,6.824242424242424,7.6156286919675935,34.99999999999998,2.499999999999999,33.0,34.73
25678,Swapnil Fulpagar,False,0.468982388858827,top/middle,90.0,,116.88311688311688,,,116.88311688311688,,,3.0,27.03
25679,Salil Arora,False,0.5170453222581628,top/middle,673.0,,147.58771929824562,,,147.58771929824562,25.499999999999982,,28.0,23.05
25680,Suraj Ahuja,False,0.5406690218073309,finisher,823.0,,144.13309982486865,,,1.7634583678355606,52.29999999999999,,40.0,26.18
25683,PS Poonia,True,0.5749877038246928,finishing allrounder,55.0,,148.64864864864865,8.0,8.089887640449438,5.051674223757565,18.99999999999999,0.0,8.0,30.96
25686,SS Majumder,False,0.4525104266374175,finisher,3.0,,50.0,1.0,8.5,50.0,,,1.0,37.94
25687,Bikramkumar Das,False,0.49778941764034984,opener,326.0,,126.84824902723736,,,1.3670002700369857,-35.400000000000006,,11.0,26.03
25689,Amit Ali,False,0.4689162488853066,finishing allrounder,19.0,,76.0,2.0,11.617021276595745,6.952417171800311,-0.4999999999999999,0.0,4.0,23.09
25692,Bobby Yadav,False,0.5199856236614179,finishing allrounder,98.0,,98.98989898989899,19.0,8.693548387096774,3.157306259729148,11.999999999999995,-5.499999999999998,20.0,27.93
25694,Chandan Sahani,True,0.5284148698093073,finisher,52.0,,108.33333333333333,,,108.33333333333333,,,3.0,27.82
25695,Akshat Pandey,False,0.49959392196099034,finishing allrounder,73.0,,119.67213114754098,7.0,9.297520661157025,3.4299013392646476,-2.214285714285715,1.6428571428571435,15.0,32.69
25696,Yuvraj Singh,False,0.48518305924487704,finishing allrounder,12.0,,100.0,15.0,6.941704035874439,1.2180576879287153,4.999999999999998,-1.5000000000000002,10.0,27.26
25697,Aravind Kothandapani,False,0.4731283117052836,top/middle,284.0,,121.88841201716738,,,121.88841201716738,,,10.0,
25700,L Singha,False,0.47933874729689185,finishing allrounder,16.0,,80.0,4.0,8.113636363636363,1.042235870489349,13.999999999999996,1.9999999999999996,6.0,28.93
25704,Md Saptulla,False,0.49642893354096784,finishing allrounder,21.0,,84.0,12.0,7.7215189873417724,5.065464394704865,3.499999999999999,3.499999999999999,15.0,27.46
25705,James Lepcha,False,0.38582177792662387,top/middle,60.0,,73.17073170731707,,,73.17073170731707,,,6.0,36.59
25706,Sourabh Majumdar,True,0.5815335032197707,finishing allrounder,21.0,,105.0,31.0,7.678958785249458,0.8615906907766742,2.0999999999999996,6.299999999999998,20.0,26.81
25708,Nikhil Kohli,False,0.4658204962617939,finishing allrounder,13.0,,144.44444444444446,8.0,5.931818181818182,144.44444444444446,,,4.0,20.48
25710,Amrit Lubana,False,0.4081332187113852,finishing allrounder,123.0,,101.65289256198348,11.0,7.282442748091603,7.632490752530564,94.99999999999997,8.999999999999996,10.0,28.6
25712,bharath sharma,True,0.6519529127186258,finishing allrounder,188.0,,108.04597701149426,51.0,6.996515679442509,1.5542395593383627,-2.0000000000000004,-0.8000000000000007,39.0,30.03
25715,Pite van Biljon,False,0.4670243645677601,finisher,36.0,,120.0,,,120.0,,,3.0,39.62
2573,Evin Lewis,True,0.6428977765052777,opener,986.0,,148.94259818731118,,,2.0984930811559286,-55.2,,42.0,33.92
25780,Harshit Rathoad,False,0.45675035990416396,finishing allrounder,0.0,,0.0,2.0,8.523364485981308,0.0,,,5.0,27.32
25843,Jay Gohil,False,0.5391911328923501,top/middle,764.0,,139.9267399267399,,,1.8273200765559978,39.6,,30.0,24.95
25844,Navneet Vora,False,0.45654602269862765,finishing allrounder,0.0,,0.0,9.0,6.917197452229299,0.0,,-6.999999999999998,8.0,30.93
25845,Aezaz Kothariya,False,0.4907251488256463,top/middle,176.0,,113.54838709677419,,,113.54838709677419,1.7857142857142858,,12.0,30.32
26075,Indrajit Orang,False,0.3822636833554458,finisher,111.0,,94.0677966101695,,,94.0677966101695,,,8.0,26.06
26076,Agniswar Das,False,0.392966981665269,top/middle,80.0,,108.10810810810811,,,108.10810810810811,,,5.0,18.04
2611,Alex Ross,False,0.4758711044815794,top/middle,460.0,,118.25192802056556,,,9.409444986549252,-243.99999999999994,,19.0,33.61
26157,Mithilesh Das,False,0.3896836812619063,finishing allrounder,8.0,,44.44444444444444,1.0,7.880597014925373,44.44444444444444,,,6.0,31.98
26159,Anik Nandi,False,0.41481394716129844,finisher,10.0,,166.66666666666666,1.0,8.0,166.66666666666666,,,3.0,24.67
26161,Chandan Singh,False,0.4057454139040487,finishing allrounder,126.0,,144.82758620689654,9.0,6.222222222222222,144.82758620689654,,,7.0,28.86
26162,Subhankar Das,False,0.37582395580364747,opener,2.0,,28.571428571428573,1.0,7.68,28.571428571428573,,,1.0,
26165,Ronak Agarwal,False,0.40449600861608304,opener,221.0,,106.76328502415458,12.0,4.972222222222222,106.76328502415458,,,10.0,25.21
26169,Sonu Singh,False,0.4104555481865703,finishing allrounder,104.0,,160.0,9.0,5.640718562874252,160.0,,,8.0,29.91
2633,Jason Holder,True,0.6964687864692982,finishing allrounder,664.0,,131.22529644268775,112.0,8.058371735791091,1.9215759028334354,10.999999999999998,-2.6,85.0,34.06
2636,Adam Zampa,True,0.6653355128858798,finishing allrounder,32.0,,62.745098039215684,68.0,8.07,0.7498964132067526,-0.6000000000000001,2.4999999999999996,53.0,33.66
2639,Marcus Stoinis,True,0.7020141055181025,finishing allrounder,1760.0,,146.05809128630705,42.0,8.874015748031496,2.4759006962070265,47.2,0.7000000000000004,97.0,36.28
26459,Bikash Das,False,0.48359195706147917,finisher,213.0,,85.88709677419355,,,20.621848355143676,7.9999999999999885,,21.0,25.8
26468,Sourav Dey,False,0.44721433830527757,finishing allrounder,2.0,,50.0,0.0,11.076923076923077,0.6924183694528013,,,3.0,21.93
26497,Rajkumar Pal,False,0.40528062568287426,finishing allrounder,5.0,,38.46153846153846,5.0,8.035714285714286,38.46153846153846,,,6.0,
26498,Tanmoy Pramanick,False,0.4358016983852417,finishing allrounder,72.0,,124.13793103448276,2.0,10.0,124.13793103448276,23.999999999999996,,7.0,31.09
2650,Raymon Reifer,False,0.49878334920945044,finishing allrounder,57.0,,101.78571428571429,4.0,8.74074074074074,2.4747640860362567,-3.999999999999999,1.9999999999999996,6.0,34.55
26514,Nimesh Vimukthi,False,0.43664466213879755,finishing allrounder,23.0,,121.05263157894737,1.0,7.747572815533981,121.05263157894737,,,4.0,28.56
26519,Janith Liyanage,True,0.5419398109264038,top/middle,95.0,,85.58558558558559,,,3.121049297614631,4.999999999999999,,6.0,30.38
26530,Treveen Mathew,False,0.38632856850573755,finishing allrounder,4.0,,28.571428571428573,7.0,4.909090909090909,28.571428571428573,,,3.0,21.45
2654,Kesrick Williams,False,0.45839330927270344,finisher,9.0,,60.0,0.0,5.0,60.0,,,1.0,35.88
26543,Kaushik Giri,False,0.48096233278502687,batting allrounder,308.0,,103.70370370370371,11.0,4.981132075471698,5.032555171003784,79.99999999999997,8.999999999999996,19.0,29.0
26557,Abhijeet Bhagat,False,0.4036004441046551,opener,40.0,,97.5609756097561,,,97.5609756097561,,,4.0,22.13
2657,Rahkeem Cornwall,False,0.3950012829161528,opener,22.0,,122.22222222222223,4.0,6.885245901639344,122.22222222222223,,,3.0,32.82
2661,Shamarh Brooks,True,0.5523494254837102,top/middle,150.0,,95.54140127388536,,,1.651391049812689,,,8.0,37.15
26646,Rahul Chopra,True,0.47739069580147003,top/middle,108.0,,93.91304347826087,,,1.1287397427833017,-31.999999999999993,,6.0,31.05
26663,Kwena Maphaka,True,0.49336026853624576,finishing allrounder,27.0,,103.84615384615384,14.0,9.428571428571429,1.038182184591576,-4.999999999999998,5.999999999999999,12.0,19.64
2667,Andre McCarthy,False,0.4084255745737851,top/middle,0.0,,0.0,,,0.0,,,1.0,38.47
26692,Kuldeep Gehi,False,0.4524570777665155,top/middle,45.0,,97.82608695652173,,,5.155270303044178,-8.499999999999998,,5.0,30.83
26694,Siddharth Mahesh Patidar,False,0.5073952443761836,top/middle,410.0,,131.4102564102564,,,7.514371048922753,73.85714285714285,,20.0,28.05
26695,Aman B Bhadoriya,False,0.474250967544543,finishing allrounder,174.0,,168.93203883495147,9.0,7.476923076923077,177.77777777777777,13.999999999999996,2.5714285714285707,15.0,24.11
26702,Joseph Lalthankhuma,True,0.5447838789561145,batting allrounder,98.0,,76.5625,2.0,8.4,2.9823869191787904,5.999999999999997,,9.0,25.17
26703,Remruatdika Ralte,True,0.5412904099643668,finishing allrounder,7.0,,53.84615384615385,1.0,7.578947368421052,53.84615384615385,,,3.0,27.31
26704,Vikash Kumar,False,0.4841306211530416,finisher,24.0,,104.34782608695652,,,1.2097018711904077,-9.42055475210265e-16,,6.0,28.99
26707,RB Bishnoi,False,0.4535489915732181,finishing allrounder,2.0,,15.384615384615385,4.0,7.666666666666667,15.384615384615385,,,3.0,35.84
26708,Myendung Singpho,False,0.48424924757209425,batting allrounder,100.0,,129.87012987012986,2.0,9.076923076923077,1.5428238028009573,48.99999999999999,0.0,5.0,29.1
2671,Liton Das,True,0.6571278292173255,opener,2320.0,,123.93162393162393,,,3.594990589919793,127.60000000000001,,90.0,31.12
26713,Kumar Nyompu,False,0.44678111208356464,opener,9.0,,37.5,,,37.5,,,1.0,33.38
26714,Techi Sonam,False,0.3912116209535618,finisher,43.0,,97.72727272727273,1.0,0.75,97.72727272727273,,,9.0,28.48
26716,Hem Chetri,False,0.43685480179233616,finisher,205.0,,119.18604651162791,2.0,10.046511627906977,1.3938140832589485,180.99999999999997,1.9999999999999996,9.0,25.17
26717,Khrievitso Kense,False,0.4483461059741833,finishing allrounder,3.0,,30.0,6.0,9.246575342465754,0.6517997393095765,2.9999999999999996,0.0,9.0,21.72
26722,Rahul Tamang,False,0.39987430305522054,finishing allrounder,23.0,,121.05263157894737,12.0,5.4495412844036695,121.05263157894737,,,10.0,31.84
26734,Ram Gurung,False,0.45873614616835995,finisher,5.0,,83.33333333333333,0.0,11.0,0.697246230432634,-4.999999999999998,,3.0,27.62
26735,Riboklang Hynniewta,False,0.4400193711374342,top/middle,0.0,,0.0,0.0,6.5,0.0,,,2.0,28.2
2680,Nurul Hasan,False,0.5536183030329017,finisher,936.0,,118.33122629582806,,,2.964209223409528,46.99999999999999,,73.0,32.02
2681,Taskin Ahmed,True,0.6623841783392242,finishing allrounder,218.0,,117.20430107526882,98.0,7.3090909090909095,2.245550728753616,18.999999999999996,9.899999999999999,66.0,30.65
26819,Uday Saharan,False,0.45101464591726426,top/middle,119.0,,98.34710743801652,0.0,2.0,98.34710743801652,10.499999999999996,,9.0,21.22
26830,Nishant Kumar Sindhu,True,0.5894317956636473,finishing allrounder,162.0,,136.1344537815126,5.0,6.4,4.423175430359826,-6.500000000000002,0.9999999999999998,9.0,21.63
26831,Siddarth Yadav,False,0.5304675341343478,top/middle,800.0,,148.975791433892,3.0,10.8,7.61273459243749,11.500000000000002,,29.0,22.29
26832,Aneeshwar Gautam Narendra,False,0.553635504569486,top/middle,484.0,,109.50226244343891,4.0,9.0,3.9520507371728164,53.39999999999998,-0.9999999999999997,36.0,22.86
26833,Dinesh Bana,False,0.4443199749295204,top/middle,17.0,,106.25,,,106.25,,,1.0,20.95
26834,Raj Bawa,True,0.603310870247297,finishing allrounder,245.0,,125.0,14.0,7.226277372262774,3.211011560695931,51.39999999999999,4.999999999999999,20.0,23.04
26835,Kaushal Tambe,True,0.5922042353803729,finisher,303.0,,102.71186440677967,2.0,7.785714285714286,4.069753848817071,-45.999999999999986,7.850462293418875e-17,28.0,23.12
26836,Vicky Ostwal,False,0.5444638862367246,finishing allrounder,299.0,,115.0,26.0,6.718110236220473,4.005540245979174,82.99999999999997,1.9999999999999991,30.0,23.24
26837,Ravi Kumar,False,0.43533067927403957,finishing allrounder,6.0,,66.66666666666667,15.0,8.890243902439025,66.66666666666667,,2.1428571428571432,9.0,22.08
26839,Haseebullah Khan,False,0.42096519382803727,top/middle,36.0,,120.0,,,1.1281913227370848,,,3.0,22.69
2684,Sharjeel Khan,False,0.46317995904530646,opener,52.0,,86.66666666666667,,,3.6020496238167894,-1.9999999999999996,,8.0,36.28
26843,Maaz Sadaqat,True,0.4150314926992291,opener,259.0,,167.09677419354838,7.0,4.333333333333333,167.09677419354838,,,5.0,20.53
26848,Ghazi Ghouri,True,0.3926897489622531,top/middle,64.0,,112.28070175438596,,,112.28070175438596,,,5.0,
26854,SM Meherob Hasan,True,0.4976277368280291,finishing allrounder,156.0,,105.4054054054054,12.0,6.55,2.1081080154131806,59.99999999999998,11.999999999999998,15.0,23.33
2687,Roston Chase,True,0.653213796074113,finishing allrounder,564.0,,115.57377049180327,32.0,6.767045454545454,1.070939564403347,104.19999999999997,2.6,39.0,33.68
26882,Divyansh Joshi,False,0.5008325613270448,finishing allrounder,155.0,,142.2018348623853,0.0,10.578947368421053,3.665019234305661,12.499999999999995,0.0,16.0,24.17
26885,Bihari Rai,False,0.49728086899453855,finishing allrounder,1.0,,10.0,50.0,7.262711864406779,0.6352378253510408,-0.9999999999999998,-2.4999999999999987,34.0,26.31
26890,Kunal Tyagi,False,0.45730821596074656,finishing allrounder,0.0,,0.0,21.0,6.79626168224299,0.0,,2.9999999999999996,29.0,
26891,Vishal Pandey,False,0.45861597168782386,top/middle,14.0,,53.84615384615385,,,2.582535222562419,-11.999999999999998,,5.0,44.09
26894,Vineet Dubey,False,0.4222576511881572,finisher,3.0,,60.0,0.0,13.384615384615385,60.0,,,1.0,
26898,Sahab Sing,False,0.38999630815262365,finisher,24.0,,92.3076923076923,1.0,11.4,92.3076923076923,,,3.0,28.19
26899,Kunal Yadav,False,0.44646876404035024,finishing allrounder,2.0,,100.0,3.0,9.027027027027026,100.0,,-0.4999999999999999,10.0,25.93
26901,Anchit Yadav,False,0.3763247535717757,opener,1.0,,14.285714285714286,,,14.285714285714286,,,3.0,23.21
26902,Hannan Rizwan,False,0.40173607321988036,top/middle,45.0,,86.53846153846153,,,86.53846153846153,,,3.0,
26906,Angkrish Raghuvanshi,True,0.6097275955917507,top/middle,785.0,,129.32454695222404,,,4.964497698447029,218.4999999999999,,38.0,20.44
26908,Aaradhya Yadav,False,0.5249583293169076,top/middle,704.0,,117.72575250836121,,,18.088654376304994,114.99999999999997,,30.0,21.48
26909,Yash Dhull,True,0.6428855418000187,top/middle,1215.0,,133.5164835164835,,,3.9098958267667174,77.6,,36.0,23.04
26910,Ansh Gosai,False,0.48906485201171923,top/middle,308.0,,121.25984251968504,3.0,6.0,121.25984251968504,36.50000000000001,,15.0,21.16
26911,Harnoor Singh Pannu,False,0.4867062594409465,opener,791.0,,143.8181818181818,,,143.8181818181818,-426.9999999999999,,16.0,22.83
26913,Shaik Rasheed,True,0.6192294929893106,top/middle,813.0,,127.2300469483568,0.0,10.428571428571429,4.361872303075664,114.49999999999997,0.0,29.0,21.17
26988,Jitenkumar Ramanandi,True,0.40549965068474964,finishing allrounder,25.0,,178.57142857142858,6.0,6.857142857142857,178.57142857142858,,,2.0,31.2
27,Christopher Gayle,True,0.6582527299435337,top/middle,632.0,,114.28571428571429,3.0,5.670329670329671,3.0200950266692277,-149.99999999999994,-0.9999999999999998,33.0,46.18
27004,Hassnain Shah,False,0.4012818470385306,finishing allrounder,1.0,,20.0,2.0,8.930232558139535,0.687656906711917,,,2.0,33.11
27059,Karan Sonavale,True,0.4622220387214049,top/middle,73.0,,115.87301587301587,1.0,9.0,9.210833162782627,30.999999999999986,,6.0,
27069,Utkarsh Sahu,False,0.4163597539867808,finishing allrounder,13.0,,81.25,2.0,9.0,81.25,,,4.0,25.9
27071,Vinayak Shukla,True,0.39917263315673607,finisher,23.0,,92.0,,,2.062970720135751,,,3.0,31.44
27137,Hammad Mirza,True,0.4960189493590688,top/middle,220.0,,132.53012048192772,,,5.925515731241666,133.99999999999994,,9.0,27.55
27196,Rahul Singh,False,0.3912641740855131,finishing allrounder,13.0,,65.0,12.0,5.916666666666667,60.0,,,9.0,33.21
27259,Jishan Alam,True,0.49217391067744193,opener,222.0,,110.44776119402985,7.0,7.9655172413793105,4.259379486413625,191.99999999999997,4.999999999999998,16.0,21.05
27279,Pradeep Yadav,False,0.38686065854274543,finishing allrounder,2.0,,28.571428571428573,6.0,6.8076923076923075,,,,10.0,
27283,Karan Umatt,False,0.38485142314710197,finishing allrounder,3.0,,75.0,10.0,8.520710059171599,,,,10.0,21.35
27285,Amit Bhandari,False,0.3819775672158366,finisher,2.0,,22.22222222222222,,,,,,3.0,47.15
27286,Dhairya Pandey,False,0.3848270624568503,finisher,6.0,,100.0,,,,,,5.0,24.5
27287,Parikshit Patidar,False,0.3983108606601517,finisher,32.0,,133.33333333333334,0.0,6.0,,,,10.0,23.59
27293,Raj Limbani,False,0.42322197403438666,finishing allrounder,23.0,,135.2941176470588,16.0,8.970297029702971,80.0,14.999999999999995,13.999999999999996,15.0,20.81
27296,Atharva Joshi,False,0.39849692506606293,finishing allrounder,65.0,,122.64150943396227,2.0,8.666666666666666,,,,6.0,21.57
27301,Kartik Bharwad,False,0.3858101624619779,finishing allrounder,1.0,,33.333333333333336,1.0,8.384615384615385,,,,9.0,23.18
27302,Dhruv Patel,False,0.3938695336365465,opener,121.0,,123.46938775510205,,,,,,11.0,22.9
27304,Rajveer Jadhav,False,0.40526504997213303,top/middle,143.0,,128.82882882882882,,,,,,9.0,
27306,Aayush Rai,False,0.3785448713270037,top/middle,6.0,,54.54545454545455,,,,,,7.0,23.21
27310,Yashwardhan Singh,False,0.39039922560961826,finisher,13.0,,216.66666666666666,1.0,13.333333333333334,,,,1.0,23.27
27311,Keyur Kale,False,0.3940796660444154,finishing allrounder,21.0,,95.45454545454545,9.0,8.193548387096774,,,,10.0,21.59
27318,Tasmay Bedade,False,0.38774497257726687,finisher,45.0,,115.38461538461539,,,,,,4.0,23.22
27326,Lakshit Toksiya,False,0.39384711644181025,finishing allrounder,5.0,,166.66666666666666,19.0,7.824324324324325,,,,11.0,
27327,Sukirt Pandey,False,0.39968108757777626,top/middle,134.0,,101.51515151515152,1.0,6.529411764705882,,,,6.0,29.7
27328,Lakshy Padhiyar,False,0.40342158045659454,top/middle,121.0,,153.16455696202533,,,,,,8.0,24.14
27342,Amit Passi,False,0.3908070820039367,opener,100.0,,175.43859649122808,,,,,,6.0,26.25
27343,Kinit Patel,False,0.3809183451362099,finisher,13.0,,81.25,,,,,,5.0,24.28
27345,Shlok Desai,False,0.39427477703259556,batting allrounder,77.0,,110.0,4.0,7.457142857142857,,,,11.0,28.22
27349,Rachesh Tandel,False,0.3865027799682942,finisher,64.0,,100.0,,,,,,7.0,
27364,Simranjeet Kang,True,0.3921730250296547,finishing allrounder,2.0,,22.22222222222222,3.0,5.419354838709677,22.22222222222222,,,2.0,29.35
27373,Muhammad Farooq,True,0.474175140101708,finishing allrounder,10.0,,32.25806451612903,7.0,5.928571428571429,0.6810998247310053,-9.999999999999996,-6.999999999999998,5.0,33.14
27380,Harshit Kaushik,True,0.41182147111932754,finishing allrounder,26.0,,108.33333333333333,0.0,12.48,1.0506835244460817,,,5.0,29.19
27391,Vishnu Sukumaran,True,0.4567828470404596,top/middle,15.0,,83.33333333333333,1.0,2.5714285714285716,83.33333333333333,,,2.0,34.9
274,Martin Guptill,True,0.5771951758920486,opener,237.0,,144.5121951219512,,,4.155840018074554,-66.99999999999997,,7.0,39.16
27452,Hemant Punde,False,0.3979831109472998,finishing allrounder,19.0,,118.75,3.0,6.989010989010989,,,,11.0,27.72
27453,Ram Bharwad,False,0.38259163042249483,finisher,7.0,,53.84615384615385,2.0,14.470588235294118,,,,7.0,26.9
27464,Aayan Khan,True,0.3966291714476414,finishing allrounder,9.0,,180.0,2.0,9.285714285714286,180.0,,,2.0,20.03
27465,Nilansh Keswani,True,0.4549830644082698,batting allrounder,24.0,,88.88888888888889,1.0,7.75,88.88888888888889,,,2.0,22.3
27466,Dhruv Parashar,True,0.46012604542189584,finishing allrounder,23.0,,60.526315789473685,1.0,6.257142857142857,1.4288839753449085,20.999999999999993,0.9999999999999998,4.0,20.94
27469,Aryansh Sharma,True,0.42929585886167254,opener,9.0,,50.0,,,50.0,,,2.0,20.98
27478,Utsav Chaudhary,False,0.3876774289231403,finisher,18.0,,100.0,,,,,,11.0,22.49
27487,Mahesh Pithiya,False,0.47153356132187213,finishing allrounder,30.0,,115.38461538461539,16.0,7.447368421052632,300.0,5.999999999999999,1.9999999999999991,21.0,23.93
27490,Akshay more,False,0.4013940722291466,top/middle,125.0,,135.8695652173913,,,,,,7.0,29.19
2750,Alex Carey,False,0.4801321196310203,top/middle,91.0,,95.78947368421052,,,3.3238909187655357,-5.749999999999998,,11.0,34.25
27504,Dushan Hemantha,False,0.4430804115847411,finishing allrounder,13.0,,130.0,19.0,6.180722891566265,4.748294398222632,,,7.0,31.51
27516,Ihsanullah Ihsanullah,False,0.4655243524456706,finishing allrounder,6.0,,75.0,7.0,6.3125,75.0,,,4.0,23.13
27517,Yasir Khan,True,0.4639646270346375,top/middle,106.0,,110.41666666666667,,,6.2305724654942525,-19.999999999999993,,9.0,23.62
2755,Siddhesh Lad,True,0.6089364556136572,batting allrounder,368.0,,123.9057239057239,3.0,6.770642201834862,3.1614183304884267,56.57142857142857,-0.028571428571428633,16.0,33.51
2756,Shashank Singh,True,0.666174854440295,finisher,1274.0,,143.30708661417322,20.0,9.109311740890687,2.2203317801503117,173.80000000000004,2.5999999999999988,65.0,34.02
2758,Kevin Almeida,False,0.4866948015101276,top/middle,343.0,,129.92424242424244,0.0,18.0,9.974047003591966,150.49999999999994,,9.0,25.9
2767,Shivam Sharma,False,0.46568806289261677,finishing allrounder,161.0,,146.36363636363637,14.0,8.514851485148515,146.36363636363637,34.999999999999986,-1.9999999999999996,17.0,32.21
2772,Abhay negi,True,0.5707570381746352,finishing allrounder,131.0,,154.11764705882354,7.0,7.632,21.430518664368204,-21.499999999999996,-4.999999999999998,10.0,33.11
278,Tim Southee,True,0.6655080157910261,finishing allrounder,50.0,,89.28571428571429,60.0,7.733041575492341,0.8548052223588523,5.0,-1.9999999999999996,39.0,36.96
2780,Liyan Khan,False,0.496843764848712,top/middle,115.0,,108.49056603773585,,,6.03062194594681,,,7.0,34.02
2781,Ravikumar Samarth,True,0.6434661038978416,opener,772.0,,130.18549747048903,3.0,7.392857142857143,30.28345583243621,-20.000000000000004,2.9999999999999996,29.0,32.84
2790,Praveen Dubey,False,0.5984929376122641,finishing allrounder,487.0,,146.24624624624624,31.0,7.924324324324324,2.3608371773065784,42.68571428571428,0.9999999999999998,38.0,32.41
27953,Jyotsnil Singh,False,0.5131702007603455,opener,340.0,,128.78787878787878,2.0,3.8181818181818183,7.35257817205781,10.999999999999998,,18.0,27.95
27956,Prashant Solanki,True,0.6610679022244897,finishing allrounder,67.0,,126.41509433962264,57.0,8.431654676258994,1.5784697029856047,-6.499999999999998,5.8999999999999995,44.0,25.76
27957,Siddharth Raut,True,0.5467716437277069,finishing allrounder,11.0,,122.22222222222223,23.0,7.738515901060071,122.22222222222223,,2.499999999999999,15.0,32.43
27958,Sachin Yadav,True,0.6004264360709773,top/middle,474.0,,133.89830508474577,,,2.820878584519137,81.99999999999997,,20.0,31.64
27959,Hrithik Shokeen,True,0.6744342480776784,finishing allrounder,447.0,,122.46575342465754,22.0,7.5,1.835106620764691,23.699999999999992,0.7999999999999998,38.0,25.86
27960,Mayank Yadav,True,0.5563948427314449,finishing allrounder,1.0,,100.0,19.0,7.166666666666667,100.0,,1.1,14.0,23.45
27961,Dev Lakra,False,0.48502728634320147,finishing allrounder,235.0,,129.12087912087912,2.0,9.953488372093023,0.8996429654839694,93.99999999999999,1.9999999999999996,19.0,22.42
27962,Saurav Chauhan,True,0.6271796046469367,top/middle,446.0,,135.56231003039514,0.0,11.0,2.057335332975956,47.4,,20.0,25.5
27964,Anshul Kamboj,True,0.6034348363770582,finishing allrounder,34.0,,85.0,20.0,8.279635258358663,1.8814249291955263,1.3999999999999995,1.7999999999999994,19.0,24.97
27968,Avdhoot Dandekar,False,0.44665892530791523,opener,25.0,,86.20689655172414,,,86.20689655172414,,,2.0,35.39
27969,Anubhav Santosh Agarwal,False,0.44016124583315297,finishing allrounder,27.0,,150.0,3.0,9.473684210526315,183.33333333333334,4.999999999999998,0.9999999999999998,7.0,29.07
27970,Gurnoor Singh,False,0.5616332082127715,finishing allrounder,92.0,,148.38709677419354,32.0,8.13953488372093,1.111312493331982,13.999999999999996,13.999999999999996,24.0,25.51
27971,Prerit Dutta,False,0.5536520289934934,finishing allrounder,435.0,,138.53503184713375,35.0,6.94949494949495,138.53503184713375,-65.99999999999999,-3.9999999999999982,29.0,27.18
27972,Aditya Jadeja,False,0.44293494503019465,finishing allrounder,9.0,,69.23076923076923,21.0,7.560975609756097,69.23076923076923,,7.499999999999997,13.0,23.69
27973,Kevin Jivrajani,False,0.4717232642083797,top/middle,144.0,,102.12765957446808,,,102.12765957446808,-6.999999999999998,,6.0,27.28
27976,Rakesh Pattanaik,False,0.5135480073190681,finishing allrounder,154.0,,122.22222222222223,13.0,7.11377245508982,3.784678181478887,-16.999999999999996,0.9999999999999998,15.0,33.41
27980,Shahbaz Hussain,False,0.4025827360680164,finisher,16.0,,55.172413793103445,,,4.325916781456764,3.999999999999999,,4.0,28.96
27981,Vishvas Malik,False,0.4256310708452181,finishing allrounder,9.0,,100.0,2.0,12.0,100.0,,,4.0,28.08
28,Ishant Sharma,True,0.6345704726525297,finishing allrounder,6.0,,46.15384615384615,43.0,7.606879606879607,1.1437908496732028,1.4999999999999998,0.7999999999999999,40.0,37.23
2800,Ganga Sridhar Raju,False,0.56710994394211,opener,968.0,,115.65113500597371,13.0,7.206030150753769,5.257892291739481,-36.6,0.08571428571428556,39.0,32.59
28018,Ashok Sharma,True,0.38852225001950047,finishing allrounder,0.0,,0.0,3.0,8.024096385542169,0.0,,,3.0,23.44
28019,Ramesh Kumar,False,0.40844519316776917,finishing allrounder,11.0,,137.5,11.0,6.634615384615385,137.5,,,11.0,26.9
28020,Shubham Garhwal,False,0.4765968075841957,top/middle,35.0,,116.66666666666667,,,1.7523129598220866,20.999999999999993,,3.0,30.54
28021,Saurabh Dubey,False,0.46800788776892366,finishing allrounder,11.0,,55.0,8.0,7.608695652173913,55.0,,,7.0,27.84
28183,Eden Tom,False,0.4659599922165578,finishing allrounder,109.0,,137.9746835443038,11.0,8.112359550561798,2.4841377997831264,-80.99999999999996,-4.999999999999998,19.0,20.4
2823,Sohrab Dhaliwal,True,0.6547294919924341,finishing allrounder,625.0,,168.01075268817203,26.0,7.403389830508474,1.2848042748428539,-78.49999999999999,-3.4999999999999996,35.0,34.02
28280,Sarvesh Rohilla,True,0.5159283291042136,finisher,45.0,,125.0,,,125.0,,,3.0,21.97
28353,Saurav Kr Shan,False,0.43494262190922756,opener,54.0,,83.07692307692308,,,83.07692307692308,35.999999999999986,,7.0,26.92
28354,Debajit Boruah,False,0.5168745094956929,batting allrounder,305.0,,94.1358024691358,16.0,5.2405063291139244,8.019226001361183,-36.49999999999999,0.0,20.0,32.85
28355,Nabajeet Ghosh,False,0.4708182769702698,top/middle,46.0,,97.87234042553192,,,1.3501554210357647,33.99999999999999,,9.0,31.81
28358,Priyangshu Dutta,False,0.4593950553436324,finisher,49.0,,104.25531914893617,,,104.25531914893617,,,7.0,21.59
28359,Arnab Borah,False,0.41519023925642756,top/middle,211.0,,88.65546218487395,,,98.7012987012987,-58.999999999999986,,12.0,20.85
28363,Pranjit Bora,False,0.44843348378320164,finisher,81.0,,75.70093457943925,0.0,6.0,27.400180305547295,-52.99999999999999,,11.0,
28368,Debraj Shrestha,False,0.45064376551848595,finishing allrounder,43.0,,110.25641025641026,5.0,4.188679245283019,110.25641025641026,,,3.0,
28374,Joges Sarma,False,0.41407455925993103,top/middle,0.0,,0.0,,,0.0,,,3.0,
28393,Dhruba Jyoti Das,True,0.5784805091038322,finishing allrounder,133.0,,103.90625,7.0,5.718120805369128,6.26798932259463,-34.999999999999986,-2.9999999999999996,11.0,30.9
28394,Bijoy Deb,False,0.4436740362829991,batting allrounder,34.0,,94.44444444444444,6.0,6.473684210526316,94.44444444444444,,,3.0,
28396,Saurav Dey,False,0.4712118844962678,finishing allrounder,76.0,,102.70270270270271,2.0,7.9772727272727275,1.1159956464190772,-7.999999999999998,0.0,8.0,
28401,Bikash Chetry,False,0.45079128419448194,finishing allrounder,36.0,,48.0,21.0,4.622568093385214,45.45454545454545,15.999999999999996,14.999999999999995,12.0,
28402,Amanjit Daulagupu,False,0.38219041923933117,finishing allrounder,14.0,,50.0,0.0,4.0,50.0,,,2.0,
28406,Uday Shankar Das,False,0.43939898479716333,finisher,18.0,,120.0,,,120.0,,,3.0,
28408,Arijit Dutta,False,0.41570458953418865,opener,16.0,,53.333333333333336,,,53.333333333333336,,,3.0,
28410,Jogeswar Bhumij,False,0.4829773093945745,finishing allrounder,106.0,,117.77777777777777,9.0,4.090909090909091,117.77777777777777,,,5.0,33.41
28411,Kallol Bhuyan,False,0.43104532541500695,top/middle,18.0,,78.26086956521739,,,78.26086956521739,,,5.0,
28412,Siddartha Sankar Baruah,True,0.4903573914381848,batting allrounder,237.0,,158.0,4.0,7.151515151515151,158.0,,,5.0,
28413,Dibash Hazarika,True,0.5656260376256527,top/middle,287.0,,108.30188679245283,1.0,6.428571428571429,3.890393872368022,206.9999999999999,-0.9999999999999998,20.0,
28414,Rohit Prasad Rowniar,True,0.5282302768026191,finishing allrounder,29.0,,85.29411764705883,15.0,6.101694915254237,7.890242523339209,-26.999999999999993,-2.9999999999999996,10.0,
28417,Dipankar Borah,False,0.4310482993770309,top/middle,24.0,,66.66666666666667,,,66.66666666666667,,,2.0,
28420,Shraban Kumar Khound,False,0.444368841947854,top/middle,128.0,,93.43065693430657,0.0,4.0,16.506944830387035,-11.999999999999998,,8.0,
28421,Daikho Das,False,0.4668752858786574,finishing allrounder,74.0,,100.0,3.0,7.52112676056338,100.0,,,5.0,19.57
28422,Pawan Kr Majhi,False,0.4323220700069523,finishing allrounder,15.0,,46.875,5.0,4.56198347107438,46.875,,,5.0,
28423,Abinash Rowniar,True,0.4997838976508976,finisher,32.0,,53.333333333333336,,,0.6891378141418264,-31.999999999999993,,6.0,
28424,Rahul Rajak,False,0.4149977399917734,finisher,0.0,,0.0,,,0.0,,,1.0,
28426,Bikash Kurmi,True,0.5260689013116591,finishing allrounder,20.0,,51.282051282051285,10.0,4.690140845070423,1.8117810415617088,-3.999999999999999,-3.999999999999999,8.0,
28427,Aamir Noor Ali,True,0.45143324540098057,top/middle,34.0,,70.83333333333333,1.0,8.625,70.83333333333333,,,5.0,
28428,Kishan Rajak,False,0.42867013970302004,finishing allrounder,0.0,,0.0,3.0,7.880597014925373,0.0,,,4.0,
28430,Parag Barman,False,0.4633518920421198,finishing allrounder,1.0,,50.0,2.0,7.5,0.697246230432634,-0.9999999999999998,0.0,5.0,35.28
28431,Nipujit Kalita,False,0.3988757422399976,finisher,6.0,,46.15384615384615,,,46.15384615384615,,,4.0,26.01
28433,Pritish Raha Ray,False,0.43256657163411355,finishing allrounder,0.0,,0.0,10.0,5.389830508474576,0.0,,7.999999999999998,8.0,21.9
28437,Ranjan Bikash Das,False,0.4300229480142187,finishing allrounder,2.0,,50.0,2.0,9.627906976744185,50.0,,1.9999999999999996,7.0,19.04
28438,Hrishikesh Das,False,0.4216274834927038,finisher,28.0,,215.3846153846154,,,215.3846153846154,,,3.0,19.11
28444,Anup Bhujel,False,0.4108330291347962,finishing allrounder,13.0,,40.625,2.0,6.821917808219178,,,,6.0,
28450,Sanjib Barman,False,0.4582143557439721,batting allrounder,311.0,,92.55952380952381,15.0,5.977528089887641,111.32075471698113,-192.9999999999999,-12.999999999999993,17.0,22.87
28458,Rohan Hazarika,True,0.4493432273607105,top/middle,111.0,,100.0,,,100.0,-4.999999999999998,,9.0,21.4
28460,Tajinder Singh,True,0.4909871222149594,finishing allrounder,188.0,,137.22627737226279,19.0,4.906882591093117,158.46153846153845,-71.99999999999997,-12.999999999999993,19.0,
28461,Mit Rajkumar,False,0.396725842711112,opener,15.0,,83.33333333333333,,,,,,1.0,21.03
28464,Angshuman Katoni,False,0.4217220476273759,top/middle,230.0,,98.71244635193133,,,88.23529411764706,-183.99999999999994,,13.0,22.7
28465,Mayukh Hazarika,True,0.4616053243073013,finishing allrounder,15.0,,60.0,12.0,7.984962406015038,60.0,0.9999999999999998,-5.999999999999999,9.0,21.66
28466,Shuhel Rahman,False,0.4151915731686501,finishing allrounder,24.0,,80.0,4.0,9.875,80.0,,,5.0,
2847,Shardul Thakur,True,0.6814890407525069,finishing allrounder,330.0,,138.65546218487395,82.0,8.708926261319535,1.4414636748322855,-6.899999999999998,-1.6000000000000003,72.0,34.11
28472,Om Mahanta,False,0.39682366654445994,finishing allrounder,7.0,,70.0,0.0,10.25,70.0,,0.0,2.0,
28475,Kironjyoti Saikia,False,0.432256427344986,finishing allrounder,1.0,,100.0,2.0,4.588235294117647,100.0,,,4.0,
28476,Sumanta Jha,False,0.4473524553124831,batting allrounder,31.0,,93.93939393939394,3.0,7.714285714285714,93.93939393939394,,,2.0,
28477,Diptesh Saha,False,0.43665672654106996,opener,20.0,,60.60606060606061,1.0,9.529411764705882,60.60606060606061,,,4.0,
28478,Wasim Ahmed,True,0.5062085622297468,finisher,8.0,,40.0,,,40.0,3.999999999999999,,5.0,23.95
28479,Hirok Jyoti Deka,True,0.5597422864124522,top/middle,262.0,,112.44635193133047,1.0,6.136363636363637,4.280805686514064,73.99999999999999,,17.0,
28482,Naheen Islam,True,0.4439376949287712,top/middle,33.0,,82.5,,,82.5,,,4.0,20.21
28484,Gaurav Saikia,False,0.42381023466006673,opener,23.0,,63.888888888888886,,,0.6926268857914529,-11.499999999999996,,2.0,
28486,Moina Basfor,False,0.4318775176133914,top/middle,10.0,,58.8235294117647,,,1.0461735423507283,7.999999999999998,,4.0,
28488,Ashim Das,False,0.43266447984162887,finisher,54.0,,87.09677419354838,,,87.09677419354838,,,4.0,
28490,Rohit Sen,True,0.5615104233749387,top/middle,324.0,,137.87234042553192,0.0,9.0,2.1021786103330338,9.499999999999986,,17.0,
28492,Samrat Biswas,True,0.5039043553287584,finishing allrounder,8.0,,57.142857142857146,13.0,4.718181818181818,57.142857142857146,,6.999999999999998,11.0,
28502,Sujit Nandi,False,0.42744231516761816,finisher,21.0,,72.41379310344827,,,72.41379310344827,,,2.0,
28505,Affan Ahmed,True,0.5596861279712151,finisher,205.0,,104.06091370558376,,,3.1755142624436083,106.99999999999997,,20.0,20.14
28509,Kalyan Gogoi,True,0.48416793986924817,batting allrounder,106.0,,88.33333333333333,8.0,6.850393700787402,88.33333333333333,,,5.0,34.22
28511,Pracheer Changmai,False,0.4420689620326182,finishing allrounder,47.0,,79.66101694915254,9.0,4.810344827586207,79.66101694915254,,,5.0,
28514,Santanu Dhar,True,0.46830308518481134,finishing allrounder,19.0,,126.66666666666667,8.0,5.857142857142857,126.66666666666667,,,7.0,
28515,Ritupan Phatowali,False,0.41497064642719517,finisher,59.0,,100.0,,,100.0,,,4.0,35.72
28517,Raju Das,True,0.4469206827820739,top/middle,66.0,,103.125,,,103.125,,,6.0,
2852,Jagadeesha Suchith,True,0.6896298677149717,finishing allrounder,583.0,,131.9004524886878,72.0,7.044094488188977,1.5275145045661587,28.4,1.1000000000000012,59.0,31.86
28521,Raihan Jomeel Mazumder,True,0.43420109184933864,finisher,38.0,,92.6829268292683,,,92.6829268292683,,,4.0,
28523,Prashant Kumar,True,0.46774735344847734,top/middle,154.0,,115.78947368421052,2.0,5.052631578947368,115.78947368421052,,,6.0,
28526,Parvej Musaraf,True,0.48587426505345915,opener,247.0,,166.8918918918919,11.0,4.771084337349397,166.8918918918919,-246.9999999999999,-8.999999999999996,7.0,22.04
28530,Himangshu Saraswat,False,0.47088347341923076,finishing allrounder,96.0,,124.67532467532467,6.0,5.045454545454546,5.956984715220576,91.99999999999997,5.999999999999999,8.0,20.14
28539,Bishwajit Sahu das,False,0.4018593575775894,finisher,13.0,,92.85714285714286,,,92.85714285714286,,,2.0,22.21
2854,Manisankar Murasingh,False,0.5185094368716526,finishing allrounder,196.0,,149.61832061068702,12.0,6.237410071942446,5.222077009950358,8.999999999999998,-0.7999999999999998,12.0,32.9
2855,Pritam Das,True,0.552901488884111,finishing allrounder,6.0,,300.0,6.0,7.868852459016393,300.0,,,3.0,37.11
2856,Pallavkumar Das,True,0.6163994074846126,batting allrounder,234.0,,131.46067415730337,4.0,9.418604651162791,1.4648432291541942,4.999999999999997,-0.9999999999999998,19.0,35.86
28568,Nzanthung Mozhui,False,0.435957951167245,opener,5.0,,27.77777777777778,,,27.77777777777778,,,1.0,29.99
28569,Yugandhar Singh,False,0.3895669837673134,opener,73.0,,96.05263157894737,,,96.05263157894737,,,3.0,20.1
2857,Govind Podder,False,0.5157678455591213,batting allrounder,240.0,,118.81188118811882,3.0,8.89090909090909,1.3718602963156414,25.999999999999986,0.4999999999999999,12.0,34.21
2858,Sibsankar Roy,False,0.502343400036748,batting allrounder,96.0,,117.07317073170732,3.0,5.3023255813953485,2.715868901676416,-42.499999999999986,-0.4999999999999999,7.0,35.13
2859,Gokul Sharma,False,0.4017508739865044,batting allrounder,77.0,,122.22222222222223,2.0,7.573770491803279,122.22222222222223,,,3.0,38.02
286,Kane Richardson,True,0.5665116704067458,finishing allrounder,0.0,,0.0,18.0,8.495575221238939,0.0,,-6.2803698347351e-16,10.0,34.79
2860,Srikar Bharat,True,0.6499134028179754,top/middle,1238.0,,142.6267281105991,,,1.9252535414956293,46.599999999999994,,40.0,32.15
2862,Sachin Baby,False,0.6103419648514226,batting allrounder,1579.0,,146.7472118959108,18.0,7.415929203539823,3.1687973868533015,109.50000000000003,0.6285714285714283,45.0,36.94
2863,Sandeep Warrier,True,0.6372698914290387,finishing allrounder,4.0,,57.142857142857146,57.0,6.953895071542131,0.9343170232832044,-0.19999999999999996,0.6000000000000001,58.0,34.65
2865,Hanuma Vihari,False,0.5299262708754564,top/middle,441.0,,135.27607361963192,8.0,7.051546391752577,5.196806269915871,106.28571428571432,,14.0,32.12
28655,Muhammad Rohid,True,0.39510991767173925,finishing allrounder,4.0,,80.0,9.0,8.615384615384615,0.6996854958048256,,,6.0,23.16
2868,Ishwar Pandey,False,0.4582442963507386,finishing allrounder,3.0,,37.5,2.0,6.405405405405405,37.5,,,3.0,36.28
2869,Ankit Rajpoot,False,0.5235218277789163,finishing allrounder,9.0,,60.0,23.0,6.709677419354839,2.002506232192147,2.9999999999999996,10.999999999999998,16.0,31.98
2870,RS Paliwal,False,0.5007945666646519,top/middle,169.0,,146.95652173913044,,,2.8152860040373504,12.285714285714285,,8.0,33.92
28700,Mohit Goraniya,False,0.44803685260948745,finishing allrounder,1.0,,50.0,4.0,5.814432989690721,50.0,,,4.0,33.25
2872,Siddarth Kaul,True,0.6719783933303245,finishing allrounder,173.0,,142.97520661157026,63.0,7.900928792569659,1.6531447224912714,24.999999999999996,2.6999999999999993,44.0,35.52
28741,Anil Sharma,True,0.4442922659508286,top/middle,63.0,,74.11764705882354,0.0,9.0,74.11764705882354,,,5.0,
2875,Thalaivan Sargunam,False,0.4497150861524758,finisher,3.0,,37.5,,,37.5,,,1.0,40.53
28756,Haider Ali,True,0.3893225249341483,finishing allrounder,7.0,,87.5,2.0,6.107142857142857,87.5,,,3.0,31.56
2876,Axar Patel,True,0.6989743105013162,finishing allrounder,1570.0,,135.3448275862069,116.0,7.098591549295775,2.599994399876713,83.80000000000001,1.4043333874306804e-16,127.0,31.85
2877,Vijay Shankar,True,0.6958109841168526,batting allrounder,1338.0,,131.9526627218935,28.0,7.758812615955473,3.1328797419406094,46.99999999999999,0.5999999999999998,69.0,34.84
2878,Mohit Sharma,True,0.6252187857766416,finishing allrounder,3.0,,15.0,51.0,8.85820895522388,0.6335627755852632,0.4999999999999998,1.7000000000000002,40.0,37.19
28788,Tanish Suri,False,0.41264431742091906,top/middle,48.0,,117.07317073170732,,,117.07317073170732,,,2.0,20.48
2879,Ravi Karthikeyan,False,0.48503716609360653,finishing allrounder,71.0,,80.68181818181819,3.0,6.337078651685394,1.048177854475951,54.99999999999998,2.9999999999999996,10.0,32.84
2881,Royston Dias,True,0.5190198974731187,finishing allrounder,8.0,,66.66666666666667,13.0,8.244094488188976,1.9695553920533262,-1.9999999999999996,4.999999999999998,13.0,25.9
2884,Manan Vohra,False,0.549733366014798,opener,517.0,,124.27884615384616,,,5.506090578739974,50.400000000000006,,19.0,32.36
2888,Chaturanga de Silva,False,0.5132170735341505,finishing allrounder,152.0,,109.35251798561151,12.0,6.996805111821086,2.5401622933669854,-36.999999999999986,-2.499999999999999,18.0,35.86
2892,Asif Ali,True,0.5795166069763659,finisher,115.0,,117.34693877551021,,,1.199059042150389,104.99999999999997,,18.0,34.15
28967,Tim Robinson,False,0.472542792095499,opener,455.0,,136.22754491017963,,,2.953814640012609,178.99999999999994,,21.0,23.58
28996,Yasar Mustafa,False,0.4385110732186363,finishing allrounder,9.0,,50.0,6.0,7.076923076923077,50.0,,,4.0,
29066,Zakary Foulkes,False,0.45104507928330745,finishing allrounder,59.0,,128.2608695652174,17.0,7.857142857142857,1.1620749215316706,-8.999999999999996,-0.9999999999999998,14.0,23.48
29178,Khiangte Vanrotlinga,False,0.4061809135859328,finishing allrounder,8.0,,66.66666666666667,7.0,10.16326530612245,66.66666666666667,,,4.0,20.97
29182,Lalhruai Ralte,True,0.5422679934111357,finishing allrounder,5.0,,71.42857142857143,5.0,9.46788990825688,71.42857142857143,,-0.9999999999999997,6.0,33.71
29193,Jehu Anderson,True,0.5244585591484943,opener,85.0,,80.95238095238095,,,3.3728326889977462,-4.999999999999998,,7.0,26.04
2921,Fakhar Zaman,True,0.633694832322098,top/middle,966.0,,129.49061662198392,,,2.3322451537031723,55.8,,43.0,35.63
29220,Lalhriatrenga,True,0.5177576951879217,finishing allrounder,29.0,,49.152542372881356,0.0,9.5,7.096077721118812,-4.999999999999998,,7.0,25.94
29221,F Van Lalmuanzuala,False,0.45611898451713323,finisher,45.0,,57.69230769230769,,,21.420095339182406,13.999999999999996,,6.0,27.27
29295,Rosiamliana Ralte Junior,True,0.5222761058389753,finisher,1.0,,100.0,1.0,13.846153846153847,100.0,,,1.0,37.94
2930,Rassie van der Dussen,True,0.6360427027502995,top/middle,558.0,,129.16666666666666,,,2.1433473053094763,-21.300000000000004,,27.0,36.8
2933,Jasprit Bumrah,True,0.662001551233923,finishing allrounder,28.0,,70.0,95.0,6.502219403931515,0.989568791729871,-2.0000000000000004,2.1,68.0,31.97
29454,Anish Charak,False,0.47599145995932923,finishing allrounder,68.0,,65.38461538461539,4.0,8.130841121495328,1.0283241576830635,-19.999999999999993,-0.5,7.0,25.6
2947,Sohaib Maqsood,False,0.5027604744669563,top/middle,52.0,,157.57575757575756,,,2.187254819626753,,,6.0,38.62
295,Wayne Parnell,True,0.6464130449755097,finishing allrounder,103.0,,92.7927927927928,21.0,8.153172866520787,1.793566148895968,0.5000000000000014,0.9999999999999998,20.0,36.33
29556,Rahul Dev,False,0.47074487904418577,opener,127.0,,169.33333333333334,,,169.33333333333334,,,4.0,33.59
29558,Muhammad Irfan,True,0.4001930996545079,finishing allrounder,36.0,,90.0,3.0,8.3,90.0,,,3.0,32.57
29673,J Biakthanpuia,True,0.5012425602435218,top/middle,7.0,,33.333333333333336,,,33.333333333333336,,,1.0,28.0
2972,Yasim Murtaza,True,0.5789509650771155,finishing allrounder,172.0,,108.86075949367088,5.0,7.631799163179917,2.312500101189644,30.92857142857143,1.214285714285714,11.0,34.98
29771,Arun Ka,False,0.46801684286153955,top/middle,250.0,,108.69565217391305,,,4.4891437332048785,-85.99999999999996,,18.0,32.05
29775,Akhil Sajeev,False,0.4789184247954087,finishing allrounder,54.0,,103.84615384615384,13.0,8.580310880829016,103.84615384615384,-15.999999999999996,-3.499999999999999,9.0,24.5
29777,Jaganathan M R,False,0.4360659205342585,opener,56.0,,90.3225806451613,,,90.3225806451613,3.999999999999999,,4.0,22.35
29779,Abhiram V,False,0.44501362600433636,top/middle,83.0,,94.31818181818181,,,94.31818181818181,-16.999999999999996,,7.0,23.15
29780,Mohammed Kaif,False,0.40487216370413187,finisher,90.0,,132.35294117647058,,,132.35294117647058,,,8.0,44.99
29781,Vyshnav E P,False,0.48455736462027876,finishing allrounder,35.0,,152.17391304347825,3.0,6.551020408163265,152.17391304347825,0.9999999999999998,-2.9999999999999996,8.0,27.51
29787,Neeraj Prakash,False,0.39534439783453906,finisher,1.0,,100.0,,,100.0,,,1.0,23.58
29788,Arjun Suresh,False,0.41043890443863146,finisher,35.0,,100.0,0.0,6.0,100.0,,,4.0,24.16
29789,Mohammed Safeer,False,0.46402663747350376,finishing allrounder,7.0,,140.0,11.0,6.440677966101695,140.0,,4.999999999999998,8.0,26.45
29790,Mohammed Rizwan,False,0.407127908318518,finishing allrounder,16.0,,94.11764705882354,0.0,7.75,94.11764705882354,,,2.0,22.81
29793,Kamil Aboobacker,False,0.41724881704672595,top/middle,52.0,,115.55555555555556,,,115.55555555555556,,,3.0,22.07
29795,S Anand Sagar,False,0.4908299310005646,opener,338.0,,125.18518518518519,,,45.12069919928865,249.99999999999991,,15.0,23.5
29796,Harikrishan U,False,0.4569897960367253,finishing allrounder,1.0,,16.666666666666668,36.0,6.708971553610503,16.666666666666668,0.9999999999999998,1.4999999999999993,22.0,23.88
29797,Anandhu Sunil,False,0.4225538561268714,top/middle,59.0,,103.50877192982456,,,103.50877192982456,,,2.0,29.52
29798,Vishnu N Babu,False,0.49210904216462653,opener,226.0,,126.25698324022346,0.0,6.0,126.25698324022346,,,5.0,30.57
29800,Akhil Kg,False,0.4817051845571924,finishing allrounder,25.0,,131.57894736842104,6.0,10.0,9.828244467095844,6.9999999999999964,0.9999999999999996,11.0,28.04
29803,Alwin Philip,False,0.4720679377985258,finishing allrounder,50.0,,90.9090909090909,8.0,5.758389261744966,90.9090909090909,-15.999999999999996,3.999999999999999,7.0,25.88
29806,Pavan Sreedhar,False,0.4161676581810398,finisher,31.0,,93.93939393939394,,,2.1537343478215267,,,6.0,
29807,Mohit Krishna S,False,0.41271920855961164,finishing allrounder,10.0,,83.33333333333333,2.0,8.0,83.33333333333333,,,2.0,
29808,Arjun Venugopal,False,0.41673469537724445,finishing allrounder,20.0,,100.0,6.0,8.25,100.0,,,7.0,21.51
29809,Ujwal Krishna Ku,False,0.472439142550386,top/middle,153.0,,100.0,,,1.9595056005971034,52.99999999999999,,11.0,24.0
29811,Mohammed Enaan,False,0.49243642774870083,finishing allrounder,98.0,,112.64367816091954,12.0,7.75,2.7242594097204313,-6.4999999999999964,-1.4999999999999993,13.0,19.03
29812,Shine Jacob,False,0.442540187016531,finishing allrounder,69.0,,89.6103896103896,12.0,7.486725663716814,1.2126735281782692,-68.99999999999999,-11.999999999999998,14.0,22.06
29814,Vishnu Tm,False,0.4174024872629048,finishing allrounder,0.0,,0.0,3.0,7.285714285714286,0.0,,,3.0,27.81
29815,Akarsh Ak,False,0.41713556622606623,finisher,175.0,,111.46496815286625,,,111.46496815286625,26.999999999999993,,10.0,20.74
29816,Vivek Kp,False,0.4522876314593305,finishing allrounder,0.0,,0.0,2.0,6.714285714285714,0.0,,,2.0,37.73
29817,Ajinas K,False,0.5144634984600431,finishing allrounder,135.0,,123.85321100917432,20.0,8.404040404040405,3.2423210781589646,-29.499999999999986,5.499999999999998,17.0,26.53
29820,Gokul Gopinath,False,0.41644937647982533,finishing allrounder,3.0,,60.0,6.0,8.387096774193548,60.0,,,6.0,26.59
29833,Bashir Ahmad,False,0.3797487147996675,finisher,2.0,,33.333333333333336,0.0,10.8,33.333333333333336,,,1.0,20.38
2984,Sikandar Raza,False,0.571272665402671,finishing allrounder,431.0,,127.51479289940828,11.0,7.4297872340425535,3.492090611104807,3.0999999999999988,0.49999999999999983,20.0,39.59
2985,Mark Wood,True,0.6232606348546896,finishing allrounder,27.0,,135.0,32.0,7.120689655172414,1.0577372804817526,2.499999999999999,-0.6999999999999997,16.0,35.87
29888,Harshit Rana,True,0.6449704627024286,finishing allrounder,155.0,,118.3206106870229,63.0,8.563691073219658,1.4579580263388192,54.07142857142859,11.1,51.0,23.93
2997,Paul Meekeren,False,0.46443531479213507,finishing allrounder,2.0,,40.0,5.0,6.923076923076923,40.0,,,6.0,32.86
30199,Akshay Shiv,False,0.49289077633323797,top/middle,210.0,,111.70212765957447,,,2.212957624666892,197.9999999999999,,9.0,26.93
30216,Sharon S,False,0.44854630581986954,finisher,64.0,,87.67123287671232,,,5.267788419642627,55.999999999999986,,9.0,22.58
3024,Mohammad Rizwan,True,0.6353927429516603,opener,2163.0,,121.17647058823529,,,2.680496416919403,-3.50000000000001,,64.0,33.49
3033,Usman Qadir,False,0.518485508598812,finishing allrounder,37.0,,102.77777777777777,15.0,7.878594249201278,0.8856532791279126,1.6428571428571437,-0.2142857142857143,18.0,32.3
3038,Hussain Talat,True,0.41592125719943707,batting allrounder,89.0,,104.70588235294117,4.0,8.44186046511628,3.805642896889463,,,8.0,29.79
304,Murali Vijay,False,0.5060051287145391,top/middle,224.0,,163.5036496350365,,,6.95923171821515,,,4.0,41.65
30470,Gokul Rajan,False,0.42861633082968764,finisher,0.0,,0.0,0.0,13.714285714285714,0.0,,,1.0,26.44
30497,Athuljith Anu,False,0.4720116683680273,opener,106.0,,126.19047619047619,,,126.19047619047619,0.0,,8.0,31.54
305,Ravichandran Ashwin,True,0.7040162576988355,finishing allrounder,1041.0,,132.27445997458705,88.0,7.0198228595529315,3.3334130329766305,65.4,2.0000000000000004,100.0,39.2
3056,Iftikhar Ahmed,True,0.6595064408262046,finishing allrounder,1217.0,,125.72314049586777,16.0,6.661290322580645,2.8617181715652236,-51.49999999999999,1.1999999999999997,60.0,35.23
30722,Shushruth V S,False,0.4178613606218683,finisher,42.0,,123.52941176470588,,,123.52941176470588,-37.99999999999998,,4.0,25.03
30728,J Reddy,False,0.39115328052770565,opener,63.0,,98.4375,,,98.4375,,,4.0,27.3
30730,Vinay Pratap Singh,False,0.4230377097941544,finishing allrounder,35.0,,81.3953488372093,5.0,7.777777777777778,81.3953488372093,,,8.0,24.88
30740,P Sunil Kumar,False,0.40970202683552936,finisher,29.0,,126.08695652173913,,,126.08695652173913,22.999999999999993,,3.0,23.13
30749,Subramaniyan K,False,0.4338472317271683,finishing allrounder,21.0,,116.66666666666667,8.0,5.868852459016393,116.66666666666667,,,10.0,41.54
30759,Nitin Pranav V,False,0.4526337019351567,finishing allrounder,288.0,,113.38582677165354,3.0,8.222222222222221,113.38582677165354,133.99999999999994,2.9999999999999996,20.0,21.81
30762,Siddharth Naidu,False,0.4071985788863789,finisher,25.0,,73.52941176470588,,,73.52941176470588,,,4.0,26.1
3077,Usama Mir,False,0.4455249003251541,finishing allrounder,7.0,,100.0,5.0,8.390243902439025,1.0964907540736328,,,5.0,29.93
30774,Shishir Hr,False,0.4090020092967785,finishing allrounder,0.0,,0.0,12.0,6.966824644549763,0.0,,-7.999999999999998,11.0,23.12
30778,Tejveer singh,False,0.4104716584743409,finishing allrounder,1.0,,50.0,1.0,10.046511627906977,50.0,,,3.0,23.05
30786,Saurabh Yadav,False,0.4286973490055383,finishing allrounder,10.0,,100.0,1.0,9.046153846153846,100.0,,,4.0,32.38
3091,Sahibzada Farhan,True,0.5307539437224679,opener,727.0,,128.90070921985816,,,3.25768794457862,633.9999999999998,,21.0,29.72
3097,Shan Masood,False,0.49908083321986413,top/middle,220.0,,118.91891891891892,,,8.381977476487132,,,12.0,36.12
31157,Bhagyaraj Chudasama,False,0.467143225242842,finisher,180.0,,115.38461538461539,,,115.38461538461539,3.8571428571428585,,14.0,22.97
31158,Rishi Patel,False,0.4579263780471227,finishing allrounder,49.0,,96.07843137254902,3.0,6.909090909090909,96.07843137254902,,,4.0,26.3
31159,Yuvrajsinh Dodiya,False,0.3863241926020495,finishing allrounder,5.0,,83.33333333333333,2.0,8.938775510204081,83.33333333333333,,,8.0,25.15
31160,Ankur Panvar,False,0.45296227929186406,finishing allrounder,0.0,,0.0,23.0,7.546583850931677,0.0,,3.499999999999999,15.0,26.21
31163,Satyajeetsingh Gohil,False,0.4437214047723678,finishing allrounder,13.0,,65.0,0.0,6.5,65.0,,,2.0,26.3
31165,Sonu Batham,False,0.48367534750490704,finishing allrounder,14.0,,200.0,6.0,8.117647058823529,200.0,,-1.7142857142857146,7.0,36.0
31166,Siddhant Rana,False,0.48898909678029023,top/middle,371.0,,138.43283582089552,,,138.43283582089552,112.35714285714286,,17.0,24.77
31167,Abrar Shaikh,False,0.4651161354881964,top/middle,64.0,,108.47457627118644,,,108.47457627118644,,,3.0,32.29
31168,Tarang Goel,False,0.528602866676053,opener,600.0,,141.84397163120568,,,1.3836246613730756,-41.39999999999999,,28.0,26.28
31170,Raxit Mehta,False,0.4956843103664162,top/middle,470.0,,118.9873417721519,,,118.9873417721519,56.64285714285716,,14.0,22.02
31171,Nihar Vaghela,False,0.454351528235146,top/middle,153.0,,84.06593406593407,,,84.06593406593407,-6.857142857142858,,16.0,24.27
31172,Adityarajsinh Rathore,False,0.44834399056653496,finishing allrounder,39.0,,111.42857142857143,5.0,8.660869565217391,111.42857142857143,,1.4999999999999998,9.0,23.31
31177,Kamlesh Makwana,False,0.4481661839540859,finishing allrounder,3.0,,75.0,2.0,7.875,75.0,,,4.0,26.3
31178,Aditya H Jadeja,False,0.47949527250098933,finishing allrounder,21.0,,131.25,7.0,7.51948051948052,131.25,18.99999999999999,0.9999999999999998,8.0,26.3
31179,Arjun Rathod,False,0.43107787791645,finisher,10.0,,50.0,,,50.0,,,3.0,27.91
31180,Sammar Gajjar,False,0.5206368542673637,finishing allrounder,342.0,,128.57142857142858,19.0,6.417827298050139,2.044762178727331,34.99999999999999,-2.0999999999999996,20.0,22.29
31181,Suresh Tamil,False,0.4696533893818547,finishing allrounder,13.0,,144.44444444444446,4.0,7.2,144.44444444444446,,,4.0,26.3
31182,Neel Pandya,False,0.44583498493064005,finishing allrounder,1.0,,33.333333333333336,5.0,8.73913043478261,33.333333333333336,,,4.0,23.8
31183,Pavan Parmar,False,0.47761472899454027,finisher,73.0,,155.31914893617022,1.0,8.0,155.31914893617022,11.499999999999996,,7.0,24.36
31184,Hetvik Kotak,False,0.49893841822144513,top/middle,334.0,,123.24723247232473,,,1.6340360895057935,53.28571428571429,,15.0,24.13
31186,Prasham Rajdev,False,0.4518300509434456,top/middle,47.0,,94.0,,,94.0,-8.071428571428571,,6.0,23.97
31187,Satyam Khamrai,False,0.44941551792731455,finishing allrounder,22.0,,88.0,10.0,7.656441717791411,88.0,,2.9999999999999996,12.0,24.21
31189,Aryandev Jhala,False,0.4856330174669544,top/middle,214.0,,123.69942196531792,,,123.69942196531792,81.99999999999997,,9.0,31.7
31190,Chirag Sisodiya,False,0.5144274424940007,top/middle,307.0,,140.8256880733945,,,140.8256880733945,-19.571428571428577,,16.0,31.78
31191,Hitendra Jadeja,False,0.4824922509913104,finishing allrounder,111.0,,132.14285714285714,4.0,8.836363636363636,132.14285714285714,-30.999999999999986,0.0,9.0,26.3
31192,Kuldeep Sharma,False,0.44650882894020216,finishing allrounder,0.0,,0.0,4.0,6.1395348837209305,0.0,,,4.0,39.17
31193,Niket Joshi,False,0.4774325132497965,finisher,48.0,,129.72972972972974,,,129.72972972972974,,,3.0,28.06
31194,Pranav Karia,False,0.4864923073023518,finishing allrounder,31.0,,114.81481481481481,10.0,7.292817679558011,114.81481481481481,-8.499999999999998,-1.9999999999999996,11.0,26.96
31198,Pranav Pravin Nandha,False,0.42238972889536197,finisher,0.0,,0.0,1.0,9.0,0.0,,,1.0,
31199,Amit Ranjan,False,0.4977881186265269,finishing allrounder,233.0,,133.90804597701148,2.0,7.5,133.90804597701148,30.5,-0.9999999999999998,14.0,25.06
31201,Dev Dand,False,0.4751524552277237,batting allrounder,94.0,,94.94949494949495,5.0,8.035087719298245,94.94949494949495,49.999999999999986,0.9999999999999998,8.0,25.12
31202,Krishnakant Pathak,False,0.5050439685329318,opener,354.0,,135.1145038167939,,,135.1145038167939,9.85714285714286,,18.0,33.49
31203,Parswaraj Rana,False,0.5116836439829471,batting allrounder,424.0,,141.33333333333334,21.0,6.898876404494382,141.33333333333334,70.99999999999999,-0.4999999999999999,14.0,24.93
31205,Ruchit Ahir,False,0.512104477681654,top/middle,372.0,,140.37735849056602,,,4.085313235655077,59.19999999999999,,14.0,25.08
31206,Viharsinh Jadeja,False,0.4920887879709129,finishing allrounder,87.0,,158.1818181818182,2.0,11.23943661971831,158.1818181818182,-44.999999999999986,1.9999999999999996,5.0,30.19
31209,Alok Ranjan,False,0.4706660523955122,top/middle,64.0,,114.28571428571429,,,114.28571428571429,,,4.0,27.3
31210,Ramesh Padiyachi,False,0.4663469482131582,finishing allrounder,10.0,,90.9090909090909,10.0,7.8584070796460175,90.9090909090909,,0.35714285714285726,12.0,27.0
31211,Nakul Ayachi,False,0.4629704263992684,finisher,9.0,,128.57142857142858,,,128.57142857142858,,,1.0,34.69
31223,Fenil Soni,False,0.44746259592574666,finishing allrounder,5.0,,45.45454545454545,1.0,7.2,45.45454545454545,,,4.0,26.3
31227,Vidhwath Kaverappa,True,0.6454845696514869,finishing allrounder,12.0,,46.15384615384615,63.0,7.62406015037594,0.7306773541669284,-2.7,-4.499999999999999,48.0,26.75
3125,Nicholas Pooran,True,0.6666590040717627,top/middle,3243.0,,146.21280432822363,,,2.535150256138643,28.300000000000004,,134.0,30.15
3126,Miguel Cummins,False,0.3844201536549292,finisher,8.0,,53.333333333333336,0.0,13.846153846153847,53.333333333333336,,,1.0,35.23
31291,Rohit Karanjkar,False,0.44318196926527187,top/middle,154.0,,145.28301886792454,,,,,,9.0,34.86
31293,Advay Shidhaye,False,0.47664196848059825,finisher,146.0,,121.66666666666667,0.0,19.0,121.66666666666667,9.999999999999996,,12.0,27.87
3135,Yannic Cariah,False,0.4861237650577646,finishing allrounder,7.0,,116.66666666666667,2.0,7.377049180327869,1.5077837088591797,0.4999999999999999,0.0,3.0,33.43
31365,Jyotir Purohit,False,0.44183141038296553,finisher,41.0,,85.41666666666667,,,85.41666666666667,-32.99999999999999,,5.0,28.65
314,Ravi Bopara,False,0.49870732068415136,batting allrounder,101.0,,118.82352941176471,2.0,7.5,2.667065776394811,,,8.0,40.56
3144,Thomas Curran,False,0.5261388853236882,finishing allrounder,31.0,,119.23076923076923,7.0,8.45,1.1929673072057299,,,5.0,30.71
31513,Ethan Dsouza,False,0.37737069337199636,top/middle,7.0,,77.77777777777777,1.0,9.473684210526315,77.77777777777777,,,1.0,19.7
31518,Akshat Raghuwanshi,True,0.5730803648350458,top/middle,451.0,,161.64874551971326,,,3.0532748005697314,70.57142857142857,,14.0,22.2
31520,Suved Parkar,True,0.4183159962267645,top/middle,235.0,,149.6815286624204,,,1.0473830199394758,,,9.0,24.64
31529,Robin Minz,True,0.41499142812438367,top/middle,100.0,,100.0,,,1.677833250762854,,,7.0,23.2
31685,Madhan Kumar S,False,0.45073450303225665,finisher,8.0,,61.53846153846154,,,22.1297533502071,,,3.0,29.56
31688,Pranav Kumar,False,0.47171925860846664,finishing allrounder,80.0,,101.26582278481013,0.0,7.454545454545454,2.8775276101206977,,,3.0,26.3
31692,Guruswamy Ajitesh Ajitesh,False,0.5552736747336405,top/middle,754.0,,143.89312977099237,,,2.551048791595806,-52.4,,37.0,23.17
31694,Krish Jain,False,0.4589920764414582,finisher,11.0,,157.14285714285714,,,157.14285714285714,,,2.0,26.3
31695,K Easwaran,False,0.487721627574441,finishing allrounder,1.0,,12.5,35.0,7.205417607223477,0.6517997393095765,0.9999999999999998,0.29999999999999993,21.0,26.3
31696,Karthick Manikandan V S,False,0.4828461101638687,finishing allrounder,41.0,,136.66666666666666,13.0,7.885714285714286,1.1199038802628203,3.3571428571428577,-0.8999999999999996,8.0,26.3
31697,Akash Kumar,False,0.38195104761992854,finishing allrounder,13.0,,81.25,0.0,7.674418604651163,81.25,,,4.0,22.11
31701,Niranjan N,False,0.44555389754414976,top/middle,28.0,,87.5,,,15.4589839805691,,,2.0,26.3
31702,Gohulmoorthi S,False,0.4694829620823498,finishing allrounder,20.0,,60.60606060606061,3.0,7.928571428571429,1.3244908824081685,-1.0000000000000002,0.0,5.0,26.3
31704,Ajay K Krishna,False,0.48041139967730956,finishing allrounder,4.0,,26.666666666666668,26.0,7.483695652173913,1.3980141755067628,-0.3999999999999999,-2.1999999999999997,18.0,3.44
31706,Sunny Sandhu,False,0.5550457372635292,finishing allrounder,444.0,,137.88819875776397,33.0,7.273743016759776,3.0168253514918697,4.999999999999996,-1.2999999999999996,28.0,22.12
31707,Rithik S,False,0.5340356349129819,finisher,450.0,,140.18691588785046,,,5.262803319853455,11.799999999999999,,31.0,23.78
31708,Vignesh S Iyer,False,0.45636620674005457,top/middle,27.0,,103.84615384615384,,,1.1289487666663176,,,3.0,26.3
31712,Balu Surya,False,0.4737114930038814,finishing allrounder,0.0,,0.0,13.0,6.703583061889251,0.0,,-2.8999999999999995,17.0,26.3
31714,Manoj Kumar,False,0.4429413693925512,finishing allrounder,1.0,,100.0,2.0,11.18918918918919,100.0,,,2.0,26.3
31715,V P Diran,False,0.4781675350937698,finishing allrounder,18.0,,90.0,5.0,9.306122448979592,3.391638855873311,-4.999999999999998,0.5,15.0,26.3
3174,Matt Henry,True,0.6071875827696092,finishing allrounder,8.0,,53.333333333333336,25.0,7.979633401221996,0.8617949126648048,2.9999999999999987,-3.499999999999999,24.0,33.95
321,Fidel Edwards,False,0.4608662765095465,finishing allrounder,0.0,,0.0,3.0,7.392857142857143,0.0,,,4.0,43.8
32236,Maddila Vardhan,False,0.42519395944189553,top/middle,155.0,,126.01626016260163,,,126.01626016260163,46.999999999999986,,12.0,23.82
32237,Mopada Ravikiran,False,0.4248601243587526,finisher,95.0,,120.25316455696202,0.0,14.0,120.25316455696202,32.99999999999999,,11.0,23.35
32241,Akula Vijay,False,0.3962735089740126,finisher,83.0,,127.6923076923077,,,127.6923076923077,,,6.0,23.93
32244,Tripurana Vijay,False,0.5331411980376505,finishing allrounder,106.0,,102.9126213592233,21.0,6.923076923076923,3.593064290831654,-1.25607396694702e-15,0.4999999999999996,16.0,24.22
32246,Bendalam Satvi,False,0.4255403301897968,finisher,160.0,,126.98412698412699,,,126.98412698412699,-43.99999999999999,,14.0,25.59
32248,Yeddala Kumar Reddy,False,0.41573926581177917,finishing allrounder,3.0,,33.333333333333336,9.0,9.21951219512195,33.333333333333336,,-8.999999999999996,7.0,25.95
32250,Yadla Vasu,False,0.41716109347385344,finishing allrounder,29.0,,76.3157894736842,10.0,7.012987012987013,76.3157894736842,-4.999999999999998,-1.9999999999999996,14.0,24.16
32251,M Datta Reddy,False,0.4291405089911168,finisher,114.0,,152.0,,,152.0,61.99999999999997,,12.0,21.93
32252,Penmetsa Panduranga Raju,False,0.44559989329381033,finisher,213.0,,148.95104895104896,,,2.151162924895649,80.99999999999996,,13.0,23.59
32259,Garimella Poorna Teja,False,0.4447891840563166,top/middle,298.0,,131.27753303964758,0.0,13.0,131.27753303964758,71.99999999999997,,15.0,21.66
32260,Yara Sandeep,False,0.4769297194841242,finisher,240.0,,117.07317073170732,4.0,6.244897959183674,51.547157545526,61.99999999999999,1.9999999999999996,15.0,26.15
32261,Vamsi Krishna,False,0.4462876258630124,top/middle,251.0,,133.51063829787233,,,2.2684290466428068,-54.99999999999998,,14.0,24.36
32262,Kaldhi Kumar,False,0.4415723666032757,finishing allrounder,31.0,,103.33333333333333,10.0,6.9655172413793105,103.33333333333333,16.999999999999996,-7.999999999999998,9.0,27.38
32264,Gutta Rohit,False,0.44909620227657354,finisher,389.0,,174.4394618834081,,,174.4394618834081,56.99999999999997,,15.0,24.16
32265,Kothakoona Lakshman,False,0.42159840862722253,top/middle,88.0,,104.76190476190476,,,104.76190476190476,-71.99999999999997,,5.0,26.65
32271,Sanaboyina Tarun,False,0.4710321035457389,top/middle,435.0,,122.53521126760563,,,29.41742378369675,34.999999999999986,,19.0,26.67
32272,Chennuboina Sandeep Kumar,False,0.4141459951657938,top/middle,89.0,,117.10526315789474,,,117.10526315789474,72.99999999999999,,6.0,24.53
32273,Jagarlapudi Ram,False,0.42765419160833934,finishing allrounder,12.0,,100.0,19.0,7.686832740213523,100.0,-9.999999999999996,-0.9999999999999998,14.0,23.46
32277,P Pavan Kumar,False,0.43400753155073524,top/middle,214.0,,129.6969696969697,,,129.6969696969697,-153.99999999999994,,11.0,22.95
32279,Thanneru Krishna,False,0.41304679388001425,top/middle,128.0,,87.67123287671232,,,87.67123287671232,-73.99999999999999,,8.0,25.1
32280,Pathuri Manohar,False,0.4139641506558594,finishing allrounder,0.0,,0.0,5.0,7.4,0.0,,,3.0,29.11
32282,Kodavandla Sudharsian,False,0.4379600905092116,finishing allrounder,5.0,,45.45454545454545,29.0,7.75,45.45454545454545,,-10.999999999999998,17.0,28.91
32284,Kalidindi Narasimha Raju,False,0.44031294632584256,finishing allrounder,105.0,,136.36363636363637,7.0,9.23076923076923,136.36363636363637,50.999999999999986,4.999999999999998,9.0,23.08
32285,Munnangi Abhinav,False,0.4216417111543195,top/middle,276.0,,131.42857142857142,,,131.42857142857142,261.99999999999994,,9.0,20.79
32289,Pitta Tendulkar,False,0.4144266133258231,top/middle,133.0,,122.01834862385321,,,122.01834862385321,42.99999999999998,,10.0,20.3
32291,Chennu Siddhardha,False,0.4283872391840097,finishing allrounder,24.0,,114.28571428571429,5.0,6.305084745762712,114.28571428571429,11.999999999999998,2.9999999999999996,10.0,24.39
32293,Shambu Akhil,False,0.45135407023598667,finishing allrounder,0.0,,0.0,9.0,6.8321167883211675,0.0,,8.999999999999996,6.0,27.1
32300,Kavuri Saiteja,False,0.45763479910943416,finishing allrounder,1.0,,14.285714285714286,10.0,9.0,14.285714285714286,0.9999999999999998,-3.925231146709437e-17,10.0,25.83
32302,Joshua Brown,False,0.4383607991640803,opener,133.0,,135.71428571428572,,,7.170518314175518,,,6.0,31.92
3241,Ankit Bawane,False,0.5485756359191507,top/middle,1089.0,,129.95226730310262,,,33.05893567478698,-91.49999999999999,,32.0,32.94
32413,Mohan Doss R,False,0.43267987725963203,top/middle,10.0,,90.9090909090909,,,90.9090909090909,,,2.0,23.59
3242,Varun Sood,False,0.45452771927666497,finisher,1.0,,50.0,1.0,12.9,50.0,,,1.0,35.12
32423,Karthiraja U,False,0.4125275850716417,top/middle,75.0,,125.0,,,125.0,-58.999999999999986,,4.0,22.38
32426,Sai Hariram K,False,0.4308790482122285,finisher,200.0,,90.9090909090909,0.0,6.0,90.9090909090909,-109.99999999999996,,21.0,20.93
32427,Jashwanth R,False,0.4598259352885921,opener,528.0,,123.07692307692308,,,123.07692307692308,-25.999999999999986,,18.0,21.02
3245,Jaen Kotze,False,0.3985291525490856,top/middle,22.0,,61.111111111111114,,,1.1893558672055726,,,3.0,31.59
32488,Ragavan Ramamoorthy,False,0.46734336640600893,top/middle,692.0,,135.95284872298626,,,135.95284872298626,157.99999999999994,,24.0,19.84
32705,Faridoon Dawoodzai,False,0.4077379191157665,finishing allrounder,1.0,,100.0,6.0,8.076923076923077,100.0,,-1.9999999999999996,4.0,20.0
3272,Fabian Allen,True,0.6403519076813289,finishing allrounder,141.0,,138.23529411764707,12.0,8.2,1.5659341411958208,-31.71428571428571,-2.3571428571428577,25.0,30.56
3275,Alzarri Joseph,True,0.6721325803420091,finishing allrounder,128.0,,90.14084507042253,64.0,8.815533980582524,1.9044027565655914,-6.999999999999998,-5.799999999999999,55.0,29.02
3276,Gudakesh Moti-Kanhai,False,0.4966769772112748,finishing allrounder,162.0,,125.5813953488372,29.0,7.8398637137989775,1.363734852669203,31.49999999999999,-6.2803698347351e-16,28.0,30.66
3280,Nazmul Hossain Shanto,True,0.6407766552897711,top/middle,1241.0,,105.25869380831213,4.0,7.391304347826087,5.177337715808749,-105.1,-1.4999999999999993,57.0,27.26
3281,Mosaddek Hossain,False,0.6062006497933666,finishing allrounder,528.0,,110.69182389937107,24.0,7.537735849056604,2.2366681022769463,-11.199999999999994,0.19999999999999993,48.0,29.96
3282,Mehidy Hasan Miraz,True,0.6908846306748915,batting allrounder,1177.0,,120.10204081632654,57.0,7.677121771217712,2.8553534141384738,46.69999999999999,1.0999999999999996,67.0,28.09
3284,Rahatul Ferdous,False,0.40957272384305254,finishing allrounder,26.0,,173.33333333333334,3.0,5.884615384615385,4.140176545253254,,,3.0,30.15
3285,Abu Haider,True,0.6303726106233427,finishing allrounder,141.0,,114.63414634146342,43.0,8.501567398119123,1.2941068129725901,8.099999999999998,6.299999999999998,32.0,29.78
3286,Mohammad Nihaduzzaman,False,0.5059039506394887,finishing allrounder,43.0,,47.77777777777778,24.0,6.813380281690141,2.334896071843854,-1.000000000000001,-3.999999999999999,27.0,27.0
32862,Allah Ghazanfar,True,0.47334622922649827,finishing allrounder,1.0,,20.0,12.0,5.614973262032086,0.6692483759897145,,0.0,9.0,18.37
3287,Jubair Hossain,False,0.454155609427891,finishing allrounder,1.0,,50.0,1.0,8.363636363636363,50.0,,-0.9999999999999998,5.0,30.21
3293,Vaibhav Rawal,False,0.467004448625871,finisher,416.0,,137.2937293729373,,,137.2937293729373,-17.999999999999993,,18.0,34.05
3297,Shimron Hetmyer,True,0.6442136529597599,finisher,1867.0,,140.37593984962405,,,2.9192458654195126,-17.0,,107.0,28.92
3298,Jofra Archer,True,0.6474564372215377,finishing allrounder,108.0,,117.3913043478261,37.0,8.159685863874346,1.0333542036006043,41.99999999999999,7.499999999999998,32.0,30.66
3299,Andrew Tye,False,0.517288401908002,finishing allrounder,22.0,,104.76190476190476,11.0,7.5375,1.2634926596003677,,-4.999999999999998,7.0,38.96
3304,Munim Shahriar,False,0.5055698916843636,opener,293.0,,111.83206106870229,,,2.613631951979202,-36.57142857142858,,17.0,25.9
33050,Tushar Singh,False,0.5109319564573697,finisher,453.0,,131.6860465116279,,,59.46614275036203,3.500000000000001,,30.0,25.9
33051,Akshan Rao,False,0.4323544603916478,finisher,12.0,,60.0,,,60.0,,,1.0,23.8
33052,Rohan Naveen,False,0.5255224613356776,finishing allrounder,325.0,,128.4584980237154,5.0,7.675675675675675,3.645325613836273,26.899999999999995,0.5000000000000001,26.0,24.69
33053,Sagar Solanki,False,0.4479351481392989,finisher,22.0,,59.45945945945946,,,1.0432446306694951,-9.999999999999996,,5.0,25.9
33054,Saurabh Srivastava,False,0.47722111510399495,finishing allrounder,54.0,,84.375,11.0,6.1525423728813555,3.2048907139213014,14.999999999999995,3.499999999999999,12.0,24.37
33056,Bu Shiva Kumar,False,0.512841238756211,batting allrounder,232.0,,108.41121495327103,5.0,7.333333333333333,3.9539363353789434,-105.99999999999999,-4.999999999999998,10.0,25.9
33058,Monish Reddy,False,0.5091036383513665,finishing allrounder,17.0,,121.42857142857143,37.0,8.25,121.42857142857143,-14.999999999999995,2.5,31.0,23.0
33060,Aditya Goyal,False,0.52162384689598,finishing allrounder,55.0,,103.77358490566037,28.0,7.76158940397351,103.77358490566037,20.999999999999993,-5.999999999999997,25.0,24.9
33062,Lochan Appanna,False,0.5023755837596675,finishing allrounder,86.0,,122.85714285714286,1.0,8.338983050847459,2.830672241713242,11.999999999999998,0.9999999999999998,13.0,26.98
33063,S Shivaraj,False,0.5395469849805652,finisher,553.0,,154.46927374301677,0.0,6.0,19.274822661351234,3.9000000000000004,,45.0,32.38
33065,Chaitanya Shankar S,False,0.43909395074297,finisher,32.0,,114.28571428571429,,,114.28571428571429,,,3.0,
33067,Ravichandran Smaran,True,0.6358709027286177,top/middle,1189.0,,149.1844416562108,,,2.065315753494493,177.29999999999995,,38.0,22.56
33068,Rajvir Wadhwa,False,0.4756920612101688,finishing allrounder,31.0,,73.80952380952381,4.0,9.29203539823009,2.9685330857149825,6.9999999999999964,1.570092458683775e-16,11.0,21.83
33069,Utham Aiyappa,False,0.4760465716606802,finishing allrounder,4.0,,57.142857142857146,8.0,7.441558441558442,2.062970720135751,,,8.0,27.06
33072,Aneesh V,True,0.5805376981881739,top/middle,727.0,,110.48632218844985,,,9.974880990980896,-16.699999999999996,,40.0,3.32
33074,LR Chethan,False,0.5568160036201127,opener,1434.0,,151.26582278481013,,,1.3761921746413759,-50.800000000000004,,47.0,25.51
33075,Kumar L R,False,0.5479617349177489,finishing allrounder,99.0,,89.1891891891892,43.0,8.262569832402235,9.815011958679003,-3.299999999999999,0.30000000000000004,35.0,24.85
33076,Rishi Bopanna,False,0.5512839443831006,finishing allrounder,71.0,,112.6984126984127,26.0,8.488120950323975,1.9763284560462433,-26.999999999999986,-4.999999999999997,25.0,28.22
33077,Paras Arya,False,0.4675443203700359,finishing allrounder,0.0,,0.0,17.0,7.466666666666667,0.0,,-0.10000000000000007,21.0,25.9
33078,Lochan Gowda,False,0.49581380519172513,top/middle,481.0,,138.2183908045977,,,138.2183908045977,108.92857142857142,,21.0,25.9
33079,Shaun Tristan Joseph,False,0.37729543911163416,finisher,9.0,,56.25,,,56.25,,,1.0,-14.1
3308,Rohan Prem,False,0.40835263608430206,top/middle,16.0,,59.25925925925926,,,59.25925925925926,,,3.0,39.2
33080,Tanay Valmik,False,0.4611704112955434,finisher,10.0,,166.66666666666666,0.0,7.0,166.66666666666666,,,1.0,26.8
33081,Kush Marathe,False,0.4280028195612248,top/middle,24.0,,77.41935483870968,,,77.41935483870968,,,3.0,20.49
33083,Bangalore Mohith,False,0.46044480877116484,finisher,171.0,,99.4186046511628,,,7.516026924183829,16.9,,18.0,-14.1
33084,Rohan Patil,False,0.5521185078907578,top/middle,1088.0,,143.72523117569352,,,1.940763509428543,-30.199999999999992,,43.0,24.27
33085,Mohammed Jawad,False,0.45774055586012613,top/middle,476.0,,134.8441926345609,,,134.8441926345609,55.999999999999986,,17.0,25.0
33088,Kruthik Krishna,False,0.4461047882145538,finisher,29.0,,65.9090909090909,,,2.889206968897413,-3.8999999999999995,,8.0,23.32
33089,Shashi Kumar Kamble,False,0.5090657788102478,finishing allrounder,61.0,,152.5,17.0,8.241935483870968,0.700770628116156,11.071428571428575,2.214285714285715,24.0,23.12
33090,Yashovardhan Mithilesh Parantap,False,0.5009114387032226,finishing allrounder,188.0,,140.29850746268656,11.0,8.300970873786408,140.29850746268656,33.57142857142858,1.2142857142857142,20.0,22.98
33093,Sujay Sateri,False,0.47154105792545287,finisher,62.0,,112.72727272727273,,,5.071986455906759,,,8.0,25.9
33095,Macneil Noronha,True,0.6664527099870676,batting allrounder,860.0,,137.1610845295056,21.0,8.105263157894736,2.3083677625562617,34.19999999999999,2.6999999999999993,44.0,24.18
33096,Raghuveer Pavalur,False,0.43077593426437466,opener,6.0,,50.0,,,50.0,,,2.0,25.9
33098,Dheeraj Gowda,False,0.46332956277044524,finishing allrounder,18.0,,94.73684210526316,0.0,12.142857142857142,94.73684210526316,-15.999999999999996,0.0,4.0,25.9
331,Mashrafe Mortaza,False,0.5370674068125911,finishing allrounder,95.0,,101.06382978723404,23.0,6.983333333333333,1.4812125861542786,1.9999999999999958,-1.0000000000000004,23.0,42.14
33114,Milan Rathnayake,False,0.4068644373142715,finishing allrounder,82.0,,149.0909090909091,4.0,8.444444444444445,149.0909090909091,,,4.0,29.32
33161,Desmond Anthony,False,0.4552151642937947,finisher,8.0,,53.333333333333336,,,0.8946771241212499,,,4.0,28.85
3318,Rahul Dalal,False,0.489329059156453,top/middle,34.0,,200.0,,,200.0,,,1.0,33.82
332,Angelo Mathews,False,0.4377399851929523,finishing allrounder,52.0,,157.57575757575756,3.0,7.666666666666667,157.57575757575756,,,3.0,38.49
3320,Jayant Yadav,True,0.6184917056090977,finishing allrounder,39.0,,105.4054054054054,6.0,7.273972602739726,0.9082648926917751,-14.49999999999999,-1.4999999999999993,14.0,35.84
3322,SM Shaikh,True,0.5404006651289281,top/middle,101.0,,142.25352112676057,,,2.063591984406249,32.499999999999986,,8.0,35.0
3323,Jimmy Neesham,True,0.6895127561258663,finishing allrounder,670.0,,135.9026369168357,40.0,8.525735294117647,1.6017621457452256,33.79999999999999,3.2,52.0,35.19
3330,Hardik Pandya,True,0.7073330183716999,batting allrounder,2654.0,,135.47728432873916,85.0,8.029714285714286,2.9333704802112877,23.500000000000014,5.100000000000002,129.0,32.13
3331,Babasafi Pathan,False,0.4674233175568545,finishing allrounder,5.0,,71.42857142857143,11.0,8.576271186440678,0.0,1.2499999999999996,0.7499999999999999,11.0,31.27
33498,Ajay Gouda,False,0.45258707491955813,finishing allrounder,11.0,,91.66666666666667,2.0,12.352941176470589,91.66666666666667,,,2.0,25.2
33504,Dhruv Raj Borah,False,0.4059880854042151,finisher,163.0,,183.14606741573033,,,183.14606741573033,,,4.0,22.82
33506,Jacky Ali,False,0.43462157474824115,finishing allrounder,52.0,,115.55555555555556,8.0,5.722007722007722,141.1764705882353,43.99999999999999,0.0,13.0,22.9
33508,Jitu Ali,False,0.4690185757784041,batting allrounder,174.0,,95.08196721311475,5.0,5.8474576271186445,8.751634076129468,-46.999999999999986,-0.4999999999999999,14.0,24.98
3351,Sumit Ruikar,False,0.4950883009975835,finishing allrounder,81.0,,144.64285714285714,12.0,7.16012084592145,8.881938387508205,6.642857142857142,1.1999999999999997,15.0,35.47
33513,Ziyad Zaman,False,0.42017019809361755,finishing allrounder,37.0,,72.54901960784314,5.0,7.297297297297297,72.54901960784314,-24.999999999999993,4.999999999999998,8.0,20.96
33514,Sumit Ghadigarkar,False,0.5149504105014132,top/middle,281.0,,144.10256410256412,,,1.4304820408894288,-100.99999999999999,,9.0,33.63
33520,Pradyun Kumar Saikia,False,0.38438185152311055,opener,81.0,,102.53164556962025,,,88.0,,,4.0,22.86
33540,Reshab Dipak,False,0.4812049640493584,finishing allrounder,49.0,,106.52173913043478,10.0,6.76510067114094,6.216281181013345,-0.9999999999999998,7.999999999999998,9.0,21.56
33675,Mohammad Naeem,True,0.3903597241654901,opener,42.0,,116.66666666666667,,,116.66666666666667,,,4.0,26.63
3373,Aizaz Khan,True,0.5585861284474329,finishing allrounder,47.0,,65.27777777777777,4.0,8.385093167701863,1.7340548647550116,3.3571428571428568,0.9285714285714285,10.0,32.68
3374,Mark Chapman,True,0.6370500399348582,top/middle,1125.0,,139.40520446096653,0.0,4.0,1.8777661477758876,55.40000000000001,,59.0,31.42
3377,Babar Hayat,True,0.5791441337279281,top/middle,353.0,,109.28792569659443,,,1.7119329774403198,39.78571428571429,,11.0,33.89
33787,Sudhanshu Verma,False,0.43005493438513553,finishing allrounder,4.0,,33.333333333333336,8.0,7.580357142857143,0.6829604817887834,3.999999999999999,5.999999999999999,12.0,38.92
3382,Nizakat Khan,True,0.5628633335757595,top/middle,218.0,,107.92079207920793,,,2.4952896627507033,29.928571428571416,,11.0,33.39
3383,Kinchit Shah,True,0.5445251628970549,finishing allrounder,73.0,,97.33333333333333,2.0,11.571428571428571,2.2627886687365066,0.33333333333333326,,8.0,29.97
33969,Tinotenda Maposa,False,0.39330645313852186,finishing allrounder,9.0,,52.94117647058823,2.0,6.552631578947368,1.4322511031225271,,,4.0,22.66
34044,Kuwar Pathak,True,0.6145093756083465,top/middle,569.0,,155.8904109589041,,,4.2584960589639005,-114.49999999999997,,20.0,27.01
34155,Gagan Vats,False,0.3962300592650553,top/middle,27.0,,225.0,,,225.0,,,4.0,25.73
344,Sheldon Jackson,True,0.6386959425340811,top/middle,836.0,,118.41359773371104,,,3.844736590532067,12.228571428571428,,33.0,39.16
34406,Vivek Yadav,False,0.39649650622201227,finisher,27.0,,84.375,0.0,7.846153846153846,84.375,,,3.0,38.95
34440,Harikrishnan R,False,0.4498353622611549,finisher,101.0,,95.28301886792453,,,95.28301886792453,8.999999999999996,,8.0,25.9
34443,Shoun Roger,False,0.5169451513809499,top/middle,534.0,,121.91780821917808,2.0,7.421052631578948,2.5996950545555624,124.49999999999994,-0.9999999999999996,26.0,
34444,Vijay Vishwanath,False,0.46482437765613766,finishing allrounder,38.0,,95.0,19.0,7.044534412955466,1.635186982660387,12.999999999999998,-2.9999999999999996,14.0,21.17
34466,Arafat Minhas,True,0.4849284165811013,finishing allrounder,107.0,,135.44303797468353,6.0,4.434782608695652,3.864611916650254,-56.99999999999997,0.0,6.0,20.9
34485,Sufiyan Muqeem,True,0.49179931186415793,finishing allrounder,26.0,,104.0,28.0,5.572649572649572,1.2258010254528728,5.999999999999999,9.999999999999996,14.0,26.03
3450,Aswin Crist,True,0.6295342266772241,finishing allrounder,95.0,,89.62264150943396,26.0,8.669789227166277,1.3921812479424844,-10.642857142857146,-1.8571428571428574,24.0,31.38
3451,Baba Indrajith,False,0.5939135886903005,top/middle,1086.0,,130.68592057761734,,,2.013965075281015,45.300000000000004,,50.0,31.39
3452,Umashankar Sushil,False,0.4468634487090222,finisher,55.0,,98.21428571428571,,,98.21428571428571,,,7.0,36.32
3453,Rahil S Shah,False,0.5307028267726929,finishing allrounder,15.0,,75.0,39.0,7.228021978021978,2.351288821450578,-0.5000000000000006,-1.2,38.0,40.1
34546,Aryan Bisht,True,0.39607175137911305,finisher,60.0,,77.92207792207792,1.0,6.260869565217392,4.843287453013123,,,5.0,21.02
3459,Gitmoy Basu,False,0.4130328960350574,top/middle,82.0,,93.18181818181819,,,93.18181818181819,67.99999999999999,,7.0,40.73
346,Anustup Mazumder,True,0.5764519026722648,top/middle,329.0,,106.81818181818181,,,106.81818181818181,0.38461538461538464,,18.0,41.57
3461,SD Chatterjee,True,0.5849298084125553,top/middle,324.0,,121.80451127819549,,,2.874626911256138,20.399999999999995,,21.0,34.04
3462,Writtick Chatterjee,True,0.6682572693734223,batting allrounder,624.0,,133.90557939914163,28.0,6.528440366972477,3.0981193409104693,67.29999999999998,2.5000000000000004,31.0,33.16
3463,Abhimanyu Easwaran,False,0.501894681449929,opener,246.0,,129.47368421052633,,,4.337288383370379,129.99999999999994,,8.0,30.22
3464,Sayan Shekhar Mandal,False,0.43767994695302287,top/middle,124.0,,105.08474576271186,1.0,11.625,105.08474576271186,-17.999999999999993,-0.9999999999999998,8.0,36.04
3469,Shreyas Gopal,True,0.702103359158762,finishing allrounder,804.0,,119.46508172362556,86.0,7.726375176304654,1.9057331521325063,3.4000000000000092,4.3,68.0,32.23
3474,Vinoop Manoharan,False,0.5410664576218027,batting allrounder,611.0,,133.6980306345733,9.0,6.457831325301205,3.426905756436557,159.99999999999997,-2.499999999999999,28.0,33.46
3479,Chama Milind,True,0.6245085918622649,finishing allrounder,77.0,,154.0,14.0,7.515789473684211,3.0728647510095217,-6.357142857142859,0.9999999999999997,13.0,31.23
348,Cheteshwar Pujara,False,0.5028324425161144,opener,132.0,,123.3644859813084,,,7.752539413956877,,,5.0,37.84
3481,Ravi Kiran,False,0.4539679331049991,finishing allrounder,2.0,,50.0,5.0,5.877551020408164,50.0,,,1.0,34.82
34880,Saad Masood,True,0.4037427775946037,finishing allrounder,84.0,,133.33333333333334,10.0,6.838709677419355,133.33333333333334,,,4.0,20.96
3489,Salman Agha,True,0.5183611802509673,top/middle,507.0,,110.45751633986929,3.0,8.782608695652174,1.521861449528283,433.9999999999998,,28.0,32.01
34961,Tunish Sawkar,True,0.559576885797548,finisher,108.0,,131.70731707317074,,,1.4408869588258595,-79.99999999999997,,6.0,27.17
34962,Mohit Redkar,True,0.5486076887487633,finishing allrounder,20.0,,133.33333333333334,13.0,8.431034482758621,3.8043599083885984,6.4999999999999964,-0.5,12.0,25.16
34964,Vishal Jayswal,False,0.49896850675216525,finishing allrounder,103.0,,171.66666666666666,12.0,8.710659898477157,1.5311489486648084,25.099999999999998,1.9999999999999996,11.0,27.65
34966,Lone Nasir,False,0.45861869001039357,finishing allrounder,3.0,,60.0,2.0,6.387096774193548,60.0,,,3.0,28.22
34967,Ashwin Das,False,0.5388566665750042,finishing allrounder,227.0,,158.74125874125875,30.0,8.501457725947521,1.4211158090932952,15.099999999999996,6.1999999999999975,21.0,29.95
34968,Pukhraj Mann,False,0.5270815482081558,top/middle,423.0,,146.875,,,1.3273521677179563,157.99999999999997,,17.0,24.47
34969,Manav Suthar,True,0.5762135750233657,finishing allrounder,28.0,,127.27272727272727,5.0,6.991304347826087,1.7120505620156563,5.9999999999999964,0.5,7.0,23.32
34971,Anirudh Singh,False,0.46389386924695897,finisher,7.0,,233.33333333333334,2.0,5.333333333333333,233.33333333333334,,,1.0,23.12
34972,Bikramjit Debnath,False,0.4474936754657136,finisher,3.0,,100.0,0.0,9.0,100.0,,,1.0,26.92
34973,Deepak Khatri,False,0.47449165655457537,finishing allrounder,16.0,,123.07692307692308,2.0,5.75,123.07692307692308,,,3.0,30.98
34974,Sridam Tapan Paul,False,0.47444181093825416,top/middle,149.0,,175.2941176470588,,,1.141078597387517,3.3571428571428554,,6.0,23.82
34975,Karthikeya Jaiswal,False,0.45761099019848944,finishing allrounder,0.0,,0.0,7.0,9.661016949152541,0.0,,,8.0,27.99
34978,Patkuri Nitish Reddy,True,0.4979664294559531,top/middle,0.0,,0.0,,,0.0,,,1.0,24.99
34982,Chingakham Bidash,False,0.47722648765399284,finishing allrounder,37.0,,119.35483870967742,0.0,10.741935483870968,10.084718008764337,10.999999999999998,0.0,6.0,24.85
34983,Nabam Hachang,False,0.3819348819316171,finisher,48.0,,97.95918367346938,,,97.95918367346938,,,7.0,25.9
34990,Vishal Dangwal,True,0.5630638925586736,finisher,101.0,,142.25352112676057,,,4.9299416683651005,-14.499999999999995,,13.0,29.12
34991,Rajan Kumar,True,0.6105043537370076,finishing allrounder,57.0,,167.64705882352942,21.0,6.4822695035460995,2.3876510493393064,54.99999999999998,0.8999999999999999,19.0,29.39
34993,Avinov Choudhury,False,0.4756875548622398,finishing allrounder,16.0,,80.0,4.0,7.338129496402877,0.96879969013227,2.9999999999999996,0.2142857142857143,11.0,25.99
34995,Raghuvendra Singh,False,0.47202527097016145,finishing allrounder,10.0,,111.11111111111111,2.0,8.333333333333334,0.6991962783101712,-4.999999999999998,,3.0,22.32
34998,Piyush Dahiya,False,0.42613335254034124,finisher,7.0,,63.63636363636363,,,63.63636363636363,,,1.0,22.34
34999,Yuvraj Singh,False,0.4408101931546393,opener,13.0,,108.33333333333333,,,108.33333333333333,,,1.0,21.04
35001,Gaurav Sharma,False,0.41361064708400636,finishing allrounder,4.0,,50.0,0.0,12.727272727272727,50.0,,,2.0,31.39
35002,Sushil Barik,False,0.4289350125395191,finishing allrounder,23.0,,115.0,9.0,7.461538461538462,115.0,6.999999999999998,-2.9999999999999996,10.0,23.09
35003,OT Munde,False,0.4209908284005447,opener,172.0,,113.90728476821192,1.0,7.741935483870968,113.90728476821192,73.99999999999999,,9.0,22.45
35005,Aasirwad Swain,False,0.431841154850754,top/middle,202.0,,132.0261437908497,,,132.0261437908497,23.999999999999996,,8.0,20.73
35007,Anwesh Sharma,False,0.4028279510221429,top/middle,109.0,,83.84615384615384,,,2.567060721147343,100.99999999999999,,9.0,24.76
35008,Ankur Malik,False,0.5321240917377995,finishing allrounder,459.0,,121.75066312997347,12.0,7.564102564102564,2.640996651800426,-40.999999999999986,3.499999999999999,38.0,22.06
35010,Pankaj Rawat,False,0.480806690707791,top/middle,219.0,,93.58974358974359,,,1.8003420170088522,96.49999999999994,,12.0,32.51
35011,James Rai,False,0.39946866008669835,finishing allrounder,63.0,,105.0,8.0,7.732394366197183,105.0,,,10.0,
35013,Gagandeep Singh,True,0.5693570469045887,finishing allrounder,227.0,,123.3695652173913,1.0,7.279411764705882,3.027912388937864,26.49999999999999,0.4999999999999999,13.0,28.21
35014,Mayank Yadav,False,0.46305119791606214,finishing allrounder,77.0,,114.92537313432835,31.0,6.5588235294117645,3.5420970294071377,50.999999999999986,12.999999999999993,18.0,23.06
35015,Ayush Pandey,False,0.47051888803786635,opener,665.0,,145.51422319474835,,,14.562395045679878,80.99999999999996,,15.0,22.19
35016,Prateek Yadav,False,0.46962652768084806,finisher,424.0,,172.35772357723576,2.0,9.551020408163266,13.58369063985803,3.999999999999999,,17.0,26.78
35018,Yogesh Tiwari,False,0.42157712369873823,opener,198.0,,105.88235294117646,,,142.30769230769232,-49.999999999999986,,9.0,28.05
35019,Akshit Rana,False,0.4288967022132274,finisher,21.0,,100.0,,,100.0,,,8.0,23.8
35020,Rohit Dhanda,False,0.39215411900557234,finishing allrounder,1.0,,50.0,14.0,6.763636363636364,50.0,,,9.0,28.02
35067,Harsh Desai,False,0.46702217658656214,top/middle,227.0,,128.97727272727272,,,1.2554718571784125,44.642857142857146,,15.0,23.07
35069,Chanchal Rathore,False,0.48838519778607004,top/middle,195.0,,125.80645161290323,,,3.0653726891686137,12.214285714285714,,14.0,23.0
35070,Kamal Tripathi,True,0.5785566411651812,finishing allrounder,117.0,,164.7887323943662,22.0,7.092936802973978,1.0616246971666485,20.999999999999993,0.28571428571428553,18.0,27.29
35071,Kunal Rathore,True,0.5750258910494083,finisher,177.0,,165.42056074766356,,,1.3175848146974505,22.28571428571429,,8.0,23.13
35072,Ramakrishna Ghosh,False,0.49091299339543126,finishing allrounder,226.0,,136.96969696969697,17.0,7.716455696202532,7.438304874022569,-57.99999999999998,0.9999999999999998,24.0,28.25
35074,Yogesh Sharma,False,0.4747412392343706,finishing allrounder,1.0,,20.0,3.0,9.287671232876713,0.697246230432634,-0.4999999999999999,0.4999999999999999,9.0,27.2
35076,Aniketh Reddy,True,0.5199392653935693,finishing allrounder,2.0,,33.333333333333336,6.0,7.222222222222222,100.0,,0.4999999999999999,5.0,25.08
35102,Zikria Islam,True,0.40659472735509733,finishing allrounder,57.0,,135.71428571428572,0.0,9.67741935483871,0.5717902981153201,,,5.0,26.14
35120,Saishiv Lingaraju,True,0.38235579455835833,top/middle,48.0,,97.95918367346938,0.0,20.0,97.95918367346938,,,3.0,26.16
35122,Faisal Shah,True,0.39912708755015847,finishing allrounder,10.0,,66.66666666666667,5.0,7.3076923076923075,1.7781260322742038,,,3.0,28.57
35125,Hashim Sayed,False,0.394081053225124,finishing allrounder,5.0,,100.0,1.0,7.32,100.0,,,3.0,28.91
35133,Sufyan Yousuf,False,0.3743509683217517,opener,5.0,,62.5,,,62.5,,,2.0,25.92
3530,Jagdish Zope,False,0.4614591274650273,finishing allrounder,25.0,,104.16666666666667,13.0,6.7384615384615385,36.36363636363637,-16.999999999999996,0.49999999999999895,14.0,30.22
35317,Aravindaraj Ramasamy,False,0.4732844523450487,finishing allrounder,8.0,,50.0,18.0,8.785714285714286,50.0,-1.9999999999999996,3.0,17.0,29.72
35319,Amatea,False,0.4303864990752841,opener,5.0,,55.55555555555556,,,55.55555555555556,,,1.0,25.9
35320,Neeraj Singh Rathour,False,0.44325089970743003,top/middle,3.0,,75.0,,,75.0,,,1.0,27.89
3533,Nikhil Naik,False,0.5353429399982805,finisher,593.0,,146.0591133004926,,,2.8886149846404137,-1.004859173557616e-14,,30.0,31.05
35388,Bikash Singh,False,0.46808163706391026,finisher,23.0,,57.5,0.0,7.846153846153846,1.745014393211572,-2.9999999999999996,,4.0,33.02
3539,Ben McDermott,True,0.5689881951282116,top/middle,244.0,,101.2448132780083,,,1.8060465768434784,3.499999999999998,,13.0,30.96
3543,Shahidullah Kamal,True,0.437775661437533,finisher,24.0,,72.72727272727273,,,72.72727272727273,,,5.0,26.8
3544,Usman Ghani,False,0.5152984286953453,top/middle,296.0,,106.85920577617328,,,4.330402938466747,201.99999999999997,,12.0,29.02
3550,Sharafuddin Ashraf,True,0.5456375845879774,finishing allrounder,40.0,,125.0,4.0,7.036363636363636,2.0896258424087595,-5.999999999999999,0.28571428571428575,9.0,30.88
35644,J Rajashekar Reddy,False,0.40515465061807865,top/middle,2.0,,40.0,,,40.0,,,1.0,27.3
35649,Rahul Jayasankar,False,0.3977985277075877,finisher,7.0,,58.333333333333336,,,58.333333333333336,,,3.0,22.01
3578,Imad Wasim,False,0.5627743065110413,finishing allrounder,279.0,,112.95546558704453,29.0,5.642994241842611,2.39115930299873,19.071428571428566,1.0000000000000002,25.0,36.94
35883,Sahil Lotra,False,0.4671327316762989,finishing allrounder,6.0,,100.0,1.0,6.268656716417911,100.0,,,3.0,27.08
35884,Musaif Ajaz,False,0.3976526988875051,top/middle,26.0,,113.04347826086956,,,1.091594089166511,,,2.0,23.32
35885,Rahul Shivam Chandrol,False,0.42704209881704047,top/middle,84.0,,137.70491803278688,,,123.52941176470588,41.999999999999986,,10.0,25.11
35886,Gaurav Chaudhary,False,0.5273145063559391,finishing allrounder,278.0,,144.04145077720207,19.0,6.9185667752443,144.04145077720207,-18.499999999999986,-1.4999999999999993,24.0,27.08
35889,Kartik Biswal,False,0.48486211862429146,top/middle,171.0,,99.4186046511628,2.0,5.045454545454546,4.5949892240740455,39.999999999999986,0.0,10.0,28.41
35893,Bhavesh Seth,True,0.5364308039838064,finisher,6.0,,200.0,,,200.0,,,3.0,28.14
35897,Rohan Suresh,False,0.4534955572694697,finishing allrounder,11.0,,61.111111111111114,8.0,8.230366492146597,61.111111111111114,,-1.333333333333333,12.0,
35899,Aayush Thakur,False,0.47851569393888677,finishing allrounder,49.0,,136.11111111111111,15.0,8.767527675276753,4.360487557246439,42.99999999999998,3.499999999999998,14.0,23.01
359,Rangaraj Suthesh,False,0.48755917996675224,finishing allrounder,4.0,,36.36363636363637,19.0,6.283185840707965,2.432207367551565,0.0,-8.999999999999996,15.0,38.64
35900,Teshi Tiku,False,0.3978687625100425,finisher,47.0,,146.875,0.0,10.5,146.875,,,6.0,33.9
35903,Sylvester Mylliempdah,False,0.4546556965529935,top/middle,33.0,,58.92857142857143,,,58.92857142857143,,,2.0,33.2
360,Bhuvneshwar Kumar,True,0.6766215857490785,finishing allrounder,323.0,,97.58308157099698,164.0,6.996506827564306,2.5848117172478022,1.8999999999999997,2.3000000000000007,141.0,35.81
36045,Alok Kumar,False,0.40211861374030855,finisher,5.0,,250.0,0.0,8.307692307692308,250.0,,,1.0,31.11
3605,Aiden Markram,True,0.6992979173892292,top/middle,2350.0,,137.99177921315325,17.0,8.690140845070422,2.986217512439725,-9.299999999999999,0.3,89.0,31.15
3613,Shakeel Ahmed,True,0.4842903652280215,finishing allrounder,32.0,,78.04878048780488,1.0,7.536585365853658,2.061018558732776,15.999999999999996,-0.9999999999999998,4.0,37.81
36153,Syed Haider,False,0.4331677963847745,top/middle,60.0,,122.44897959183673,,,122.44897959183673,,,1.0,24.59
36184,Ansh Yadav,False,0.5084342223027645,top/middle,287.0,,117.62295081967213,1.0,7.333333333333333,9.122111597532204,-114.49999999999994,-0.4999999999999999,9.0,37.61
36188,Nishant Kushwah,False,0.4729117576749459,top/middle,243.0,,114.62264150943396,,,0.6986896637193616,121.49999999999997,,13.0,31.11
36189,Shaurya Singh,False,0.495405629217519,batting allrounder,391.0,,124.92012779552715,6.0,6.927835051546392,11.430900836883502,-27.49999999999999,-1.4999999999999993,31.0,
36192,Jamshed Alam,False,0.4571099711814553,finishing allrounder,1.0,,100.0,2.0,12.375,100.0,,-1.9999999999999996,3.0,31.39
3622,Hayden Walsh,True,0.601806384636494,finishing allrounder,22.0,,91.66666666666667,23.0,7.246290801186944,0.8483564094366113,-1.9999999999999996,-4.8571428571428585,18.0,33.59
3623,Hasan Ali,False,0.5414599147091471,finishing allrounder,58.0,,131.8181818181818,27.0,8.437054631828978,0.9160129038848343,-6.114285714285714,0.31428571428571456,19.0,31.4
3627,Andile Phehlukwayo,True,0.5857323113617394,finishing allrounder,60.0,,103.44827586206897,11.0,9.620111731843576,1.6507907376953572,-5.399999999999999,0.6999999999999997,11.0,29.73
3628,Kagiso Rabada,True,0.6757651152558724,finishing allrounder,167.0,,113.60544217687075,83.0,8.214499700419413,1.11160372483091,-6.200000000000002,-5.300000000000001,71.0,30.51
3629,Corbin Bosch,True,0.43218079028735096,finishing allrounder,98.0,,113.95348837209302,17.0,6.918032786885246,1.2603774262907388,,,8.0,31.21
36292,Parush Mandal,False,0.4149647100449128,finishing allrounder,1.0,,14.285714285714286,4.0,9.363636363636363,0.0,0.9999999999999998,0.0,7.0,23.26
36304,Vandit Joshi,False,0.43869936056997405,batting allrounder,137.0,,125.68807339449542,6.0,7.05699481865285,69.96224105077127,98.99999999999994,5.999999999999999,12.0,24.59
36328,Mangesh Yadav,False,0.42652192942940326,finishing allrounder,64.0,,177.77777777777777,16.0,7.819148936170213,66.66666666666667,55.999999999999986,11.999999999999998,9.0,24.13
36336,Akhil Yadav,False,0.39181886645368946,finisher,53.0,,135.89743589743588,,,,,,4.0,22.71
3635,Jason Smith,False,0.40790852354219964,top/middle,6.0,,100.0,,,100.0,,,1.0,31.13
36363,Ayush Mankar,False,0.39245951011285934,finishing allrounder,10.0,,100.0,2.0,9.906976744186046,,,,7.0,25.69
3639,Brandon King,True,0.6330049364113686,opener,1362.0,,127.7673545966229,,,2.3031710025871863,-52.79999999999998,,61.0,30.95
3641,Ben Dwarshuis,True,0.5723158668282106,finishing allrounder,50.0,,73.52941176470588,22.0,8.841059602649006,1.2149224107965404,17.428571428571434,5.714285714285717,11.0,31.43
3642,Atit Sheth,True,0.650142615664261,finishing allrounder,445.0,,183.1275720164609,56.0,8.199004975124378,1.0309741221816473,55.6,3.4000000000000004,33.0,29.81
3643,Monu Kumar Singh,False,0.47141466916334884,finishing allrounder,11.0,,91.66666666666667,5.0,8.0625,91.66666666666667,,,3.0,31.06
3644,Kuldeep Yadav,True,0.6695823745782081,finishing allrounder,171.0,,80.28169014084507,104.0,7.138353765323993,1.1921969613591172,-0.8999999999999999,5.700000000000002,79.0,30.95
3645,Sarfaraz Khan,True,0.6352860484038932,top/middle,388.0,,116.16766467065868,0.0,3.0,1.495627173802206,8.499999999999998,,29.0,28.08
3646,Karan Kaila,False,0.4473096591613273,finishing allrounder,57.0,,116.3265306122449,13.0,5.225,116.3265306122449,,6.4999999999999964,11.0,31.22
3647,Shreyas Iyer,True,0.6693965016018795,top/middle,2517.0,,137.9934210526316,0.0,6.75,2.4036573840792697,46.9,,94.0,30.97
3648,Deepak Hooda,True,0.6755932419510975,batting allrounder,1167.0,,124.54642475987193,11.0,7.267605633802817,2.4265231381623202,-65.19999999999999,-0.8999999999999999,79.0,30.61
3649,Akhil Herwadkar,False,0.5036995614968813,opener,314.0,,145.37037037037038,2.0,6.0,3.234309461946009,61.357142857142875,0.0,11.0,31.07
365,Rajesh Bishnoi,False,0.4610878299978415,top/middle,48.0,,88.88888888888889,,,5.784804530427213,-8.999999999999996,,7.0,38.14
3650,Aamir Gani,True,0.5564022119275152,finishing allrounder,39.0,,70.9090909090909,16.0,6.12,70.9090909090909,18.99999999999999,1.4999999999999993,19.0,29.25
3651,Ricky Bhui,True,0.6403740325739554,top/middle,998.0,,150.3012048192771,,,2.1615553326172505,43.50000000000001,,28.0,29.16
3652,Ankush Bains,True,0.5537896602641709,top/middle,123.0,,109.82142857142857,,,3.0150566937925545,-104.99999999999997,,10.0,29.95
3653,Avesh Khan,True,0.6755769249209681,finishing allrounder,73.0,,140.3846153846154,131.0,8.17986577181208,1.4627455239144778,0.6000000000000006,-5.300000000000001,101.0,28.95
3654,Amad Butt,False,0.4800897901478335,finishing allrounder,11.0,,73.33333333333333,5.0,8.613861386138614,3.219187238511663,,,5.0,30.55
36553,Jediah Blades,False,0.3838627829224249,finishing allrounder,4.0,,40.0,3.0,9.225,40.0,,,3.0,23.62
3659,Dominic Sibley,False,0.3796358209267684,opener,3.0,,37.5,,,37.5,,,1.0,30.23
366,Gaurav Dhiman,False,0.47777572262200196,top/middle,43.0,,102.38095238095238,1.0,10.0,102.38095238095238,,,3.0,38.95
3660,Luke Wood,True,0.6105465151482528,finishing allrounder,32.0,,133.33333333333334,25.0,8.778082191780822,1.2919864852180396,25.999999999999986,1.6999999999999995,18.0,30.32
3661,Minod Bhanuka,True,0.5136969528449187,opener,64.0,,91.42857142857143,,,91.42857142857143,,,3.0,30.58
3664,Binura Fernando,True,0.5940729502916181,finishing allrounder,36.0,,92.3076923076923,20.0,6.640167364016737,2.556054516358107,-2.1000000000000014,2.0999999999999996,22.0,30.38
3669,Sadeera Samarawickrama,True,0.5447701930005677,top/middle,113.0,,108.65384615384616,,,1.8126520886546025,28.333333333333332,,5.0,30.24
36713,Mirzadanish Alam,False,0.4141313120481911,finisher,29.0,,80.55555555555556,,,80.55555555555556,,,4.0,33.56
3672,Kusal Mendis,True,0.6676771149964216,top/middle,1207.0,,123.54145342886387,,,2.3852470365115725,48.30000000000001,,48.0,30.81
3673,Ramesh Mendis,True,0.5695833630333279,finishing allrounder,75.0,,102.73972602739725,3.0,6.133333333333334,1.9123583825463792,8.07692307692308,-0.11538461538461538,13.0,30.39
36743,Tadakamalla Mohith,False,0.4032899299092096,finishing allrounder,87.0,,111.53846153846153,8.0,7.976470588235294,111.53846153846153,,,7.0,24.34
36759,Aaryan Chavda,False,0.3837708632031771,finishing allrounder,0.0,,0.0,8.0,7.416666666666667,,,,7.0,20.4
3697,Kyle Jamieson,True,0.6383804953978592,finishing allrounder,79.0,,106.75675675675676,28.0,8.517560073937153,1.7122014777413073,-12.749999999999996,1.7499999999999998,25.0,30.91
36982,Suyash Sharma,True,0.6177473580387735,finishing allrounder,3.0,,42.857142857142854,63.0,7.812982998454405,1.089494502837968,-0.9999999999999998,6.2803698347351e-16,57.0,22.54
36983,Mohit Rathee,True,0.5923369627720301,finishing allrounder,48.0,,109.0909090909091,8.0,7.8133333333333335,45.21591723370395,0.4999999999999977,3.925231146709437e-17,11.0,26.87
36984,Raghav Goyal,True,0.5750610113180403,finishing allrounder,60.0,,103.44827586206897,11.0,6.461538461538462,0.6980574269485763,29.99999999999999,0.4999999999999999,15.0,24.83
370,Arun Karthik,True,0.6370266236359566,top/middle,1324.0,,134.96432212028543,,,7.452974505299525,-25.7,,50.0,39.78
3700,Tim Seifert,True,0.6503651595730909,top/middle,894.0,,144.89465153970826,,,2.220809298955936,75.10000000000001,,35.0,30.95
37036,Priyanshu Moliya,False,0.3980468965537659,batting allrounder,211.0,,145.51724137931035,4.0,7.111111111111111,,,,12.0,20.44
37037,Aanjaneya Suryavanshi,True,0.5713157956430631,top/middle,370.0,,122.51655629139073,,,18.5917364327532,-3.999999999999997,,18.0,22.83
37052,Naman Dhir,True,0.6860350479274098,batting allrounder,1727.0,,167.66990291262135,26.0,7.9126637554585155,3.682188203482703,35.49999999999998,1.9999999999999996,69.0,25.91
37054,Jass Inder Singh,False,0.48394004589121,finishing allrounder,11.0,,68.75,10.0,6.8730650154798765,68.75,3.499999999999999,0.0,16.0,28.95
37074,R Sibi,False,0.4634048816309558,finisher,31.0,,110.71428571428571,,,110.71428571428571,,,1.0,27.96
37103,R K Jayant,False,0.39709763384061625,finisher,43.0,,95.55555555555556,,,1.614879652867171,,,2.0,19.94
37114,S Raghavendran,False,0.40388405431079133,finisher,43.0,,104.8780487804878,,,1.1159201310957918,,,5.0,37.69
37201,,False,0.38183943548199784,unknown,71.0,,122.41379310344827,,,122.41379310344827,,,0.0,
3727,Matthew Short,True,0.6389800826182165,top/middle,499.0,,142.16524216524218,8.0,8.79611650485437,2.249553412715934,-91.99999999999997,-3.14018491736755e-16,27.0,30.05
37311,Shiv Mathur,False,0.3966181621930428,finisher,62.0,,114.81481481481481,,,114.81481481481481,,,3.0,17.85
37319,Etamize Dhileepan,False,0.4106456837586143,top/middle,5.0,,83.33333333333333,,,83.33333333333333,,,1.0,28.06
37321,Slakshy Jain,False,0.4927153649157887,finishing allrounder,23.0,,63.888888888888886,7.0,7.226086956521739,1.16881569986578,-4.999999999999998,-6.999999999999998,15.0,23.4
37354,G Godson,False,0.4899193669401803,finishing allrounder,15.0,,83.33333333333333,4.0,7.408695652173913,1.7077604548357135,,-1.9999999999999996,6.0,36.16
37356,T Saran,False,0.43250599987467553,opener,5.0,,33.333333333333336,,,0.687656906711917,,,3.0,30.13
37360,M Viju Arul,False,0.45012198639234674,finishing allrounder,2.0,,40.0,5.0,12.092307692307692,40.0,,-0.4999999999999999,5.0,31.5
37373,Venkatesh Bhuvaneshwar,False,0.38067457478557465,finishing allrounder,12.0,,54.54545454545455,3.0,8.7,54.54545454545455,,,1.0,24.56
37563,Sagar Gowtham,False,0.4138245034006799,finisher,40.0,,160.0,,,160.0,25.999999999999986,,3.0,26.48
3757,Jyot Chhaya,False,0.49185127289244357,finishing allrounder,121.0,,100.83333333333333,3.0,6.696428571428571,5.7393933865920035,-30.999999999999986,-0.42857142857142866,14.0,35.98
37572,Shafiq Jan,True,0.4065218502956464,finishing allrounder,5.0,,166.66666666666666,4.0,8.64,166.66666666666666,,,3.0,31.81
37578,Sj Arunkumar,False,0.46628923401424127,finisher,31.0,,67.3913043478261,0.0,10.0,1.9127412942573279,-0.9999999999999998,,8.0,21.78
37580,P Bhuvaneswaran,False,0.5217089979323375,finishing allrounder,48.0,,90.56603773584905,28.0,7.521739130434782,1.4892098342665974,-16.49999999999999,-4.999999999999998,22.0,31.87
3759,Vishnu Solanki,False,0.5530535821097389,top/middle,526.0,,135.56701030927834,,,4.675061927436894,0.6999999999999993,,30.0,33.11
37590,Kta Madhava Prasad,False,0.39853684464554484,finisher,44.0,,110.0,,,6.207420503373628,,,4.0,20.45
37597,S Sanjeevi Kandeepan,False,0.40772628101447905,top/middle,6.0,,100.0,,,100.0,,,1.0,29.53
376,Ravikant Shukla,True,0.5482313920997466,finisher,55.0,,177.41935483870967,,,9.674797546554629,,,3.0,38.39
37604,M Udhayakumar,False,0.38923733002203087,finishing allrounder,1.0,,50.0,2.0,10.5,50.0,,,2.0,29.08
37612,Zubair khan,True,0.38860204304308626,finisher,31.0,,140.9090909090909,,,140.9090909090909,,,2.0,24.93
37630,Mohamed Ali,False,0.508313801643099,finishing allrounder,310.0,,129.7071129707113,13.0,8.431718061674008,3.0083999155232544,47.499999999999964,0.9999999999999992,20.0,21.15
37631,P Vignesh,False,0.41657786609591463,finishing allrounder,1.0,,33.333333333333336,13.0,7.293103448275862,33.333333333333336,,-8.999999999999996,15.0,20.64
3768,Hardik Rathod,False,0.4522779835595961,finishing allrounder,2.0,,40.0,3.0,4.266666666666667,40.0,,,3.0,37.22
37730,Divij Mehra,False,0.42946644920594357,finishing allrounder,12.0,,120.0,5.0,9.071428571428571,120.0,,,4.0,23.17
37731,Musheer Khan,False,0.41676524661513115,batting allrounder,136.0,,133.33333333333334,7.0,7.880597014925373,1.433599830196689,,,8.0,20.74
37732,Prasad Pawar,True,0.5992801700318791,top/middle,564.0,,147.64397905759162,,,2.848514539017705,225.99999999999994,,23.0,30.82
37752,Ajay Chetan J,False,0.399011136765574,finisher,4.0,,22.22222222222222,,,1.5888600443960386,-1.9999999999999996,,5.0,23.92
37755,Vidyuth P,False,0.45004541943630266,finishing allrounder,9.0,,150.0,5.0,7.591836734693878,0.7026900973385412,,,4.0,25.19
37757,R Vimal Khumar,False,0.5135104131873507,top/middle,600.0,,119.28429423459245,,,4.019306971225265,57.99999999999999,,27.0,22.98
37774,H I Waseem Ahmed,False,0.45811005373193703,opener,368.0,,121.8543046357616,,,5.504182063353003,-65.99999999999999,,14.0,24.51
3779,Pritam Chakraborty,False,0.39066846989530574,finishing allrounder,2.0,,66.66666666666667,10.0,5.796610169491525,66.66666666666667,,,6.0,31.2
3780,Vivek Singh,True,0.6168567837882644,top/middle,703.0,,129.9445471349353,2.0,6.967741935483871,3.6153385428838845,18.299999999999997,,25.0,32.07
3781,M Mohammed,True,0.6543538754774535,finishing allrounder,301.0,,95.55555555555556,71.0,7.2370517928286855,1.8713268105873502,-11.000000000000004,-2.1999999999999997,50.0,33.98
37812,Shyam Sundar,False,0.42533906128800103,top/middle,118.0,,100.0,,,3.0608088454022653,-117.99999999999997,,8.0,25.08
3782,M Shahrukh Khan,True,0.7038976168367685,finishing allrounder,1943.0,,156.18971061093248,52.0,7.405172413793103,3.9839246957895353,2.399999999999998,1.3000000000000005,115.0,30.51
37870,Sunil Krishna,False,0.4013972100228313,finisher,34.0,,147.82608695652175,,,1.2888276746489844,,,4.0,23.72
37871,Athish S R,False,0.39422824564183356,top/middle,37.0,,97.36842105263158,,,8.004083056487241,,,3.0,21.36
37879,Khawaja Nafay,False,0.4676433051233541,opener,214.0,,133.75,,,6.063579737787058,93.99999999999997,,8.0,
37939,Nahid Rana,False,0.4735269976133476,finishing allrounder,4.0,,16.0,14.0,7.2,0.7454881730188649,-0.4999999999999998,1.9999999999999991,17.0,23.15
3798,Karan Shah,True,0.5341301603970404,top/middle,58.0,,170.58823529411765,,,2.3409808641466716,-0.9999999999999998,,4.0,29.44
3802,Anshuman Rath,False,0.43316948627962154,opener,124.0,,82.11920529801324,1.0,7.8,3.453954312517828,107.99999999999997,0.9999999999999998,9.0,28.06
38050,Isitha Wijesundera,False,0.4393614078782141,finishing allrounder,11.0,,110.0,1.0,10.875,2.423464293084804,0.9999999999999998,0.9999999999999998,2.0,28.54
3807,Gurinder Singh,False,0.3991728077671658,finishing allrounder,36.0,,72.0,3.0,8.409448818897637,72.0,,,6.0,33.38
3808,Jiwanjot Singh,False,0.4920026522716273,top/middle,129.0,,122.85714285714286,,,11.935015862733412,-32.499999999999986,,3.0,35.06
38125,Akhil Rawat,True,0.5692282071228181,top/middle,496.0,,163.1578947368421,,,5.932765025248612,-0.9999999999999979,,18.0,
38435,Rajendra Singh,False,0.38549870166842987,batting allrounder,48.0,,97.95918367346938,3.0,7.518987341772152,97.95918367346938,,,6.0,-42.89
38436,Saurav Dihingya,False,0.47936749284309843,opener,306.0,,134.21052631578948,,,3.798407194231765,65.99999999999999,,9.0,21.91
38438,Rohit Singh,False,0.46543160049387866,finishing allrounder,26.0,,89.65517241379311,24.0,6.168,2.177355318093119,10.999999999999998,0.0,12.0,20.96
38439,Jay Borah,False,0.4726830415454822,top/middle,223.0,,126.70454545454545,,,3.972178025190278,96.99999999999997,,10.0,24.12
38440,Amit Yadav,True,0.48097854920342287,finishing allrounder,36.0,,257.14285714285717,2.0,7.276595744680851,257.14285714285717,,,6.0,29.98
38442,Kankan Kalita,True,0.5881223559921639,finishing allrounder,208.0,,108.33333333333333,21.0,5.736677115987461,7.057059902970416,-16.499999999999993,-2.9999999999999996,17.0,26.63
38443,Shubham Kumar Gupta,False,0.4516935977121092,finishing allrounder,12.0,,54.54545454545455,7.0,8.052631578947368,54.54545454545455,,,5.0,20.33
38444,Bishal Sharma,False,0.43563562490160535,top/middle,270.0,,103.05343511450381,5.0,6.346153846153846,142.46575342465752,-61.99999999999997,2.9999999999999996,12.0,20.94
38445,Tej Khan,False,0.44033057193260405,finishing allrounder,98.0,,108.88888888888889,8.0,6.962264150943396,110.71428571428571,-35.999999999999986,0.0,13.0,19.9
38446,Palla Karunakar,False,0.431672080185034,finishing allrounder,81.0,,75.0,2.0,7.384615384615385,88.23529411764706,16.999999999999996,0.0,8.0,21.28
38447,Avijit Singha Roy,False,0.4852723771789838,opener,140.0,,122.80701754385964,0.0,9.5,122.80701754385964,,,7.0,38.77
38578,Prashant Chaudhary,False,0.4943630384442108,finishing allrounder,108.0,,109.0909090909091,6.0,8.181818181818182,8.091604508577646,13.499999999999996,-1.4999999999999998,12.0,25.9
3858,Jatinder Singh,True,0.4832884531276166,opener,148.0,,110.44776119402985,0.0,21.0,1.8253123278971606,-41.999999999999986,,6.0,36.73
38617,Tarun Singh,False,0.4060369038107595,batting allrounder,196.0,,104.81283422459893,9.0,7.190476190476191,104.81283422459893,,,9.0,32.12
38618,Arjun Dani,True,0.5270260590344981,finishing allrounder,245.0,,137.64044943820224,7.0,6.795918367346939,13.890112498080626,,2.499999999999999,15.0,
38619,Rahul Sawant,True,0.532427144140149,finishing allrounder,31.0,,193.75,13.0,7.2485549132947975,1.3632756525862684,,2.499999999999999,9.0,25.9
38621,Raj Waghela,True,0.5105015856865049,finisher,38.0,,71.69811320754717,,,2.0797124666084628,14.999999999999995,,8.0,25.9
38625,Nutan Goel,False,0.4561064907950627,opener,41.0,,120.58823529411765,,,1.0397978736155462,,,3.0,25.9
38628,Jayesh Pokhare,False,0.42894563879341374,finisher,4.0,,80.0,,,80.0,,,2.0,-14.1
38632,Prince Badiani,True,0.49494401786399594,finishing allrounder,0.0,,0.0,3.0,9.4375,0.0,,0.4999999999999999,6.0,
38638,Aryan Kiran Badhe,True,0.5359583069151178,finishing allrounder,4.0,,133.33333333333334,6.0,8.326530612244898,133.33333333333334,,,2.0,23.71
38639,Vaibhav Chougalle,True,0.535658232227441,finishing allrounder,44.0,,91.66666666666667,3.0,9.891891891891891,91.66666666666667,5.999999999999999,0.9999999999999998,16.0,25.9
38640,Sachin Bhosale,True,0.6258241286204669,finishing allrounder,190.0,,150.79365079365078,52.0,7.079837618403247,12.739141950661155,5.4999999999999885,-1.0000000000000002,38.0,27.9
38642,Aditya Rajhans,False,0.44300227268023973,finishing allrounder,4.0,,33.333333333333336,1.0,6.7272727272727275,33.333333333333336,,,3.0,25.9
38643,Suraj Shinde,True,0.5569132494661754,finisher,152.0,,146.15384615384616,,,1.6225658552021345,-63.999999999999986,,10.0,25.9
38644,Jay Jain,False,0.3957234924254697,top/middle,47.0,,87.03703703703704,,,3.5785113515540057,,,5.0,25.9
38646,Shashwat Jagtap,False,0.39746297778892303,top/middle,98.0,,98.98989898989899,,,8.364358872374387,,,5.0,25.9
38648,Prayash Thakur,True,0.5595091912542872,finishing allrounder,15.0,,107.14285714285714,6.0,9.466666666666667,1.0022197060436164,,,3.0,25.9
38650,M Krishna,False,0.4453902864904824,opener,4.0,,50.0,,,0.6924183694528013,,,2.0,25.9
38651,Yashovardhan Singh,False,0.523672446530176,finisher,402.0,,118.93491124260355,3.0,4.92,5.376320882889429,-64.49999999999997,-2.9999999999999996,29.0,23.27
38652,Nihal Vadera,False,0.47486002351639395,top/middle,52.0,,118.18181818181819,,,3.0059151689559833,,,3.0,25.9
38654,Sahil Jadhav,False,0.4756804298183484,finisher,87.0,,104.81927710843374,,,1.629212648906555,17.499999999999993,,11.0,25.9
38655,Praful Devkate,False,0.4367732479108782,finisher,7.0,,350.0,0.0,7.636363636363637,350.0,,,2.0,25.9
38657,Harshal Jadhav,False,0.49797653828630056,top/middle,186.0,,157.6271186440678,0.0,12.5,2.3206372350216244,42.99999999999998,,6.0,24.11
38658,Yash Dicholkar,True,0.5142064961928707,finishing allrounder,12.0,,50.0,10.0,6.728155339805825,2.603600604113351,3.999999999999999,4.999999999999998,11.0,-14.1
38659,Adithya Khanvilkar,False,0.4370029311280622,top/middle,12.0,,85.71428571428571,0.0,12.0,85.71428571428571,,,1.0,25.9
38699,Ninad Kadam,True,0.5304990548250427,finisher,108.0,,168.75,1.0,9.6,3.9786255413564926,,,5.0,33.03
38700,Ajay Singh,False,0.44215861590412503,finishing allrounder,1.0,,100.0,2.0,10.032786885245901,100.0,,0.0,5.0,25.9
3871,Aamir Kaleem,True,0.49723548703471465,opener,135.0,,117.3913043478261,8.0,7.486238532110092,9.141087176411427,22.999999999999993,1.9999999999999996,6.0,44.02
3876,Sufyan Mehmood,True,0.479201692372084,finishing allrounder,22.0,,70.96774193548387,2.0,9.64864864864865,1.1344028481990376,3.999999999999999,-1.9999999999999996,6.0,34.1
3882,Steven Taylor,False,0.4125310713610553,opener,84.0,,97.67441860465117,,,2.592585321978907,31.999999999999993,,7.0,32.05
38855,Mohammad Saifuddin,True,0.665353422043806,finishing allrounder,305.0,,119.6078431372549,64.0,7.002024291497976,1.5950703167386817,36.1,4.3,46.0,29.88
39011,Jitesh Raut,False,0.3869248731384345,opener,72.0,,90.0,,,90.0,,,7.0,30.0
39013,Omkar Chettiar,False,0.38422912248860763,opener,18.0,,94.73684210526316,,,94.73684210526316,,,3.0,25.73
39016,Pranav Dhawande,False,0.38475698820383386,top/middle,37.0,,92.5,,,92.5,,,4.0,25.54
39018,Siddhant Singh,False,0.4056008357699373,finisher,22.0,,129.41176470588235,1.0,11.0,3.8902372628280606,,,4.0,25.8
39019,Hrushikesh Pawar,False,0.3984282296242887,batting allrounder,84.0,,110.52631578947368,2.0,7.594936708860759,110.52631578947368,,,6.0,30.22
39023,Pankaj Patil,False,0.40186363928132496,finishing allrounder,9.0,,150.0,12.0,9.496062992125983,,,,6.0,37.05
39029,Atul Singh,False,0.40041944924962114,finishing allrounder,8.0,,114.28571428571429,6.0,8.590909090909092,114.28571428571429,,,7.0,31.09
39035,Japjeet Singh Randhawa,True,0.5264085006771765,top/middle,99.0,,84.61538461538461,1.0,4.421052631578948,1.8642698985603137,47.499999999999986,,6.0,28.04
39038,Yash Singh,False,0.38412985967203217,finishing allrounder,4.0,,50.0,18.0,4.9156626506024095,50.0,,,7.0,25.07
39040,Kaushik Kharat,False,0.39401344075129524,finisher,101.0,,97.11538461538461,,,97.11538461538461,,,5.0,29.07
39041,Harsh Mogaveera,False,0.461529960701348,top/middle,401.0,,168.48739495798318,2.0,10.325581395348838,121.7948717948718,-210.99999999999994,,15.0,22.34
39042,Arman Shaikh,False,0.4052112015722768,top/middle,113.0,,114.14141414141415,,,114.14141414141415,,,8.0,38.02
39043,Yogesh Patil,False,0.4096012157794373,finishing allrounder,93.0,,169.0909090909091,4.0,7.672131147540983,169.0909090909091,,,7.0,36.89
39044,Ajay Mishra,False,0.4140606101980222,finishing allrounder,39.0,,105.4054054054054,13.0,6.915254237288136,1.6739159044953842,,,12.0,30.41
39047,Aayush Singh,False,0.392395982029692,finishing allrounder,19.0,,90.47619047619048,4.0,6.39344262295082,90.47619047619048,,,4.0,22.57
39051,Aryan Kadam,False,0.3824436397958092,finishing allrounder,1.0,,100.0,1.0,5.086956521739131,100.0,,,5.0,20.79
39064,Shreyash Gurav,False,0.3889487968190311,finishing allrounder,8.0,,88.88888888888889,9.0,5.36,8.36435887237438,,,6.0,25.74
39065,Prabhakar Nishad,False,0.3871255945203131,finishing allrounder,3.0,,75.0,8.0,7.077844311377246,75.0,,,8.0,26.4
39066,Sahil Phegade,False,0.38552151855221006,finishing allrounder,4.0,,100.0,10.0,4.173913043478261,100.0,,,5.0,25.25
39070,Sandesh Koli,False,0.40407507043539875,finishing allrounder,15.0,,187.5,8.0,6.382978723404255,187.5,,,4.0,33.88
39071,Aryaman Thakkar,False,0.3819951740828905,top/middle,50.0,,71.42857142857143,,,71.42857142857143,,,5.0,22.96
39074,Aniket Khadpe,False,0.39125428456646866,finishing allrounder,27.0,,75.0,12.0,7.090909090909091,75.0,,,7.0,25.9
39081,Vicky Patil,False,0.3972234556944438,opener,197.0,,99.4949494949495,,,99.4949494949495,,,9.0,29.1
39082,Harsh Shrawage,False,0.37452049063515636,opener,3.0,,42.857142857142854,,,42.857142857142854,,,1.0,25.55
39084,Jay Dhatrak,False,0.3801950018567981,finisher,13.0,,61.904761904761905,,,61.904761904761905,,,4.0,22.09
39092,Shreeraj Gharat,True,0.5243121852769209,top/middle,90.0,,125.0,,,2.048164958000461,24.999999999999993,,4.0,25.2
39094,Dashrath Chavan,False,0.39134130074747653,finishing allrounder,62.0,,96.875,13.0,5.625,96.875,,,8.0,23.06
39095,Omkar Rahate,False,0.3818993861375695,opener,19.0,,63.333333333333336,,,63.333333333333336,,,1.0,27.19
39097,Sahil Gode,False,0.39352263576933827,top/middle,30.0,,90.9090909090909,,,3.0515849088644025,,,4.0,23.78
39100,Aditya Yadav,False,0.4110472057427753,finishing allrounder,91.0,,122.97297297297297,2.0,8.909090909090908,2.1444437081903915,,,9.0,29.32
39105,Shubham Yadav,False,0.38409495285945033,finishing allrounder,2.0,,40.0,1.0,9.125,40.0,,,3.0,18.98
39107,Aquib Mubin Shaikh,False,0.3859648808911738,finisher,2.0,,25.0,,,25.0,,,3.0,35.08
39108,Parag Ramchandra Jadhav,False,0.39664058552127895,finishing allrounder,57.0,,96.61016949152543,3.0,7.4,96.61016949152543,,,6.0,28.45
39109,Om Kamat,False,0.4675458531848849,finisher,187.0,,108.09248554913295,,,2.1510461256910465,82.49999999999997,,11.0,23.48
39110,Vishwajit Jagdale,False,0.4084998162795525,finisher,163.0,,139.31623931623932,0.0,13.666666666666666,139.31623931623932,,,8.0,24.74
39111,Ravi Vishwakarma,False,0.3843316387186099,batting allrounder,7.0,,87.5,3.0,6.48,87.5,,,2.0,33.93
39113,Kalash Rai,False,0.3980152402835869,finisher,98.0,,130.66666666666666,,,130.66666666666666,,,3.0,21.59
39117,Ashwin Shelke,False,0.4004819579851142,finishing allrounder,58.0,,87.87878787878788,12.0,5.3076923076923075,87.87878787878788,,,9.0,27.73
39121,Abhishek Jain,False,0.3907993630016501,finisher,31.0,,103.33333333333333,,,103.33333333333333,,,3.0,25.1
39125,Sanket More,False,0.3909004605360695,finishing allrounder,9.0,,112.5,2.0,6.8076923076923075,112.5,,,4.0,30.43
39129,Rugved More,False,0.40553865947475787,top/middle,164.0,,120.58823529411765,,,4.3973727643125455,,,8.0,23.75
39130,Jahangir Ansari,False,0.38613952076464436,finisher,20.0,,100.0,0.0,13.0,100.0,,,2.0,26.14
39132,Anil Amit Panday,False,0.39566904789807544,finishing allrounder,27.0,,128.57142857142858,2.0,4.75,128.57142857142858,,,2.0,26.91
39133,Satyalaksh Jain,False,0.3958969546627372,top/middle,153.0,,93.86503067484662,0.0,8.25,93.86503067484662,,,9.0,26.02
39137,Prateet Gotsurve,False,0.38074190412230713,finisher,8.0,,50.0,,,50.0,,,5.0,23.12
39141,Parth Chandan,False,0.3939308705057071,finishing allrounder,75.0,,115.38461538461539,10.0,4.8,115.38461538461539,,,6.0,25.46
39144,Anurag Divekar,False,0.3787484401979942,finisher,24.0,,72.72727272727273,,,72.72727272727273,,,3.0,21.44
39148,Vaibhav Bhardwaj,False,0.39051934883541684,finishing allrounder,97.0,,142.64705882352942,3.0,4.105263157894737,142.64705882352942,,,5.0,22.06
39150,Shashank Shekhar,False,0.39771512268243775,finisher,33.0,,106.45161290322581,,,106.45161290322581,,,5.0,31.1
39151,Ajay Pandey,False,0.3880557921707515,top/middle,58.0,,87.87878787878788,,,87.87878787878788,,,5.0,32.95
39153,Arun Yadav,False,0.4065088568533308,finishing allrounder,86.0,,126.47058823529412,6.0,6.47244094488189,126.47058823529412,,,8.0,33.57
39157,Shaun Rodrigues,False,0.41133539149319054,top/middle,314.0,,136.52173913043478,,,136.52173913043478,,,8.0,23.76
39158,Ankit Vishwakarma,False,0.38747402621371996,finishing allrounder,16.0,,43.24324324324324,4.0,8.457142857142857,43.24324324324324,,,5.0,25.74
3916,Jitesh Sharma,True,0.6489395111845805,finisher,1626.0,,152.38987816307403,,,2.954257484633267,96.90000000000002,,93.0,32.1
39161,Kunal Nawarange,False,0.380778330530624,finishing allrounder,1.0,,33.333333333333336,0.0,8.727272727272727,33.333333333333336,,,4.0,21.3
39165,Akhilesh Shimpi,False,0.38606465847733523,finishing allrounder,7.0,,36.8421052631579,1.0,9.310344827586206,36.8421052631579,,,5.0,25.1
39166,Manoj Yadav,False,0.496228740501701,finishing allrounder,27.0,,108.0,17.0,8.988326848249027,108.0,8.999999999999996,-8.999999999999996,14.0,37.53
3917,Urvesh Patel,False,0.46430494437393227,top/middle,12.0,,133.33333333333334,,,133.33333333333334,,,1.0,37.85
39176,Shourya Nilesh Desai,False,0.3950004256895479,top/middle,119.0,,104.3859649122807,,,104.3859649122807,,,7.0,19.35
39177,Sagar Jadhav,True,0.5799740489216255,finishing allrounder,75.0,,159.5744680851064,12.0,8.238461538461538,1.0962794142037617,23.499999999999993,4.999999999999998,13.0,29.98
39178,Zaid Patankar,True,0.3944022552260696,finishing allrounder,2.0,,25.0,8.0,8.299065420560748,0.6737574870297706,,,7.0,
39180,Atharva Dakway,False,0.43341614028386993,finishing allrounder,1.0,,14.285714285714286,25.0,8.539325842696629,0.0,,-20.999999999999993,16.0,22.42
39181,Ronaki Anilkumar,False,0.38677981615643703,top/middle,66.0,,74.15730337078652,,,74.15730337078652,,,6.0,25.9
39182,Shubham Punyarthi,False,0.40156475815913517,opener,208.0,,130.8176100628931,,,130.8176100628931,,,7.0,27.65
39183,Meet Jain,False,0.38298930602400943,finisher,28.0,,82.3529411764706,0.0,7.0,82.3529411764706,,,5.0,20.08
39186,Ashitosh Mali,False,0.3809265206337596,finishing allrounder,4.0,,66.66666666666667,0.0,6.0,66.66666666666667,,,3.0,23.87
39193,Pratik Warang,False,0.3976546643357093,top/middle,97.0,,100.0,,,100.0,,,6.0,21.2
392,Chidhambaram Gautam,False,0.4724023552615537,top/middle,37.0,,119.35483870967742,,,119.35483870967742,,,1.0,39.72
39200,Badrey Alam,True,0.38843793506475377,finishing allrounder,1.0,,33.333333333333336,6.0,12.733333333333333,33.333333333333336,,,6.0,33.56
39201,Nabil Samad,False,0.45212553756773377,finishing allrounder,2.0,,66.66666666666667,7.0,5.46875,66.66666666666667,,-1.3571428571428572,9.0,39.13
39202,Anamul Haque (1),False,0.4090769086466343,finishing allrounder,3.0,,42.857142857142854,1.0,7.255813953488372,42.857142857142854,,,2.0,25.37
39208,Harsh Prakas Gawli,True,0.5249046495640215,top/middle,616.0,,131.90578158458243,,,6.889706388047608,-89.99999999999997,,17.0,27.05
3921,Arpit Vasavada,False,0.5120040718413068,finisher,269.0,,120.08928571428571,6.0,7.2727272727272725,9.817167353666088,22.230769230769234,-0.6666666666666665,16.0,37.08
39210,Aryan Anand Pandey,False,0.4258754467023569,finishing allrounder,22.0,,122.22222222222223,20.0,9.268292682926829,,,3.999999999999999,13.0,21.85
3923,N Gangta,False,0.49471539768547224,finisher,179.0,,130.65693430656935,,,28.78809139407111,-94.99999999999997,,9.0,33.23
3926,Rahul Tewatia,True,0.674998442612482,finishing allrounder,943.0,,131.8881118881119,11.0,9.065573770491802,2.03992189060619,-30.699999999999996,-3.499999999999999,85.0,32.52
39288,Bhavesh Patel,False,0.40645553947733043,batting allrounder,67.0,,121.81818181818181,3.0,7.277777777777778,121.81818181818181,,,7.0,38.16
393,Kedar Jadhav,True,0.6288087241441326,top/middle,339.0,,128.4090909090909,1.0,6.0,1.8672214088203825,0.6428571428571523,,18.0,40.67
39355,Vaibhav Mali,True,0.5987592957302121,batting allrounder,263.0,,133.502538071066,11.0,6.774193548387097,2.6457258751756583,104.49999999999997,3.499999999999999,16.0,31.43
39357,Awaish Khan,True,0.49854608291022734,finisher,14.0,,70.0,,,70.0,,,2.0,25.9
39358,Ripal Shah,True,0.5434801327416338,finisher,72.0,,133.33333333333334,3.0,7.2631578947368425,133.33333333333334,,,2.0,25.9
39359,Ravinder Solanki,True,0.5171001212810241,finishing allrounder,0.0,,0.0,1.0,6.461538461538462,0.0,,,1.0,25.9
39360,Manan Bhatt,True,0.49879897169218623,finisher,12.0,,80.0,,,80.0,,,1.0,25.9
39361,Irfan Umair,True,0.5441847146413761,finishing allrounder,16.0,,177.77777777777777,5.0,8.170212765957446,177.77777777777777,,2.499999999999999,9.0,29.33
39362,Chetan Bisht,False,0.42642673534116704,opener,11.0,,91.66666666666667,,,91.66666666666667,,,1.0,25.9
39365,S Rakshith,False,0.42629163730228625,top/middle,1.0,,16.666666666666668,,,16.666666666666668,,,1.0,25.9
39366,Rajesh Sharma,False,0.43191858634462865,finisher,4.0,,100.0,,,100.0,,,1.0,25.9
39374,Muhammad Zohaib,True,0.40004766108735873,top/middle,27.0,,90.0,,,1.2550432147787411,,,3.0,27.14
39375,Manjeet Deka,False,0.4630390039622596,finisher,107.0,,125.88235294117646,1.0,8.0,0.6996168726583183,20.999999999999993,,9.0,21.23
39376,Saidur Rahman,False,0.4710568007075305,finishing allrounder,12.0,,100.0,2.0,6.39344262295082,100.0,,,3.0,29.08
39378,Debo Nath,False,0.45854524533918206,finishing allrounder,0.0,,0.0,2.0,8.382352941176471,0.0,,,3.0,52.8
39379,Nichay Sarma,False,0.45202674001021115,finishing allrounder,41.0,,78.84615384615384,1.0,6.3428571428571425,78.84615384615384,,,3.0,21.35
39380,Gaurav Thakuria,False,0.4589960114685577,top/middle,111.0,,78.16901408450704,,,17.28882002338967,4.499999999999998,,6.0,24.68
39381,Rohan Jyoti Rabha,False,0.45788526381005346,top/middle,59.0,,115.68627450980392,,,115.68627450980392,,,3.0,22.91
39383,Bishal Mogor,False,0.46246842185423903,top/middle,95.0,,95.0,0.0,5.666666666666667,12.082630510264583,15.499999999999993,,7.0,24.11
39384,Biplob Karmakar,False,0.43639333955993104,batting allrounder,6.0,,40.0,1.0,6.681818181818182,40.0,,,3.0,21.43
39385,Chinmoy Rabha,False,0.4370043128787345,finisher,12.0,,57.142857142857146,0.0,18.0,57.142857142857146,,,3.0,21.64
39386,Anupam Hazarika,False,0.4366119170511905,opener,3.0,,42.857142857142854,,,42.857142857142854,,,1.0,30.74
39387,Akshya Deka,False,0.4650614563961126,finishing allrounder,1.0,,10.0,22.0,5.535055350553505,0.643412220951876,-0.9999999999999998,7.999999999999998,12.0,24.04
39389,Biswajit Chamua,False,0.4372040234835795,top/middle,68.0,,67.32673267326733,,,67.32673267326733,,,7.0,20.28
39391,Ankit Gupta,False,0.4260649030267103,opener,20.0,,74.07407407407408,,,74.07407407407408,,,1.0,19.31
39392,Abhishek Kumar Ray,False,0.42979719774584985,top/middle,54.0,,76.05633802816901,,,76.05633802816901,,,4.0,18.95
39393,Bhargav Bhuyan,False,0.42702360888725016,finisher,1.0,,10.0,0.0,7.5,10.0,,,2.0,20.55
39394,Arvind Biswas,True,0.5674682562272527,finishing allrounder,82.0,,210.25641025641025,8.0,6.348837209302325,26.649578092657293,3.999999999999999,-5.999999999999999,7.0,28.08
39395,Jugen Das,True,0.5834573292047109,finishing allrounder,123.0,,111.81818181818181,7.0,5.868131868131868,4.325875359345138,46.999999999999986,,8.0,28.09
39396,Imran Seikh,True,0.49744359190850695,finishing allrounder,115.0,,176.92307692307693,16.0,6.046875,158.53658536585365,-84.99999999999997,-11.999999999999998,17.0,23.96
39397,Dinbandhu Payeng,True,0.5515531384106773,finishing allrounder,27.0,,81.81818181818181,7.0,5.909090909090909,1.603774269521688,-10.999999999999998,-0.9999999999999998,9.0,21.12
39398,Nipul Nath,True,0.513075324630682,finishing allrounder,1.0,,100.0,6.0,6.36,100.0,,1.9999999999999996,10.0,25.9
39400,Bikiran Das,True,0.5750547639591389,finishing allrounder,162.0,,148.62385321100916,24.0,6.149377593360996,1.3028959683673882,41.999999999999986,3.999999999999999,14.0,25.9
39401,Asif Wasimul  Haque,True,0.5668271205876476,batting allrounder,195.0,,104.83870967741936,6.0,5.790697674418604,7.038007419805282,56.99999999999997,,11.0,28.19
39402,Massoor Ali,False,0.4590529319389901,top/middle,86.0,,89.58333333333333,,,89.58333333333333,,,4.0,39.9
39403,Subham Das,False,0.4496618197245432,finishing allrounder,3.0,,75.0,6.0,5.923076923076923,75.0,,,4.0,25.9
39404,Arun Sonar,False,0.5220360598096356,batting allrounder,311.0,,113.91941391941391,3.0,6.861702127659575,7.658646936887519,-4.000000000000007,0.9999999999999998,20.0,22.8
39405,Abhishek Patel,True,0.4429524145298215,top/middle,37.0,,69.81132075471699,,,69.81132075471699,,,5.0,21.2
39406,Ansh Kumar Shah,False,0.4344870572968134,finisher,12.0,,60.0,,,60.0,,,4.0,19.61
39407,Anshu Pandey,False,0.42073352299800215,finisher,1.0,,11.11111111111111,,,11.11111111111111,,,4.0,18.69
39408,Sanjay Singh,False,0.4368887670121119,finisher,269.0,,121.17117117117117,,,136.8421052631579,-164.99999999999994,,14.0,22.78
39409,Ayushman Malakar,False,0.46423951058197255,finishing allrounder,34.0,,178.94736842105263,13.0,5.621621621621622,1.270680489388135,12.999999999999993,-0.4999999999999999,12.0,20.1
39410,Diwiz Pathak,False,0.44439506970530684,opener,210.0,,86.06557377049181,,,7.911262845513277,-85.99999999999996,,8.0,19.74
39412,Ankush Mazumder,False,0.4606807417802205,top/middle,144.0,,98.63013698630137,,,8.834572562343041,-1.9999999999999993,,13.0,24.3
39413,Nishant Singhania,False,0.451375989642967,finishing allrounder,20.0,,76.92307692307692,13.0,5.061224489795919,3.1727033748446116,-4.999999999999998,-6.2803698347351e-16,11.0,20.1
39414,Chirantan Das,False,0.4640245648416939,finishing allrounder,4.0,,22.22222222222222,1.0,6.72,0.6670163778515361,-3.999999999999999,-0.9999999999999998,4.0,40.92
39416,Bibek Dutta,True,0.4516859614569034,opener,138.0,,80.23255813953489,,,80.23255813953489,,,5.0,19.02
39418,Sushanta Bikash Bharadwaj,False,0.46781937931680384,batting allrounder,54.0,,65.06024096385542,7.0,6.6,3.791560769878182,-14.999999999999995,,5.0,24.83
39419,Dipu Gogoi,False,0.46210836558995666,top/middle,44.0,,63.768115942028984,0.0,14.0,1.975185791778594,4.999999999999998,,7.0,22.76
39420,Srimanta Tungkhungia,False,0.4505984789201256,finisher,7.0,,70.0,,,70.0,,,2.0,33.66
39421,Rahul Agrawal,False,0.4302272226330049,top/middle,23.0,,67.6470588235294,,,67.6470588235294,,,2.0,22.44
39422,Raiyan Rahat Hussain,False,0.45560438135023895,finishing allrounder,20.0,,166.66666666666666,5.0,5.04,166.66666666666666,,,4.0,20.2
39423,Baibhab Bora,False,0.4500416723886486,finishing allrounder,12.0,,92.3076923076923,5.0,7.674418604651163,92.3076923076923,,,4.0,20.09
39424,Dhiraj Deka,False,0.44104238648894184,finisher,66.0,,90.41095890410959,,,90.41095890410959,,,4.0,20.04
39425,Bargis Hazarika,False,0.45161776576337714,opener,58.0,,131.8181818181818,0.0,6.0,131.8181818181818,,,3.0,25.91
39426,Deepjyoti Sarma,False,0.454443820598571,top/middle,44.0,,122.22222222222223,,,122.22222222222223,,,4.0,23.55
39427,Deep Nath,False,0.4631310830742166,finishing allrounder,6.0,,85.71428571428571,2.0,5.375,85.71428571428571,,,3.0,29.05
39430,Deepak Gogoi,False,0.43927267611933113,finisher,1.0,,33.333333333333336,0.0,12.75,33.333333333333336,,,1.0,33.48
39431,Sameer Sinha,False,0.44947067328184964,top/middle,92.0,,72.44094488188976,0.0,19.5,57.69230769230769,31.999999999999993,,10.0,21.21
39432,Harsh Kumar,False,0.4617646920476386,finishing allrounder,41.0,,146.42857142857142,5.0,4.375,146.42857142857142,,,4.0,20.08
39433,Samair Sharma,False,0.4568283607984786,finishing allrounder,1.0,,25.0,3.0,6.070588235294117,25.0,,,4.0,26.98
39434,Ram Chandra Das,False,0.45730822519416026,batting allrounder,29.0,,42.64705882352941,2.0,6.461538461538462,42.64705882352941,,,4.0,23.38
39435,Biki Roy,False,0.4808586141357646,finisher,61.0,,105.17241379310344,1.0,7.411764705882353,2.670365140421157,-18.499999999999996,,5.0,25.9
39436,Abhishek Deb,True,0.5224444543696805,top/middle,134.0,,103.07692307692308,,,15.162005455381886,-49.999999999999986,,6.0,20.11
39437,Sambhu Roy,False,0.45863278302028215,finishing allrounder,8.0,,72.72727272727273,8.0,4.588235294117647,72.72727272727273,,,4.0,29.9
39438,Amit Baishya,False,0.4524731320823899,finisher,11.0,,68.75,,,68.75,,,4.0,29.2
39441,Aditya Gupta,False,0.461113403516387,finishing allrounder,4.0,,100.0,3.0,4.363636363636363,100.0,,,5.0,25.9
39444,Basil Hameed,False,0.429617446466376,finishing allrounder,45.0,,132.35294117647058,0.0,11.6,132.35294117647058,,,1.0,33.62
39447,Girijashankar Menaria,False,0.42641696022170406,top/middle,0.0,,0.0,1.0,6.5,0.0,,,1.0,25.9
39449,Syan Mandal,False,0.4788357892808317,opener,68.0,,119.29824561403508,1.0,10.32,1.2077901402964564,,,2.0,25.9
39450,Ali Murtuza,False,0.4376792944743294,finishing allrounder,3.0,,75.0,2.0,7.8,75.0,,,2.0,25.9
39454,Iqbal Emmon,False,0.37923927104651833,finishing allrounder,0.0,,0.0,2.0,10.857142857142858,0.0,,,1.0,18.98
39455,Maruf Mridha,False,0.3793211948421771,finishing allrounder,2.0,,100.0,0.0,8.4,100.0,,,1.0,19.54
39481,Vishal Dubey,False,0.44702870133894945,finisher,11.0,,50.0,,,50.0,,,3.0,29.93
39490,Aishwary Surve,True,0.5721722140553797,finishing allrounder,66.0,,160.97560975609755,9.0,9.707865168539326,5.74988946599219,16.999999999999996,1.4999999999999998,10.0,25.9
39491,Yash Chavan,True,0.5345852038809089,finishing allrounder,28.0,,140.0,6.0,8.8125,5.529496834716548,,1.9999999999999996,7.0,25.9
39493,Irfan Ali,True,0.5270924321386432,finisher,43.0,,195.45454545454547,,,195.45454545454547,,,2.0,25.9
39494,Harshvardhan,True,0.5160965677026202,finisher,13.0,,216.66666666666666,,,216.66666666666666,,,2.0,25.9
39495,Milind Ramesh,True,0.5077668823784017,finishing allrounder,4.0,,80.0,2.0,11.806451612903226,80.0,,0.9999999999999998,4.0,30.03
39497,Abhimanyu Chavan,False,0.4587631061055976,opener,62.0,,155.0,,,10.710848233396543,,,2.0,25.9
39499,Dhanit Raut,False,0.46928748569171197,finishing allrounder,14.0,,116.66666666666667,14.0,8.025974025974026,1.8071309120444008,5.999999999999999,2.9999999999999996,8.0,25.9
395,Karn Sharma,True,0.6851279481318688,finishing allrounder,292.0,,152.08333333333334,49.0,8.550632911392405,2.1158833106963533,45.99999999999999,4.899999999999998,48.0,38.1
39501,Omkar Jadhav,False,0.4162712748641717,opener,0.0,,0.0,,,0.0,,,1.0,25.9
39502,Rakesh I,False,0.3967051298494229,finishing allrounder,47.0,,162.06896551724137,14.0,5.109375,162.06896551724137,,,6.0,25.9
39503,Prayag Kumar,False,0.38100232521668004,finishing allrounder,7.0,,58.333333333333336,4.0,6.827586206896552,58.333333333333336,,,5.0,25.9
39504,Pragnesh Kanpillewar,False,0.40245081940949845,batting allrounder,56.0,,90.3225806451613,3.0,7.473684210526316,2.6767999854273956,,,7.0,24.16
39506,Harsh Sanghvi,False,0.49557836510470943,top/middle,473.0,,146.8944099378882,,,112.21374045801527,20.499999999999964,,27.0,25.9
39508,Piyush Salvi,False,0.46749954568871516,finishing allrounder,2.0,,66.66666666666667,32.0,7.412698412698413,,,3.999999999999999,21.0,25.9
39535,Amitava Das,False,0.4514958888360705,finishing allrounder,9.0,,90.0,5.0,7.75,90.0,,,3.0,25.9
39536,Anirban Chakraborty,False,0.44062125856780027,finishing allrounder,3.0,,75.0,6.0,3.710526315789474,75.0,,,3.0,25.9
39537,Dipu Chetry,False,0.4448377342711987,finisher,5.0,,27.77777777777778,,,27.77777777777778,,,3.0,31.78
39539,Nawaz Sharif,False,0.4263271948923824,finishing allrounder,0.0,,0.0,2.0,3.3698630136986303,0.0,,,3.0,25.9
3954,Andy Balbernie,False,0.4706889699452636,opener,101.0,,101.0,,,5.001376048122765,,,5.0,34.91
39541,Al Amin Mazumder,False,0.4318291239978736,top/middle,17.0,,65.38461538461539,,,65.38461538461539,,,3.0,25.9
39542,Pranjal Saikia,False,0.42538210483441863,finisher,1.0,,50.0,,,50.0,,,2.0,25.9
39544,Saksham Parashar,True,0.5440869644757295,finishing allrounder,53.0,,132.5,0.0,14.076923076923077,1.0989720478720824,23.499999999999993,0.0,8.0,25.9
39545,Gaurish Jadhav,True,0.5097376983415997,top/middle,38.0,,111.76470588235294,,,0.6985279303439083,18.99999999999999,,3.0,25.9
39548,Vishal Harsh,False,0.39307102215601303,batting allrounder,19.0,,95.0,1.0,8.232558139534884,9.528567380265612,,,2.0,26.25
39550,Praveen Yallappa Deshetti,True,0.5471734259337826,opener,95.0,,182.69230769230768,,,3.1666846504229103,24.499999999999996,,3.0,38.17
39551,Sachin Omprakash Katariya,True,0.5366493536185155,top/middle,22.0,,91.66666666666667,,,0.6985746264097433,-6.999999999999998,,3.0,30.62
39553,Neelkanth Shivaji Parab,True,0.5197465366294083,finisher,14.0,,116.66666666666667,,,1.0532128324214423,,,3.0,33.84
39558,Ajay Ajay Gignag,True,0.4925668749803117,top/middle,9.0,,45.0,,,1.4923210965842562,1.4999999999999998,,3.0,
39637,Garuka Sanketh,False,0.3831500114990421,finishing allrounder,1.0,,50.0,2.0,7.448275862068965,50.0,,,4.0,20.49
39638,Vishen Halambage,False,0.38832032513462034,opener,74.0,,145.09803921568627,0.0,6.0,145.09803921568627,,,4.0,20.85
39641,Sourav Saha,False,0.450644803407769,finisher,55.0,,94.82758620689656,,,18.190031765788635,36.99999999999999,,8.0,25.9
39642,Pradip Sarkar,True,0.5499073497128459,batting allrounder,115.0,,89.84375,3.0,6.0,4.7041590863442435,80.99999999999996,-0.9999999999999998,10.0,25.9
39657,Eshan Malinga,True,0.4778737362590405,finishing allrounder,1.0,,16.666666666666668,26.0,7.472584856396867,16.666666666666668,,9.999999999999996,15.0,24.81
3967,Tom Kohler,False,0.5063975330187303,top/middle,69.0,,94.52054794520548,,,2.9278642980950944,26.999999999999993,,6.0,31.27
39672,Aarya Desai,False,0.5463978440533586,opener,473.0,,142.90030211480362,2.0,8.0,1.9498982417797686,26.999999999999986,0.49999999999999983,15.0,22.65
39869,Kalimn Khan,False,0.379134622462057,finishing allrounder,2.0,,28.571428571428573,3.0,8.307692307692308,28.571428571428573,,,2.0,25.9
4007,Ryan Rickelton,True,0.5414602292097085,opener,657.0,,135.46391752577318,,,2.1363015758806614,354.9999999999999,,28.0,29.38
4009,Janneman Malan,False,0.47617919590268015,opener,127.0,,133.68421052631578,,,8.218774695199752,,,4.0,29.61
40230,Sangeeth Sagar,False,0.4546268279053374,top/middle,125.0,,100.0,,,100.0,88.99999999999997,,5.0,25.9
40232,Muhammed C T K,False,0.46781275119248766,finishing allrounder,3.0,,18.75,7.0,7.44,0.672247713928444,-2.9999999999999996,0.9999999999999998,11.0,27.69
40233,Arjun Nambiar,False,0.4603421070693112,finisher,31.0,,96.875,,,6.489148451693573,6.4999999999999964,,4.0,25.9
40236,Shaun Pacha,False,0.43690509978652636,top/middle,75.0,,92.5925925925926,,,92.5925925925926,50.999999999999986,,5.0,25.9
40238,Shabinshad T C,False,0.43965900825303444,finishing allrounder,0.0,,0.0,7.0,6.642857142857143,0.0,,6.999999999999998,6.0,25.9
40239,Thejus Vivek,False,0.40449161064464084,finishing allrounder,1.0,,50.0,1.0,6.0,50.0,,,4.0,25.9
40241,Renju Koshy,False,0.42848486760557797,finisher,7.0,,50.0,,,50.0,,,3.0,25.9
40243,Ajayaghosh S,False,0.45796154649758947,finishing allrounder,0.0,,0.0,20.0,8.93525179856115,0.0,,5.999999999999997,18.0,26.62
40249,Krishnan Narayanan A P,False,0.4341321821161949,opener,90.0,,83.33333333333333,,,83.33333333333333,,,4.0,25.9
40250,Nazal P,False,0.46551885250681246,finishing allrounder,21.0,,58.333333333333336,4.0,6.6835443037974684,58.333333333333336,-0.9999999999999998,-7.850462293418875e-17,8.0,25.9
40252,Muhammed Aslam A P,False,0.4704672697077333,batting allrounder,146.0,,105.03597122302158,3.0,5.04,105.03597122302158,-29.99999999999999,,8.0,25.9
40254,Naveen Kumar J,False,0.44250635751220463,finishing allrounder,1.0,,50.0,4.0,9.243243243243244,50.0,,,2.0,25.9
40255,Adarsh Babu,False,0.4451763060671239,finishing allrounder,3.0,,100.0,2.0,6.222222222222222,100.0,,,3.0,25.9
40256,Abhiram S,False,0.4735680192184497,finishing allrounder,22.0,,110.0,1.0,10.105263157894736,1.9107657625638068,3.999999999999999,-0.4999999999999999,4.0,25.9
40257,Akshay Sajith,False,0.4497243960120252,finisher,63.0,,76.82926829268293,,,76.82926829268293,-34.999999999999986,,7.0,25.9
40258,Muhammed Thahasir,False,0.43100592461659554,finisher,0.0,,0.0,3.0,6.4,0.0,,,3.0,25.9
40259,Kasinath M,False,0.44721046566451234,opener,74.0,,121.31147540983606,,,121.31147540983606,-3.999999999999999,,6.0,25.9
4026,Mohammed Taha,False,0.5697857439518308,opener,1204.0,,152.21238938053096,,,6.71786496641767,6.399999999999999,,41.0,32.07
40260,Sreeyas K V,False,0.513376015040653,finishing allrounder,186.0,,139.84962406015038,5.0,6.979591836734694,1.1485455292453284,71.99999999999997,-0.9999999999999998,10.0,25.9
40263,Rayan Sajan,False,0.4621746552609715,finishing allrounder,57.0,,87.6923076923077,0.0,8.048780487804878,87.6923076923077,,,4.0,25.9
40265,Lijo Jose,False,0.4405988517955749,finisher,9.0,,50.0,,,50.0,,,4.0,25.9
40266,Joffen Jose,False,0.48579545291592047,batting allrounder,65.0,,118.18181818181819,6.0,6.79646017699115,118.18181818181819,,,6.0,25.9
40268,Sibin Gireesh,False,0.5175154335259655,finishing allrounder,64.0,,106.66666666666667,27.0,7.402366863905326,2.9944629325761567,1.25607396694702e-15,3.9999999999999987,21.0,27.1
4027,Melu Kranthi Kumar,False,0.5387977102675059,finishing allrounder,301.0,,138.70967741935485,57.0,7.967532467532467,138.70967741935485,-38.99999999999999,8.999999999999998,33.0,31.93
40270,Ahammed Imran,False,0.5228185807802725,top/middle,718.0,,131.5018315018315,5.0,8.195121951219512,4.046309754156912,192.5,-3.14018491736755e-16,26.0,19.52
40272,Abijith Praveen,False,0.5015694949830689,finishing allrounder,231.0,,120.3125,21.0,8.988416988416988,30.44931104911886,23.999999999999996,5.499999999999999,28.0,21.81
40279,Salmon Sebastian,False,0.46084793317126427,top/middle,92.0,,117.94871794871794,,,117.94871794871794,,,4.0,25.9
40282,Nikhil M,False,0.5387430253371126,finishing allrounder,376.0,,137.22627737226279,31.0,7.928571428571429,12.671819919687687,22.499999999999996,-1.25607396694702e-15,29.0,25.9
40283,Althaf S,False,0.40858499151358835,finisher,19.0,,82.6086956521739,,,82.6086956521739,,,5.0,25.9
40285,Abdul Raheem T,False,0.4275144438119797,top/middle,3.0,,42.857142857142854,,,42.857142857142854,,,3.0,25.9
40286,Sajeed Ajmal N K,False,0.4484638302372446,opener,96.0,,97.95918367346938,,,97.95918367346938,,,5.0,25.9
40287,Abdul Ramees P,False,0.47688891043311793,finishing allrounder,52.0,,126.82926829268293,5.0,5.947368421052632,126.82926829268293,,,6.0,25.9
40289,Muhammed Riyas U C,False,0.44452391806207653,finishing allrounder,4.0,,44.44444444444444,13.0,4.853503184713376,44.44444444444444,1.9999999999999996,-10.999999999999998,8.0,25.9
40290,Sibin V,False,0.4559715258783237,finishing allrounder,13.0,,72.22222222222223,2.0,6.333333333333333,72.22222222222223,,,4.0,25.9
40292,Nivas P M,False,0.4283136597296965,finisher,1.0,,100.0,0.0,5.666666666666667,100.0,,,2.0,25.9
40293,Abhiram B,False,0.4402263625729371,finishing allrounder,3.0,,60.0,2.0,4.551724137931035,60.0,2.9999999999999996,0.0,3.0,25.9
40294,Adinan A T,False,0.47381560403066203,finishing allrounder,33.0,,150.0,5.0,5.669291338582677,150.0,-4.999999999999998,0.9999999999999998,7.0,25.9
40296,Aswin G,False,0.39368065986296297,opener,0.0,,0.0,,,0.0,,,2.0,25.9
40299,Manu Mohan,False,0.442145310401876,finishing allrounder,21.0,,58.333333333333336,0.0,3.942857142857143,58.333333333333336,,,4.0,24.26
403,Umesh Yadav,True,0.6724844266981723,finishing allrounder,122.0,,109.90990990990991,38.0,8.17283950617284,1.3573842289481897,-33.49999999999998,-7.499999999999998,37.0,38.09
40300,Kannan A,False,0.44172662179795164,top/middle,25.0,,83.33333333333333,,,83.33333333333333,-10.999999999999998,,6.0,25.9
40301,Adhithya Anil,False,0.42351693948563246,finisher,0.0,,0.0,,,0.0,,,2.0,25.9
40302,Navaneeth P S,False,0.4288779573718679,finisher,3.0,,18.75,,,18.75,,,2.0,25.9
40303,Ananthu B,False,0.47939139699738526,batting allrounder,122.0,,93.12977099236642,7.0,6.705882352941177,3.8778744180751312,13.999999999999996,-4.999999999999998,9.0,23.12
40304,Abhijith Nair,False,0.443543349538518,finishing allrounder,13.0,,40.625,1.0,9.25,40.625,-8.999999999999996,,5.0,24.12
40305,Abhijeeth S,False,0.42338330996645235,finisher,0.0,,0.0,0.0,9.857142857142858,0.0,,,2.0,25.9
40306,Anandu Babu,False,0.4676575845374192,top/middle,126.0,,82.89473684210526,,,82.89473684210526,11.999999999999998,,6.0,28.11
40307,Gentle Ravi,False,0.42787997693658525,finisher,10.0,,31.25,,,31.25,,,1.0,25.9
40309,Aswin Emmanuel,False,0.43357242941225493,finisher,7.0,,29.166666666666668,,,29.166666666666668,,,1.0,25.9
40310,Aneesh P S,False,0.4197173247349869,opener,0.0,,0.0,,,0.0,,,2.0,25.9
40313,Gagan K,False,0.43502438477574246,top/middle,22.0,,68.75,,,68.75,17.999999999999993,,3.0,25.9
40314,Albin V J,False,0.4674285683061444,finishing allrounder,90.0,,91.83673469387755,11.0,7.552941176470588,91.83673469387755,-19.999999999999993,4.999999999999998,8.0,25.9
40315,Aneesh C K,False,0.4672715830194848,finisher,50.0,,121.95121951219512,,,121.95121951219512,,,4.0,25.9
40317,Sali Samson,False,0.4438242038854927,batting allrounder,40.0,,83.33333333333333,0.0,6.666666666666667,83.33333333333333,,,4.0,25.9
40318,Arjun C S,False,0.4393116799839005,finisher,19.0,,48.717948717948715,,,48.717948717948715,,,4.0,25.9
40319,Gireesh E K,False,0.43934292148894305,opener,16.0,,47.05882352941177,2.0,6.0,47.05882352941177,,,4.0,25.9
40321,Sreejith K S,False,0.43461109871305176,finishing allrounder,0.0,,0.0,0.0,8.8,0.0,,,2.0,25.9
40322,Satheesh V R,False,0.4545915418264521,finisher,13.0,,162.5,0.0,7.2631578947368425,162.5,,,2.0,25.9
40323,Rahan Raheem,False,0.46947718153781304,finishing allrounder,32.0,,82.05128205128206,8.0,7.1647058823529415,82.05128205128206,-21.999999999999996,7.999999999999998,11.0,25.9
40326,Vishnu Ranjith,False,0.38215580754024686,finisher,7.0,,50.0,,,50.0,,,4.0,20.54
40327,Akshay K,False,0.533518598462019,finishing allrounder,505.0,,117.71561771561771,3.0,7.647058823529412,4.730387356660977,-15.000000000000004,-2.9999999999999996,27.0,23.94
40328,Abishek Krishna P M,False,0.4458922092974811,top/middle,78.0,,96.29629629629629,,,96.29629629629629,-53.999999999999986,,5.0,25.9
40329,Vinod P V,False,0.4397637324166899,top/middle,40.0,,83.33333333333333,,,83.33333333333333,7.999999999999998,,7.0,25.9
4033,MB Darshan,False,0.5396413904358756,finishing allrounder,114.0,,126.66666666666667,19.0,9.517241379310345,35.08687440799569,4.799999999999999,1.8999999999999995,29.0,29.85
40330,Vipul V,False,0.44680033432537186,finishing allrounder,1.0,,50.0,5.0,7.605633802816901,50.0,-0.9999999999999998,0.9999999999999998,6.0,25.9
40331,Jishnu A,False,0.49898655447837403,finishing allrounder,109.0,,115.95744680851064,1.0,10.181818181818182,3.615030639916061,4.000000000000001,-0.4999999999999998,9.0,25.9
40333,Aksah K,False,0.47862121105399935,finishing allrounder,89.0,,111.25,7.0,7.419354838709677,111.25,-4.999999999999998,0.9999999999999998,8.0,25.9
40334,Anandhu C M,False,0.42538210483441863,finisher,1.0,,50.0,,,50.0,,,2.0,25.9
40336,Ramshad,False,0.4527249222213423,finishing allrounder,8.0,,80.0,2.0,5.311475409836065,80.0,,,3.0,25.9
40337,Naufal Naaz,False,0.405989676393868,finisher,9.0,,100.0,,,100.0,,,3.0,25.9
40338,Mohammed Ibrahim,False,0.40980449733151375,opener,27.0,,168.75,,,168.75,,,1.0,25.9
40340,Sachin S,False,0.4822360537877357,top/middle,236.0,,102.6086956521739,,,5.2037223918585935,26.999999999999993,,15.0,
40341,Asif Ali,False,0.45993304517701894,top/middle,216.0,,112.5,,,9.505620339776026,29.99999999999999,,9.0,
40342,Jaison Peter,False,0.4292877652102045,finishing allrounder,7.0,,58.333333333333336,0.0,8.756756756756756,58.333333333333336,2.9999999999999996,0.0,3.0,
40343,Albin Binu,False,0.46519304315555027,top/middle,79.0,,119.6969696969697,,,119.6969696969697,-34.999999999999986,,7.0,25.9
40344,Promise K Varghese,False,0.471173511181015,opener,205.0,,120.58823529411765,,,120.58823529411765,62.99999999999998,,8.0,25.9
40345,Shan K S,False,0.4558373578981811,finishing allrounder,14.0,,77.77777777777777,2.0,6.309278350515464,77.77777777777777,,,4.0,25.9
40346,Adhi Abhilash,False,0.49240991185104444,finishing allrounder,138.0,,136.63366336633663,5.0,8.49056603773585,1.149674659149726,-29.499999999999993,2.9999999999999996,9.0,25.9
40348,Adithya Baiju,False,0.47001103001490313,finishing allrounder,40.0,,83.33333333333333,10.0,8.339449541284404,7.62597789970732,5.999999999999999,0.0,13.0,25.9
40350,Naresh R Nair,False,0.4611432408954715,finishing allrounder,42.0,,140.0,2.0,9.878048780487806,140.0,,-1.9999999999999996,6.0,25.9
40351,Abhinav K V,False,0.401148420738756,top/middle,9.0,,81.81818181818181,,,81.81818181818181,,,1.0,25.9
40352,Muthu Prasad,False,0.39429279355746416,finisher,0.0,,0.0,0.0,17.0,0.0,,,1.0,25.9
40355,Anand Suresh,False,0.46064147703257996,opener,119.0,,125.26315789473684,,,125.26315789473684,10.999999999999998,,9.0,25.9
40357,Anandhu Prasad,False,0.4762687080806813,finishing allrounder,57.0,,121.27659574468085,4.0,8.289473684210526,121.27659574468085,30.999999999999986,0.0,8.0,25.9
40358,Bovas Binu,False,0.42960094574399477,finisher,15.0,,55.55555555555556,,,55.55555555555556,14.999999999999995,,4.0,25.9
40359,Vijth Viswam,False,0.4489385814457141,finishing allrounder,8.0,,57.142857142857146,2.0,7.285714285714286,57.142857142857146,,-1.9999999999999996,5.0,25.9
40360,Siva Subash,False,0.42447350976295967,finisher,0.0,,0.0,,,0.0,,,1.0,25.9
40361,Gokul N Prakash,False,0.4005549059960078,finisher,2.0,,100.0,0.0,6.923076923076923,100.0,,,3.0,25.9
40365,Gokul Murali,False,0.42387664203116576,finisher,1.0,,33.333333333333336,0.0,7.875,33.333333333333336,,,2.0,-14.1
40366,Athul P,False,0.45181157463539384,finisher,24.0,,109.0909090909091,,,109.0909090909091,,,2.0,25.9
40367,Abdul Farhan Tk,False,0.4567086876205119,top/middle,179.0,,94.21052631578948,,,94.21052631578948,-36.99999999999999,,8.0,25.9
40369,Manjunath,False,0.46113085255864894,finisher,54.0,,108.0,,,108.0,-41.999999999999986,,4.0,25.9
4037,Shishir Bhavane,False,0.45327180881748674,finisher,26.0,,81.25,,,81.25,,,3.0,34.17
40370,Mohammed Sabir Sanad,False,0.4609174143480517,finisher,69.0,,113.11475409836065,,,113.11475409836065,6.999999999999998,,7.0,25.9
40371,Sreechand Krishnan K,False,0.4569689107183121,finishing allrounder,9.0,,81.81818181818181,4.0,8.619718309859154,81.81818181818181,,,4.0,25.9
40373,Abdul Fahiz,False,0.4628612527817653,finishing allrounder,22.0,,88.0,10.0,7.533834586466165,88.0,17.999999999999993,0.0,8.0,25.9
40374,Mohammed Kaif,False,0.4654023357150782,top/middle,116.0,,110.47619047619048,,,110.47619047619048,5.999999999999999,,8.0,25.9
40378,Thushar,False,0.4016041266622919,finisher,7.0,,63.63636363636363,1.0,5.5,63.63636363636363,,,2.0,25.9
40384,Sandeep S,False,0.4286098477932241,finisher,1.0,,20.0,0.0,12.5,20.0,,,1.0,25.9
4039,Krishnamurthy Siddharth,False,0.5690327042651497,top/middle,997.0,,123.08641975308642,,,2.2973759345530698,-67.7,,47.0,33.01
40390,Akhil M,False,0.45046824186219936,finishing allrounder,1.0,,14.285714285714286,5.0,5.831775700934579,14.285714285714286,,-2.9999999999999996,6.0,30.64
40402,Sanoop,False,0.4318626746468442,top/middle,18.0,,60.0,,,60.0,,,3.0,25.9
40403,Anirudh Pradeep,False,0.4312024747888277,opener,2.0,,16.666666666666668,,,16.666666666666668,,,1.0,25.9
4041,SL Akshay,False,0.46999532997378884,finishing allrounder,6.0,,120.0,4.0,4.615384615384615,120.0,,,1.0,38.58
4055,Dega Nischal,False,0.5224225164505072,top/middle,319.0,,117.71217712177122,,,2.2678582162907315,-208.99999999999994,,14.0,31.1
4056,Ritesh Bhatkal,False,0.5592431193876579,finishing allrounder,210.0,,140.93959731543623,26.0,6.823061630218688,4.286965317005473,-14.57142857142857,-0.28571428571428575,34.0,32.53
4063,KN Bharath,False,0.4962538558107362,top/middle,154.0,,93.33333333333333,,,4.527323485735086,-5.999999999999999,,15.0,30.97
4067,T Pradeep,False,0.5298123752787568,finishing allrounder,37.0,,108.82352941176471,26.0,8.66225165562914,11.556385048122053,-7.499999999999996,-8.999999999999995,22.0,30.99
4068,Abhishek Reddy,False,0.5052083115309768,top/middle,313.0,,119.92337164750958,,,4.3605175956083055,25.571428571428562,,13.0,31.2
4069,Rohan Kadam,False,0.5360575811087793,opener,652.0,,128.85375494071147,,,10.404663597912414,71.99999999999997,,19.0,31.39
4071,Stallin Hoover,False,0.5057709920281573,batting allrounder,166.0,,130.70866141732284,5.0,7.588235294117647,65.97605557307725,,,10.0,37.0
4072,Prateek Jain,False,0.4716143406312822,finishing allrounder,7.0,,175.0,16.0,8.775862068965518,175.0,1.6666666666666665,0.19999999999999996,21.0,25.9
4074,MG Naveen,True,0.6583071427349705,finishing allrounder,345.0,,106.48148148148148,45.0,7.688135593220339,2.4677442172410755,9.1,2.2999999999999994,44.0,25.9
4076,Dikshanshu Negi,True,0.6133394234393298,finishing allrounder,299.0,,141.70616113744074,7.0,7.834951456310679,3.726453673504151,36.49999999999999,1.7857142857142858,17.0,35.14
4077,KL Shrijith,False,0.5947590312768467,top/middle,1489.0,,128.4728213977567,1.0,8.0,3.4699889062230422,7.300000000000003,,53.0,29.29
4079,Aditya Somanna,False,0.4738318989327923,finishing allrounder,23.0,,71.875,6.0,8.867256637168142,6.12404131847626,-4.999999999999998,3.999999999999999,7.0,25.9
408,Abhishek Raut,False,0.4000102558419041,finishing allrounder,102.0,,137.83783783783784,2.0,9.428571428571429,137.83783783783784,,,6.0,38.74
4080,KC Cariappa,True,0.6789263702946677,finishing allrounder,128.0,,117.43119266055047,56.0,6.3708721422523285,4.696290106688383,3.4000000000000004,2.799999999999999,50.0,31.62
409,Atul Sharma,False,0.38618188143094223,finisher,1.0,,100.0,3.0,5.368421052631579,100.0,,,2.0,36.57
40912,M Sebastin,False,0.4477971624049183,finishing allrounder,1.0,,50.0,7.0,7.1020408163265305,50.0,,-2.9999999999999996,9.0,25.9
40914,Sreejith Sanjeev,False,0.45079021223762183,finisher,81.0,,89.01098901098901,,,89.01098901098901,-10.999999999999998,,8.0,25.9
4101,Mitchell Santner,True,0.6773448737164081,finishing allrounder,411.0,,110.78167115902966,61.0,6.740909090909091,2.1506927745544364,35.400000000000006,2.6999999999999997,64.0,33.81
4102,George Munsey,False,0.4203986350242477,top/middle,198.0,,130.26315789473685,,,6.672072148966672,193.99999999999994,,10.0,32.76
4106,Daryl Joseph Mitchell,True,0.6691026334370416,top/middle,1270.0,,133.9662447257384,4.0,9.771428571428572,2.0671283724641967,81.49999999999999,0.09999999999999999,64.0,34.52
4111,Khushdil Shah,True,0.6560244394488599,finishing allrounder,837.0,,134.56591639871382,32.0,6.564417177914111,2.643958231839209,42.1,4.799999999999999,49.0,30.8
41110,Mayank Kumar,True,0.46782064295417547,opener,46.0,,90.19607843137256,,,1.4546125377921515,-5.999999999999999,,5.0,28.8
4117,Ishan Kishan,True,0.6665277542070109,top/middle,2650.0,,129.01655306718598,0.0,24.0,2.2698546020929395,-59.89999999999999,,100.0,27.36
41175,Naveen Gurung,False,0.40922632503089273,finishing allrounder,2.0,,22.22222222222222,1.0,8.27027027027027,22.22222222222222,,,2.0,23.57
4118,Virat Singh,True,0.58768598413707,top/middle,217.0,,117.29729729729729,,,1.8642871972385946,-39.999999999999986,,9.0,27.97
4119,Kaushal Singh,True,0.5122010564438677,finisher,24.0,,120.0,,,120.0,,,1.0,-14.1
4137,D B Kumar,False,0.5440700600694186,top/middle,520.0,,136.48293963254594,0.0,10.666666666666666,3.712579962952961,50.73076923076924,0.0,19.0,33.95
41373,Ghanashyam A,False,0.4388045791604677,finishing allrounder,53.0,,160.6060606060606,7.0,6.489795918367347,160.6060606060606,,,4.0,25.9
41379,Krishna Narayan A P,False,0.42037532920321985,top/middle,85.0,,113.33333333333333,,,113.33333333333333,,,3.0,25.9
41380,Sreerag V K,False,0.3976358638633107,finisher,5.0,,62.5,0.0,10.0,62.5,,,1.0,25.9
4139,AG Pradeep,False,0.48111988822758434,top/middle,42.0,,120.0,,,12.883469096266241,,,5.0,38.87
41393,Ashik Muhammad,False,0.43147218262310494,finishing allrounder,59.0,,151.28205128205127,2.0,9.67741935483871,151.28205128205127,34.999999999999986,,8.0,25.9
4149,Amogh Desai,False,0.4749325351257844,top/middle,29.0,,107.4074074074074,,,107.4074074074074,,,2.0,32.0
41509,Yayin Rai,False,0.38559258987161454,finisher,41.0,,102.5,,,102.5,,,2.0,16.65
4153,Darshan Misal,True,0.598535715918909,finishing allrounder,257.0,,139.67391304347825,16.0,7.462365591397849,2.1594577567008173,31.699999999999992,0.49999999999999983,14.0,32.21
4155,Lakshay Garg,True,0.5771766741781199,finishing allrounder,31.0,,119.23076923076923,13.0,8.567307692307692,5.770984922660953,-16.999999999999996,-0.5000000000000001,9.0,30.13
4161,Gahlaut Rahul Singh,True,0.5786124005716279,top/middle,251.0,,148.5207100591716,,,1.7444515807488459,-58.14285714285713,,8.0,30.19
4173,Vidhyadhar Kamath,True,0.5371323210834553,finishing allrounder,19.0,,105.55555555555556,1.0,8.326530612244898,0.698784835988771,8.499999999999998,0.4999999999999999,3.0,36.45
41749,T Prathapraj,False,0.4288158284291744,finishing allrounder,16.0,,69.56521739130434,10.0,8.234309623430962,69.56521739130434,-13.999999999999996,-7.999999999999998,15.0,24.76
41765,Kalaiyamudhan P,False,0.39995215731077893,finisher,31.0,,100.0,0.0,8.333333333333334,100.0,-2.9999999999999996,0.0,4.0,21.1
41787,Desh Deepak Chauhan,False,0.39802129821136384,finisher,6.0,,85.71428571428571,,,85.71428571428571,,,1.0,22.29
41794,Aravind Akash Rs,False,0.45541202985864876,top/middle,50.0,,64.1025641025641,,,64.1025641025641,,,7.0,30.66
41823,Nadeem Khan,False,0.4463088062599859,finisher,302.0,,154.87179487179486,,,154.87179487179486,-69.99999999999997,,23.0,31.3
41825,K Vishnu,False,0.409138815093711,finisher,58.0,,126.08695652173913,,,126.08695652173913,-49.999999999999986,,7.0,21.08
41839,Pankaj Yadav,False,0.40487073337559637,finishing allrounder,27.0,,122.72727272727273,11.0,9.37748344370861,122.72727272727273,,,8.0,29.05
4201,Fareed Malik,True,0.5552533029614224,finishing allrounder,6.0,,40.0,12.0,9.703125,1.2671189059812944,3.999999999999999,-0.9999999999999997,7.0,30.82
4208,Sirla Srinivas,False,0.432314823725212,finishing allrounder,67.0,,95.71428571428571,7.0,8.093023255813954,95.71428571428571,-64.99999999999997,-6.999999999999998,9.0,33.25
4209,PM Anfal,False,0.5404960074891129,finishing allrounder,376.0,,131.01045296167248,29.0,6.476394849785407,23.15475970981884,58.49999999999997,-0.5000000000000002,31.0,35.06
4210,Jafar Jamal,False,0.5455928592909561,finisher,480.0,,134.45378151260505,,,5.02530863785912,31.4,,25.0,35.69
4211,Vishnu Vinod,True,0.6629886264136096,top/middle,1326.0,,166.1654135338346,0.0,13.0,2.9460949056647023,87.29999999999998,,48.0,31.98
4219,Krunal Pandya,True,0.6910092226093525,finishing allrounder,1301.0,,120.35152636447734,69.0,6.924179104477612,3.9549649373840534,8.200000000000006,3.4000000000000004,94.0,34.68
4221,Chris Green,True,0.4539241341110998,finishing allrounder,2.0,,66.66666666666667,0.0,9.0,66.66666666666667,,,1.0,32.15
4223,Rana Dutta,False,0.4759238159473877,finishing allrounder,25.0,,131.57894736842104,2.0,7.636363636363637,131.57894736842104,,,3.0,36.53
4227,Marnus Labuschagne,False,0.44322174881581405,top/middle,2.0,,40.0,,,40.0,,,1.0,31.43
4229,George Linde,False,0.540189648737384,finishing allrounder,194.0,,134.72222222222223,20.0,6.779005524861878,1.7575647124916967,-3.0285714285714285,-1.1428571428571426,17.0,33.98
4235,Sisanda Magala,True,0.6015025259450176,finishing allrounder,34.0,,188.88888888888889,8.0,9.282352941176471,19.185475866948853,0.9999999999999998,0.0,8.0,34.89
4237,Tabraiz Shamsi,True,0.6295718387969785,finishing allrounder,7.0,,41.1764705882353,30.0,7.306620209059234,0.7102286960150849,-0.5,-5.499999999999999,27.0,35.77
4246,Nitish Rana,True,0.7001312484876294,top/middle,2838.0,,137.16771387143547,25.0,7.363166953528399,4.081787525699788,-36.0,1.3,104.0,31.92
4250,Baltej Singh,True,0.6402367825759461,finishing allrounder,43.0,,126.47058823529412,52.0,7.028151774785802,19.45130081686436,-14.999999999999995,-3.8,36.0,35.06
4253,Arjit Gupta,False,0.4868831050288731,finisher,107.0,,109.18367346938776,,,5.111333430291085,-31.99999999999999,,9.0,36.21
4254,Anand Bais,True,0.6127528215726099,top/middle,636.0,,130.327868852459,0.0,9.0,5.224313429139617,184.99999999999994,,22.0,34.36
42548,Muhammad Jawadullah,True,0.46589240910637386,finishing allrounder,2.0,,13.333333333333334,5.0,9.133333333333333,0.9330476606570346,0.0,-0.9999999999999998,5.0,26.71
4256,Cheepurapalli Stephen,False,0.47503118594428495,finishing allrounder,2.0,,66.66666666666667,48.0,7.48792270531401,66.66666666666667,,4.4571428571428555,28.0,31.98
4257,Nakul Verma,False,0.4706740253937112,top/middle,51.0,,71.83098591549296,,,3.78323786671838,20.499999999999993,,5.0,34.62
4260,Heinrich Klaasen,True,0.6652172633968975,top/middle,1823.0,,160.05267778753293,,,3.1306128278444807,112.60000000000001,,68.0,34.33
42617,Sachin Rathi,False,0.464882156706273,finishing allrounder,3.0,,60.0,6.0,7.597122302158273,60.0,,,7.0,38.58
42618,J Gowrishankar,False,0.4585824206376874,finishing allrounder,28.0,,66.66666666666667,1.0,7.75,1.0798423588790156,-2.9999999999999996,0.9999999999999998,5.0,25.33
42626,Emmanuel Cherian,False,0.41882008353612493,finishing allrounder,3.0,,17.647058823529413,8.0,6.538461538461538,0.9259259259259259,,0.0,13.0,25.26
42631,Sachin B,False,0.5120009855715505,top/middle,588.0,,128.94736842105263,,,8.443125728384155,44.499999999999986,,16.0,22.25
42633,Vinod S P,False,0.4680117041150584,finishing allrounder,3.0,,18.75,1.0,9.428571428571429,0.9669773921557225,-0.9999999999999998,,4.0,35.95
42634,M Boopathi Vaishna Kumar,False,0.5173150758514479,finisher,332.0,,127.6923076923077,0.0,11.0,3.08503585157909,-38.99999999999999,,24.0,23.12
42636,Sri Abisek S,False,0.46841964831705274,finisher,93.0,,103.33333333333333,,,2.337437145510255,-48.99999999999999,,9.0,22.81
42637,Sudhan Kandepan,False,0.45441770799137066,finisher,4.0,,44.44444444444444,,,0.687656906711917,,,2.0,30.06
42647,Sawan Paharia,False,0.42335039261719354,finisher,94.0,,125.33333333333333,,,125.33333333333333,-5.999999999999999,,9.0,23.29
42649,Binayak Sahoo,False,0.41723289984004014,finisher,51.0,,104.08163265306122,,,104.08163265306122,4.999999999999998,,7.0,23.49
4265,T Natarajan,True,0.6243411222026242,finishing allrounder,3.0,,42.857142857142854,86.0,7.751004016064257,0.6908239055785356,-2.9999999999999996,3.500000000000001,66.0,34.65
42650,Raghunath Malla,False,0.40981031542047597,opener,70.0,,127.27272727272727,,,127.27272727272727,,,3.0,25.11
42652,Sumit Moharana,False,0.4139803961486721,finishing allrounder,0.0,,0.0,2.0,9.8,0.0,,,3.0,29.41
42653,Subham Satrajit,False,0.4294857995888396,finishing allrounder,41.0,,124.24242424242425,3.0,5.636363636363637,124.24242424242425,,,3.0,26.21
42655,Amin Khan,False,0.383465755087765,top/middle,23.0,,79.3103448275862,,,79.3103448275862,,,4.0,30.38
42658,Milan Samal,False,0.40724902571123667,finishing allrounder,0.0,,0.0,4.0,6.283018867924528,0.0,,-3.999999999999999,5.0,24.09
42663,Krishna Palai,False,0.40956975981472676,finishing allrounder,7.0,,77.77777777777777,3.0,7.333333333333333,77.77777777777777,,,2.0,26.05
42665,Akash Mahapatra,False,0.4033431767204143,opener,31.0,,73.80952380952381,,,73.80952380952381,-24.999999999999993,,3.0,19.53
42667,Saswat Mohanty,False,0.3952886146630694,top/middle,56.0,,124.44444444444444,1.0,9.666666666666666,124.44444444444444,,,3.0,30.22
42670,Sumit Sharma,False,0.44393378599896066,finishing allrounder,20.0,,153.84615384615384,16.0,6.379310344827586,153.84615384615384,-15.999999999999996,5.999999999999999,10.0,30.22
42672,Kissan Rath,False,0.41031900866244647,top/middle,4.0,,57.142857142857146,0.0,5.142857142857143,57.142857142857146,,,1.0,28.68
42674,Debabrata Jnr,False,0.37693152044622136,opener,10.0,,52.63157894736842,,,52.63157894736842,,,3.0,22.45
42679,Soubhagya Rout,False,0.3946337512240579,finishing allrounder,15.0,,136.36363636363637,2.0,8.8125,136.36363636363637,,,6.0,20.12
42681,Shreyash Bharadwaj,False,0.4282805030520038,top/middle,236.0,,116.83168316831683,,,116.83168316831683,-103.99999999999994,,10.0,19.57
42682,Asish Parija,False,0.4201473242340377,top/middle,65.0,,95.58823529411765,,,95.58823529411765,,,3.0,27.91
42685,Dinesh Majhi,False,0.410650249133453,finisher,49.0,,102.08333333333333,,,102.08333333333333,6.999999999999998,,6.0,22.66
42686,Satyakam Bharadwaj,False,0.41830314101490024,finishing allrounder,79.0,,158.0,0.0,7.846153846153846,158.0,76.99999999999997,0.0,7.0,25.22
42687,Anil Parida,False,0.4209743117749197,top/middle,133.0,,113.67521367521367,,,113.67521367521367,108.99999999999994,,9.0,24.91
42691,Badal Biswal,False,0.41807452920276233,finishing allrounder,7.0,,46.666666666666664,8.0,7.445255474452555,46.666666666666664,,3.999999999999999,9.0,21.32
42695,Bikram Samal,False,0.4228169207236273,finisher,91.0,,122.97297297297297,,,122.97297297297297,-0.9999999999999998,,9.0,26.61
42696,Binayak Paikray,False,0.3754420743260792,top/middle,6.0,,75.0,,,75.0,,,1.0,25.84
42697,Saideep Mohapatra,False,0.42318660494139065,batting allrounder,148.0,,123.33333333333333,0.0,9.72972972972973,123.33333333333333,-33.99999999999999,,6.0,22.09
42699,Jamala Mohapatra,False,0.3926497715715662,finishing allrounder,2.0,,100.0,5.0,5.651162790697675,100.0,,,4.0,35.07
4270,Yogeshsingh Rawat,False,0.4562563020887938,finishing allrounder,1.0,,100.0,3.0,9.619047619047619,100.0,,,4.0,32.91
42702,Pankaj Senapati,False,0.4070531811499963,finisher,21.0,,91.30434782608695,,,91.30434782608695,,,3.0,24.96
4271,Shubham Sharma,True,0.6354842835260271,batting allrounder,626.0,,128.80658436213992,5.0,9.020408163265307,2.4662695997651425,40.999999999999986,0.7,20.0,31.92
4274,Puneet Datey,False,0.5135857735643445,finishing allrounder,60.0,,166.66666666666666,36.0,8.43673469387755,3.4585579671165676,15.214285714285712,7.071428571428572,25.0,31.21
4275,Abhishek Mohan,False,0.4686541303113998,finishing allrounder,19.0,,82.6086956521739,6.0,9.34020618556701,82.6086956521739,,,4.0,32.95
4276,Basil Thampi,True,0.6372583129338448,finishing allrounder,107.0,,130.4878048780488,48.0,7.476014760147602,3.4137400895054397,8.999999999999996,3.7,38.0,32.21
4277,Karaparambil Sathish,False,0.49710678713237527,finishing allrounder,54.0,,125.5813953488372,6.0,8.604651162790697,1.124836877059666,-53.999999999999986,-1.9999999999999996,8.0,35.22
4278,Tanmay Agarwal,True,0.5695181720318405,opener,290.0,,111.96911196911196,,,4.606535887177035,7.000000000000002,,13.0,30.57
42815,Ajay Sanjay Borude,False,0.48063924697560934,finishing allrounder,115.0,,147.43589743589743,1.0,9.346153846153847,147.43589743589743,29.49999999999999,-0.4999999999999998,15.0,23.21
42816,Digvijay Patil,False,0.46775220009776647,top/middle,331.0,,112.58503401360544,,,3.4903951406982214,-202.9999999999999,,18.0,20.29
42817,Sohan Jamale,False,0.46815578015491505,finishing allrounder,23.0,,104.54545454545455,14.0,7.212121212121212,104.54545454545455,6.999999999999998,2.499999999999999,17.0,25.9
42820,Rohan Damle,False,0.5568569973792498,batting allrounder,536.0,,126.41509433962264,20.0,7.481481481481482,4.213277104120069,52.99999999999998,-3.4999999999999996,33.0,25.9
42821,Shubhankar Hardikar,False,0.41642539852802535,top/middle,85.0,,100.0,,,,,,10.0,25.44
42823,Roshan Waghsare,False,0.444383518993678,finishing allrounder,17.0,,130.76923076923077,19.0,7.786046511627907,33.333333333333336,,-6.999999999999998,27.0,25.9
42826,Shubham Kothari,False,0.4605029138186326,finishing allrounder,2.0,,66.66666666666667,2.0,8.186440677966102,66.66666666666667,,-1.9999999999999996,5.0,29.22
42828,Abhimanyu Jadhav,False,0.45531177055406025,finisher,167.0,,106.36942675159236,,,114.28571428571429,-17.999999999999996,,15.0,25.9
42829,Shripad Nimbalkar,False,0.43704465041360485,opener,52.0,,113.04347826086956,,,113.04347826086956,-21.999999999999996,,3.0,25.9
42830,Adharsh Botara,False,0.4050627082050894,opener,1.0,,50.0,,,50.0,,,1.0,25.9
42834,Sachin Dhas,True,0.553640171214972,top/middle,344.0,,119.03114186851211,,,25.025688930968414,90.49999999999994,,21.0,20.74
42835,Kirtiraj Wadekar,False,0.43423967916013195,finisher,9.0,,75.0,,,75.0,,,6.0,25.9
42838,Shreyash Chavan,False,0.4777008722612999,finishing allrounder,17.0,,85.0,34.0,7.067615658362989,85.0,-14.999999999999995,-2.0000000000000004,25.0,25.9
42839,Siddharth Mhatre,False,0.5456590460460674,finisher,629.0,,139.46784922394679,9.0,8.106870229007633,5.6368361828259115,4.499999999999986,-1.0,37.0,25.24
42840,Nihal Tusamad,False,0.5110838524678241,finishing allrounder,7.0,,70.0,29.0,7.924752475247525,100.0,4.999999999999998,18.99999999999999,29.0,25.9
42842,Nikhil Madas,False,0.43130754298640606,finisher,8.0,,53.333333333333336,,,53.333333333333336,,,1.0,25.9
42843,Sahil Autade,False,0.4744395450048746,finisher,217.0,,124.0,,,124.0,-38.99999999999999,,18.0,21.32
42844,Izhaan Sayed,False,0.5110158580190894,finishing allrounder,171.0,,166.01941747572815,15.0,8.25,60.0,158.99999999999994,8.999999999999996,17.0,27.93
42845,Arshin Kulkarni,True,0.6533614994546766,opener,969.0,,142.70986745213548,28.0,8.71508379888268,8.432286039457054,51.99999999999997,-0.5000000000000006,35.0,20.78
42847,Dhanraj Shinde,False,0.5191983404435191,finisher,636.0,,189.28571428571428,,,16.704735256649307,-65.0,,42.0,26.21
42849,Rishab Karwa,False,0.4932392332497161,finishing allrounder,80.0,,129.03225806451613,5.0,9.157894736842104,100.0,77.99999999999999,4.999999999999998,10.0,28.9
42852,Akshay Waikar,False,0.465966998601979,finishing allrounder,1.0,,33.333333333333336,23.0,7.128834355828221,33.333333333333336,0.9999999999999998,2.499999999999999,26.0,25.9
42853,Siddhant Doshi,False,0.38707385266289224,top/middle,21.0,,116.66666666666667,,,116.66666666666667,,,1.0,25.9
42856,Rohit Hadke,False,0.40573327982328367,finisher,48.0,,94.11764705882354,,,94.11764705882354,,,5.0,25.9
42857,Shubham Nagawade,False,0.418995861397771,top/middle,4.0,,66.66666666666667,,,66.66666666666667,,,1.0,25.9
42859,Varun Deshpande,False,0.4381187302867,top/middle,12.0,,109.0909090909091,,,109.0909090909091,,,1.0,25.9
42860,Abhishek Anil Pawar,False,0.47864765660126596,finisher,267.0,,131.5270935960591,,,131.5270935960591,33.99999999999998,,20.0,
42862,Swaraj Yogesh Chavan,False,0.42448137678376247,finisher,2.0,,33.333333333333336,2.0,6.705882352941177,33.333333333333336,,,2.0,20.62
42863,Rameshwar Daud,False,0.45763025653427475,finishing allrounder,1.0,,100.0,6.0,9.51063829787234,100.0,,-5.999999999999999,6.0,24.15
42866,Om Bhosale,False,0.5372382202437852,top/middle,859.0,,131.74846625766872,,,131.2849162011173,30.49999999999996,,35.0,26.01
42867,Anand Thenge,False,0.5169734076259346,finishing allrounder,119.0,,152.56410256410257,26.0,8.140776699029127,152.56410256410257,27.999999999999986,3.499999999999999,21.0,27.26
42869,Swapnil Chavan,False,0.43891457462665473,top/middle,31.0,,86.11111111111111,,,86.11111111111111,,,3.0,25.9
42870,Harshal Kate,False,0.44875862012229595,top/middle,201.0,,127.21518987341773,,,127.21518987341773,91.99999999999997,,13.0,24.12
42871,Omkar Khatpe,False,0.5331232077488,top/middle,564.0,,112.1272365805169,,,107.39030023094688,10.499999999999984,,28.0,28.15
42872,Rushikesh Daund,False,0.4406333135917248,top/middle,4.0,,66.66666666666667,,,66.66666666666667,,,1.0,25.9
42874,Tanesh Jain,False,0.4404142801560587,finishing allrounder,0.0,,0.0,1.0,6.5,0.0,,,2.0,25.9
42876,Tushar Shrivastav,False,0.4665147305540616,top/middle,111.0,,96.52173913043478,,,88.37209302325581,-40.999999999999986,,13.0,33.91
42877,Ashkan Kazi,False,0.4660995399548835,finishing allrounder,214.0,,159.70149253731344,13.0,8.09375,,,,13.0,
42878,Akhilesh Pramod Gawale,False,0.4334535650138255,finisher,76.0,,92.6829268292683,0.0,9.0,,,,13.0,
42879,Kiran Chormale,False,0.5140991521610904,top/middle,382.0,,138.9090909090909,3.0,9.540983606557377,138.9090909090909,14.99999999999999,0.4999999999999999,22.0,20.05
4288,Navdeep Saini,True,0.6431746548855404,finishing allrounder,37.0,,88.0952380952381,23.0,8.476345840130506,3.074070083289353,3.0,1.6000000000000003,32.0,33.01
42880,Krish Shahapurkar,False,0.41751532011268516,top/middle,161.0,,100.625,,,64.70588235294117,,,14.0,20.41
42881,Vijay Pawale,False,0.49346482908417744,finishing allrounder,5.0,,166.66666666666666,26.0,8.442148760330578,166.66666666666666,-4.999999999999998,-1.9999999999999991,26.0,30.9
42882,Rohit Patil,False,0.4843492766558355,finisher,239.0,,156.20915032679738,,,102.27272727272727,148.99999999999994,,17.0,25.9
42884,Dhiraj Phatangare,False,0.5257320165116156,opener,790.0,,135.97246127366608,2.0,13.92,130.89770354906054,15.499999999999982,,36.0,25.9
42885,Preetam Patil,False,0.4987253807822525,top/middle,335.0,,158.76777251184834,,,158.76777251184834,-62.99999999999999,,20.0,25.9
42886,Kunal Thorat,False,0.46518639439624726,finishing allrounder,4.0,,57.142857142857146,36.0,6.501098901098901,,,-4.499999999999999,24.0,25.9
42891,Sahil Churi,False,0.5022806933607691,finishing allrounder,180.0,,178.21782178217822,14.0,9.129186602870814,218.6046511627907,6.499999999999992,0.49999999999999895,23.0,25.9
42893,Samarth Kadam,False,0.4244726398977715,finishing allrounder,6.0,,150.0,2.0,11.30232558139535,,,,3.0,25.9
42894,Rushikesh Sonavne,False,0.5145044418121831,top/middle,492.0,,130.15873015873015,,,119.52380952380952,116.49999999999997,,24.0,25.9
42897,Mehul Patel,False,0.5108564711112593,top/middle,583.0,,149.48717948717947,1.0,8.526315789473685,141.1504424778761,-6.500000000000032,,32.0,
42898,Prathamesh Gawade,False,0.45170412566749507,finishing allrounder,2.0,,40.0,9.0,8.23943661971831,40.0,0.0,-2.499999999999999,8.0,25.9
42899,Omkar Rajput,False,0.4385286734383383,finishing allrounder,7.0,,53.84615384615385,2.0,7.959183673469388,53.84615384615385,,0.0,5.0,25.9
4290,Kuldeep Hooda,False,0.46810862104004664,finisher,9.0,,128.57142857142858,0.0,11.666666666666666,128.57142857142858,,,1.0,36.03
42901,Yash Borkar,False,0.43810350726020864,finishing allrounder,0.0,,0.0,1.0,8.538461538461538,,,-0.9999999999999998,3.0,25.9
42902,Pranay Singh,False,0.492536798614656,finishing allrounder,41.0,,107.89473684210526,28.0,7.620578778135048,2.707766177818801,24.999999999999993,2.499999999999999,27.0,25.9
42905,Sanket Pharate,False,0.44197772127644874,finishing allrounder,4.0,,66.66666666666667,0.0,11.636363636363637,66.66666666666667,,,2.0,25.9
42906,Pravin Deshety,False,0.4368957975722435,opener,92.0,,109.52380952380952,,,109.52380952380952,,,3.0,25.9
42907,Yaasar Shaikh,False,0.4222473897912423,top/middle,15.0,,78.94736842105263,,,78.94736842105263,,,2.0,25.9
42909,Rahul,False,0.4641162743709135,opener,21.0,,175.0,,,0.9495644788529326,,,2.0,25.47
4291,Himanshu Rana,True,0.5640316715908953,top/middle,173.0,,106.13496932515338,,,5.438619986902921,13.999999999999998,,10.0,27.15
4293,CJ Gandhi,False,0.5020002426734742,finisher,159.0,,140.7079646017699,,,3.6652513325854064,-62.99999999999998,,8.0,35.44
4295,Kushang Patel,False,0.5305753159195894,finishing allrounder,33.0,,106.45161290322581,29.0,7.075060532687651,2.1609037485560503,-32.99999999999999,5.9999999999999964,17.0,34.2
43092,Akshay Kalokhe,False,0.4662027691774071,finishing allrounder,13.0,,162.5,2.0,8.8,162.5,,,2.0,25.9
4320,Krishna Das,True,0.46868488688618043,finishing allrounder,14.0,,56.0,6.0,8.108108108108109,41.666666666666664,,,7.0,35.12
4321,Arup Das,True,0.5554050119343186,finishing allrounder,22.0,,122.22222222222223,20.0,6.2,,,2.0000000000000004,13.0,34.34
4322,Dhiraj Goswami,False,0.5047827583478149,finishing allrounder,114.0,,106.54205607476635,4.0,5.9491525423728815,4.618704515456301,-19.49999999999999,0.9999999999999997,15.0,40.57
4323,Swarupam Purkayastha,True,0.610610429037777,batting allrounder,481.0,,122.70408163265306,13.0,5.575221238938053,18.16128912500413,32.0,0.9999999999999998,19.0,36.2
4324,Kunal Saikia,False,0.3978192848103093,finisher,55.0,,114.58333333333333,,,114.58333333333333,,,5.0,37.44
4325,Ashwin Hebbar,False,0.57379431370504,opener,1164.0,,145.3183520599251,0.0,13.161290322580646,4.163762526723528,96.29999999999998,,31.0,30.03
4326,B Ayyappa,False,0.5092940169526036,finishing allrounder,66.0,,244.44444444444446,19.0,8.501362397820163,1.0368418398848982,15.857142857142858,1.7857142857142856,16.0,33.08
43267,Bhanu Pratap Singh,True,0.5974422100136021,batting allrounder,298.0,,126.80851063829788,8.0,7.074626865671642,22.01287810184836,4.999999999999997,-1.570092458683775e-16,17.0,27.96
43268,Sagar Rawat,True,0.579778008962248,top/middle,305.0,,136.16071428571428,,,7.431901114444562,-40.999999999999986,,16.0,30.83
43269,Ashutosh Bahuguna,False,0.4454233851451142,opener,30.0,,111.11111111111111,,,111.11111111111111,,,2.0,26.29
43270,Sayyam Arora,False,0.4674956389233198,top/middle,41.0,,110.8108108108108,,,110.8108108108108,-16.999999999999996,,4.0,27.89
43271,Prabhakar Nainwal,False,0.48414984017824225,top/middle,106.0,,145.2054794520548,,,145.2054794520548,,,3.0,31.74
43272,Harshit Paliwal,True,0.550249500916001,finisher,150.0,,156.25,,,4.676389351079787,52.99999999999999,,8.0,24.93
43273,Ajay Neg,False,0.4706138364873056,finishing allrounder,27.0,,117.3913043478261,4.0,6.6976744186046515,117.3913043478261,,,2.0,24.93
43275,Pankaj Kandari,False,0.4438444024193097,finisher,7.0,,100.0,1.0,7.2631578947368425,100.0,,,1.0,22.34
43276,Nikhil Pundir,True,0.5778722916395879,finishing allrounder,21.0,,110.52631578947368,21.0,7.644787644787645,1.9052498743380277,-9.42055475210265e-16,-2.3551386880256624e-16,14.0,29.21
43277,Manish Gaur,False,0.4665300041861083,top/middle,104.0,,106.12244897959184,,,10.540221130053569,-22.999999999999993,,6.0,26.14
43278,Piyush Singh,False,0.4668748368196198,finishing allrounder,1.0,,25.0,3.0,10.054054054054054,0.687656906711917,0.9999999999999998,0.9999999999999998,3.0,30.05
43279,Aarush Melkhani,True,0.548705124201213,finishing allrounder,104.0,,200.0,1.0,7.7727272727272725,6.4118153930956066,12.999999999999993,0.4999999999999999,9.0,
43280,Ayush Devrani,False,0.4372670154366578,finishing allrounder,0.0,,0.0,0.0,12.0,0.0,,,2.0,24.03
43281,Manas Mehra,False,0.4301035856738957,top/middle,12.0,,100.0,,,100.0,,,2.0,23.8
43282,Vanshraj Chauhan,False,0.42480721480268796,finisher,0.0,,0.0,0.0,9.0,0.0,,,2.0,21.56
43283,Prateek Pandey,True,0.552677100675145,finisher,225.0,,136.36363636363637,,,29.12093806694247,-19.499999999999996,,14.0,23.84
43284,Divyam Rawat,False,0.4475093725079127,opener,99.0,,137.5,,,137.5,,,3.0,21.71
43285,Naveen Rana,True,0.5210014028696421,finishing allrounder,3.0,,42.857142857142854,4.0,9.688524590163935,42.857142857142854,,0.0,8.0,23.27
43286,Vijay Bora,False,0.4547687868808465,opener,66.0,,194.11764705882354,,,194.11764705882354,,,2.0,25.81
43287,Devendra Bora,True,0.5524163861360664,finishing allrounder,2.0,,40.0,23.0,7.544554455445544,0.697246230432634,0.9999999999999998,4.499999999999999,14.0,24.97
43288,Shashank Krishnamurti,False,0.4305745841888235,top/middle,23.0,,85.18518518518519,,,85.18518518518519,,,2.0,22.21
43289,Amol Bhartwal,False,0.44285848826281216,finisher,4.0,,57.142857142857146,,,57.142857142857146,,,1.0,29.37
43290,Himanshu Shelly,False,0.45679685395278197,finishing allrounder,2.0,,33.333333333333336,1.0,15.6,33.333333333333336,,,2.0,34.0
43291,Vinay S Bagari,False,0.42626081723105763,finisher,1.0,,50.0,0.0,10.0,50.0,,,1.0,22.84
43292,Aryan Chaudhary,True,0.5509140172336506,finishing allrounder,53.0,,117.77777777777777,3.0,9.164835164835164,117.77777777777777,-44.999999999999986,-0.9999999999999998,5.0,23.18
43293,Kunalveer Singh,True,0.532977757569585,top/middle,138.0,,127.77777777777777,,,127.77777777777777,-45.999999999999986,,9.0,
43294,Ishagra Jagoori,True,0.4982759977354157,top/middle,98.0,,155.55555555555554,,,0.8906469408280571,48.499999999999986,,6.0,
43295,Aryan Sharma,True,0.599146793653927,batting allrounder,353.0,,135.24904214559388,4.0,7.694117647058824,4.358636620278649,18.499999999999996,1.9999999999999996,16.0,24.83
43296,Sanjeet Sajwan,False,0.4501312614323868,finisher,9.0,,64.28571428571429,,,64.28571428571429,,,6.0,34.08
43298,Sparsh Joshi,True,0.5704603819590325,finishing allrounder,80.0,,114.28571428571429,8.0,10.02127659574468,1.3552581863631368,-27.999999999999993,-1.9999999999999996,8.0,25.15
43299,Gaurav Negi,True,0.5256225588717065,finishing allrounder,9.0,,42.857142857142854,3.0,6.193548387096774,1.8424313658327514,-2.499999999999999,-1.4999999999999998,6.0,24.94
43301,Mukesh Gupta,True,0.5313451652858611,top/middle,59.0,,83.09859154929578,,,4.156420922247731,-15.499999999999993,,4.0,28.12
43303,Jagmohan Nagarkoti,True,0.523472907770381,finishing allrounder,2.0,,25.0,15.0,8.523076923076923,25.0,,4.499999999999998,9.0,25.54
43305,Gurman Singh Dhillon,False,0.4654698001459701,finishing allrounder,20.0,,142.85714285714286,0.0,9.483870967741936,142.85714285714286,,,3.0,21.58
43308,Prashant Chauhan,True,0.5912695371224198,finishing allrounder,74.0,,105.71428571428571,17.0,8.496503496503497,1.7992898967288409,2.5,2.9999999999999982,18.0,24.89
43309,Harjeet Singh,True,0.5585929214045837,finishing allrounder,11.0,,220.0,14.0,7.433447098976109,220.0,,-0.9999999999999992,14.0,28.98
43310,Vishal Rawat,False,0.4313928627563996,finisher,2.0,,66.66666666666667,,,66.66666666666667,,,1.0,24.47
43311,Prashant Bhati,True,0.580004902758655,finishing allrounder,110.0,,215.68627450980392,15.0,7.760683760683761,64.04484728422541,-10.499999999999993,0.9999999999999998,16.0,26.11
43312,Shiva Soni,True,0.5663874275377161,finishing allrounder,17.0,,154.54545454545453,6.0,7.862068965517241,1.6345055565958637,-1.4999999999999998,-1.9999999999999996,7.0,26.91
43314,Harsh Rana,True,0.5494113033615292,finishing allrounder,108.0,,111.34020618556701,4.0,7.6415094339622645,2.1401409964051363,15.999999999999993,1.9999999999999996,15.0,21.47
43316,Yashvardhan,False,0.4508300373261751,finisher,15.0,,150.0,,,150.0,,,2.0,22.32
43318,Sunny Kashyap,True,0.5943555849118111,finishing allrounder,111.0,,168.1818181818182,12.0,7.605633802816901,3.857811604320056,-21.999999999999996,-2.9999999999999996,15.0,26.96
43319,Aditya Sethi,True,0.5716309026828422,finishing allrounder,82.0,,132.25806451612902,12.0,7.492957746478873,132.25806451612902,-29.99999999999999,-9.999999999999996,11.0,28.29
43320,Sameer Rai,False,0.4407177099194529,opener,28.0,,93.33333333333333,,,93.33333333333333,,,2.0,24.14
43321,Nitish Joshi,False,0.48881746138396054,finishing allrounder,72.0,,138.46153846153845,1.0,9.0,138.46153846153845,,,5.0,28.56
43322,Rohit Danu,True,0.5545364986115636,top/middle,213.0,,130.67484662576686,,,14.101582114130698,-1.4999999999999998,,10.0,24.55
43323,Mohd Asim,False,0.4525369692368155,finishing allrounder,0.0,,0.0,10.0,8.080645161290322,0.0,,,5.0,28.56
43324,Shubham Bisht,False,0.4466134055342521,finisher,41.0,,85.41666666666667,0.0,10.0,85.41666666666667,,,3.0,22.68
43325,Abhishekh Raturi,False,0.4367795763304577,top/middle,13.0,,86.66666666666667,,,86.66666666666667,,,2.0,23.02
43327,Abhishekh Gusain,False,0.4458975372583753,top/middle,10.0,,71.42857142857143,,,71.42857142857143,,,1.0,29.11
43328,Jeevan S Mehta,False,0.44648869454393514,finisher,15.0,,88.23529411764706,,,88.23529411764706,,,2.0,27.41
43329,Anmol Shah,True,0.5519723773118745,finishing allrounder,40.0,,72.72727272727273,15.0,7.072243346007604,2.687534881781005,8.499999999999996,1.5,15.0,22.75
43330,Vishal Kashyap,True,0.5886806342381107,top/middle,497.0,,144.47674418604652,0.0,11.0,4.4655146492635245,33.49999999999999,,16.0,25.26
43332,Abhinav Bisht,False,0.4540488553371891,finisher,17.0,,94.44444444444444,,,94.44444444444444,,,3.0,28.05
43333,Pradeep Devli,False,0.43927426530801533,finisher,17.0,,89.47368421052632,,,89.47368421052632,,,2.0,23.98
43334,Rohit Tomar,False,0.46041380203323456,finisher,31.0,,163.1578947368421,,,163.1578947368421,,,3.0,26.21
43336,Shantanu Saini,False,0.42701913992663576,finisher,1.0,,33.333333333333336,,,33.333333333333336,,,2.0,26.13
43338,Ravinder Neg,False,0.4687774366679852,finishing allrounder,35.0,,145.83333333333334,7.0,5.641025641025641,145.83333333333334,,,5.0,23.44
43340,Neeraj Rathore,True,0.604910945573443,top/middle,491.0,,141.09195402298852,1.0,9.84,8.39192752577875,42.499999999999986,0.4999999999999999,17.0,27.48
43341,Suyash Rawat,False,0.4596214258577057,top/middle,29.0,,145.0,,,145.0,,,2.0,26.48
43342,Jaskaran Singh,True,0.5277667370256622,finisher,10.0,,142.85714285714286,,,3.4382845335595853,-3.999999999999999,,5.0,22.18
43343,Gaurav Joshi,False,0.4508961411208447,finisher,72.0,,112.5,,,112.5,,,4.0,24.28
43345,Shubham Taiswal,False,0.4611143077558013,top/middle,101.0,,104.12371134020619,0.0,7.5,109.0909090909091,-26.999999999999993,,14.0,25.9
4335,Anurag Sarangi,False,0.43380305457770313,opener,169.0,,113.42281879194631,1.0,11.5,113.42281879194631,0.9999999999999998,,9.0,32.94
4338,Suryakant Pradhan,False,0.5064934666521963,finishing allrounder,98.0,,153.125,10.0,7.610526315789474,6.116804793607266,-6.192307692307693,1.4615384615384617,11.0,32.16
4340,Tukuna Sahoo,False,0.43178925558853204,opener,112.0,,133.33333333333334,0.0,10.2,133.33333333333334,,,4.0,38.89
4342,Divyaraj Chauhan,False,0.4823265267391061,finisher,177.0,,122.91666666666667,,,122.91666666666667,2.142857142857145,,14.0,31.41
4344,Snell Patel,False,0.4879854808932383,top/middle,203.0,,131.8181818181818,,,131.8181818181818,-12.999999999999993,,9.0,32.11
43587,Sunil Bishnoi,False,0.43226282999281085,finisher,240.0,,157.89473684210526,,,157.89473684210526,,,9.0,24.08
43591,R Nithiyananda,False,0.40760398558922645,finishing allrounder,3.0,,42.857142857142854,9.0,7.386792452830188,42.857142857142854,0.9999999999999998,8.999999999999996,12.0,20.88
43592,S Pradeep Roshan,False,0.39668367573000934,finisher,8.0,,50.0,0.0,9.0,50.0,,,4.0,22.08
43593,Janmejay Joshi,True,0.5175488962120016,finishing allrounder,1.0,,25.0,5.0,8.64864864864865,25.0,,0.4999999999999999,7.0,24.43
43594,Anup Ahlawat,False,0.3974890709856229,opener,170.0,,204.81927710843374,,,204.81927710843374,,,4.0,25.04
4362,Aditya Garhwal,False,0.5146356115482981,top/middle,376.0,,161.37339055793993,1.0,13.5,1.1197340523405719,79.49999999999999,,14.0,29.62
4367,Barinder Sran,False,0.5106924826744398,batting allrounder,160.0,,144.14414414414415,12.0,8.219653179190752,144.14414414414415,,,9.0,32.96
4368,Sagar Trivedi,False,0.47591363379131624,finishing allrounder,18.0,,112.5,1.0,12.96774193548387,112.5,,,2.0,34.11
4369,Shai Hope,True,0.6633332079845663,top/middle,1478.0,,133.7556561085973,,,2.541425108862294,152.79999999999998,,56.0,32.04
4372,Rony Talukder,False,0.5591324424819972,opener,1059.0,,120.75256556442417,,,8.240529481081392,12.300000000000002,,48.0,35.13
4373,Mustafizur Rahman,True,0.6652867217205416,finishing allrounder,70.0,,62.5,166.0,6.947017413856984,1.7537180075577183,2.4,1.8,121.0,30.22
43774,Shivam Singh,False,0.5809485329427702,top/middle,1049.0,,131.9496855345912,0.0,2.4,1.9572020194594544,86.59999999999997,,29.0,30.01
43798,Lhuan Pretorius,False,0.4119887917669737,top/middle,52.0,,123.80952380952381,,,1.2536914343965149,,,5.0,19.67
43815,Ayudh Sharma,False,0.4332663540042288,top/middle,237.0,,118.5,,,118.5,-112.99999999999997,,12.0,27.76
43899,Aryan Anil Bhatia,False,0.48295154127386447,finisher,200.0,,116.95906432748538,1.0,12.387096774193548,116.95906432748538,89.99999999999997,-0.9999999999999998,14.0,21.15
43900,Ashish Lawrence,False,0.45363612176686446,finishing allrounder,11.0,,100.0,5.0,9.381818181818181,100.0,8.999999999999996,-2.9999999999999996,6.0,23.22
43901,Jaskirat Singh,False,0.42614834118417955,finisher,5.0,,50.0,0.0,8.823529411764707,50.0,,,3.0,21.73
43902,Kawalpreet Singh,False,0.4803973061122405,finishing allrounder,59.0,,131.11111111111111,2.0,9.801980198019802,131.11111111111111,,,5.0,24.62
43903,Ansul Chaudhary,False,0.4987670366405956,opener,543.0,,131.79611650485438,,,131.79611650485438,-132.49999999999994,,18.0,24.97
43904,Manpreet Singh,False,0.48066321253248306,batting allrounder,68.0,,101.49253731343283,1.0,11.2987012987013,101.49253731343283,-9.999999999999996,-0.4999999999999998,9.0,27.27
43905,Prabhjot Singh,False,0.47507159668710897,top/middle,182.0,,113.75,,,113.75,,,7.0,31.13
43906,Vaibhav Sehdev,False,0.47543872785069957,finisher,64.0,,168.42105263157896,2.0,11.052631578947368,168.42105263157896,57.99999999999998,0.0,4.0,26.58
43907,Mridul Sandal,False,0.46707036419766695,finisher,124.0,,96.875,,,96.875,5.999999999999993,,22.0,21.32
43908,Sumit Sharma,False,0.5068282246620921,finishing allrounder,123.0,,111.81818181818181,18.0,9.090909090909092,111.81818181818181,-11.500000000000002,1.4999999999999993,18.0,25.22
43909,Madhav Pathania,False,0.5195311590652858,finishing allrounder,312.0,,120.0,15.0,8.03125,120.0,-19.000000000000004,-4.499999999999998,25.0,25.15
4391,Liam Livingstone,True,0.702575903965656,batting allrounder,1747.0,,147.42616033755274,35.0,8.75699558173785,2.802296296742274,-34.199999999999996,0.5000000000000004,83.0,32.31
43910,Kunwar Kukreja,False,0.45749320592508463,finishing allrounder,0.0,,0.0,17.0,7.956112852664577,0.0,0.0,-2.9999999999999996,18.0,25.48
43913,Kunal Vishwa,False,0.4704705437637922,finishing allrounder,9.0,,128.57142857142858,1.0,10.285714285714286,128.57142857142858,,,3.0,26.08
43914,Aryan Sharma,False,0.4588139878462554,top/middle,57.0,,107.54716981132076,,,107.54716981132076,-44.999999999999986,,7.0,21.15
43915,Aditya Marshal,False,0.42441367963305704,finisher,0.0,,0.0,0.0,11.538461538461538,0.0,,,1.0,20.87
43916,Kamaljit Singh,False,0.45011295978678406,top/middle,64.0,,123.07692307692308,,,123.07692307692308,,,5.0,
43917,Krish Ashwani Bhagat,False,0.48230779149104225,finishing allrounder,59.0,,103.50877192982456,20.0,8.064356435643564,103.50877192982456,-0.5000000000000001,-1.9999999999999996,20.0,21.05
43918,Varinder Singh,False,0.4720670862597751,batting allrounder,150.0,,133.92857142857142,7.0,8.63551401869159,6.133204135761982,-15.999999999999996,1.4999999999999991,12.0,19.62
43919,Aryan Yadav,False,0.46557505046572933,top/middle,141.0,,114.63414634146342,1.0,7.666666666666667,114.63414634146342,136.99999999999997,,9.0,17.62
43920,Jaish Jain,False,0.45781876990013176,opener,157.0,,115.44117647058823,,,115.44117647058823,,,10.0,24.23
43921,Mandeep Inder Bawa,False,0.4618227123922656,top/middle,51.0,,110.8695652173913,,,110.8695652173913,,,5.0,29.16
43922,Anshul Negi,False,0.40510304329060226,finishing allrounder,1.0,,50.0,0.0,10.2,50.0,,,3.0,23.49
43923,Sahaj Dhawan,False,0.5049964621164448,opener,584.0,,135.1851851851852,,,135.1851851851852,-144.49999999999991,,27.0,25.88
43924,Sukhdeep Singh Bajwa,False,0.5202964533324185,finishing allrounder,285.0,,183.8709677419355,18.0,8.96078431372549,183.8709677419355,-65.99999999999999,-2.0,23.0,25.04
43925,Sukhwinder Manga,False,0.4767837011272696,finishing allrounder,17.0,,73.91304347826087,5.0,7.837837837837838,73.91304347826087,4.999999999999998,-0.9999999999999997,6.0,30.02
43927,Manish Sheoran,False,0.44777700595301395,finishing allrounder,6.0,,50.0,7.0,7.103448275862069,50.0,1.9999999999999996,1.9999999999999993,5.0,23.24
43930,Mayank Gupta,False,0.499525185250343,top/middle,357.0,,128.41726618705036,,,0.8452057535465366,-113.49999999999994,,19.0,25.42
43931,Abhy Chaudhary,False,0.5176920536742877,top/middle,567.0,,133.09859154929578,,,133.09859154929578,322.99999999999994,,17.0,23.42
43932,Azam Nazar,False,0.43584278895590545,top/middle,56.0,,78.87323943661971,,,78.87323943661971,23.999999999999996,,5.0,24.95
43933,Jashanpreet Singh Sidhu,False,0.49653056494866127,top/middle,583.0,,135.58139534883722,,,135.58139534883722,-25.999999999999986,,26.0,26.58
43934,Deepin Chitkara,False,0.49931649269516776,finishing allrounder,103.0,,118.39080459770115,11.0,7.669902912621359,118.39080459770115,-23.499999999999996,-2.9999999999999987,24.0,26.23
43936,Uday Kakkar,False,0.4175468524616274,finisher,0.0,,0.0,,,0.0,,,1.0,21.1
43937,Simranjeet Singh Gharu,False,0.4827947968576761,finishing allrounder,35.0,,112.90322580645162,19.0,7.203438395415473,112.90322580645162,3.4999999999999964,0.49999999999999895,20.0,23.9
4394,Graham Clark,False,0.4370851566069424,top/middle,431.0,,152.29681978798587,,,11.990189010158344,,,14.0,32.7
43941,Tejpreet Singh,False,0.4971380449899565,finishing allrounder,54.0,,114.8936170212766,10.0,7.830985915492958,114.8936170212766,19.999999999999993,-3.999999999999999,16.0,25.29
43944,Parkash Singh Saini,False,0.44612664918427597,finishing allrounder,0.0,,0.0,2.0,13.5,0.0,,1.9999999999999996,4.0,27.06
43945,Kuljit Singh,False,0.47903907207783375,finishing allrounder,10.0,,52.63157894736842,19.0,8.391459074733095,52.63157894736842,-3.999999999999999,-4.999999999999998,13.0,27.31
43946,Abhinav Sharma,True,0.6128416871166952,finishing allrounder,279.0,,107.3076923076923,18.0,9.945945945945946,8.274883755043422,-35.49999999999999,-1.4999999999999998,27.0,27.92
43947,Ridham Satyawan,False,0.48359108097489617,top/middle,478.0,,124.15584415584415,,,124.15584415584415,-128.99999999999997,,24.0,
43948,Aradhya Shukla,False,0.46414425272603543,finishing allrounder,1.0,,14.285714285714286,25.0,8.08695652173913,14.285714285714286,0.9999999999999998,0.49999999999999895,19.0,20.97
43949,Eish Rao,False,0.4182853852395732,top/middle,108.0,,89.25619834710744,,,89.25619834710744,-3.9999999999999987,,12.0,
43950,Aditya Partap Singh,False,0.43493323640553117,opener,78.0,,98.73417721518987,,,98.73417721518987,-21.999999999999996,,5.0,23.86
43951,Taranveer Singh,False,0.484857924349585,top/middle,337.0,,119.9288256227758,,,119.9288256227758,-60.999999999999986,,19.0,18.33
43952,Vaibhav Karla,False,0.519760577557228,top/middle,484.0,,148.46625766871165,0.0,16.0,148.46625766871165,-137.99999999999994,,20.0,24.81
43953,Venus Grag,False,0.45580258691777203,opener,61.0,,110.9090909090909,,,110.9090909090909,,,2.0,31.39
43954,Raman Arora,False,0.48216311305578397,top/middle,119.0,,117.82178217821782,,,117.82178217821782,,,6.0,33.94
43955,Harjas Singh Tandon,False,0.5122860821949077,finishing allrounder,156.0,,133.33333333333334,18.0,7.618768328445748,133.33333333333334,-33.99999999999999,-2.499999999999999,23.0,22.8
43956,Anush Prashar,False,0.42763058233233975,finisher,0.0,,0.0,0.0,11.5,0.0,,,2.0,23.71
43957,Prabhkirat Singh,False,0.46234137779877854,finishing allrounder,6.0,,60.0,6.0,7.572815533980583,60.0,0.0,1.9999999999999996,11.0,23.71
43958,Sandeep Singh,False,0.44708751788082196,batting allrounder,1.0,,16.666666666666668,0.0,11.75,16.666666666666668,,,2.0,30.93
43959,Ayush Goyal,False,0.49449807978674976,finishing allrounder,86.0,,114.66666666666667,30.0,8.743801652892563,114.66666666666667,-4.999999999999998,-3.14018491736755e-16,17.0,24.19
43961,Gaurav Bedi,False,0.455129344082241,finishing allrounder,0.0,,0.0,1.0,11.0625,0.0,,,3.0,27.35
43962,Karanvir Singh,False,0.44126162775214106,finisher,20.0,,83.33333333333333,1.0,9.473684210526315,83.33333333333333,,,5.0,23.96
43963,Yuvi Goyal,False,0.42183820754134127,top/middle,219.0,,114.0625,,,114.0625,58.999999999999986,,8.0,22.98
43964,Jaskaranvir Paul,False,0.49964439103973796,opener,827.0,,124.92447129909365,,,124.92447129909365,-131.49999999999997,,22.0,22.9
43965,Emanjot Singh Chahal,False,0.5012838370320695,finishing allrounder,88.0,,146.66666666666666,38.0,6.993031358885017,146.66666666666666,-6.499999999999999,-10.499999999999995,26.0,21.28
43967,Vishwanath Singh,False,0.5549025435085756,opener,823.0,,124.3202416918429,4.0,8.521739130434783,124.3202416918429,-108.49999999999999,-0.4999999999999998,26.0,27.44
43968,Gaurav Markan,False,0.4871832513913805,finisher,264.0,,124.52830188679245,,,124.52830188679245,6.999999999999996,,24.0,26.08
43969,Karmanpreet Singh,False,0.38098673060712657,top/middle,12.0,,80.0,,,80.0,,,2.0,22.96
43970,Aarush Sabharwal,False,0.4679744790510657,finisher,58.0,,89.23076923076923,,,89.23076923076923,37.99999999999998,,10.0,33.97
43971,Arun Kalia,False,0.48452907945869833,finishing allrounder,103.0,,113.18681318681318,2.0,9.461538461538462,113.18681318681318,-37.999999999999986,7.850462293418875e-17,12.0,23.12
43972,Dushyant Singh Gill,False,0.4347094913378693,top/middle,13.0,,65.0,,,65.0,-8.999999999999996,,2.0,21.02
43973,Tarun Sareen,False,0.4763383937818512,finisher,43.0,,172.0,,,172.0,26.999999999999993,,6.0,31.13
43974,Hitesh,False,0.4595545394894662,finishing allrounder,4.0,,80.0,2.0,6.8807339449541285,80.0,,,6.0,28.51
43975,Aryaman Singh,False,0.46173275763592236,finishing allrounder,20.0,,111.11111111111111,3.0,9.92,111.11111111111111,,,4.0,19.09
43977,Pardeep Grewal,False,0.46343780034341475,finishing allrounder,5.0,,50.0,8.0,8.830188679245284,50.0,,-7.999999999999998,8.0,24.45
43978,Aryan Mehra,False,0.45592262352472523,finishing allrounder,10.0,,71.42857142857143,16.0,9.476635514018692,71.42857142857143,,0.49999999999999895,15.0,23.89
43980,Harshdeep Singh,False,0.4836050286224922,finishing allrounder,73.0,,112.3076923076923,23.0,6.594900849858357,112.3076923076923,-16.999999999999996,-3.499999999999999,21.0,22.33
43981,Jaiveer Bhinder,False,0.45406409631496325,opener,65.0,,122.64150943396227,,,122.64150943396227,,,3.0,25.9
43982,Garv Kumar,False,0.45918073963534317,finishing allrounder,14.0,,73.6842105263158,10.0,8.84375,73.6842105263158,0.9999999999999992,1.570092458683775e-16,11.0,25.9
43983,Satyam Sharma,False,0.4102172842826251,top/middle,57.0,,101.78571428571429,,,101.78571428571429,-14.999999999999995,,5.0,24.98
43984,Akadeep Sandhu,False,0.42879326201987134,finisher,5.0,,35.714285714285715,0.0,10.0,35.714285714285715,4.999999999999998,,2.0,26.15
43985,Kartik Sharma,False,0.5144736552886628,top/middle,549.0,,172.10031347962382,,,172.10031347962382,364.99999999999994,,15.0,24.09
43986,Manav Vashisth,False,0.45590959523522856,finishing allrounder,12.0,,100.0,5.0,9.194805194805195,100.0,,,5.0,23.21
43987,Aryaman Singh,False,0.4986335805459757,finishing allrounder,44.0,,122.22222222222223,25.0,6.522243713733076,122.22222222222223,-1.25607396694702e-15,-5.0,27.0,23.58
43989,Lovedeep Singh Kharoud,False,0.43671330067299474,finishing allrounder,6.0,,85.71428571428571,2.0,8.275862068965518,85.71428571428571,,1.9999999999999996,7.0,26.75
43991,Sahil Khan,False,0.49312035051084746,finishing allrounder,11.0,,157.14285714285714,26.0,8.812967581047381,157.14285714285714,-1.4999999999999998,-3.4999999999999996,20.0,24.51
43993,Shiven Rakhcja,False,0.49781813656121343,opener,454.0,,131.59420289855072,,,131.59420289855072,27.999999999999993,,18.0,25.72
43994,Tanroop Saini,False,0.42230043538453493,finisher,7.0,,70.0,,,70.0,,,3.0,25.72
43995,Abir Kohli,False,0.43736701276771994,finishing allrounder,9.0,,150.0,2.0,7.894736842105263,150.0,,0.9999999999999998,5.0,21.95
43996,Vihaan Malhotra,False,0.47182954974976066,opener,323.0,,122.81368821292776,,,122.81368821292776,-100.99999999999999,,12.0,18.9
4409,Sam Curran,True,0.6963057788139824,finishing allrounder,1049.0,,126.84401451027811,69.0,8.72156862745098,2.6626666696070203,49.90000000000002,-1.7999999999999998,80.0,27.48
4412,Maxwell O Dowd,False,0.4758314891601063,top/middle,162.0,,101.88679245283019,,,6.484571448386047,,,8.0,31.73
4413,Mark Deyal,False,0.47662559969040097,finishing allrounder,21.0,,77.77777777777777,7.0,8.48076923076923,4.113924050632911,2.499999999999999,-3.925231146709437e-17,7.0,32.64
44178,Shahbaz Singh Sandhu,False,0.5090813341977722,finishing allrounder,248.0,,143.35260115606937,6.0,8.89051094890511,143.35260115606937,87.99999999999999,-1.9999999999999996,16.0,24.7
44184,Akashdeep Dahri,False,0.4346831992748548,finisher,1.0,,20.0,,,20.0,0.9999999999999998,,2.0,26.98
44185,Sameer Khan,False,0.44571194355771565,finishing allrounder,4.0,,133.33333333333334,5.0,6.327272727272727,133.33333333333334,,-2.9999999999999996,9.0,18.64
44260,Rizu Shrivastava,False,0.42260372872994517,opener,29.0,,59.183673469387756,,,59.183673469387756,,,2.0,17.86
443,Paul Stirling,False,0.4049161404055894,top/middle,24.0,,85.71428571428571,0.0,19.0,0.9091104567047561,11.999999999999998,,4.0,35.23
44476,Harshit Prashar,False,0.41844919532822983,finisher,14.0,,63.63636363636363,,,63.63636363636363,,,2.0,21.36
44477,Navjot Sidhu,False,0.4169791248461931,top/middle,11.0,,78.57142857142857,1.0,9.0,78.57142857142857,2.9999999999999996,,2.0,27.9
44478,Palash Khurana,False,0.4424093150419584,finishing allrounder,0.0,,0.0,0.0,9.0,0.0,,,2.0,29.72
44479,Jatin Sahota,False,0.47276474740433033,finishing allrounder,51.0,,175.86206896551724,2.0,9.142857142857142,175.86206896551724,,,2.0,23.04
44480,Himanshu Satyawan,False,0.48641069080237076,top/middle,84.0,,133.33333333333334,,,133.33333333333334,,,2.0,33.85
44482,Gauravjeet Singh Dhaliwal,False,0.46407648864834733,finisher,12.0,,150.0,1.0,3.75,150.0,,,1.0,30.9
44483,Harshit Takkar,False,0.3996885820704607,finisher,2.0,,100.0,0.0,12.631578947368421,100.0,,,1.0,23.98
44486,Talwinder Singh Brar,False,0.44598773549968257,finishing allrounder,0.0,,0.0,5.0,9.0,0.0,,,2.0,33.1
44491,L Manvanth Kumar,True,0.655162307895731,finishing allrounder,324.0,,135.56485355648536,46.0,8.55609756097561,1.9100560749723419,22.999999999999993,-9.499999999999996,38.0,21.88
44492,MB Shivam,False,0.417317615820692,opener,0.0,,0.0,,,0.0,,,1.0,19.67
44497,Aditya Mani,False,0.45382525282420216,finishing allrounder,16.0,,123.07692307692308,1.0,10.071428571428571,123.07692307692308,,-0.9999999999999998,3.0,23.76
4450,Mehran Khan,False,0.41937853663392566,finishing allrounder,5.0,,55.55555555555556,2.0,8.903225806451612,55.55555555555556,,,2.0,38.62
44501,Deepak Devadiga,False,0.46938555348554273,finishing allrounder,0.0,,0.0,9.0,8.305970149253731,0.0,,-1.4999999999999998,17.0,26.62
44502,EJ Jasper,False,0.4094855043141708,opener,25.0,,73.52941176470588,,,73.52941176470588,-20.999999999999993,,3.0,22.32
44503,Mohsin Khan,False,0.4712997019421465,finishing allrounder,18.0,,128.57142857142858,19.0,6.972067039106145,128.57142857142858,1.9999999999999991,3.9999999999999987,22.0,22.15
44504,Aashish Mahesh,False,0.4472008634664136,finisher,67.0,,104.6875,,,104.6875,-17.499999999999993,,6.0,21.89
44505,Aman Khan,False,0.4697007318599332,finisher,161.0,,133.05785123966942,,,8.98394076762186,48.499999999999986,,14.0,25.7
44508,Hardik Raj,True,0.6018674205583875,finishing allrounder,354.0,,155.26315789473685,19.0,7.937704918032787,6.947740955944228,91.49999999999997,-0.9999999999999996,30.0,19.72
44509,Aadarsh Prajwal,False,0.4791211622200148,top/middle,299.0,,117.25490196078431,,,117.25490196078431,-22.999999999999982,,22.0,25.94
44510,Abul Hasan Khalid,False,0.47555797138971856,finisher,54.0,,168.75,,,168.75,,,2.0,27.07
44512,Thippa Reddy,False,0.49115134619995954,top/middle,342.0,,113.24503311258277,,,113.24503311258277,-14.499999999999995,,18.0,22.2
44516,Nirmal Singh,False,0.43048848678310425,top/middle,1.0,,25.0,,,25.0,0.9999999999999998,,2.0,27.09
4460,Jeffrey Vandersay,True,0.5660675575817521,finishing allrounder,20.0,,86.95652173913044,2.0,8.273291925465838,1.909671826678767,3.333333333333333,0.0,7.0,35.81
4468,Chiranjeevi G S,False,0.43423104458183803,finisher,3.0,,60.0,,,60.0,,,2.0,34.47
4470,Nikin Jose,False,0.5211540390066705,top/middle,664.0,,119.21005385996409,0.0,3.0,26.553900102185583,-14.599999999999994,,28.0,25.26
4472,Anand Doddamani,False,0.5266277967850731,finishing allrounder,15.0,,115.38461538461539,23.0,7.951219512195122,0.8764813038839089,-4.333333333333333,-0.6999999999999997,36.0,30.56
44762,Vashudev Bareth,False,0.4577195493641061,finishing allrounder,133.0,,184.72222222222223,11.0,10.179775280898877,5.561708721540313,36.99999999999999,10.999999999999998,11.0,22.72
44765,Prashant Ahlawat,False,0.39109532072596775,finisher,87.0,,103.57142857142857,,,103.57142857142857,,,5.0,23.96
44793,Abhishek Singh,False,0.4791020626278104,finisher,149.0,,169.3181818181818,,,1.573315435559009,72.49999999999997,,7.0,22.73
44795,Vishu Kashyap,False,0.38727173617091054,finishing allrounder,6.0,,37.5,7.0,6.3130434782608695,37.5,,,7.0,27.92
44797,Abhishek Saini,False,0.40157983282610715,finishing allrounder,6.0,,600.0,9.0,6.776978417266187,600.0,,,7.0,26.98
44801,Gurneet Singh,False,0.38001027876804494,opener,29.0,,70.73170731707317,,,70.73170731707317,,,5.0,23.3
44804,Aayush Sikka,False,0.3862178764926394,top/middle,90.0,,86.53846153846153,,,86.53846153846153,,,6.0,25.34
44807,Sukrant Sharma,False,0.3816755177069753,finishing allrounder,3.0,,75.0,4.0,6.909090909090909,75.0,,,4.0,26.5
44810,Hartejassvi Kapoor,False,0.3993766547102337,finishing allrounder,16.0,,100.0,9.0,8.303571428571429,100.0,,,6.0,30.2
44814,Taranpreet Singh,False,0.4063269389618875,finishing allrounder,99.0,,116.47058823529412,14.0,5.857142857142857,116.47058823529412,,,8.0,27.46
44815,Arjit Pannu,False,0.4364218319703731,finisher,0.0,,0.0,,,0.0,,,2.0,29.59
44816,Nikhil Sharma,False,0.40754813053009686,finishing allrounder,52.0,,78.78787878787878,13.0,8.626865671641792,2.1365055763046934,7.999999999999998,10.999999999999998,9.0,26.8
44817,Harshit Singh,False,0.4013019770685636,finishing allrounder,68.0,,121.42857142857143,8.0,6.741176470588235,121.42857142857143,,,8.0,23.95
44818,Nikhil Thakur,False,0.40400320026039976,top/middle,174.0,,126.08695652173913,,,126.08695652173913,,,9.0,27.7
44820,Nipun Sharda,False,0.39378933987677195,top/middle,205.0,,106.21761658031087,0.0,5.0,106.21761658031087,,,9.0,24.4
44822,Aryan Duggal,False,0.38741729922183815,finishing allrounder,0.0,,0.0,13.0,8.25,0.0,,,7.0,21.34
44826,Sanchit Sahu,False,0.3963784767018285,opener,147.0,,109.70149253731343,,,109.70149253731343,,,4.0,28.87
44832,Chiragvir Dhindsa,False,0.3895351983013145,finishing allrounder,66.0,,95.65217391304348,7.0,6.555555555555555,100.0,,,7.0,24.82
44834,Jashan Pannu,False,0.3900170668278707,finisher,22.0,,122.22222222222223,,,122.22222222222223,,,5.0,23.87
44835,Pardeep Yadhav,False,0.414926727174618,finisher,137.0,,155.6818181818182,,,11.383844741260535,82.99999999999999,,8.0,28.03
44836,Nehal Pajni,False,0.40205976997924225,opener,203.0,,143.97163120567376,1.0,8.823529411764707,143.97163120567376,,,6.0,25.0
44837,Sanyam Saini,False,0.41694776857820437,finisher,260.0,,174.49664429530202,,,174.49664429530202,,,9.0,26.4
44839,Vikas Kumar,False,0.3956747115117827,finishing allrounder,31.0,,91.17647058823529,1.0,5.23404255319149,91.17647058823529,,,6.0,26.67
44840,Pratham Singh,False,0.39175364115066186,top/middle,13.0,,40.625,,,1.7286389899051575,,,4.0,24.53
44842,Amit Shukla,True,0.4540143742265169,finishing allrounder,8.0,,57.142857142857146,7.0,6.869565217391305,57.142857142857146,,0.9999999999999998,7.0,22.91
44843,Sunny Singh,False,0.3816076129639715,finishing allrounder,4.0,,57.142857142857146,5.0,7.777777777777778,57.142857142857146,,,3.0,26.21
44844,Chiraz Singh,False,0.39403961975209056,finishing allrounder,20.0,,105.26315789473684,6.0,8.074766355140186,105.26315789473684,,,6.0,24.35
44846,Arjun Azad,False,0.4866100151714312,opener,393.0,,143.43065693430657,0.0,6.0,3.0737950575197206,178.99999999999994,,12.0,24.3
44847,Mayank Sidhu,False,0.3947284537497156,top/middle,98.0,,108.88888888888889,,,108.88888888888889,,,6.0,28.01
44848,Tushar Joshi,False,0.39614094345514794,opener,110.0,,129.41176470588235,,,129.41176470588235,,,8.0,25.3
44851,Hardik Choudhary,False,0.39616291002989634,finishing allrounder,36.0,,120.0,4.0,8.031496062992126,120.0,,,6.0,25.28
44853,Nipun Pandita,False,0.38761737295102194,finishing allrounder,6.0,,46.15384615384615,2.0,7.384615384615385,46.15384615384615,,,4.0,27.32
44857,Yuvraj Rai,False,0.38323346032331207,opener,38.0,,111.76470588235294,,,111.76470588235294,,,2.0,24.2
4486,BR Sharath,False,0.5890792927281613,top/middle,964.0,,151.57232704402514,,,2.0253223646680842,65.30000000000001,,43.0,29.16
4487,Vyshak Kumar,True,0.6817665527658542,finishing allrounder,172.0,,127.4074074074074,82.0,7.862508858965273,1.0346134921491785,3.8999999999999995,0.30000000000000027,64.0,28.82
4488,Likhit Bannur,False,0.38900616622609946,finishing allrounder,3.0,,75.0,1.0,8.594594594594595,75.0,,,3.0,27.36
4489,Prasidh Krishna,True,0.6375178610142779,finishing allrounder,7.0,,33.333333333333336,75.0,7.559395248380129,1.2407845593751206,-0.6538461538461536,4.314285714285713,57.0,29.77
4491,Bharath Dhuri,False,0.5007515077530869,finishing allrounder,145.0,,100.0,1.0,9.692307692307692,100.0,5.699999999999998,0.07142857142857144,20.0,32.5
4494,Abhinav Manohar,True,0.644685836586494,finisher,1818.0,,153.41772151898735,,,2.4612515229691376,-52.29999999999999,,76.0,31.2
4499,Saqib Mahmood,True,0.5841019232105612,finishing allrounder,28.0,,70.0,19.0,7.791666666666667,1.5344319280545906,-0.3999999999999997,0.6999999999999998,13.0,28.75
4505,Jhye Richardson,True,0.5911059925632364,finishing allrounder,26.0,,55.319148936170215,10.0,8.642487046632125,3.9397557806363226,-4.214285714285714,-1.3571428571428574,8.0,29.18
45080,Satyam Sangu,False,0.3835254966897401,finisher,40.0,,90.9090909090909,1.0,11.333333333333334,90.9090909090909,,,7.0,22.15
45136,Jaskirat Mehra,False,0.39857674873595067,finishing allrounder,65.0,,132.6530612244898,19.0,5.783505154639175,132.6530612244898,,,9.0,23.09
45204,Lankesh H,False,0.4929269794551711,finisher,265.0,,112.76595744680851,1.0,10.5,112.76595744680851,-18.99999999999999,-0.9999999999999998,22.0,23.99
45205,Ashok D,False,0.4343228288396823,finishing allrounder,18.0,,112.5,6.0,9.0,112.5,-17.999999999999993,-5.999999999999999,7.0,29.9
45207,Bhuvan Raju,False,0.4831375838734084,top/middle,197.0,,87.55555555555556,,,87.55555555555556,27.999999999999993,,21.0,27.79
45208,Sourabh Muttur,False,0.4587314508455418,finisher,58.0,,80.55555555555556,,,80.55555555555556,7.999999999999998,,7.0,27.14
4522,Nithin Bhille,False,0.43333406889056275,opener,14.0,,73.6842105263158,,,73.6842105263158,,,3.0,36.27
4526,Sharan Gouda,False,0.5196030253827495,finishing allrounder,39.0,,105.4054054054054,17.0,8.27027027027027,105.4054054054054,-26.999999999999993,-1.0000000000000002,20.0,30.07
45268,K Kumar,False,0.4947484436660212,top/middle,295.0,,94.24920127795527,,,94.24920127795527,2.0000000000000036,,22.0,24.42
45364,Gourav K,False,0.45087464509803526,finishing allrounder,8.0,,80.0,0.0,9.295081967213115,80.0,,,7.0,24.01
45371,Sankalp Shettennava,False,0.47129306237689905,finishing allrounder,23.0,,121.05263157894737,7.0,9.243243243243244,121.05263157894737,-10.499999999999996,-2.499999999999999,10.0,26.52
45381,PV Satyanarayan Raju,True,0.5047435585838117,finishing allrounder,7.0,,100.0,37.0,6.645640074211503,1.1231766650095183,6.999999999999998,7.999999999999998,23.0,26.38
45383,Gadde Samanvith,False,0.4280063577497526,finishing allrounder,25.0,,113.63636363636364,3.0,9.9,113.63636363636364,,,5.0,23.19
45384,Nimmala Himakar,False,0.4101200503516968,opener,173.0,,134.10852713178295,0.0,6.0,134.10852713178295,162.99999999999994,,7.0,23.63
45385,Chennupati Teja,False,0.4132320653838685,finishing allrounder,1.0,,100.0,5.0,8.352941176470589,100.0,,-4.999999999999998,7.0,24.21
45386,Seeram Rahul,False,0.4503665535083388,top/middle,342.0,,118.75,0.0,8.526315789473685,118.75,69.99999999999997,0.0,15.0,18.13
45390,SK Kamaruddin,False,0.4522115094149662,finishing allrounder,78.0,,177.27272727272728,15.0,8.489082969432314,177.27272727272728,-49.999999999999986,-6.999999999999998,13.0,33.34
45392,Thota Sai Sravan,False,0.4433540116388544,top/middle,257.0,,152.97619047619048,2.0,8.625,152.97619047619048,174.99999999999994,,10.0,20.87
45393,Kogatam Veera Reddy,False,0.4307822871374966,opener,248.0,,134.05405405405406,,,134.05405405405406,95.99999999999999,,11.0,19.09
45395,Allareddi Surya Teja Reddy,False,0.39666232739661117,top/middle,37.0,,132.14285714285714,,,132.14285714285714,,,3.0,21.18
45400,Muvvala Yuvan,False,0.43197589978204076,finisher,226.0,,149.66887417218544,,,149.66887417218544,-51.99999999999997,,15.0,19.69
45404,Bandaru Sujhan,False,0.40745561013939735,opener,40.0,,55.55555555555556,0.0,12.0,55.55555555555556,,,5.0,20.83
45416,Sk Abdullah,False,0.4300206545489004,finishing allrounder,20.0,,71.42857142857143,3.0,7.6421052631578945,71.42857142857143,,,6.0,33.42
4543,Jagatheesan Kousik,False,0.5644277446084527,batting allrounder,774.0,,117.45068285280729,16.0,6.776978417266187,10.687361272566571,12.399999999999999,-3.1999999999999993,37.0,30.51
45494,Manav Chothani,False,0.4541698729409258,finisher,59.0,,147.5,2.0,10.333333333333334,147.5,16.499999999999996,0.9999999999999998,10.0,21.87
45497,Ramdev Acharya,False,0.3775766843283646,top/middle,2.0,,22.22222222222222,,,22.22222222222222,,,1.0,22.74
45499,Pruthvi Chauhan,False,0.4618539505363969,top/middle,127.0,,158.75,,,158.75,26.499999999999996,,9.0,24.04
45500,Suresh Padiyachi,False,0.45369607084696695,finishing allrounder,0.0,,0.0,2.0,8.875,0.0,,,3.0,30.94
45501,Maurya Ghoghari,False,0.4338677713530118,finishing allrounder,1.0,,50.0,13.0,7.118181818181818,50.0,,1.4999999999999998,11.0,19.93
45507,Abhishek Nimavat,False,0.4365282089047667,finisher,8.0,,66.66666666666667,,,66.66666666666667,,,2.0,21.57
45509,Kabir Patel,False,0.43611085885235823,finishing allrounder,0.0,,0.0,3.0,5.625,0.0,,,2.0,19.49
45512,Smit Patel,False,0.47711476458990737,finishing allrounder,41.0,,128.125,9.0,7.147410358565737,128.125,7.499999999999997,0.4999999999999999,12.0,25.43
45513,Smitraj Zala,False,0.39530367305465475,top/middle,147.0,,111.36363636363636,,,111.36363636363636,,,9.0,23.79
45515,Jainik Solanki,False,0.4688997010225544,finishing allrounder,25.0,,100.0,1.0,8.360655737704919,100.0,,-0.4999999999999999,8.0,27.01
45518,Hiten Kanbi,False,0.4451380462253528,finishing allrounder,29.0,,170.58823529411765,9.0,8.912280701754385,170.58823529411765,,4.499999999999998,8.0,21.59
45519,Luckyraj Vaghela,False,0.4875130279741953,finisher,227.0,,165.6934306569343,1.0,8.88,165.6934306569343,50.49999999999999,-0.4999999999999999,12.0,23.62
45520,Dharmaditya Gohil,False,0.447730618769315,finishing allrounder,1.0,,25.0,9.0,7.173913043478261,25.0,,1.4999999999999998,10.0,24.17
45521,Yash Gardharia,False,0.47298052737735474,finisher,69.0,,156.8181818181818,,,156.8181818181818,,,5.0,27.0
45529,Dharam Changela,False,0.429203445839207,top/middle,35.0,,76.08695652173913,,,76.08695652173913,4.499999999999998,,4.0,-14.1
4571,DT Chandrasekar,False,0.49229705804548773,finishing allrounder,15.0,,100.0,6.0,7.166666666666667,1.2341711565763291,1.2499999999999996,1.4999999999999998,10.0,33.05
45713,SU Karthik,False,0.4970062235929338,opener,781.0,,140.97472924187727,,,140.97472924187727,60.49999999999996,,24.0,21.09
4572,Lakshminarayanan Vignesh,False,0.5266085711695814,finishing allrounder,58.0,,95.08196721311475,10.0,7.154639175257732,1.9815560221115531,-0.5000000000000014,-3.499999999999999,16.0,36.69
45740,Ritik Sharma,False,0.41561505562758155,batting allrounder,268.0,,171.7948717948718,14.0,5.936842105263158,171.7948717948718,,,9.0,22.06
45752,Savya Gajraj,False,0.4303715377481294,finishing allrounder,52.0,,110.63829787234043,0.0,9.782608695652174,110.63829787234043,-19.999999999999993,0.0,6.0,25.9
45760,Pradeep Jakar,False,0.3847679971392647,finishing allrounder,1.0,,50.0,12.0,6.662576687116564,50.0,,,8.0,25.9
45781,Hemant Joshi,False,0.3977450834593791,batting allrounder,196.0,,107.6923076923077,13.0,7.224489795918367,107.6923076923077,,,10.0,25.9
45785,Pushpendra Rathore,False,0.3975591537276436,batting allrounder,125.0,,112.61261261261261,1.0,5.4,112.61261261261261,,,4.0,22.95
45792,Hitesh Patel,False,0.40345042948252585,finishing allrounder,104.0,,142.46575342465752,9.0,10.562874251497005,142.46575342465752,,,9.0,25.9
45939,Sanjay Ashwin,False,0.42717393815681315,top/middle,19.0,,79.16666666666667,,,79.16666666666667,-8.499999999999998,,4.0,23.01
45945,Anshuman Pandey,False,0.451132276135916,top/middle,12.0,,100.0,,,100.0,,,1.0,50.17
45949,Ankit Rathi,False,0.42587304337039256,opener,4.0,,36.36363636363637,,,36.36363636363637,,,1.0,25.9
45950,Rishav Rai,False,0.44851687784753447,finisher,13.0,,108.33333333333333,,,108.33333333333333,,,2.0,25.9
45952,Sunil Kumar,False,0.49896002898449765,finishing allrounder,24.0,,64.86486486486487,41.0,7.144578313253012,0.6924183694528013,1.4999999999999982,8.499999999999996,28.0,28.2
45953,Kaartikaya Singh,False,0.4538029234876241,finisher,45.0,,100.0,,,100.0,,,5.0,25.9
45954,Sumit Kashyap,False,0.4013889143295847,opener,179.0,,182.6530612244898,8.0,5.947826086956522,182.6530612244898,,,5.0,21.63
45959,Bhargav Dutta,False,0.4001904943276927,finishing allrounder,12.0,,240.0,12.0,6.0,240.0,,,5.0,24.07
45962,Vijay Kumar,False,0.4887252741197912,finishing allrounder,11.0,,122.22222222222223,32.0,7.43,2.7696734778112044,-1.4999999999999993,5.999999999999999,27.0,19.92
45963,Abdul Rehman,False,0.4955505798601195,finishing allrounder,27.0,,96.42857142857143,36.0,8.585170340681362,17.87553774956047,0.5000000000000006,-0.4999999999999996,24.0,25.9
45965,Naman Tiwari,False,0.4866821763605482,finishing allrounder,10.0,,43.47826086956522,34.0,7.777777777777778,1.5649056310970304,-0.9999999999999998,3.999999999999999,25.0,20.05
45966,Prashant Veer,False,0.5375262683113374,finishing allrounder,655.0,,135.3305785123967,22.0,7.080260303687636,1.1391532377758866,82.99999999999999,-0.9999999999999992,31.0,20.01
45969,Arjun Bharadwaj,False,0.4128383225108238,finisher,26.0,,96.29629629629629,,,96.29629629629629,,,5.0,
45970,Shiven Malhotra,False,0.4531439350477715,finishing allrounder,4.0,,100.0,1.0,9.84,100.0,,,1.0,25.9
45971,Osho Mohan,False,0.4750698269906411,finisher,86.0,,114.66666666666667,,,8.225799382511553,-7.999999999999998,,13.0,25.9
45972,Manish Solanki,False,0.4642240090347754,top/middle,21.0,,131.25,,,131.25,,,2.0,35.45
45975,Tarun Pawadia,False,0.45484542969649694,finisher,22.0,,157.14285714285714,,,157.14285714285714,,,2.0,25.9
45976,Kishan Kumar Singh,False,0.4673972346347846,finishing allrounder,5.0,,250.0,16.0,9.311827956989248,250.0,,-3.14018491736755e-16,16.0,25.9
45977,Shantanu Shantanu,False,0.4602431164679096,top/middle,109.0,,94.78260869565217,,,2.195071763813269,84.99999999999997,,8.0,-14.1
45979,Vineet Panwar,False,0.5451564945455589,finishing allrounder,102.0,,122.89156626506023,38.0,7.287630402384501,3.9243354391237517,19.499999999999996,-3.4999999999999996,33.0,27.42
45980,Rishabh Rajput,False,0.4605428423547114,finishing allrounder,24.0,,96.0,18.0,8.372623574144487,96.0,-15.999999999999996,-1.4999999999999998,20.0,
45981,Adarsh Singh,False,0.4472095584178398,opener,48.0,,104.34782608695652,,,104.34782608695652,,,2.0,25.99
45982,Ajay Kumar,False,0.4485114633370615,finishing allrounder,2.0,,100.0,11.0,9.182320441988951,100.0,0.0,0.9999999999999998,10.0,25.9
45983,Rahul Rajpal,False,0.5218947683942988,top/middle,514.0,,113.46578366445917,4.0,7.642857142857143,10.146065039028104,36.49999999999999,,25.0,25.9
45984,Pranjal Saini,False,0.45806856222064807,finisher,16.0,,123.07692307692308,,,123.07692307692308,,,7.0,26.19
45986,Shivam Saraswat,False,0.44742661461420286,top/middle,21.0,,80.76923076923077,,,2.713311084698648,18.99999999999999,,2.0,25.9
45988,Shubh Khanna,False,0.4252087755369763,finisher,0.0,,0.0,,,0.0,,,6.0,25.9
45989,Swastik Chikara,False,0.5676147513067161,opener,1388.0,,152.6952695269527,0.0,9.555555555555555,3.8517809828528473,-49.499999999999986,0.0,36.0,25.9
45990,Shoaib Siddiqui,False,0.5115639435346645,top/middle,383.0,,103.51351351351352,,,9.690352520308162,-54.499999999999986,,25.0,25.9
45991,Vaibhav Chaudhary,False,0.4500847534472295,finishing allrounder,0.0,,0.0,4.0,8.974358974358974,0.0,,-1.4999999999999993,12.0,25.11
45992,Uvaish Ahmed,False,0.5325039084086991,top/middle,537.0,,134.9246231155779,,,5.149808271845595,32.499999999999986,,32.0,25.9
45993,Rituraj Sharma,False,0.5396938123193485,top/middle,801.0,,137.15753424657535,1.0,7.75,5.524444643592028,52.499999999999986,-0.9999999999999998,30.0,25.9
45994,Akshay Sain,False,0.4510649356296926,finishing allrounder,21.0,,123.52941176470588,19.0,4.983050847457627,123.52941176470588,,8.499999999999998,10.0,25.94
45996,Parth Jain,False,0.44652963177008104,opener,18.0,,138.46153846153845,,,138.46153846153845,,,2.0,25.9
45997,Rohit Rajpal,False,0.4305474069085433,finisher,12.0,,75.0,,,75.0,,,2.0,25.9
45999,Rajeev Chaturvedi,False,0.4270025142465479,top/middle,3.0,,33.333333333333336,,,33.333333333333336,,,1.0,25.9
46,Jegadeesh Arunkumar,True,0.5162938057102991,finisher,0.0,,0.0,0.0,18.923076923076923,0.0,,,1.0,50.86
46002,Yuvraj Yadav,False,0.46189933840423386,finishing allrounder,5.0,,50.0,2.0,8.5,0.6914608091208173,4.999999999999998,-1.9999999999999996,3.0,25.9
46003,Kritagya Singh,False,0.5349599936953596,batting allrounder,517.0,,128.60696517412936,12.0,8.881889763779528,18.855500780299813,10.499999999999996,-2.9999999999999996,32.0,25.17
46004,Mohamad Amaan,False,0.4547326955914002,finisher,33.0,,84.61538461538461,,,1.156700350991265,-15.499999999999993,,8.0,25.9
46005,Vishal Gaur,True,0.537014532432218,finishing allrounder,9.0,,56.25,13.0,9.428571428571429,1.8253340866461376,4.999999999999998,1.4999999999999993,10.0,25.9
46007,Sawan Singh,False,0.43443624934345826,top/middle,0.0,,0.0,0.0,10.5,0.0,,,1.0,25.9
46008,Satya Prakash,False,0.43072218550589797,finisher,24.0,,82.75862068965517,,,82.75862068965517,,,1.0,25.9
46009,Sudhanshu Sonkar,False,0.45647467978833994,finisher,21.0,,77.77777777777777,,,2.5004797782189523,4.999999999999998,,7.0,26.03
46011,Vikrant Chaudhary,False,0.4526971008892941,finishing allrounder,3.0,,33.333333333333336,9.0,10.170731707317072,33.333333333333336,,,6.0,25.9
46013,Aranav Devendra Baliyan,False,0.4539029241627493,finisher,76.0,,105.55555555555556,,,1.981277926789791,-10.499999999999998,,10.0,
46014,Kirtivardhan U Upadhyay,False,0.4173301872429381,finisher,1.0,,100.0,,,100.0,,,2.0,
46015,Kamil Khan,False,0.43648957386253945,finisher,65.0,,101.5625,,,101.5625,,,7.0,
46018,B Sachin,False,0.42432616722435645,top/middle,10.0,,50.0,,,50.0,,,2.0,
46019,Akshay Dubey,False,0.44813564836634134,top/middle,193.0,,88.12785388127854,,,88.12785388127854,0.9999999999999998,,29.0,20.12
46020,Priyanshu Pandey,False,0.465518781812744,top/middle,147.0,,92.45283018867924,,,7.43125422331326,26.999999999999993,,15.0,25.9
46021,Siddharth Chaudhary,False,0.4188582391371717,opener,1.0,,12.5,,,12.5,,,1.0,25.9
46023,Siddharth Mishra,False,0.4263307478831176,finisher,3.0,,75.0,,,75.0,,,1.0,25.9
46026,Shivam Bansal,False,0.5244567237969804,top/middle,453.0,,117.35751295336787,,,7.903282172953289,-258.9999999999999,,22.0,25.9
4604,Mitchell Swepson,False,0.4892608100043067,finishing allrounder,17.0,,106.25,4.0,8.173913043478262,2.27008210138892,-12.999999999999993,-3.999999999999999,4.0,32.15
46040,Aman Rajendra Singh Shekhawat,False,0.4153248286572223,finishing allrounder,1.0,,50.0,5.0,8.299065420560748,50.0,,,5.0,25.14
46050,Harshit Sethi,False,0.47579224216370264,top/middle,88.0,,95.65217391304348,1.0,15.0,16.293977493289994,23.999999999999996,,8.0,27.2
46051,Aman Verma,False,0.4111430556596038,finisher,2.0,,40.0,0.0,7.384615384615385,40.0,,,1.0,44.72
46052,Satyam Surendra Chauhan,False,0.4272601550119195,finishing allrounder,3.0,,50.0,3.0,4.2,50.0,,,1.0,
46053,Manu Kashyap,False,0.4259827998149188,finisher,5.0,,31.25,,,0.6838946277977705,-4.999999999999998,,3.0,25.9
46054,Saubhagya,False,0.4525057553338773,top/middle,10.0,,111.11111111111111,,,111.11111111111111,,,1.0,25.9
46055,Rahul Raj,False,0.4328566730136631,top/middle,0.0,,0.0,,,0.0,0.0,,3.0,33.42
46056,Kartik Yadav,False,0.46031356253087435,finishing allrounder,17.0,,58.62068965517241,22.0,6.201680672268908,58.62068965517241,8.999999999999996,4.999999999999999,23.0,19.04
46058,Sandeep Kumar Tomar,False,0.5427033860294119,top/middle,492.0,,123.0,0.0,8.516129032258064,4.486203929556418,-1.499999999999997,,25.0,27.26
46059,Aniket Seth,False,0.4137302981507455,finisher,0.0,,0.0,,,0.0,,,1.0,25.9
46060,Yash Garg,False,0.5518563764687321,finishing allrounder,200.0,,133.33333333333334,48.0,7.446575342465754,3.8064001335423456,10.999999999999998,-0.9999999999999998,36.0,25.07
46062,Divyansh Rajput,False,0.4553024796946021,finisher,194.0,,135.66433566433565,,,1.7499756519284726,74.99999999999999,,12.0,24.85
46063,Ansh Dwiwedi,False,0.44371332831620913,finishing allrounder,0.0,,0.0,1.0,7.866666666666666,0.0,,0.4999999999999999,2.0,25.84
46064,Puneet Chaudhary,False,0.44037542580105815,finisher,0.0,,0.0,1.0,9.857142857142858,0.0,,,1.0,25.9
46065,Ali Zafar,False,0.4495258985315003,finisher,51.0,,145.71428571428572,,,145.71428571428572,,,3.0,25.9
46066,Vipraj Nigam,True,0.6551677270161259,finishing allrounder,452.0,,145.33762057877814,56.0,7.710247349823321,1.7096863750293794,44.999999999999986,13.999999999999998,47.0,21.33
46069,Vikas Singh,False,0.4618934647497243,finishing allrounder,6.0,,100.0,0.0,10.390243902439025,100.0,,,2.0,26.12
4607,Abhishek Das,False,0.4164743409122317,opener,107.0,,108.08080808080808,,,108.08080808080808,-20.999999999999993,,8.0,35.23
46070,Mohammed Sharim,False,0.5242856760003008,finishing allrounder,172.0,,145.76271186440678,22.0,8.394495412844037,8.625682961143847,-11.000000000000002,-2.9999999999999987,26.0,23.04
46071,Shashank Awasthi,False,0.4622444939652411,finishing allrounder,18.0,,225.0,3.0,2.25,225.0,,,1.0,25.9
46072,Parv Singh,False,0.49813045471448164,finishing allrounder,84.0,,105.0,12.0,6.962457337883959,3.74168025128336,-8.5,1.9999999999999991,20.0,21.12
4608,Pankaj Shaw,False,0.46771198220154026,finisher,309.0,,149.2753623188406,6.0,8.360655737704919,18.78236300136964,4.999999999999998,5.999999999999999,19.0,27.79
46137,Kartik Sharma,True,0.42366137395969106,top/middle,144.0,,160.0,,,4.114433474325506,-63.999999999999986,,5.0,25.9
4614,Mohit Ahlawat,True,0.5735217587851253,top/middle,352.0,,147.89915966386553,0.0,24.0,5.2877326051211595,-10.500000000000005,,10.0,29.92
46148,Nikhil Pratap Rao,False,0.43332604189585644,opener,28.0,,96.55172413793103,,,96.55172413793103,,,1.0,25.9
46160,Abhigyan Kundu,False,0.40039284311554096,opener,93.0,,147.61904761904762,,,1.6174086789644238,,,3.0,25.9
4617,Rahul Dagar,False,0.39620060959544573,finisher,17.0,,121.42857142857143,0.0,15.428571428571429,121.42857142857143,,,4.0,32.4
4618,Chaitanya Bishnoi,False,0.48108581138106565,opener,118.0,,131.11111111111111,,,3.266057506384372,-83.99999999999997,,4.0,31.26
4624,Rishav Das,True,0.5772900394902847,top/middle,189.0,,107.38636363636364,,,2.599619767474864,69.99999999999997,,10.0,35.95
46279,Vasu Vats,False,0.4790464232405897,finishing allrounder,11.0,,61.111111111111114,25.0,8.436548223350254,11.083799835125022,3.499999999999999,6.499999999999999,19.0,25.9
46280,Vishal Chaudhary,False,0.5161783603253849,finishing allrounder,13.0,,130.0,31.0,6.544629349470499,1.722238939263241,-4.499999999999997,1.4999999999999993,32.0,29.49
46283,Satnam Singh,False,0.4308835275445482,finisher,3.0,,75.0,0.0,15.0,75.0,,,2.0,25.9
4632,Kukna Singh,False,0.39081242421602547,finishing allrounder,7.0,,58.333333333333336,4.0,7.714285714285714,58.333333333333336,,,4.0,28.95
4633,Tanveer Ul-Haq,False,0.4717098749547506,finishing allrounder,3.0,,60.0,1.0,7.130434782608695,1.3848367389056027,,-0.9999999999999998,3.0,33.98
4636,Bjorn Fortuin,False,0.5154815318274903,finishing allrounder,76.0,,110.14492753623189,13.0,8.185714285714285,1.3539530411346359,6.057142857142857,-1.0571428571428567,16.0,31.1
4639,Wellington Masakadza,False,0.38541938359453154,finishing allrounder,0.0,,0.0,0.0,6.571428571428571,0.0,,,2.0,32.15
4641,Lungi Ngidi,True,0.6453451074531096,finishing allrounder,34.0,,85.0,35.0,9.346733668341708,0.8776130755925446,1.4000000000000006,-1.5999999999999999,26.0,29.66
4650,Abu Jayed,False,0.46459865681620094,finishing allrounder,2.0,,100.0,10.0,8.350877192982455,100.0,,0.0,8.0,32.32
4651,Irfan Sukkur,False,0.4842789921050939,finisher,197.0,,100.0,,,6.826169440042437,0.0999999999999989,,21.0,32.51
46521,Mukul Negi,False,0.45517377744331633,finishing allrounder,0.0,,0.0,2.0,7.0,0.0,,,2.0,28.16
46527,Prashant Tomar,False,0.45454544409579556,finisher,11.0,,137.5,,,137.5,,,1.0,25.65
4653,Sunzamul Islam,False,0.48669264696775955,finishing allrounder,50.0,,98.03921568627452,8.0,7.729166666666667,5.002250898293062,45.999999999999986,1.1999999999999997,18.0,35.86
4655,Mehedi Maruf,False,0.4770522715902789,opener,80.0,,86.95652173913044,,,1.5110806104684267,,,6.0,37.65
4656,Shari fullah,False,0.43307963566321456,finishing allrounder,2.0,,66.66666666666667,3.0,9.666666666666666,66.66666666666667,0.0,0.9999999999999998,2.0,
4658,Nasum Ahmed,True,0.6461318942717275,finishing allrounder,160.0,,96.3855421686747,78.0,6.378787878787879,1.8328048682502949,13.700000000000001,1.2,75.0,30.98
4662,Cole McConchie,False,0.49787260276442324,finishing allrounder,60.0,,100.0,7.0,6.358974358974359,4.784061898515816,-6.0,-3.499999999999999,10.0,33.87
4663,Henry Nicholls,False,0.4645714483337078,finisher,81.0,,95.29411764705883,,,95.29411764705883,,,5.0,34.03
4665,Thomas Blundell,False,0.48858564516593084,top/middle,74.0,,98.66666666666667,,,1.9651169410420057,-3.333333333333333,,6.0,35.24
467,Ahmed Shehzad,False,0.49292933756667456,opener,196.0,,119.51219512195122,,,2.205484777720687,149.99999999999994,,11.0,34.01
4681,Al Amin,False,0.46649995288240925,top/middle,18.0,,81.81818181818181,0.0,16.0,0.6956294803228577,,,2.0,32.15
4685,Tom Bruce,False,0.4491674568455863,top/middle,278.0,,126.36363636363636,,,15.582266050864154,,,9.0,34.32
4686,Joshua Clarkson,False,0.4440607681514697,finisher,75.0,,104.16666666666667,1.0,8.0,2.804956684222176,,,8.0,28.85
4692,Lockie Ferguson,True,0.6716802470005441,finishing allrounder,54.0,,112.5,68.0,7.994694960212201,0.948354826847259,-6.199999999999998,-1.3,52.0,34.46
46982,Shahid Aziz,True,0.39403845365898454,finishing allrounder,16.0,,106.66666666666667,5.0,7.928571428571429,106.66666666666667,,,4.0,22.68
46988,Ashish Chouhan,False,0.44933225668551313,finishing allrounder,3.0,,25.0,26.0,7.757255936675461,0.6752740568684774,2.9999999999999996,-5.999999999999999,16.0,27.71
46991,Jivesh Butte,True,0.5570049505159993,finishing allrounder,28.0,,65.11627906976744,7.0,7.0285714285714285,1.3764376003468906,2.999999999999998,2.4999999999999996,13.0,27.83
46992,Shashank Tiwari,False,0.45236025390904916,finishing allrounder,74.0,,105.71428571428571,11.0,8.37037037037037,2.7041213611684336,31.999999999999993,2.9999999999999996,16.0,26.49
46996,Mohammad Faiq,True,0.3968749986481683,top/middle,42.0,,144.82758620689654,,,144.82758620689654,,,5.0,28.66
47,Virat Kohli,True,0.6607422107850529,opener,3297.0,,133.64410214835834,0.0,6.0,3.2291222611043713,44.80000000000001,,91.0,37.06
470,Mohammad Amir,False,0.4945309011283027,finishing allrounder,9.0,,69.23076923076923,19.0,6.365079365079365,1.4778325123152711,2.9999999999999996,-8.999999999999996,17.0,33.62
4701,Vikash Singh,True,0.5292490621191265,finishing allrounder,7.0,,87.5,9.0,6.786885245901639,50.0,,-0.2499999999999999,6.0,31.41
47017,Mohammad Jnr,True,0.47888201171726,finishing allrounder,14.0,,93.33333333333333,13.0,7.769230769230769,15.93659772276935,,-12.999999999999993,10.0,24.85
4703,Rishabh Pant,True,0.6551016233811499,top/middle,1948.0,,133.15105946684895,0.0,6.0,2.8715736842924375,-52.89999999999999,,86.0,28.15
4704,Suboth Bhati,False,0.5417781587962842,finishing allrounder,117.0,,137.64705882352942,28.0,7.203125,4.117899250039258,-58.999999999999986,-11.999999999999998,19.0,35.16
47050,Shamar Joseph,False,0.46659577467239755,finishing allrounder,28.0,,147.3684210526316,15.0,8.213793103448277,6.61605436307967,17.999999999999993,-4.999999999999998,10.0,26.24
4707,Shubham Chaubey,False,0.48552708120128285,finisher,167.0,,113.60544217687075,,,2.346494098156572,64.49999999999997,,15.0,30.12
4708,Rinku Singh,True,0.6506408219740627,finisher,2638.0,,152.13379469434832,11.0,7.610738255033557,2.0167518249183116,53.99999999999998,-6.999999999999998,116.0,28.12
4709,Saurabh Kumar,False,0.5332206124557461,finishing allrounder,89.0,,130.88235294117646,19.0,6.301255230125523,3.6666673689296116,-8.499999999999995,1.9999999999999996,22.0,32.57
4710,Mohammad Javed,False,0.4435601320213607,finishing allrounder,1.0,,50.0,0.0,6.620689655172414,50.0,,,1.0,31.96
4711,Dhruv Shorey,False,0.5057205759101684,opener,242.0,,130.10752688172042,,,5.360862154742349,-32.99999999999999,,12.0,33.48
4712,Sumeet Verma,False,0.5192561603375738,top/middle,221.0,,179.6747967479675,0.0,7.333333333333333,5.578681770095875,-102.99999999999997,,9.0,35.02
4714,Raghav Dhawan,False,0.46626671541376064,top/middle,23.0,,127.77777777777777,,,127.77777777777777,,,1.0,38.89
4715,Abhimanyu Rana,False,0.46807550015969285,opener,30.0,,90.9090909090909,,,1.1964102695065302,-25.999999999999986,,2.0,34.18
4716,Mayank Dagar,True,0.615448150593498,finishing allrounder,22.0,,122.22222222222223,20.0,6.684782608695652,0.6728392574117393,-2.4,-0.7999999999999998,18.0,29.04
4722,Rashid Khan,True,0.6880812962478388,finishing allrounder,577.0,,144.25,108.0,7.22268326417704,1.9273356905173593,0.8000000000000024,-2.0999999999999996,92.0,27.18
47259,Usmani Adeeb,False,0.3989806732985285,top/middle,47.0,,97.91666666666667,,,14.932384112672013,,,4.0,28.22
47314,Wafiullah Tarakhil,False,0.40916931812252705,top/middle,12.0,,63.1578947368421,,,0.6932183646690327,11.999999999999998,,3.0,18.66
47335,Amitesh Pandey,False,0.3969736135193643,finishing allrounder,9.0,,90.0,7.0,5.917808219178082,1.394492460865268,,,7.0,26.03
47336,Anuj Tiwari,False,0.4653109970414803,top/middle,443.0,,134.65045592705167,,,134.65045592705167,4.999999999999998,,13.0,28.99
47337,Dev Singh,False,0.40999767295721634,finishing allrounder,15.0,,78.94736842105263,21.0,8.079681274900398,0.8961773889391474,,,11.0,22.06
47339,Utkarsh Tiwari,False,0.42698363873747885,finishing allrounder,8.0,,57.142857142857146,12.0,8.115942028985508,1.0301932664458984,,11.999999999999998,12.0,25.9
47340,Karan Patel,False,0.45750614686878494,finishing allrounder,2.0,,66.66666666666667,3.0,7.849624060150376,66.66666666666667,0.0,0.9999999999999998,7.0,27.73
4736,Josh Inglis,True,0.6580275068307644,top/middle,1059.0,,149.57627118644066,,,1.9551286762445157,81.1,,49.0,30.73
47364,Pawandeep Singh,False,0.4443347077732834,finishing allrounder,53.0,,91.37931034482759,7.0,6.84,1.117634096973556,46.999999999999986,0.9999999999999998,11.0,33.4
47368,Sagar Solanki,False,0.5065085873325414,batting allrounder,261.0,,160.12269938650306,6.0,9.238095238095237,1.9962928139680303,63.999999999999986,2.499999999999999,16.0,25.23
47369,Arpit Khare,False,0.3823738567483928,top/middle,8.0,,57.142857142857146,,,,,,3.0,23.09
47370,Aniket Verma,True,0.5395483287207534,top/middle,706.0,,173.46437346437347,,,1.6787097942680411,150.99999999999997,,28.0,23.81
47380,Parivesh Pallav Dhar,False,0.42273772645087293,finishing allrounder,16.0,,64.0,5.0,10.584905660377359,0.6948239136595661,,4.999999999999998,6.0,25.7
47430,Satya Vikas Sharama,False,0.4252799250328959,top/middle,66.0,,117.85714285714286,,,2.834517857828988,61.99999999999997,,6.0,26.01
4744,Rohit Sharma P,False,0.5005745330115939,finisher,103.0,,183.92857142857142,,,3.118427790978972,-1.4999999999999998,,4.0,32.41
4745,Shamsher Yadav,True,0.38608899489809445,finisher,6.0,,75.0,,,75.0,,,2.0,30.96
4746,Fabid Ahmed,False,0.5480216911902706,batting allrounder,382.0,,116.10942249240122,23.0,5.970149253731344,2.0989247397373445,26.214285714285708,2.285714285714285,21.0,30.34
4747,Mohammed Azharuddeen,False,0.5745276689305733,top/middle,1214.0,,154.8469387755102,,,1.4846353243550432,57.8,,36.0,31.68
47479,Ravneet Tanwar,False,0.3960313023565665,finisher,44.0,,258.8235294117647,,,258.8235294117647,,,5.0,22.34
47483,Shaurya Pratap,False,0.3822849692580405,finisher,15.0,,88.23529411764706,,,88.23529411764706,,,1.0,25.9
4751,Rajneesh Gurbani,False,0.39345068212866674,finishing allrounder,3.0,,60.0,8.0,6.85207100591716,60.0,,,8.0,32.83
47511,Ajit Yadav,False,0.44583930696435303,batting allrounder,314.0,,108.27586206896552,4.0,7.232432432432432,2.3046437192175016,,,17.0,23.66
47514,Kashyap Bakhale,False,0.4409520714231121,top/middle,42.0,,105.0,,,105.0,,,5.0,30.31
47521,Viki Saha,False,0.45157692745556716,finishing allrounder,0.0,,0.0,0.0,9.0,0.0,,,2.0,27.91
47526,Sanvert Kurkalang,False,0.4441025537655909,finisher,0.0,,0.0,0.0,10.285714285714286,0.0,,,2.0,33.27
47527,Arien Sangma,False,0.4461719626166519,opener,57.0,,67.05882352941177,,,1.204777476889466,34.999999999999986,,5.0,26.82
47528,Mewada Shylla,False,0.42134561779947366,top/middle,0.0,,0.0,,,0.0,,,1.0,25.45
4753,JG Bista,True,0.5888121427574073,opener,482.0,,135.3932584269663,6.0,8.842105263157896,2.101766083358484,204.99999999999994,,14.0,29.93
47531,Robert Sangma,False,0.3844609126802675,top/middle,12.0,,92.3076923076923,,,92.3076923076923,,,2.0,25.9
4755,Shivam Dube,True,0.692080932759537,finishing allrounder,2624.0,,138.5427666314678,29.0,8.200308166409862,3.2323643394412938,60.800000000000004,2.1000000000000005,108.0,32.42
4757,Rahul Hazarika,True,0.5475184776619115,opener,177.0,,122.91666666666667,,,19.013734407640605,23.499999999999993,,8.0,32.49
4758,Amit Sinha,False,0.5403855314704882,finishing allrounder,507.0,,122.16867469879519,15.0,5.444839857651245,24.16286029382949,118.99999999999994,10.999999999999998,23.0,37.0
4759,Saurabh Dubey,False,0.5008481939271842,finishing allrounder,97.0,,161.66666666666666,7.0,8.242990654205608,161.66666666666666,,3.499999999999999,14.0,36.99
4760,Samarth Singh,False,0.5441766122332916,opener,796.0,,129.01134521880064,,,56.59774015440291,-77.99999999999999,,32.0,34.21
4767,Raxlee Taylor,False,0.3812689301717252,finisher,1.0,,25.0,,,25.0,,,1.0,30.69
47694,Omid Rahman,True,0.453707570126769,finishing allrounder,0.0,,0.0,3.0,10.6,0.0,,,3.0,25.9
47703,Bishal Roy,False,0.5228102165173767,batting allrounder,311.0,,150.97087378640776,16.0,5.925925925925926,1.5918997997954059,26.49999999999999,1.9999999999999996,16.0,23.27
47704,Gaurav Joshi,False,0.44415897311055114,finisher,37.0,,115.625,,,115.625,,,2.0,26.63
47705,Krishna Yadav,False,0.45129164540640526,top/middle,23.0,,79.3103448275862,,,79.3103448275862,,,1.0,33.16
47710,Jeetendra Sharma,False,0.4725904489462945,finishing allrounder,6.0,,42.857142857142854,2.0,8.85,2.3502337666215403,,,5.0,28.96
47711,Kishan Karki,False,0.46412899816149106,finishing allrounder,37.0,,127.58620689655173,5.0,7.015384615384615,127.58620689655173,,2.499999999999999,8.0,33.78
47721,Agni Dev Chopra,True,0.5740691326709316,top/middle,309.0,,140.45454545454547,,,5.1532319941401825,-24.499999999999996,,9.0,37.06
47724,Jahandad Khan,False,0.4394130661010248,finishing allrounder,51.0,,121.42857142857143,14.0,8.926829268292684,1.0651614517474337,40.999999999999986,7.999999999999998,12.0,22.46
4773,Jaker Ali Anik,True,0.6163882032610154,finisher,1015.0,,123.17961165048544,,,3.698713196162258,161.10000000000002,,68.0,27.76
47730,Aryan Sahani,False,0.43224067120297704,top/middle,31.0,,88.57142857142857,,,88.57142857142857,,,3.0,18.43
47731,Ayush Awasthi,False,0.47362194056275164,batting allrounder,101.0,,146.3768115942029,0.0,2.5714285714285716,2.8957424247434247,-32.499999999999986,,6.0,19.02
47732,Sitesh Kumar Das,False,0.4673920112874741,finisher,20.0,,74.07407407407408,0.0,15.0,74.07407407407408,,,1.0,29.02
47733,Aprameya Vinaykumar Jaiswal,False,0.44767502167753165,top/middle,4.0,,50.0,,,50.0,,,2.0,29.97
47734,Licha John,False,0.48152349751976764,top/middle,234.0,,113.59223300970874,,,2.216474356475759,94.99999999999997,,8.0,27.96
47735,Nabam Joshi,False,0.4725110227013025,finishing allrounder,101.0,,85.59322033898304,11.0,7.764705882352941,0.6959969914973307,50.49999999999999,,8.0,27.86
47736,Yorjum Sera,False,0.4313774864196685,finishing allrounder,1.0,,25.0,9.0,5.403141361256544,25.0,,4.499999999999998,10.0,23.68
47738,Avinash Thapa,False,0.4532271851413897,finisher,0.0,,0.0,1.0,11.538461538461538,0.0,,,2.0,28.91
47739,Divyanshu Yadav,False,0.48882348863869424,finishing allrounder,147.0,,87.5,2.0,9.96694214876033,11.873413025830736,17.999999999999993,0.9999999999999998,19.0,23.32
4774,Mehedi Hasan Rana,False,0.520415812973581,finishing allrounder,38.0,,97.43589743589743,19.0,8.52367688022284,3.791243126695445,3.285714285714286,-3.285714285714287,21.0,28.9
47760,Saksham Chaudhary,False,0.49839868554075073,finishing allrounder,191.0,,115.06024096385542,30.0,8.31864406779661,1.4736071723913717,48.499999999999986,2.9999999999999987,19.0,26.2
47763,Pradyun Kumar Saikia,False,0.4636639051983501,opener,83.0,,102.46913580246914,,,2.443898581804392,-12.499999999999996,,3.0,22.86
47768,Nawaz Aftab Khan,False,0.4708690025334467,finishing allrounder,2.0,,15.384615384615385,4.0,9.346153846153847,0.9734298414555057,0.0,1.9999999999999996,5.0,30.64
47770,Sharman Nigrodh,False,0.4316386403466541,finisher,30.0,,85.71428571428571,,,25.813297354579433,1.9999999999999996,,2.0,20.67
47771,Vikash Singh,False,0.44887938936610594,finishing allrounder,69.0,,132.69230769230768,2.0,7.108695652173913,132.6086956521739,,-1.9999999999999996,7.0,26.11
47773,Vineet Dhankhar,False,0.4868448338967955,top/middle,174.0,,121.67832167832168,2.0,8.181818181818182,4.557795334292077,21.999999999999996,1.9999999999999996,7.0,21.57
47774,Dipesh Parwani,False,0.46179232979104684,finishing allrounder,1.0,,25.0,12.0,7.59375,0.56752052534723,-0.4999999999999999,3.999999999999999,10.0,25.87
47775,Soubhagya Sachikanta Rout,False,0.42218790284579477,finishing allrounder,13.0,,162.5,5.0,5.766233766233766,162.5,,,3.0,26.56
47777,Jyoti Bind,False,0.44331557510634234,opener,15.0,,83.33333333333333,,,1.4584060228880196,,,3.0,37.25
47778,Pranesh Chettri,False,0.46818609801728067,top/middle,235.0,,94.75806451612904,,,2.4264994338874195,72.49999999999997,,14.0,25.75
47779,Sankar Praad,False,0.45566557761143245,finisher,18.0,,69.23076923076923,,,2.280089305595115,,,3.0,26.4
47780,Saurav Prasad,False,0.4104571133043588,finishing allrounder,62.0,,76.54320987654322,5.0,5.478260869565218,0.6949017901727044,61.99999999999997,4.999999999999998,10.0,25.52
47783,Prashant Sai Painkra,True,0.5254319801453065,finishing allrounder,1.0,,50.0,11.0,8.459016393442623,50.0,,-3.14018491736755e-16,10.0,23.22
47787,Prateek Pandey,False,0.43578627642094553,finisher,9.0,,100.0,,,100.0,,,1.0,23.83
4779,Pieter Willem Mulder,False,0.5115641730050509,finishing allrounder,70.0,,95.89041095890411,3.0,8.547945205479452,4.782295654608905,1.2307692307692308,-0.8076923076923079,8.0,27.77
47793,Milind Mondal,False,0.4046482153410665,opener,273.0,,114.22594142259415,9.0,4.404255319148936,114.22594142259415,,,8.0,
47795,Chandrahas Dash,False,0.41555898771257493,top/middle,220.0,,110.55276381909547,,,110.55276381909547,71.99999999999997,,11.0,19.21
47796,Rahul Prasad,False,0.42115438260298627,batting allrounder,59.0,,113.46153846153847,2.0,8.181818181818182,113.46153846153847,48.99999999999999,1.9999999999999996,6.0,21.12
478,Eoin Morgan,True,0.5930698426073604,finisher,212.0,,93.3920704845815,,,2.6017480325028504,-151.99999999999991,,24.0,39.21
4780,Mohammad Saif Hassan,True,0.6238685553187833,top/middle,863.0,,116.15074024226111,1.0,8.869565217391305,5.5948351190556425,245.99999999999991,-0.9999999999999998,38.0,27.07
47801,Ankush Sur,False,0.38591460197405936,finisher,8.0,,40.0,,,40.0,,,6.0,19.85
47804,Jeet Thakur,False,0.4301232706694751,finishing allrounder,15.0,,166.66666666666666,4.0,6.142857142857143,166.66666666666666,,,8.0,19.24
47805,Ayush Sahai,False,0.4027919769931142,finisher,3.0,,42.857142857142854,1.0,7.0,42.857142857142854,,,3.0,19.23
47815,Rohit Pradhan,False,0.39693801746214424,finisher,3.0,,100.0,,,100.0,,,1.0,19.23
47818,Bhoirob De Sarkar,False,0.4175619347172057,finishing allrounder,25.0,,75.75757575757575,2.0,5.389830508474576,75.75757575757575,-10.999999999999998,1.9999999999999996,13.0,19.23
47820,Mayank Jha,False,0.39958401243143477,finisher,3.0,,42.857142857142854,0.0,7.384615384615385,42.857142857142854,,,4.0,19.23
4783,Zakir Hasan,False,0.565417203310593,top/middle,902.0,,126.68539325842697,,,10.978065975308223,98.99999999999997,,43.0,27.82
4784,Tony de Zorzi,False,0.390007184213449,top/middle,40.0,,142.85714285714286,,,142.85714285714286,,,2.0,28.25
47848,Jashan Beniwal,False,0.3937779028812614,top/middle,80.0,,114.28571428571429,,,114.28571428571429,,,4.0,20.16
47860,Nishunk Birla,False,0.41643647428944414,finishing allrounder,24.0,,126.3157894736842,10.0,6.894409937888199,1.2449406484284251,15.999999999999996,9.999999999999996,10.0,25.9
47863,Devang Kaushik,False,0.4060431960996796,opener,328.0,,135.53719008264463,1.0,5.0,135.53719008264463,,,8.0,25.9
47864,Aaryan Verma,False,0.3869960693295089,top/middle,10.0,,125.0,,,125.0,,,1.0,25.9
47872,Anmol Sharma,False,0.46665579805481244,top/middle,424.0,,141.80602006688963,2.0,5.769230769230769,0.7002170254757096,277.9999999999999,,20.0,25.9
47873,Rahul Gupta,False,0.44971478422628686,batting allrounder,190.0,,130.13698630136986,5.0,6.72,3.4483667219579712,137.99999999999997,,8.0,28.92
47886,Mindu Tsering,False,0.3833758407001303,finishing allrounder,0.0,,0.0,1.0,9.636363636363637,0.0,,,3.0,20.24
47890,Nabam Tajik,False,0.37852644861859214,finisher,7.0,,31.818181818181817,,,31.818181818181817,,,4.0,25.9
479,Adil Rashid,True,0.6754069511719599,finishing allrounder,117.0,,93.6,67.0,7.607321131447588,2.6901834722567792,6.100000000000002,0.20000000000000032,58.0,37.77
4790,Lutho Sipamla,True,0.4564413495227648,finishing allrounder,3.0,,75.0,1.0,11.764705882352942,75.0,,,2.0,27.54
47909,Joram Motu,False,0.37828232020399893,finisher,0.0,,0.0,,,0.0,,,1.0,25.9
47918,Neelam Togum,False,0.37452049063515636,opener,3.0,,37.5,,,37.5,,,1.0,25.9
47919,Sosar Kakum,False,0.3858030153397911,finisher,9.0,,112.5,0.0,4.7368421052631575,112.5,,,4.0,18.32
47922,Abhishek Swaminathan,False,0.3814535991898181,finishing allrounder,9.0,,90.0,8.0,10.272727272727273,,,,6.0,20.2
47923,Pavan Patel,False,0.38987985871959974,finisher,35.0,,116.66666666666667,0.0,15.428571428571429,,,,9.0,19.88
47924,Nitya Pandya,False,0.393059481266984,opener,136.0,,130.76923076923077,,,,,,8.0,19.64
47929,Aayush Rajgor,False,0.39727694206178304,finisher,95.0,,150.79365079365078,,,,,,12.0,25.9
4793,Dean Foxcroft,False,0.4402153186687833,top/middle,78.0,,109.85915492957747,,,4.697108231013707,,,4.0,27.6
47933,Henil Patel,False,0.39314345592367067,top/middle,59.0,,137.2093023255814,1.0,4.666666666666667,,,,3.0,18.74
47947,Narayan Kartikey,False,0.38938427412005183,top/middle,31.0,,147.61904761904762,,,,,,7.0,21.07
47961,Aditya Chowdhury,False,0.38211449012124427,top/middle,25.0,,83.33333333333333,,,83.33333333333333,,,2.0,19.77
47974,Amit Kandaiburu,False,0.409624898417266,finishing allrounder,11.0,,57.89473684210526,1.0,7.384615384615385,57.89473684210526,,,2.0,19.0
47977,Sachin Hajari,False,0.41409640947379805,top/middle,100.0,,75.75757575757575,,,78.94736842105263,-69.99999999999997,,13.0,20.03
47980,Uttam Shah,True,0.449941807548864,top/middle,59.0,,85.5072463768116,,,85.5072463768116,,,5.0,25.9
47983,Dipankar Paul,False,0.4025574245039381,finisher,11.0,,68.75,,,68.75,,,2.0,19.05
47986,Ronit Akhter,False,0.3933310944051786,batting allrounder,43.0,,74.13793103448276,6.0,7.045454545454546,74.13793103448276,,,8.0,20.79
47988,Abhishek Gupta,False,0.3862900904896418,finisher,25.0,,100.0,,,100.0,,,2.0,20.57
47990,Shreeraj Goenka,False,0.4062305314446339,top/middle,25.0,,86.20689655172414,,,,,,2.0,19.56
47991,Barunjyoti Malakar,False,0.3767879996698916,top/middle,5.0,,71.42857142857143,,,71.42857142857143,,,1.0,18.93
47992,Bishnu Das,False,0.39512499240178434,finisher,0.0,,0.0,0.0,16.0,0.0,,,1.0,19.96
48019,Anv Lohith,False,0.378393657135705,finisher,3.0,,50.0,,,50.0,,,1.0,25.9
4805,Anand Singh,False,0.47825257930934273,batting allrounder,42.0,,123.52941176470588,0.0,6.909090909090909,123.52941176470588,,,2.0,39.03
4806,Sumit Kumar,False,0.5261616360876363,finisher,262.0,,121.29629629629629,,,1.774362630896628,-1.500000000000002,,23.0,29.91
4809,Snehal Kauthankar,True,0.5352151538724589,top/middle,85.0,,89.47368421052632,,,3.9086708854362278,-18.99999999999999,,6.0,30.11
4812,Harry Tector,False,0.4527671689196314,opener,146.0,,107.3529411764706,4.0,6.141176470588236,1.1365983117788487,,,6.0,25.97
48142,Shykat Ali,False,0.5246536629462031,top/middle,311.0,,121.01167315175097,3.0,8.415584415584416,1.0818039847606946,18.0,0.9999999999999998,16.0,31.94
4816,Khaleel Ahmed,True,0.6428186482749233,finishing allrounder,6.0,,28.571428571428573,73.0,8.160493827160494,0.7637728690098307,-0.6923076923076925,1.5000000000000007,63.0,27.98
4817,Anmolpreet Singh,True,0.6720561653915567,top/middle,1756.0,,142.30145867098867,14.0,8.076923076923077,2.3406499646560475,220.39999999999995,3.999999999999999,51.0,27.67
4818,Armaan Jaffer,True,0.5561614132308189,opener,138.0,,135.2941176470588,,,4.2861019756142404,-0.9999999999999998,,5.0,27.09
4819,Rahul Batham,True,0.6079051257631964,finishing allrounder,232.0,,138.92215568862275,14.0,8.489913544668587,3.051525615831413,39.999999999999986,2.9999999999999996,20.0,27.27
4820,Amandeep Khare,True,0.6095230277959262,opener,679.0,,136.61971830985917,,,3.614828613565052,108.29999999999998,,17.0,28.31
4821,Mahipal Lomror,True,0.6441758787575048,finisher,807.0,,137.94871794871796,3.0,7.705882352941177,2.145042276300705,-38.1,-0.10000000000000002,48.0,26.03
4823,Washington Sundar,True,0.6863573654301547,finishing allrounder,687.0,,125.82417582417582,36.0,7.814117647058824,2.367682203688976,31.20000000000001,0.8000000000000002,57.0,26.15
4824,Zeeshan Ansari,True,0.6234492829575983,finishing allrounder,49.0,,89.0909090909091,54.0,7.978494623655914,2.3070369189394557,14.499999999999998,9.999999999999996,39.0,25.95
4826,George Garton,False,0.49022703158933306,finishing allrounder,4.0,,50.0,4.0,9.049180327868852,1.0894945028379677,0.0,-1.9999999999999996,6.0,28.7
48278,Ubaid Shah,True,0.38301865449253014,finishing allrounder,0.0,,0.0,5.0,6.814814814814815,0.0,,,4.0,19.81
48281,Anant Bharwad,False,0.4464302854950651,opener,208.0,,136.8421052631579,,,72.0,85.99999999999996,,13.0,30.58
4830,Keacy Carty,False,0.39388703018581966,top/middle,4.0,,30.76923076923077,,,1.0480643130580782,,,1.0,28.69
48306,Sagar Rana,False,0.43343587175705656,finisher,2.0,,50.0,0.0,10.0,50.0,,,1.0,25.01
48307,Siddharth Balodi,False,0.4417023770957718,finisher,2.0,,100.0,0.0,3.4285714285714284,100.0,,,1.0,27.42
4837,Obed McCoy,True,0.6620556406800692,finishing allrounder,52.0,,85.24590163934427,69.0,7.807580174927113,1.364597893983037,3.1428571428571446,-0.09999999999999988,46.0,28.89
4838,Keemo Paul,True,0.5473505530436845,finishing allrounder,19.0,,76.0,1.0,8.5,0.6952052651673084,,,3.0,27.76
4840,Odean Smith,True,0.6584540068777462,finishing allrounder,177.0,,121.23287671232876,28.0,9.304347826086957,1.4601751746399334,-114.99999999999996,-19.999999999999993,25.0,29.07
4842,Shamar Springer,False,0.4592326757289989,finishing allrounder,55.0,,148.64864864864865,6.0,7.875,2.5953076361279654,40.999999999999986,1.9999999999999996,5.0,28.0
4847,Finn Allen,True,0.64127739720877,opener,889.0,,157.6241134751773,,,2.6329016102311473,33.99999999999999,,33.0,26.6
48498,Akash Pawar,False,0.4075824328103996,finishing allrounder,77.0,,175.0,19.0,7.536231884057971,175.0,,,9.0,25.9
48499,Kush Kariya,False,0.38193200709906827,finisher,17.0,,106.25,,,106.25,,,4.0,25.9
48504,Ayush Mhatre,True,0.4530829727833886,opener,430.0,,176.2295081967213,3.0,10.036363636363637,2.427448388740427,,,14.0,18.37
48505,Aaryaraj Nikam,False,0.3918508043949863,top/middle,21.0,,75.0,,,3.16714007739912,,,4.0,25.9
48510,Dharsh Murkute,False,0.3859439618479212,finisher,7.0,,233.33333333333334,1.0,5.142857142857143,233.33333333333334,,,3.0,25.9
48520,Aditya Rawat,False,0.38878670846693614,opener,56.0,,107.6923076923077,,,107.6923076923077,,,4.0,25.9
48522,Khan Naushad,False,0.41749622886165705,top/middle,88.0,,131.34328358208955,,,3.950891633860488,,,7.0,34.78
4853,Glenn Phillips,True,0.6707272912855882,top/middle,939.0,,136.8804664723032,8.0,6.87378640776699,1.8967483574798023,-14.19999999999999,0.20000000000000004,44.0,28.97
4854,Rachin Ravindra,True,0.6521786233027423,batting allrounder,779.0,,133.3904109589041,12.0,6.514285714285714,2.144422837753244,81.28571428571426,-1.714285714285714,46.0,26.02
48545,Ronit Patel,False,0.411129522149565,top/middle,127.0,,162.82051282051282,,,162.82051282051282,,,5.0,25.9
48546,Saumy Pandey,False,0.3883569004917618,finishing allrounder,5.0,,55.55555555555556,11.0,8.359832635983263,0.0,,,12.0,21.06
48548,Nischith Pai,False,0.4136983699327249,finishing allrounder,1.0,,25.0,7.0,8.661971830985916,25.0,,-2.9999999999999996,7.0,25.9
48552,Varun Singh Bhuie,False,0.46157598852670323,finishing allrounder,78.0,,120.0,20.0,6.985590778097983,2.9193941113760533,1.9999999999999996,13.999999999999996,17.0,20.65
48554,Govind Pai,False,0.4169993355167518,finisher,34.0,,106.25,,,106.25,,,5.0,25.9
48555,Andre Siddharth,False,0.4365352385219496,top/middle,193.0,,101.04712041884817,,,10.732619813935585,68.99999999999999,,14.0,19.25
48556,Vikas Sharma,False,0.3957881651693043,top/middle,142.0,,149.47368421052633,,,,,,6.0,24.57
4856,Benjamin Sears,False,0.5048352588117136,finishing allrounder,21.0,,72.41379310344827,18.0,8.628571428571428,1.7972989816132305,2.9999999999999987,1.3142857142857143,18.0,27.79
48563,Yashu Pradhan,False,0.4075414485728202,opener,98.0,,85.96491228070175,,,85.96491228070175,-33.99999999999999,,6.0,25.9
48564,Pratham Jachak,False,0.4291637882693983,finisher,98.0,,108.88888888888889,,,2.8036730123294857,77.99999999999999,,13.0,25.9
48566,Saranu Nishanth,True,0.4423664031845216,finishing allrounder,1.0,,50.0,1.0,7.894736842105263,,,,2.0,20.73
48569,Rudra Mayur Patel,False,0.3909844596324649,opener,119.0,,115.53398058252426,0.0,7.75,115.53398058252426,,,6.0,19.92
48572,Sreeraj Pattanaik,False,0.38404537564823454,finisher,4.0,,133.33333333333334,0.0,15.0,133.33333333333334,,,1.0,25.9
48575,Sahil Parakh,False,0.4628954918967066,top/middle,383.0,,155.06072874493927,,,8.71957287509898,20.999999999999993,,18.0,18.47
48616,Abdul Gaffar Saqlain,True,0.40121795350988065,finishing allrounder,16.0,,106.66666666666667,6.0,6.578947368421052,106.66666666666667,,,5.0,27.78
487,Isuru Udana,True,0.5921856782820238,finishing allrounder,50.0,,111.11111111111111,6.0,7.92,1.1968869178631165,-12.999999999999996,-1.4999999999999998,10.0,37.77
4874,Richard Ngarava,False,0.4445933113039783,finishing allrounder,8.0,,61.53846153846154,14.0,7.380753138075314,1.5363483463153336,3.999999999999999,-5.999999999999999,10.0,27.91
48741,Rakesh Prasad,True,0.45589490992359344,top/middle,47.0,,127.02702702702703,,,127.02702702702703,,,5.0,26.02
48766,Pankaj Rai,True,0.46884518810943127,finishing allrounder,48.0,,75.0,16.0,5.403973509933775,47.36842105263158,-39.999999999999986,-13.999999999999996,19.0,19.63
48767,Pankaj Khadal,False,0.41977384717671684,finishing allrounder,2.0,,100.0,13.0,4.89908256880734,100.0,,-10.999999999999998,11.0,19.97
48768,Himangshu Ramciary,False,0.4056419748639316,finisher,25.0,,80.64516129032258,,,,,,5.0,24.57
48769,Atul Singh,False,0.4071709614093515,finisher,8.0,,42.10526315789474,1.0,7.0,,,,5.0,24.74
48771,Vedant Pandey,True,0.4942504793484708,finishing allrounder,83.0,,90.21739130434783,20.0,6.36734693877551,101.92307692307692,-10.999999999999998,-13.999999999999996,19.0,25.92
48780,Aman Singh,False,0.407758237796309,opener,68.0,,74.72527472527473,,,,,,5.0,19.97
48783,Mudit Bajaj,False,0.39074509041168226,finisher,5.0,,26.31578947368421,,,,,,2.0,18.06
48794,Yuvraj Tewari,False,0.42987999132722066,batting allrounder,161.0,,84.73684210526316,8.0,4.930693069306931,,,,8.0,21.4
48795,Kangkan Talukdar,False,0.41664895343356745,finishing allrounder,16.0,,45.714285714285715,13.0,5.48,,,,7.0,22.92
48796,Nishchay Sharma,False,0.4196216210123697,finishing allrounder,2.0,,12.5,19.0,5.36518771331058,0.0,-1.9999999999999996,-0.9999999999999998,13.0,21.35
48797,Piyush Kamati,False,0.4086463765759694,finishing allrounder,35.0,,68.62745098039215,3.0,4.935483870967742,50.0,-32.99999999999999,,9.0,19.17
48799,Victor Kashyap,False,0.4165324459696143,top/middle,170.0,,82.52427184466019,0.0,16.0,,,,10.0,18.78
48801,Rangajyoti Khargoria,False,0.3855250205373195,finishing allrounder,8.0,,88.88888888888889,5.0,4.363636363636363,88.88888888888889,,,4.0,23.57
48803,Avijit Roy,False,0.39785718969831213,finishing allrounder,36.0,,70.58823529411765,1.0,9.142857142857142,70.58823529411765,,,4.0,38.77
48804,Arpit Bhatewara,False,0.38288700316775703,opener,30.0,,69.76744186046511,,,69.76744186046511,,,3.0,31.9
48805,Rajmoon Sarmah,False,0.423954225544701,finishing allrounder,4.0,,23.529411764705884,6.0,5.25,23.529411764705884,,-1.9999999999999996,15.0,27.48
48810,Akash Basfor,False,0.41540987728106926,opener,56.0,,78.87323943661971,3.0,6.19672131147541,,,,3.0,20.91
48811,Debanuj Goswami,False,0.3996715699713058,top/middle,13.0,,30.952380952380953,,,42.857142857142854,-6.999999999999998,,5.0,22.1
48813,Varun Jajodia,False,0.39886435690178873,finisher,10.0,,40.0,,,,,,1.0,19.37
48815,Prince Thakur,False,0.4202869505913561,finishing allrounder,14.0,,73.6842105263158,6.0,6.3076923076923075,,,,10.0,21.15
48816,Rajib Das,True,0.4630746214780469,finishing allrounder,27.0,,90.0,5.0,6.34375,90.0,,,13.0,18.92
48819,Wasim Sahil Saikia,False,0.41680518498823976,finisher,87.0,,82.85714285714286,4.0,13.0,68.18181818181819,-58.999999999999986,,10.0,21.27
48820,Sameer Dewra,False,0.415203416773417,finishing allrounder,13.0,,44.827586206896555,9.0,5.2105263157894735,,,,8.0,20.02
48823,Himanshu Saraswati,False,0.40102753436432736,finishing allrounder,122.0,,119.6078431372549,8.0,5.639097744360902,119.6078431372549,,,6.0,20.14
48827,Devraj Sharma,False,0.39819678318754337,top/middle,0.0,,0.0,,,,,,2.0,18.84
48828,Mahadananda Borah,False,0.39996163035730636,finisher,18.0,,36.734693877551024,,,70.0,-3.999999999999999,,5.0,18.83
48829,Prakhar Mundra,False,0.3938911816963169,finisher,45.0,,52.325581395348834,,,,,,8.0,18.36
48830,Prithwirup Choudhury,False,0.40356995231167886,opener,45.0,,56.25,,,,,,7.0,25.9
48856,Rakesh Das,False,0.40983134338841654,finisher,9.0,,60.0,1.0,7.0,,,,7.0,22.92
48892,Arpit Rana,False,0.48554273023820654,opener,757.0,,137.13768115942028,1.0,9.758241758241759,137.13768115942028,232.99999999999994,0.9999999999999998,21.0,22.03
48936,Sanjib Dutta,False,0.451578849370678,finishing allrounder,163.0,,99.39024390243902,26.0,7.27710843373494,106.20689655172414,,,13.0,36.77
48941,Krishna Karmakar,False,0.39185372731589146,finisher,2.0,,40.0,,,,,,2.0,20.83
48944,Priyangshu Singh,False,0.41420759643008515,top/middle,132.0,,96.35036496350365,,,93.22033898305085,-21.999999999999996,,9.0,23.88
48946,,False,0.37755621452209176,bowler,25.0,,62.5,3.0,5.419354838709677,62.5,,,0.0,
48947,Sumit Mathur,False,0.44158354535474226,finishing allrounder,31.0,,106.89655172413794,1.0,7.833333333333333,106.89655172413794,,,6.0,44.0
48948,Vedant Bhardwaj,False,0.4367758238662249,opener,620.0,,138.70246085011186,,,138.70246085011186,,,12.0,27.17
4895,Charith Asalanka,True,0.6514538447601281,top/middle,745.0,,115.14683153013911,7.0,7.733333333333333,2.6750202219484858,5.799999999999999,1.357142857142857,46.0,28.41
48950,Vikrant Rana,False,0.4259099669819314,finishing allrounder,6.0,,85.71428571428571,19.0,8.8,85.71428571428571,1.9999999999999996,-6.999999999999998,13.0,26.29
48953,Danish Malewar,False,0.4136533183829979,top/middle,318.0,,157.4257425742574,,,157.4257425742574,,,6.0,22.14
48954,Devendra Kunwar,False,0.41060408404045645,top/middle,5.0,,26.31578947368421,0.0,11.0,26.31578947368421,,,2.0,29.99
48956,Bhim Luitel,False,0.38339701623906164,finishing allrounder,2.0,,25.0,3.0,6.065217391304348,25.0,,2.9999999999999996,10.0,24.77
48957,Bijay Prasad,False,0.38262428787967656,finishing allrounder,1.0,,25.0,7.0,6.072289156626506,25.0,,,9.0,23.23
48959,AK Chettri,False,0.3888169228701752,opener,118.0,,112.38095238095238,,,112.38095238095238,,,8.0,23.08
4900,Wanindu Hasaranga,True,0.6933765769820401,finishing allrounder,516.0,,118.89400921658986,122.0,7.675344563552833,1.5418205074931728,1.3000000000000012,0.500000000000001,86.0,28.33
49003,Hasan Nawaz,True,0.45656556192441505,top/middle,364.0,,149.18032786885246,,,1.0602604679521606,,,17.0,23.27
4901,Asitha Fernando,True,0.5589095609121718,finishing allrounder,11.0,,183.33333333333334,5.0,9.870967741935484,1.0532128324214423,-4.499999999999998,-0.4999999999999999,7.0,28.33
4902,Avishka Fernando,True,0.5894275202886232,top/middle,299.0,,114.12213740458016,,,1.9060736535670033,7.199999999999999,,20.0,27.64
49027,Bevon Jacobs,False,0.38727965344477133,finisher,20.0,,86.95652173913044,,,86.95652173913044,,,1.0,23.56
4904,Kamindu Mendis,True,0.6339778299967995,finishing allrounder,426.0,,118.66295264623956,5.0,8.013698630136986,1.9131747848809029,53.65384615384615,0.7307692307692308,26.0,27.16
4908,Lahiru Samarakoon,False,0.41171046054893795,finishing allrounder,0.0,,0.0,0.0,12.72,0.0,,,2.0,28.73
492,Andre Fletcher,False,0.5599175586429623,top/middle,583.0,,122.73684210526316,0.0,5.0,1.6655236599783463,-67.7,,27.0,38.0
4926,Shadab Khan,True,0.6756692002459999,finishing allrounder,418.0,,132.6984126984127,34.0,7.539823008849558,1.9468632650076847,10.3,-1.0999999999999996,43.0,27.15
49265,Ahmed Tariq,True,0.37914640735641925,top/middle,0.0,,0.0,,,0.0,,,2.0,20.59
49268,Sohaib Khan,True,0.3955377742420227,top/middle,76.0,,111.76470588235294,,,111.76470588235294,,,3.0,27.48
49343,Mayank Kumar,False,0.38956939973066473,finishing allrounder,34.0,,89.47368421052632,2.0,7.565217391304348,89.47368421052632,,,3.0,24.1
49369,Mayank Choudhary,False,0.3967978858774014,top/middle,7.0,,50.0,,,50.0,,,2.0,24.54
494,Kieron Pollard,True,0.664577715199493,finishing allrounder,591.0,,121.85567010309278,15.0,6.918918918918919,2.513707485258013,-100.99999999999999,0.9999999999999998,42.0,38.54
4947,Kasun Rajitha,True,0.5615242703849108,finishing allrounder,15.0,,136.36363636363637,4.0,8.014925373134329,1.7354519708140543,,-3.999999999999999,6.0,32.49
496,Lendl Simmons,False,0.5478764108067442,opener,461.0,,120.36553524804178,1.0,9.67741935483871,3.8230495326247307,-30.999999999999986,0.9999999999999998,16.0,40.84
49626,Puneet Rajkumar Tripathy,False,0.41937962447240973,batting allrounder,170.0,,140.49586776859505,2.0,6.9818181818181815,2.4461753008834752,,,8.0,32.75
49665,Prince Choudhary,False,0.42625506065888535,finishing allrounder,1.0,,50.0,2.0,10.772727272727273,50.0,,,5.0,26.16
49666,Tarun Bisht,False,0.3942221947568396,finisher,3.0,,33.333333333333336,,,33.333333333333336,,,3.0,25.9
49670,Vansh Bedi,False,0.47555104510380397,top/middle,408.0,,179.73568281938327,,,179.73568281938327,-33.99999999999999,,18.0,22.93
49674,Shivam Gupta,False,0.4267281331754584,opener,305.0,,132.03463203463204,,,132.03463203463204,248.9999999999999,,14.0,25.63
49677,Samarth Seth,False,0.4201078654449195,finisher,79.0,,117.91044776119404,,,117.91044776119404,,,7.0,23.88
49682,Ritik Vats,False,0.42956610484729874,finisher,178.0,,181.6326530612245,,,181.6326530612245,137.99999999999997,,15.0,23.15
497,Tamim Iqbal,False,0.5601663445348731,opener,1614.0,,122.64437689969606,,,20.779481565392775,19.4,,48.0,36.69
4973,Bilal Khan,False,0.4407119377447715,finishing allrounder,2.0,,40.0,15.0,6.605504587155964,0.562730112015236,,,13.0,37.63
4974,Mohammad Nadeem,True,0.4931852851208526,finishing allrounder,69.0,,85.18518518518519,2.0,8.4375,1.9555637871372846,-62.99999999999998,0.0,5.0,43.23
49803,Mrigen Talukdar,False,0.3859932734873069,finisher,2.0,,28.571428571428573,,,28.571428571428573,,,3.0,40.91
49805,Mukut Kalita,False,0.4127268676250608,top/middle,20.0,,68.96551724137932,,,,,,3.0,43.99
49811,Fazaruddin Ahmed,False,0.44198759513603375,finishing allrounder,22.0,,129.41176470588235,6.0,5.438848920863309,,,,9.0,38.72
49815,Trilochan Singh,False,0.41237073397330476,finishing allrounder,1.0,,50.0,3.0,6.9818181818181815,50.0,,,3.0,25.58
49816,Shaan Singh Rana,True,0.4627134164747357,finisher,88.0,,103.52941176470588,1.0,3.4285714285714284,145.45454545454547,,,16.0,18.0
49818,Altaf Alam,False,0.3990317612167304,finishing allrounder,24.0,,109.0909090909091,3.0,9.12,109.0909090909091,,,4.0,21.17
49820,Hrishikesh Bharadwaj,False,0.4192405377745606,finishing allrounder,36.0,,94.73684210526316,11.0,2.8,,,,7.0,23.6
49822,Dhruv Bishnoi,False,0.4019259770308966,finisher,9.0,,45.0,,,,,,4.0,18.78
49826,Rajveer Singh,False,0.38653914706723264,top/middle,123.0,,91.7910447761194,,,91.7910447761194,,,6.0,19.38
49827,Gopal Ghosh,False,0.42719801947718333,finishing allrounder,34.0,,94.44444444444444,8.0,5.089887640449438,,,-7.999999999999998,12.0,19.01
49832,Nadimur Rehman,False,0.4213905403787519,top/middle,110.0,,70.06369426751593,0.0,9.428571428571429,76.57657657657657,-29.99999999999999,,14.0,20.01
49833,Sangeet Das,False,0.4134563664495149,finishing allrounder,2.0,,50.0,1.0,6.315789473684211,,,,3.0,21.54
49835,Manikarna Sarma,False,0.4216544599084402,top/middle,164.0,,88.64864864864865,,,82.92682926829268,-95.99999999999999,,13.0,25.62
49836,Nausad Ali,False,0.4208857188936367,finisher,16.0,,94.11764705882354,,,,,,3.0,42.79
4985,Arun Poulose,False,0.49232271208348133,opener,289.0,,120.92050209205021,,,6.789698882556971,-57.499999999999986,,14.0,39.35
49850,Hrishiraj Borah,False,0.3988741391977975,finisher,5.0,,33.333333333333336,,,,,,3.0,20.44
49851,Akshat Gupta,False,0.42408530498547803,finishing allrounder,43.0,,76.78571428571429,11.0,4.299212598425197,67.5,10.999999999999998,-4.999999999999998,10.0,23.62
4986,Rovman Powell,True,0.6573798428741539,finisher,1913.0,,141.7037037037037,2.0,9.6,2.3826051771718486,-99.69999999999997,-1.570092458683775e-16,92.0,32.34
499,Shakib Al Hasan,True,0.6932471513819841,batting allrounder,1500.0,,135.01350135013502,76.0,6.182539682539683,4.794438188278287,0.7999999999999912,0.19999999999999996,69.0,38.68
4992,Swapnil Salvi,False,0.4530310767192325,top/middle,37.0,,115.625,,,0.6988265141712251,18.499999999999996,,4.0,36.43
4995,Ankit Kaushik,False,0.5126153658923212,top/middle,341.0,,122.22222222222223,0.0,4.5,2.688954693343982,80.49999999999999,,11.0,34.23
500,Shamsur Rahman Shuvo,False,0.4865816759311168,top/middle,56.0,,107.6923076923077,,,1.323839908416223,0.0,,5.0,37.48
5010,Gaurav Jathar,False,0.5152379721382697,finishing allrounder,247.0,,126.0204081632653,5.0,8.513513513513514,3.448823564190837,54.49999999999997,,13.0,34.82
50192,Vikram Kumar,False,0.4141216702908168,finishing allrounder,18.0,,81.81818181818181,5.0,9.333333333333334,81.81818181818181,,,4.0,21.36
50196,Nishank L,False,0.3846676303623861,finisher,7.0,,43.75,,,43.75,-2.9999999999999996,,5.0,23.35
502,Rubel Hossain,False,0.5181007872226182,finishing allrounder,30.0,,130.43478260869566,21.0,8.11111111111111,130.43478260869566,-8.999999999999996,-3.499999999999999,20.0,35.9
50206,Ujwal S Gowda,False,0.41987489237241865,finisher,28.0,,155.55555555555554,,,155.55555555555554,,,1.0,21.23
50250,Sarath Kumar,False,0.53494393674634,finisher,309.0,,124.09638554216868,,,3.633486123025517,-28.499999999999986,,22.0,34.4
5028,Deepak Punia,False,0.4694638755789815,finishing allrounder,231.0,,146.20253164556962,6.0,7.981900452488688,146.20253164556962,52.99999999999999,-5.999999999999999,19.0,32.16
50280,Jaskirat Singh Sachdeva,False,0.3946196598743244,top/middle,75.0,,122.95081967213115,1.0,6.631578947368421,122.95081967213115,,,2.0,26.03
50284,Vaibhav Suryavanshi,True,0.4512681305200546,opener,518.0,,211.42857142857142,,,3.62543328216067,,,12.0,14.67
50285,Tishant Pawan Dabla,False,0.45926812933056793,finishing allrounder,157.0,,148.11320754716982,5.0,8.35,148.11320754716982,-78.99999999999997,0.9999999999999998,19.0,27.02
50286,Aditya Patel,False,0.39230458945742974,opener,73.0,,105.79710144927536,,,105.79710144927536,,,6.0,30.51
50287,Sunpreet Chandrajeet Bagga,False,0.3872812662955071,top/middle,74.0,,98.66666666666667,,,98.66666666666667,,,5.0,25.52
5029,Prerak Mankad,True,0.6829451173208076,batting allrounder,1057.0,,142.06989247311827,22.0,8.493333333333334,1.3823906474707681,21.2,-1.5,37.0,31.59
50293,Babul Badal Dey,False,0.37357955549895616,opener,1.0,,20.0,,,20.0,,,1.0,25.96
50333,Bishal Tamang,False,0.382479421558748,finishing allrounder,13.0,,81.25,6.0,4.9655172413793105,81.25,,,3.0,25.9
5034,Murugan Ashwin,True,0.6816054340284307,finishing allrounder,356.0,,97.26775956284153,59.0,6.9883990719257545,1.131671552775803,-19.2,-2.9000000000000004,60.0,35.22
5039,Rajat Patidar,True,0.6640048036449477,top/middle,1771.0,,151.49700598802394,,,3.7276233118744937,39.400000000000006,,63.0,32.49
504,Naeem Islam,False,0.49899078599209895,finisher,205.0,,111.41304347826087,6.0,4.9787234042553195,15.064971505075603,8.428571428571427,1.333333333333333,13.0,38.9
5041,Mukesh Kumar,True,0.6531478314099829,finishing allrounder,19.0,,67.85714285714286,96.0,8.331360946745562,0.8150762553360895,-0.20000000000000018,8.8,70.0,32.12
505,Mushfiqur Rahim,False,0.5717175569410107,top/middle,1245.0,,117.56373937677054,,,2.1313244133423197,37.00000000000002,,63.0,38.55
5050,Almas Shaukat,False,0.5220685961367856,top/middle,508.0,,109.71922246220302,,,4.335727384166108,-166.49999999999994,,19.0,29.96
5053,Ankit Kushwah,False,0.5045964454464024,finishing allrounder,38.0,,126.66666666666667,23.0,8.794029850746268,4.586490314810867,23.999999999999996,3.1428571428571423,18.0,33.6
50589,Rinkesh Anil Vaghela,False,0.38761779835659493,finishing allrounder,4.0,,80.0,5.0,6.836065573770492,80.0,,,5.0,27.08
506,Mohammad Mithun,False,0.5533343803719422,top/middle,833.0,,114.42307692307692,,,27.444348870006547,37.9,,45.0,34.74
5062,Manender Singh,False,0.4345689156796849,opener,12.0,,100.0,,,100.0,,,1.0,29.9
5065,Udiyan Bose,False,0.38025811996433206,opener,2.0,,28.571428571428573,,,28.571428571428573,,,2.0,31.97
5066,Nirupam Sen Chowdhary,False,0.46059498696769074,top/middle,40.0,,97.5609756097561,,,97.5609756097561,,,2.0,35.09
5068,Abhijit Sarkar,False,0.4921602054276525,finishing allrounder,16.0,,114.28571428571429,5.0,9.0,2.2111456686135127,-11.999999999999998,-2.9999999999999996,5.0,28.93
507,Mohammad Mahmudullah,True,0.6480064434805034,finisher,1291.0,,116.83257918552036,9.0,7.3215859030837,4.025834106717936,-15.799999999999994,-0.6000000000000001,71.0,39.81
5071,Akash Vasisht,False,0.5225580886550325,finishing allrounder,229.0,,150.6578947368421,5.0,4.0,3.6022121943058205,-202.9999999999999,-2.9999999999999996,9.0,30.94
5073,Mihir Hirwani,True,0.599571862945876,finishing allrounder,67.0,,131.37254901960785,18.0,9.076923076923077,1.4107201103728022,6.428571428571424,1.7714285714285711,18.0,31.54
51064,M Eshwar,False,0.40093692734055814,finisher,37.0,,148.0,,,2.6573370645646253,,,2.0,26.85
51078,Adarsh Singh,False,0.4662391992371231,top/middle,660.0,,127.65957446808511,,,127.65957446808511,43.99999999999999,,23.0,20.45
51083,Arif Ahmed,False,0.4204777423136173,finishing allrounder,10.0,,62.5,1.0,9.636363636363637,2.156217844992714,,,3.0,
51087,Vashish Mehra,False,0.42288481551298085,finishing allrounder,4.0,,200.0,4.0,7.5,200.0,,,4.0,22.0
51263,V Anovankar,False,0.3924304782577792,finisher,28.0,,186.66666666666666,,,186.66666666666666,,,2.0,24.1
51290,Kirubakar R,False,0.4001924858118348,finisher,3.0,,50.0,0.0,8.666666666666666,50.0,,,1.0,20.57
51293,K Aashiq,False,0.4039205101188387,opener,208.0,,124.55089820359281,,,3.5277323116218637,,,7.0,25.2
51346,D Santhosh Kumar,False,0.4491435023021526,opener,335.0,,127.3764258555133,,,5.510374463824804,-6.999999999999998,,15.0,22.73
51390,M Karthik Saran,False,0.4356509826046193,finishing allrounder,38.0,,126.66666666666667,3.0,8.15625,1.1698540416125773,,,9.0,29.35
51438,Dinesh H,False,0.400142867052966,finisher,25.0,,113.63636363636364,,,2.484778313078464,,,2.0,25.74
51699,Atul Vitkar,False,0.3850005428256928,opener,24.0,,120.0,,,120.0,,,1.0,
51707,Rajalingam Rajalingam,False,0.40559756639584466,finishing allrounder,26.0,,173.33333333333334,3.0,12.375,1.5000757633347788,,,4.0,22.96
51864,Amogh Bhatkal,True,0.42128543157207493,top/middle,87.0,,131.8181818181818,,,1.7006534273637368,,,7.0,31.58
5189,Faheem Ashraf,True,0.6430722318431803,finishing allrounder,421.0,,150.89605734767025,59.0,7.14249684741488,2.2829356461452974,38.68571428571428,8.37142857142857,43.0,31.86
52040,Aman Iqbal Khan,False,0.39542043558065515,top/middle,50.0,,100.0,,,100.0,,,5.0,26.96
52048,Ankeet Chavan,False,0.41342401280679625,finishing allrounder,160.0,,146.78899082568807,9.0,6.881118881118881,146.78899082568807,,,7.0,40.08
52050,Akash Malbari,False,0.4019096266155755,finisher,77.0,,124.19354838709677,,,124.19354838709677,,,4.0,27.16
52051,Aarush Patankar,False,0.3872069727891592,batting allrounder,42.0,,95.45454545454545,7.0,7.702702702702703,95.45454545454545,,,6.0,19.57
52054,Gautam Sathe,False,0.3784139490090871,top/middle,0.0,,0.0,,,0.0,,,2.0,19.53
52056,Rahul Magade,False,0.3986486613983211,finisher,107.0,,116.30434782608695,,,116.30434782608695,,,7.0,25.5
52059,Tushar Kadam,False,0.3937310792330779,finishing allrounder,9.0,,128.57142857142858,10.0,5.694915254237288,128.57142857142858,,,6.0,23.43
52060,Chandraprakash Bharadwaj,False,0.3860693963742947,finishing allrounder,9.0,,90.0,5.0,7.032258064516129,90.0,,,5.0,20.29
52064,Mohd Danish Rianee,False,0.390330933030523,finishing allrounder,1.0,,100.0,2.0,7.475409836065574,100.0,,,3.0,27.84
52070,Akash Anand,False,0.40738248639887653,top/middle,74.0,,101.36986301369863,,,3.574855187329064,,,6.0,30.09
52071,Kartike Savla,False,0.3792524743248662,finisher,3.0,,50.0,,,50.0,,,3.0,25.9
52072,Srujan Athawale,False,0.4090698673561151,opener,228.0,,134.9112426035503,,,134.9112426035503,,,9.0,25.9
52073,Ayushman Yadav,False,0.3784353718563322,finisher,0.0,,0.0,,,0.0,,,1.0,20.03
52074,Rushikesh Jadhav,False,0.3922381697150844,finishing allrounder,14.0,,51.851851851851855,4.0,7.573770491803279,59.09090909090909,,,5.0,27.19
52075,Sreyash Kumar,False,0.3919312075934925,opener,174.0,,122.53521126760563,,,122.53521126760563,,,6.0,21.2
52076,Sandeep Saro,False,0.37970723863849726,top/middle,4.0,,28.571428571428573,,,28.571428571428573,,,3.0,23.65
52086,Manish Yadav,False,0.3850885187564392,finisher,72.0,,92.3076923076923,,,92.3076923076923,,,6.0,23.01
52089,Babli Sharma,False,0.3827096336678938,finisher,4.0,,66.66666666666667,,,66.66666666666667,,,2.0,30.9
52091,Ajinkya Divekar,False,0.3913555966660733,top/middle,77.0,,91.66666666666667,,,91.66666666666667,,,5.0,35.25
52095,Shubham Shinde,False,0.380351132705687,finisher,19.0,,86.36363636363636,,,86.36363636363636,,,4.0,20.32
52099,Aditya Srivastava,False,0.3938337826601003,top/middle,140.0,,113.82113821138212,,,113.82113821138212,,,7.0,25.17
52101,Atharva Adhikari,False,0.3848304360002039,opener,46.0,,124.32432432432432,,,124.32432432432432,,,2.0,21.79
52102,Uzair Khan,False,0.3845913468913412,finishing allrounder,1.0,,50.0,6.0,6.425806451612903,50.0,,,7.0,24.95
52104,Shreyansh Bogar,False,0.38903879185985274,finishing allrounder,5.0,,100.0,7.0,8.096385542168674,100.0,,,5.0,24.18
52107,Aashmaan Katyal,False,0.3800293939686088,finisher,2.0,,16.666666666666668,,,16.666666666666668,,,1.0,18.93
52109,Amol Tanpure,False,0.386743319314001,finishing allrounder,4.0,,28.571428571428573,6.0,8.464285714285714,28.571428571428573,,,7.0,25.9
52112,Ashish Kolte,False,0.3922657057083404,finishing allrounder,14.0,,93.33333333333333,1.0,10.846153846153847,93.33333333333333,,,2.0,27.97
52114,Ankush Paswan,False,0.39784943399622547,finishing allrounder,65.0,,104.83870967741936,1.0,7.659574468085107,104.83870967741936,,,6.0,19.24
52115,Arbaaz Shaikh,False,0.3771853912068169,top/middle,1.0,,50.0,,,50.0,,,1.0,16.61
52117,Sumedh Nikam,False,0.3767428463351721,opener,0.0,,0.0,,,0.0,,,1.0,25.17
52119,Meet Samani,False,0.38941434767517735,top/middle,14.0,,66.66666666666667,,,66.66666666666667,,,1.0,29.88
52121,"Aryan Dalal,",False,0.41870302450355096,finisher,137.0,,109.6,,,109.6,-0.9999999999999998,,9.0,22.81
52124,Yuvraj Dombe,False,0.3783796491423347,finisher,4.0,,23.529411764705884,,,23.529411764705884,,,1.0,19.53
52128,Siddhant Addhatrao,False,0.4289918589677194,top/middle,268.0,,117.03056768558952,,,3.4864779838421773,,,10.0,33.61
52152,Akhil Chaudhary,False,0.43280919187595707,finishing allrounder,33.0,,106.45161290322581,18.0,9.296052631578947,106.45161290322581,26.999999999999993,-1.9999999999999996,15.0,23.37
52346,Karan Singh,False,0.3812036696513212,top/middle,1.0,,25.0,,,25.0,,,2.0,28.01
52347,Aamir Bhutia,False,0.3877809844302903,top/middle,84.0,,80.76923076923077,,,80.76923076923077,,,9.0,27.43
52348,Roshan Kumar Prasad,False,0.4019326027599893,finisher,116.0,,92.06349206349206,0.0,9.857142857142858,4.245833139247797,45.999999999999986,0.0,12.0,21.43
52358,Md Sahil,False,0.38496267624100666,finishing allrounder,0.0,,0.0,1.0,7.522388059701493,0.0,,,5.0,27.39
52359,Ugen Tamang,False,0.37805183227705913,finisher,13.0,,37.142857142857146,,,37.142857142857146,,,5.0,17.83
52362,Aadnan Alam,False,0.3791707161061106,finisher,66.0,,73.33333333333333,,,73.33333333333333,,,9.0,19.21
52368,Kunal Gupta,False,0.37734622484959496,finisher,5.0,,62.5,,,62.5,,,3.0,20.33
52377,Sahil Chettri,False,0.3854101822054551,finishing allrounder,5.0,,62.5,2.0,8.86046511627907,62.5,,,7.0,24.76
52378,Avinash Rajak,False,0.37951750887502655,top/middle,39.0,,58.208955223880594,,,58.208955223880594,,,8.0,25.84
52379,Abishek Regmi,False,0.39626783290509576,finishing allrounder,19.0,,135.71428571428572,11.0,5.368421052631579,135.71428571428572,,,8.0,22.63
52382,Parvin Kuikel,False,0.39293715556484615,finishing allrounder,5.0,,166.66666666666666,2.0,3.75,166.66666666666666,,,6.0,17.49
52384,Roshan Kumar,False,0.3843063615690292,finishing allrounder,17.0,,62.96296296296296,5.0,7.016949152542373,62.96296296296296,,,8.0,21.2
52390,Adarsh Ramudamu,False,0.38244569961056285,finisher,38.0,,97.43589743589743,1.0,15.666666666666666,97.43589743589743,,,5.0,25.89
52393,Siddharth Prasad,False,0.3947889580580407,finishing allrounder,55.0,,98.21428571428571,1.0,8.75,98.21428571428571,,,8.0,20.27
52394,Mohammed Talim Salim,False,0.3838464111480145,finishing allrounder,6.0,,66.66666666666667,4.0,5.639097744360902,66.66666666666667,,,8.0,23.09
52396,Arnav Gupta,False,0.38354884459655,top/middle,58.0,,98.30508474576271,,,98.30508474576271,,,7.0,19.59
524,Rajagopal Sathish,False,0.531364947172266,finishing allrounder,247.0,,132.79569892473117,9.0,5.061224489795919,4.945283538622691,-42.49999999999999,-8.999999999999996,25.0,44.87
52402,Adiv Tamang,False,0.37945645757995417,top/middle,27.0,,96.42857142857143,,,96.42857142857143,,,1.0,23.37
52408,Md Emamuddin,False,0.3975160376981672,finishing allrounder,82.0,,96.47058823529412,5.0,6.25531914893617,96.47058823529412,,,8.0,20.7
52414,Shankar Prasad,False,0.38454270097593496,finisher,5.0,,62.5,,,62.5,,,1.0,31.4
52418,Om Gupta,False,0.3762546755149311,finisher,1.0,,33.333333333333336,,,33.333333333333336,,,1.0,18.34
52421,Manoj Chettri,False,0.3830879232282687,finisher,51.0,,60.0,0.0,14.0,60.0,,,7.0,26.03
52422,Robin Limboo,False,0.39308528163274387,finishing allrounder,59.0,,96.72131147540983,3.0,7.928571428571429,96.72131147540983,,,7.0,23.38
52423,Rohit Limboo,False,0.38035865967535565,top/middle,12.0,,70.58823529411765,,,70.58823529411765,,,4.0,18.69
52425,Yogen Lepcha,False,0.39769253800278015,finisher,82.0,,120.58823529411765,0.0,12.666666666666666,120.58823529411765,,,7.0,36.41
52426,Ritik Gurung,False,0.38019494365977763,finisher,1.0,,100.0,1.0,12.0,100.0,,,1.0,24.59
52430,Purna Bahadur,False,0.3956341429470529,finishing allrounder,19.0,,126.66666666666667,9.0,7.602739726027397,126.66666666666667,,,9.0,21.94
52431,Sajal Thapa,False,0.38409409111136456,top/middle,58.0,,78.37837837837837,,,78.37837837837837,,,7.0,21.95
52432,Sunil Kumar,False,0.3819889396797877,finishing allrounder,0.0,,0.0,5.0,4.2727272727272725,0.0,,,6.0,23.52
52433,Tanvir Alam,False,0.37961714349206716,finisher,24.0,,57.142857142857146,,,57.142857142857146,,,8.0,24.87
52434,Parichit Rai,False,0.37869171017770376,finisher,1.0,,50.0,0.0,5.142857142857143,50.0,,,4.0,22.02
52436,Md Arif,False,0.38075051614231525,opener,131.0,,78.91566265060241,,,78.91566265060241,,,9.0,21.73
52438,Tusya Naman Avi Chetrri,False,0.37960464479553274,finishing allrounder,2.0,,25.0,4.0,4.864864864864865,25.0,,,9.0,20.06
52443,Tarun Sharma,False,0.3927758748247532,finishing allrounder,29.0,,96.66666666666667,9.0,6.515625,96.66666666666667,,,8.0,22.09
52444,Amit Rajera,False,0.4000517386459857,finishing allrounder,113.0,,110.7843137254902,6.0,7.097142857142857,110.7843137254902,,,8.0,26.87
52446,Ingsho Limboo,False,0.38596452669601505,finishing allrounder,11.0,,91.66666666666667,2.0,9.0,91.66666666666667,,,5.0,24.17
52455,Ritesh Shakya,False,0.4323131514241739,finishing allrounder,44.0,,97.77777777777777,11.0,9.06,69.56521739130434,11.999999999999998,2.9999999999999996,10.0,27.04
52658,Abhinav Saha,False,0.37547880342318996,opener,0.0,,0.0,,,0.0,,,1.0,25.9
52660,Ayush Vartak,False,0.39635404592295204,batting allrounder,83.0,,93.25842696629213,2.0,8.88888888888889,12.503212226985214,,,5.0,
52675,Apoorve Wankhede,False,0.40723882907178277,top/middle,30.0,,176.47058823529412,,,1.2522546925117013,,,3.0,25.9
52678,Maxwell Swaminathan,False,0.4077503686782426,finishing allrounder,38.0,,79.16666666666667,15.0,7.247787610619469,4.12483883365648,,,12.0,26.86
52679,Vivek Shelar,False,0.43221846905168626,finishing allrounder,17.0,,100.0,13.0,7.405405405405405,100.0,-10.999999999999998,0.9999999999999998,15.0,25.71
52682,Ishan Mulchandani,True,0.4239370411141307,top/middle,302.0,,145.19230769230768,1.0,8.76923076923077,3.5699096746239487,,,10.0,25.9
52683,Sourabh Singh,True,0.4049116158800314,finishing allrounder,37.0,,112.12121212121212,5.0,9.381818181818181,112.12121212121212,,,3.0,28.13
52729,Harsh Tanna,False,0.3971981780298634,finishing allrounder,11.0,,220.0,10.0,9.148936170212766,220.0,,,8.0,25.9
53167,Joe Pardesi,False,0.3778267743702836,finisher,21.0,,84.0,,,84.0,,,2.0,21.2
53174,Sangram Bhalekar,False,0.43745432044863464,batting allrounder,122.0,,129.7872340425532,1.0,9.125,,,,11.0,26.24
53192,Yashraj Jayant Khade,False,0.44119144012035105,top/middle,165.0,,196.42857142857142,,,,,,7.0,22.15
53222,Bhavya Atre,False,0.3977958959871322,finishing allrounder,21.0,,91.30434782608695,7.0,9.9,91.30434782608695,,,4.0,34.42
53474,Harsh Rane,False,0.37483743557278487,opener,0.0,,0.0,,,0.0,,,1.0,23.0
535,Ambati Rayudu,True,0.6489699755444854,finisher,789.0,,132.60504201680672,,,1.958705311740181,-81.49999999999999,,52.0,40.18
53627,Harsh Vaishav,False,0.42876701082132945,finisher,46.0,,153.33333333333334,0.0,14.0,153.33333333333334,,,9.0,24.55
53630,Hardik Kurangale,False,0.44398125419720347,finishing allrounder,97.0,,156.4516129032258,6.0,9.963302752293577,,,,8.0,25.9
53644,Chinmay Patil,False,0.3897625191400556,top/middle,37.0,,127.58620689655173,,,127.58620689655173,,,2.0,25.2
53647,Mahesh Mhaske,False,0.44070397973362785,top/middle,156.0,,177.27272727272728,,,,,,3.0,28.04
53675,Faiz Ahmed,False,0.401556033936146,top/middle,136.0,,100.0,,,100.0,,,7.0,47.44
53748,Gurala Srikanth,False,0.398479895747289,opener,59.0,,190.32258064516128,,,11.877370771606136,,,4.0,47.59
53776,Ankit Singh,False,0.4025434121802756,finisher,96.0,,188.23529411764707,,,188.23529411764707,,,8.0,25.96
53839,Prasurjya Kataki,True,0.46458939866421933,finishing allrounder,34.0,,188.88888888888889,6.0,7.407407407407407,188.88888888888889,31.999999999999993,1.9999999999999996,9.0,19.04
53840,Jayanta Dev,False,0.3916095583169503,top/middle,47.0,,127.02702702702703,1.0,7.2,127.02702702702703,,,3.0,23.78
53842,Anurag Phukon,False,0.38637859822058296,finishing allrounder,9.0,,45.0,9.0,7.181102362204724,45.0,,,6.0,20.02
53843,Parash Thakur,False,0.38860335202232626,finisher,10.0,,45.45454545454545,,,45.45454545454545,,,4.0,36.8
53844,Suraj Thakur,False,0.38563610205388166,finisher,3.0,,27.272727272727273,1.0,11.076923076923077,27.272727272727273,,,2.0,33.64
53848,Raj Hussain,False,0.38216493262013373,top/middle,0.0,,0.0,,,0.0,,,1.0,28.23
53851,Rahul Singh Tomor,False,0.38393052546694617,batting allrounder,54.0,,100.0,0.0,8.727272727272727,100.0,,,2.0,25.3
53971,Ranjit Sangmai,False,0.43214063046711837,top/middle,107.0,,112.63157894736842,1.0,5.5,112.63157894736842,-72.99999999999999,,7.0,35.72
54140,Deepak Yadav,False,0.43765654421092975,finishing allrounder,57.0,,158.33333333333334,6.0,6.466666666666667,158.33333333333334,,,5.0,22.96
54182,Vivek Yadav,False,0.4198856891539171,finisher,34.0,,121.42857142857143,,,121.42857142857143,,,5.0,18.81
542,Alok Kapali,False,0.46274180949196775,finisher,8.0,,40.0,0.0,9.0,2.198971668003527,,,2.0,41.9
54228,K Reddy,False,0.3997833188537079,opener,170.0,,132.8125,,,132.8125,,,7.0,21.75
54233,Jayveer Singh,False,0.3818093471530927,finisher,41.0,,95.34883720930233,,,95.34883720930233,,,5.0,24.74
54409,Nachiket Narendra Thakur,False,0.42892354370869745,finishing allrounder,15.0,,136.36363636363637,8.0,7.208955223880597,,,,9.0,
54410,Siddhesh Deshmukh,False,0.43423826989234704,top/middle,188.0,,122.07792207792208,,,,,,10.0,28.22
54413,Sahil Gaikar,False,0.42767352406563736,top/middle,61.0,,124.48979591836735,,,,,,9.0,23.63
54414,Niraj Joshi,False,0.4133131577177218,finisher,188.0,,129.6551724137931,0.0,13.0,129.6551724137931,,0.0,9.0,20.13
54429,Yash Khaladkar,False,0.4431990391200975,finishing allrounder,56.0,,169.6969696969697,16.0,8.179775280898877,100.0,,,16.0,
54430,Aniket Porwal,False,0.4594528462692577,top/middle,331.0,,116.14035087719299,,,118.63117870722434,-72.99999999999999,,25.0,27.43
54431,Digvijay Jadhav,False,0.4342458840146163,top/middle,221.0,,103.75586854460094,,,93.54838709677419,,,15.0,24.61
54432,Umar Shah,False,0.4312442826359224,finishing allrounder,3.0,,42.857142857142854,9.0,8.140350877192983,,,,8.0,35.74
54433,Atish Kumbhar,False,0.4455155557675235,finishing allrounder,52.0,,120.93023255813954,5.0,10.112903225806452,,,,8.0,30.54
54435,Nishant Nagarkar,False,0.44124479191112215,finishing allrounder,92.0,,170.37037037037038,4.0,12.872727272727273,,,,6.0,26.63
54436,Sarish Desai,False,0.42263516650856353,finishing allrounder,26.0,,63.41463414634146,6.0,9.471428571428572,,,,9.0,22.62
54437,Ashwin Shukla,False,0.430355696938073,finishing allrounder,6.0,,85.71428571428571,2.0,10.68,,,,2.0,30.25
54438,Amit Rathod,False,0.44537699626313487,finishing allrounder,226.0,,160.2836879432624,10.0,8.294117647058824,,,,10.0,22.58
54440,Kunal Kothawade,False,0.4524468831539929,finishing allrounder,214.0,,136.30573248407643,2.0,10.191780821917808,,,,12.0,29.06
54441,Gaurav Khaire,False,0.4011070465644677,finisher,3.0,,50.0,0.0,11.0,,,,2.0,21.23
54442,Yash Jagdale,False,0.4245710031914024,opener,197.0,,133.1081081081081,,,,,,10.0,23.21
54443,Harshad Halpatrao,False,0.4246095817155583,finisher,14.0,,155.55555555555554,,,,,,3.0,28.1
54461,Suraj Shinde,False,0.4558704153095446,finisher,370.0,,161.57205240174673,,,159.48717948717947,-111.99999999999997,,28.0,29.19
54462,Rahul Desai,False,0.43398379746075505,finisher,130.0,,112.06896551724138,0.0,11.625,117.6470588235294,,,16.0,37.43
54464,Aaryan Desai,False,0.42127965777684623,top/middle,135.0,,126.16822429906541,,,,,,11.0,22.32
54471,Jasvir Sehrawat,False,0.44922122824791344,batting allrounder,356.0,,145.30612244897958,10.0,5.464968152866242,3.455879156367414,,,19.0,30.3
54508,Nimir Joshi,False,0.4341574914782997,finishing allrounder,28.0,,147.3684210526316,6.0,6.107142857142857,,,,8.0,21.03
54519,Ravindra Jadhav,False,0.3882817543420903,finisher,15.0,,93.75,0.0,14.571428571428571,93.75,,,2.0,30.04
54528,Rhuturaj Veerkar,False,0.4134976081033937,opener,60.0,,105.26315789473684,,,,,,5.0,26.58
54538,Aniruddha Balasaheb Sabale,False,0.38439750442688814,finisher,17.0,,121.42857142857143,,,121.42857142857143,,,2.0,
54541,Deepak Dangi,False,0.4451818252729394,finishing allrounder,44.0,,112.82051282051282,16.0,7.430769230769231,119.04761904761905,5.999999999999999,0.0,18.0,25.2
54544,Neel Gandhi,False,0.41987766711418795,finishing allrounder,54.0,,108.0,4.0,9.5,35.0,,,3.0,19.83
54586,Pankaj Sharma,False,0.3860160979068794,finisher,36.0,,116.12903225806451,,,,,,4.0,25.9
54600,Sahil Abhang,False,0.4177887973487695,finisher,52.0,,123.80952380952381,2.0,6.0,,,,3.0,21.03
5471,Agniv Pan,False,0.504605461719431,finisher,267.0,,114.5922746781116,,,1.2209831560711901,21.857142857142858,,20.0,28.9
548,Farhad Reza,False,0.5020147654147195,finishing allrounder,27.0,,180.0,9.0,8.594594594594595,5.695659470835757,14.999999999999995,-8.999999999999996,8.0,39.45
54811,Aarya Abhijit Jadhav,False,0.40775366749868835,finishing allrounder,5.0,,55.55555555555556,0.0,10.821428571428571,,,,3.0,
54817,Sujit Ubale,False,0.4319768864435853,batting allrounder,41.0,,205.0,2.0,9.91304347826087,,,,3.0,31.49
54818,Shubham Maid,False,0.38251823465468066,finishing allrounder,1.0,,25.0,5.0,6.1875,25.0,,,7.0,22.02
54831,Kabir Hassan Deshmukh,False,0.41278569181572705,opener,144.0,,102.12765957446808,,,102.12765957446808,,,5.0,19.08
54836,Sumit Sen,False,0.3830684640849984,finisher,0.0,,0.0,,,0.0,,,2.0,19.8
54839,Amit Dutta,True,0.4430776718906984,finisher,26.0,,118.18181818181819,,,118.18181818181819,,,7.0,21.16
54842,Sudarshan Sinha,True,0.4551641795216637,finishing allrounder,1.0,,50.0,12.0,4.9655172413793105,,,,10.0,24.67
54846,Santosh Dhan,True,0.432994677679559,top/middle,6.0,,66.66666666666667,,,66.66666666666667,,,3.0,28.36
54847,Bittu Das,True,0.4620001986488225,finishing allrounder,25.0,,71.42857142857143,4.0,6.508474576271187,71.42857142857143,,,5.0,27.29
54848,Uday Babu Roy,True,0.4464127404290927,finisher,21.0,,87.5,,,87.5,,,5.0,19.14
54849,Gobin Yadav,True,0.4485364921029435,finisher,12.0,,66.66666666666667,,,66.66666666666667,,,3.0,32.28
54850,Pawan Bhatt,True,0.47219931511265223,batting allrounder,30.0,,83.33333333333333,3.0,15.6,83.33333333333333,,,5.0,29.94
54851,Rahul Dey,True,0.44964326001161076,finisher,30.0,,120.0,,,120.0,,,5.0,25.95
54852,Faizul Haque Mazumdar,True,0.4655014613990109,finishing allrounder,16.0,,88.88888888888889,4.0,7.444444444444445,88.88888888888889,,,5.0,23.9
54853,Sumit Shill,True,0.4517653833659216,opener,54.0,,72.0,,,72.0,,,5.0,28.78
54854,Himangshu Saikia,False,0.4371440374648467,finishing allrounder,85.0,,101.19047619047619,4.0,6.394736842105263,101.19047619047619,,,4.0,26.22
54855,Asib Ali,True,0.4321496611200167,finisher,0.0,,0.0,,,0.0,,,5.0,20.08
54856,Asif Ali,True,0.4491558230563546,finishing allrounder,1.0,,50.0,3.0,6.923076923076923,50.0,,,5.0,19.94
54857,Jitu Timung,True,0.48521014578287924,batting allrounder,114.0,,97.43589743589743,10.0,6.932038834951456,97.43589743589743,,,5.0,37.0
54866,Arabinda Phukan,True,0.4691720161591329,finishing allrounder,7.0,,77.77777777777777,1.0,8.068965517241379,77.77777777777777,,,2.0,32.13
54867,Chirag Jain,True,0.46630361178177493,finisher,44.0,,110.0,,,110.0,,,4.0,28.74
54869,Sujit Yadav,True,0.43034405080292687,finisher,6.0,,60.0,,,60.0,,,1.0,19.99
54870,Manthan Upadhyaya,False,0.40923346084497053,finishing allrounder,1.0,,33.333333333333336,2.0,7.175257731958763,33.333333333333336,,0.0,6.0,19.82
54871,Aniket Sharma,True,0.43419069741914335,finisher,2.0,,28.571428571428573,,,28.571428571428573,,,5.0,18.01
54872,Kunal Dhar,True,0.4584783661565826,finishing allrounder,19.0,,63.333333333333336,0.0,8.5,63.333333333333336,,,4.0,25.78
54873,Abhijit Bhadra,True,0.4537770859212552,top/middle,41.0,,102.5,,,102.5,,,3.0,18.95
54874,Swaraj Borah,False,0.40803080245222034,top/middle,17.0,,141.66666666666666,,,141.66666666666666,,,2.0,21.29
54875,Vastav Basumatar,False,0.4117956801003594,top/middle,18.0,,138.46153846153845,,,138.46153846153845,,,1.0,19.23
54877,Izaz Uddin Ahmed,False,0.3936345959110605,finisher,2.0,,22.22222222222222,,,22.22222222222222,,,2.0,18.07
54879,Marin Kakoti,False,0.395555996105822,opener,11.0,,61.111111111111114,,,61.111111111111114,,,2.0,25.32
54880,Sushankar Bonia,True,0.46186996936503705,top/middle,82.0,,134.4262295081967,,,134.4262295081967,,,5.0,20.22
54881,Hussan Sheikh,True,0.46357866541018355,finisher,38.0,,158.33333333333334,,,158.33333333333334,,,5.0,18.91
54884,Pabitra Gorh,False,0.4052858074428227,finisher,0.0,,0.0,,,0.0,,,1.0,35.07
54887,Ratul Das,False,0.41532424637691223,finisher,66.0,,103.125,,,103.125,,,5.0,22.96
54888,Amit Lal,False,0.42060717235785927,finishing allrounder,22.0,,95.65217391304348,2.0,6.8076923076923075,95.65217391304348,,,4.0,23.0
54889,Rupjyoti Das,False,0.4127974560261884,finishing allrounder,4.0,,57.142857142857146,4.0,6.711864406779661,57.142857142857146,,,5.0,21.98
54892,Sehnewaz Ahemed,False,0.39966544592749265,opener,15.0,,65.21739130434783,,,65.21739130434783,,,2.0,21.51
54893,Tanishq Baruah Saxena,False,0.39228684559459076,opener,1.0,,25.0,,,25.0,,,1.0,18.97
54894,Aryan Kashyap,False,0.4109607054892118,top/middle,57.0,,72.15189873417721,0.0,14.571428571428571,72.15189873417721,,,3.0,20.73
54895,Dweep Jyoti Kalita,False,0.4301036520316038,top/middle,107.0,,107.0,,,107.0,,,5.0,23.91
54896,Md. Habibullah,False,0.42415427792697846,top/middle,223.0,,103.24074074074075,,,91.66666666666667,,,12.0,22.45
54897,Gresilex Baro,False,0.4038761757409512,finishing allrounder,0.0,,0.0,5.0,5.8125,0.0,,,2.0,20.86
54898,Sunil Meghwal,False,0.4090225981366181,opener,21.0,,91.30434782608695,,,91.30434782608695,,,3.0,26.9
54899,Debajit Das,False,0.4289499070883367,finishing allrounder,18.0,,78.26086956521739,4.0,6.688524590163935,78.26086956521739,,,5.0,36.08
54901,Bhargab Das,False,0.4108648657868874,top/middle,73.0,,74.48979591836735,,,74.48979591836735,,,5.0,18.6
54902,Akhtar Ali,False,0.4305757756319252,batting allrounder,26.0,,100.0,1.0,10.25,100.0,,,3.0,27.63
54907,Imtaz Hussain,False,0.4239119609168598,finishing allrounder,13.0,,52.0,5.0,5.464285714285714,52.0,,,5.0,41.91
54908,Vivek Dauka,False,0.42785962002699884,top/middle,109.0,,123.86363636363636,,,123.86363636363636,18.99999999999999,,8.0,19.91
54909,Sadek Imran Choudhury,False,0.4394670711147748,finishing allrounder,44.0,,107.3170731707317,2.0,6.277777777777778,107.3170731707317,,,5.0,27.54
54910,Simanta Neogi,False,0.42540296708108416,top/middle,32.0,,84.21052631578948,,,84.21052631578948,,,4.0,47.38
54911,Rahul Sing Tomar,False,0.4173885083119768,opener,115.0,,106.48148148148148,,,106.48148148148148,,,5.0,25.3
54912,Rahul Kalita,False,0.4231524155363855,finishing allrounder,15.0,,75.0,2.0,7.846153846153846,75.0,,,5.0,19.39
54913,Ajit Biswas,False,0.39694728246697897,finisher,3.0,,30.0,,,30.0,,,3.0,19.89
54914,Shahanur Alom,False,0.41190014745411163,finisher,15.0,,107.14285714285714,1.0,11.0,107.14285714285714,,,3.0,20.38
54915,Tutumoni Medhi,False,0.4183944389212828,finishing allrounder,5.0,,100.0,3.0,10.10126582278481,100.0,,,4.0,20.6
54916,Bintu Moni Nath,False,0.40131962984302555,finisher,5.0,,45.45454545454545,,,45.45454545454545,,,2.0,24.12
54921,Sumit Choudhury,False,0.3988528643780028,top/middle,6.0,,60.0,,,60.0,,,1.0,23.06
54924,Hirak Choudhury,False,0.42275128692415725,finishing allrounder,19.0,,126.66666666666667,3.0,7.333333333333333,126.66666666666667,,,3.0,25.9
54925,Dipjyoti Saikia,False,0.413613838436197,finishing allrounder,8.0,,61.53846153846154,4.0,6.566037735849057,61.53846153846154,,,3.0,25.9
54926,Aditya Borah,False,0.42183403680901166,finisher,49.0,,125.64102564102564,,,125.64102564102564,,,7.0,19.66
54930,Neelabh Sarma,False,0.414082163670207,finishing allrounder,15.0,,68.18181818181819,9.0,4.634146341463414,68.18181818181819,,,5.0,29.83
55390,Vignesh Kg,False,0.38602564196986877,top/middle,7.0,,38.888888888888886,,,38.888888888888886,,,2.0,24.65
55392,Vipul Shakti,False,0.405385972708594,top/middle,128.0,,106.66666666666667,,,106.66666666666667,41.999999999999986,,6.0,21.42
55393,Rahul Sashi,False,0.4052526022683874,top/middle,11.0,,73.33333333333333,,,73.33333333333333,,,1.0,35.7
55401,Alan Abdulla,False,0.3858623580310085,top/middle,0.0,,0.0,,,0.0,,,1.0,18.71
55402,Akhil Dev,False,0.4578391916322144,finishing allrounder,6.0,,46.15384615384615,29.0,8.29816513761468,5.575470439468293,-1.9999999999999996,-18.99999999999999,22.0,30.1
55403,Akash Kp,False,0.3994201477679922,top/middle,4.0,,33.333333333333336,,,33.333333333333336,,,3.0,23.93
55408,Adarsh Babu,False,0.42047138912375703,finishing allrounder,21.0,,70.0,5.0,8.666666666666666,70.0,,,3.0,25.9
55409,Nidhin Kumar Na,False,0.41726205783335873,top/middle,31.0,,110.71428571428571,,,110.71428571428571,,,3.0,30.84
55410,Agasthya Rama Chathurvedi,False,0.3937500185783697,finisher,0.0,,0.0,,,0.0,,,2.0,19.79
55411,Adarsh Rp,False,0.4111446412782324,finisher,16.0,,123.07692307692308,0.0,3.6,123.07692307692308,,,2.0,22.69
55414,Vishnu Raj,False,0.4100995012760643,finisher,5.0,,71.42857142857143,,,71.42857142857143,,,1.0,36.73
55418,Karthik Krishna,False,0.4129882687624072,finishing allrounder,0.0,,0.0,5.0,7.62962962962963,0.0,,,4.0,22.94
55419,Rehan Sai Ps,False,0.4264299099969346,opener,132.0,,111.86440677966101,,,6.492009664056175,,,5.0,24.14
55420,Arun Ganesh,False,0.4016732938493409,finishing allrounder,2.0,,40.0,1.0,7.2,40.0,,,3.0,21.8
55422,Edwin Joseph,False,0.3951564123982321,finisher,2.0,,50.0,,,50.0,,,1.0,20.81
55424,Afsal Sa,False,0.4238787530705167,finishing allrounder,16.0,,100.0,2.0,9.069767441860465,100.0,,,3.0,22.92
55425,Anil Kumar,False,0.426850165423917,finisher,50.0,,185.1851851851852,,,185.1851851851852,,,4.0,33.65
55426,Akshay Ns,False,0.3796256954575815,finisher,0.0,,0.0,,,0.0,,,2.0,20.29
55430,Krishna Devan,False,0.44019651637697693,finisher,171.0,,206.02409638554218,,,8.163548367623171,90.99999999999999,,11.0,26.31
55434,Karthik C,False,0.4183792566075031,top/middle,19.0,,90.47619047619048,,,90.47619047619048,,,2.0,32.9
55437,Ajmal A,False,0.43394117136885063,finishing allrounder,55.0,,144.73684210526315,3.0,6.391304347826087,144.73684210526315,,,4.0,22.84
55439,Goutham Krishna G,False,0.417584418197742,top/middle,56.0,,105.66037735849056,,,105.66037735849056,,,3.0,23.82
55445,Kashinath S,False,0.3757783918701812,opener,0.0,,0.0,,,0.0,,,1.0,18.73
55446,Sonu Tomy,False,0.39471779962443315,finisher,6.0,,150.0,,,150.0,,,1.0,19.37
55448,Jithu G Abraham,False,0.41503717944841534,finishing allrounder,3.0,,100.0,1.0,8.459016393442623,100.0,,,4.0,28.01
55451,Jobin Joby,False,0.4772207873056542,batting allrounder,369.0,,118.26923076923077,11.0,8.891891891891891,14.88788415192689,-222.99999999999994,8.999999999999996,22.0,19.13
55452,Rohith Kj,False,0.3833263909480326,finisher,0.0,,0.0,,,0.0,,,1.0,17.0
55454,Sree Hari Anish,False,0.3942701544904604,finisher,0.0,,0.0,,,0.0,,,1.0,19.63
55457,Rakesh Babu,False,0.3946910695025548,finisher,7.0,,50.0,,,50.0,,,2.0,28.21
55459,Mohammed Jaseel Tm,False,0.4114259018641841,finishing allrounder,1.0,,16.666666666666668,2.0,8.08695652173913,16.666666666666668,,,4.0,20.01
55460,Isthiaq Hussain Poyakkara,False,0.42075006591750397,opener,111.0,,116.84210526315789,,,116.84210526315789,,,4.0,41.81
55461,Azad Kr,False,0.40351868628477583,finisher,18.0,,94.73684210526316,,,94.73684210526316,,,1.0,21.28
55463,Nidheesh B,False,0.4267472131118984,finishing allrounder,12.0,,171.42857142857142,2.0,9.5,171.42857142857142,,,4.0,25.9
55464,Gokul M,False,0.4000461196685181,finisher,0.0,,0.0,0.0,10.8,0.0,,,2.0,25.9
5553,Philip Salt,True,0.6679874015654338,opener,2280.0,,167.03296703296704,,,3.2566537645565066,155.39999999999995,,72.0,29.25
55538,Vishnu Dutt,False,0.4032772394585955,finishing allrounder,2.0,,66.66666666666667,2.0,7.636363636363637,66.66666666666667,,,2.0,-14.1
55539,Abijith Praveen,False,0.4329433537006013,finishing allrounder,40.0,,148.14814814814815,7.0,6.340909090909091,148.14814814814815,,,5.0,25.9
5557,Tom Moores,False,0.4574523515671642,finisher,67.0,,100.0,,,1.6271371849743603,-16.999999999999996,,6.0,29.23
5562,Richard Gleeson,True,0.5770848326754865,finishing allrounder,4.0,,66.66666666666667,11.0,8.51231527093596,1.0700736224343295,0.0,-2.857142857142857,9.0,37.98
55672,Sudeesh Mohan,False,0.4059769423888359,opener,17.0,,48.57142857142857,,,48.57142857142857,,,3.0,31.52
55683,Ravinder Singh Brar,False,0.4167746140403603,finishing allrounder,1.0,,50.0,4.0,6.327272727272727,50.0,,,5.0,31.83
55742,Vaisakh Chandran,False,0.42805281784575705,top/middle,13.0,,72.22222222222223,0.0,14.4,2.7133110846986472,,,3.0,38.81
55744,Vishnu A,False,0.40973965143716845,finisher,0.0,,0.0,0.0,6.0,0.0,,,1.0,29.72
5575,Antony Dhas,False,0.5523357407925423,finishing allrounder,190.0,,97.43589743589743,13.0,8.852173913043478,1.8572874036658162,-25.799999999999997,0.10000000000000007,26.0,37.12
55753,Sangeerth S Nair,False,0.427773628573839,finishing allrounder,11.0,,122.22222222222223,5.0,6.327272727272727,122.22222222222223,,,4.0,20.02
5576,K Hari Gopinath,False,0.49085379361896997,opener,198.0,,123.75,,,3.460106740090104,93.99999999999997,,11.0,37.45
5577,Sai Kishore,True,0.6763123565873893,finishing allrounder,503.0,,123.2843137254902,102.0,6.68074834037417,2.232866863230037,10.000000000000002,2.4999999999999996,77.0,29.06
5578,Sasidev Uthirasamy,False,0.5458921399296051,finisher,651.0,,125.91876208897486,,,4.413367901971182,-21.099999999999998,,41.0,32.58
5581,Ramadoss Alexandar,False,0.4991224743209333,finishing allrounder,5.0,,71.42857142857143,21.0,7.2639593908629445,3.391638855873311,2.9999999999999996,-2.0,25.0,30.55
5585,Karthik Sukumaran,False,0.5172836222585877,opener,323.0,,129.71887550200802,,,1.7267542167653476,-156.49999999999997,,14.0,35.73
5596,Shijit Chandran,False,0.495747907297094,finisher,107.0,,93.04347826086956,,,2.8549398192221385,-22.499999999999993,,16.0,39.04
5598,P Francis Rokins,False,0.46721823738582985,finisher,219.0,,86.22047244094489,,,5.445885224647496,-46.99999999999999,,14.0,
5599,Maan Bafna,False,0.5144441668182365,top/middle,607.0,,110.16333938294011,1.0,9.044776119402986,6.518745458188042,-23.600000000000012,-0.9999999999999998,31.0,
5601,Andrew Subikshan,False,0.5028615714996512,finishing allrounder,223.0,,135.97560975609755,4.0,6.666666666666667,135.97560975609755,,,11.0,27.89
5607,Sanjay M Srinath,False,0.43910713308180427,finishing allrounder,7.0,,24.137931034482758,2.0,7.343283582089552,1.2243119272376943,0.9999999999999998,1.9999999999999996,4.0,
5608,Narayan Jagadeesan,True,0.6525850226086056,top/middle,1826.0,,128.50105559465166,,,2.907813023469342,-83.70000000000002,,63.0,29.93
5611,Mukunth Karunakaran,False,0.4332670218334886,top/middle,19.0,,47.5,,,0.6871595067321096,-18.99999999999999,,4.0,
5615,Dinesh Sampathkumar,False,0.4263190144409366,opener,71.0,,97.26027397260275,,,97.26027397260275,,,6.0,
5616,Yazh Arunmozhi,False,0.4339706553425171,finishing allrounder,1.0,,25.0,5.0,6.541666666666667,25.0,,-0.07142857142857138,8.0,
56172,Aayush Raktade,False,0.42072863583376685,finisher,28.0,,133.33333333333334,1.0,11.0,,,,2.0,25.9
56174,Yogesh Dongare,False,0.4593082040854206,finishing allrounder,210.0,,160.3053435114504,7.0,8.695652173913043,167.85714285714286,-203.99999999999994,-2.9999999999999996,24.0,25.9
56176,Atharva Dharmadhikari,False,0.38467448325821885,opener,68.0,,109.6774193548387,,,109.6774193548387,,,4.0,23.7
56177,Hari Sawant,False,0.42807918252240446,finishing allrounder,39.0,,88.63636363636364,7.0,7.133858267716535,88.63636363636364,,,9.0,-14.1
56180,Piyush Kamal,False,0.4376913317916141,finishing allrounder,52.0,,208.0,4.0,6.54,,,,6.0,25.9
56181,Yogesh Chavan,False,0.46194201279849373,finishing allrounder,147.0,,141.34615384615384,16.0,7.35408560311284,128.57142857142858,,-15.999999999999996,18.0,25.9
56183,Vedant Patil,False,0.3905949373900907,finisher,7.0,,35.0,,,35.0,,,4.0,-14.1
56184,Vaibhav Agam,False,0.3922677300128589,finisher,1.0,,33.333333333333336,,,33.333333333333336,,,1.0,25.9
56185,Tanay Sanghvi,False,0.44942064118047126,finishing allrounder,86.0,,102.38095238095238,52.0,7.6,100.0,1.9999999999999996,-5.999999999999999,25.0,25.9
56186,Nikhil Kadam,False,0.45021016904106737,finishing allrounder,14.0,,107.6923076923077,29.0,8.197752808988763,107.6923076923077,13.999999999999996,2.9999999999999996,22.0,25.9
56187,Rohan Marwa,False,0.40484936559327056,top/middle,48.0,,82.75862068965517,,,82.75862068965517,,,6.0,25.9
5621,M Silambarasan,False,0.5011731161679104,finishing allrounder,29.0,,76.3157894736842,40.0,6.4534412955465585,1.4667617430007092,-2.2571428571428567,0.20000000000000018,36.0,
56237,Manav Vashisht,False,0.43705118033787704,finishing allrounder,37.0,,142.30769230769232,17.0,7.927007299270073,142.30769230769232,-32.99999999999999,-0.9999999999999998,14.0,23.13
56238,Saurabh Singh,False,0.4245179312192085,finisher,106.0,,112.76595744680851,0.0,9.0,112.76595744680851,-99.99999999999997,,12.0,25.9
5626,Adithya Ganesh,False,0.5322718823107404,top/middle,547.0,,108.74751491053678,,,6.460822586204839,-26.999999999999986,,24.0,34.13
5627,Siddharth Sivasubramani,False,0.4471237977350876,opener,104.0,,102.97029702970298,,,1.2800687589124795,-73.99999999999999,,8.0,
5630,Pradosh Paul,False,0.5411233704705,top/middle,667.0,,109.52380952380952,1.0,0.0,6.7161538049192115,25.099999999999998,,34.0,24.93
56325,Vikas Singh,False,0.4196869271120722,finishing allrounder,3.0,,33.333333333333336,20.0,5.896848137535817,33.333333333333336,0.9999999999999998,1.9999999999999996,16.0,-14.1
56330,Badal Balyan,False,0.4304572583461664,finisher,205.0,,137.58389261744966,,,137.58389261744966,-116.99999999999997,,13.0,26.19
5634,Anand Subramanian,False,0.5291070424274754,top/middle,317.0,,122.86821705426357,,,3.8051959626952576,-208.99999999999994,,14.0,39.87
56340,Anuj Singh,False,0.3816072656692042,finisher,24.0,,114.28571428571429,,,114.28571428571429,,,2.0,23.99
56343,Akhil,False,0.45629186987261483,finishing allrounder,202.0,,121.6867469879518,19.0,6.361204013377926,121.6867469879518,-67.99999999999999,-4.999999999999998,16.0,25.9
56346,Avilin Ghosh,False,0.44934484149832665,finishing allrounder,172.0,,103.6144578313253,2.0,6.888888888888889,103.6144578313253,-21.999999999999996,,15.0,35.18
5635,Akash Sumra,False,0.4772242975795799,finishing allrounder,63.0,,94.02985074626865,5.0,6.96,2.1020883703157245,29.999999999999993,7.850462293418875e-17,13.0,
56350,Vishvajeet Mishra,False,0.39732833910436577,finisher,9.0,,64.28571428571429,,,64.28571428571429,,,3.0,24.18
56359,Sukhmeet Singh,False,0.42862423563376434,finishing allrounder,14.0,,82.3529411764706,16.0,7.475409836065574,82.3529411764706,-7.999999999999998,-3.999999999999999,12.0,22.05
56360,Sayed Irfan-Aftab,False,0.4312672100234579,finishing allrounder,19.0,,86.36363636363636,21.0,6.42023346303502,86.36363636363636,14.999999999999995,0.9999999999999998,14.0,22.02
56362,Aditya Purohit,False,0.4387211357626435,opener,321.0,,134.30962343096235,0.0,13.0,134.30962343096235,-2.9999999999999996,,14.0,31.03
56364,Ankit Chatterjee,False,0.39419168266675714,opener,37.0,,100.0,,,100.0,36.99999999999999,,3.0,16.83
56365,Nitin Verma,False,0.41711277681718806,finishing allrounder,2.0,,100.0,13.0,6.44,100.0,,,7.0,-14.1
56366,Rishabh Chaudhary,False,0.4010950844009146,top/middle,198.0,,128.57142857142858,2.0,4.75,128.57142857142858,,,9.0,23.48
56369,Priyam Sarkar,False,0.4122180223415483,finisher,47.0,,106.81818181818181,,,106.81818181818181,-8.999999999999996,,11.0,31.93
5637,M Ganesh Moorthi,False,0.48132328694665566,finishing allrounder,21.0,,65.625,15.0,6.877358490566038,1.0442305287103035,-10.999999999999998,-0.9000000000000002,22.0,
56370,Akshay Ramani,False,0.39736890554589144,finisher,0.0,,0.0,,,0.0,,,1.0,24.18
5638,Athisayaraj Davidson,False,0.5385225393482578,finishing allrounder,13.0,,118.18181818181819,48.0,7.618915159944367,0.572771487722569,2.0,1.0,31.0,33.47
56380,Priyanshu Gaurav Srivastav,False,0.45318092685688527,top/middle,513.0,,136.43617021276594,,,136.43617021276594,-176.99999999999991,,13.0,25.45
56384,Ayush Ghosh,False,0.38206516376646965,finishing allrounder,1.0,,100.0,0.0,8.88,100.0,,,5.0,18.1
56386,Akash Biswas,False,0.40609035853901654,finisher,1.0,,50.0,0.0,6.0,50.0,,,2.0,32.04
56387,Deepak Kumar Mahato,False,0.43817989627414006,finishing allrounder,84.0,,105.0,1.0,5.294117647058823,14.131697255959539,47.99999999999999,,9.0,24.99
56391,Saksham Sharma,False,0.43165280750096646,finishing allrounder,31.0,,182.35294117647058,15.0,7.0144927536231885,182.35294117647058,,8.999999999999996,11.0,28.75
56393,Harsimar Singh Patheja,False,0.37793746970656517,opener,4.0,,50.0,,,50.0,,,1.0,30.13
56395,Nuruddin Mandal,False,0.3881913774698043,finishing allrounder,2.0,,66.66666666666667,18.0,6.4,66.66666666666667,,,8.0,21.78
5645,Laxmesha Suryaprakash,False,0.5458069974242095,top/middle,492.0,,113.88888888888889,,,9.983937271652012,-35.8,,27.0,36.16
56463,Nikhil Singh,False,0.38908758377226216,finishing allrounder,13.0,,54.166666666666664,3.0,7.0,54.166666666666664,,,7.0,35.2
56465,Deepak Kumar,False,0.4188899766032463,finishing allrounder,2.0,,100.0,12.0,8.287128712871286,100.0,,-5.999999999999999,10.0,25.05
56467,Arjun Singh,False,0.40991015142520965,finishing allrounder,56.0,,94.91525423728814,0.0,7.5,94.91525423728814,41.999999999999986,,14.0,18.03
5648,Anirudh Sita Ram,False,0.5516101736256587,top/middle,758.0,,115.90214067278288,,,6.965720789744746,-8.9,,37.0,31.24
5649,Ajith Ram,False,0.5416062786890878,finishing allrounder,53.0,,80.3030303030303,35.0,6.677551020408163,2.413223718975522,1.2999999999999998,-1.0,35.0,27.23
5650,S Harish Kumar,False,0.549092218634906,finishing allrounder,446.0,,129.2753623188406,32.0,8.990066225165563,6.285197510096162,-1.9999999999999982,-1.0,40.0,
5651,Akshay V Srinivasan,False,0.48690839343333814,top/middle,79.0,,84.94623655913979,0.0,5.0,0.8496110216362514,-24.499999999999986,,13.0,31.49
56516,Vishal Bhati,False,0.4318880897090483,batting allrounder,161.0,,123.84615384615384,12.0,5.846938775510204,123.84615384615384,92.99999999999999,5.999999999999999,14.0,20.03
56517,Ashutosh Kumar,False,0.4172533894477256,finishing allrounder,13.0,,61.904761904761905,1.0,6.865979381443299,61.904761904761905,2.9999999999999996,0.9999999999999998,12.0,17.18
56538,Vivek Singh,False,0.40295251230424795,finisher,41.0,,87.23404255319149,,,87.23404255319149,,,4.0,20.11
56541,Manvir Singh Heer,False,0.3929182086594004,opener,1.0,,12.5,,,12.5,,,2.0,19.05
56543,Kunwarjeet Singh Ballagan,False,0.41496213672420734,top/middle,68.0,,130.76923076923077,,,130.76923076923077,,,7.0,26.18
56544,Gurmehar Singh Sra,False,0.4185427358584877,top/middle,164.0,,145.13274336283186,,,145.13274336283186,87.99999999999999,,11.0,24.59
56548,Rahul Kumar,False,0.4226216098324146,top/middle,142.0,,110.9375,,,110.9375,,,8.0,18.57
56550,Arjun Rajput,False,0.4080196264909246,finishing allrounder,17.0,,70.83333333333333,0.0,7.875,70.83333333333333,,,6.0,18.17
56554,Abhishek Kumar,False,0.4528972040484978,finishing allrounder,195.0,,110.79545454545455,7.0,6.56,3.6502319942855412,-44.999999999999986,4.999999999999998,15.0,28.03
56555,Krish Nanda,False,0.3995303430514277,finishing allrounder,0.0,,0.0,0.0,8.571428571428571,0.0,,0.0,2.0,20.25
56556,Aseem Kohli,False,0.40496133972907955,finishing allrounder,7.0,,87.5,0.0,5.25,87.5,,,3.0,23.98
56559,Kartik Chadha,False,0.43840834637381115,finishing allrounder,26.0,,108.33333333333333,23.0,7.335616438356165,108.33333333333333,-11.999999999999998,4.999999999999998,14.0,21.32
56560,Parvjot Singh,False,0.4061498617231489,finisher,24.0,,126.3157894736842,,,126.3157894736842,21.999999999999996,,2.0,20.09
56561,Parmish Kumar,False,0.4028189039718826,top/middle,10.0,,90.9090909090909,,,90.9090909090909,,,1.0,19.18
56562,Sahil Chander,False,0.40554169806465895,top/middle,13.0,,76.47058823529412,,,76.47058823529412,,,5.0,25.9
56563,Jovanpreet Singh,False,0.39577326201358176,opener,9.0,,75.0,,,75.0,,,1.0,21.81
56565,Jeevanjot Singh Bajwa,False,0.4086740181484799,finisher,22.0,,137.5,,,137.5,,,1.0,20.2
56567,Chintan Randhan,False,0.41570854582361294,finishing allrounder,15.0,,125.0,0.0,15.0,125.0,,,1.0,25.9
56571,Sahil Sharma,False,0.45530435400613406,finishing allrounder,198.0,,154.6875,3.0,9.375,154.6875,-97.99999999999999,,17.0,23.31
56573,Inderpreet Singh,False,0.4185688263547146,finishing allrounder,17.0,,100.0,2.0,9.0,100.0,-4.999999999999998,1.9999999999999996,7.0,26.57
56575,Jass Inder Singh Baidwan,False,0.43368454148308744,finishing allrounder,13.0,,72.22222222222223,6.0,8.878612716763005,72.22222222222223,,,12.0,28.95
56578,Shubham Rana,False,0.4148104952609426,finishing allrounder,1.0,,16.666666666666668,13.0,6.898550724637682,16.666666666666668,,-2.9999999999999996,12.0,19.5
5658,Gowtham Kannan,False,0.4958173282059262,finishing allrounder,6.0,,200.0,22.0,7.447876447876448,1.6345055565958637,,0.9000000000000002,28.0,
56581,Anil Yadav,False,0.43610328933818765,finisher,157.0,,130.83333333333334,,,130.83333333333334,56.99999999999997,,9.0,28.12
56583,Lovekirat Singh,False,0.3774593935284943,finisher,0.0,,0.0,1.0,5.0,0.0,,,1.0,25.02
56584,Sarthak Sharma,False,0.38646592724467427,top/middle,24.0,,68.57142857142857,,,68.57142857142857,,,3.0,24.1
5659,Abhishek Tanwar,False,0.5871588076990313,finishing allrounder,323.0,,156.03864734299518,61.0,7.674418604651163,2.6628725760164333,-13.100000000000001,0.3000000000000003,40.0,34.11
56592,Abhijeet Tah,False,0.4523746595832816,opener,390.0,,148.85496183206106,0.0,19.0,5.464767864049278,1.9999999999999996,,13.0,24.9
56593,Shobit Sharma,False,0.40581423612681355,top/middle,78.0,,91.76470588235294,,,91.76470588235294,,,7.0,24.9
56594,Harsh Sahu,False,0.43470276299215377,top/middle,162.0,,132.78688524590163,,,4.175730889792017,105.99999999999999,,13.0,24.9
56595,Mohammad Irfan,False,0.47248766461745645,finishing allrounder,439.0,,130.6547619047619,14.0,7.5524475524475525,9.142157619033679,130.99999999999997,-1.9999999999999996,19.0,24.9
56596,Rudra Pratap,False,0.4191826540156397,finishing allrounder,1.0,,50.0,14.0,8.015444015444016,50.0,0.9999999999999998,0.0,12.0,24.9
56598,Harsh Sharma,False,0.45119198871126265,top/middle,280.0,,113.36032388663968,2.0,6.7894736842105265,5.563652808344432,-13.999999999999996,,16.0,24.9
56599,Vaibhav Sahu,False,0.4472119652277607,finishing allrounder,267.0,,136.22448979591837,3.0,7.9714285714285715,5.889084002778259,174.99999999999994,,15.0,24.9
5660,Kavin Ravi,False,0.49475119657209476,top/middle,419.0,,105.54156171284635,,,3.001545278187845,16.700000000000003,,22.0,
56600,Om Vaishnav,False,0.4170792236129502,finishing allrounder,21.0,,91.30434782608695,6.0,7.1891891891891895,12.850217672594276,,5.999999999999999,5.0,24.9
56603,Vijay Yadav,False,0.4523716400787556,finishing allrounder,122.0,,158.44155844155844,16.0,8.043956043956044,4.055455996192894,67.99999999999999,-5.999999999999999,10.0,-41.3
56604,Abdul Anas Khan,False,0.44426401431871865,finishing allrounder,133.0,,158.33333333333334,6.0,8.503311258278146,158.33333333333334,52.99999999999999,3.999999999999999,9.0,25.9
56605,Prabhat Anand,False,0.41956172904096467,top/middle,45.0,,128.57142857142858,0.0,6.461538461538462,128.57142857142858,,,2.0,25.9
56608,Naman Dhruw,False,0.41868710083133964,finishing allrounder,9.0,,69.23076923076923,11.0,8.231155778894472,3.0951137282417216,,10.999999999999998,11.0,25.9
56609,Sangeet Soni,False,0.4654151435750044,opener,514.0,,146.85714285714286,,,9.077020712761971,165.99999999999997,,16.0,25.9
5661,Chaturved Sarangarajan,False,0.5654331055728313,top/middle,646.0,,128.94211576846308,,,3.8144169429521693,-28.300000000000004,,36.0,35.06
56610,Altmash Khan,False,0.4137488034381996,finisher,26.0,,61.904761904761905,3.0,8.0,3.7924074639417165,15.999999999999996,2.9999999999999996,3.0,25.9
56611,Rishi Sharma,False,0.42601710774286716,batting allrounder,161.0,,100.625,2.0,7.868852459016393,9.868901595175204,92.99999999999999,,11.0,25.9
56612,Prabhash Shukla,False,0.3757352992167708,finisher,1.0,,33.333333333333336,2.0,7.666666666666667,33.333333333333336,,,2.0,25.9
56613,Rahul Pradhan,False,0.4596136926709535,top/middle,345.0,,124.10071942446044,,,5.19429018445002,122.99999999999997,,15.0,25.9
56615,Anand Rao,False,0.480403071700664,batting allrounder,359.0,,143.6,21.0,8.419354838709678,7.086490724373083,224.99999999999994,4.999999999999998,17.0,20.46
56618,Shashwat Sharda,False,0.4103045006645587,top/middle,122.0,,120.79207920792079,,,6.351123273365281,,,8.0,25.9
56619,Rohan Taank,False,0.42674113131026664,finishing allrounder,12.0,,100.0,9.0,8.285714285714286,100.0,9.999999999999996,6.999999999999998,8.0,25.9
5662,Rohit Ramalingam,False,0.5310264288606745,finishing allrounder,72.0,,114.28571428571429,17.0,8.00561797752809,2.233571206021527,2.285714285714285,-0.8285714285714285,21.0,33.57
56620,Snehil Chadda,False,0.453076730374535,finishing allrounder,24.0,,126.3157894736842,21.0,8.028776978417266,3.0387146118785595,15.999999999999996,-6.999999999999998,15.0,25.9
56621,Imtiyaj Khan,False,0.4468817009353295,finishing allrounder,170.0,,139.34426229508196,10.0,9.492537313432836,1.9435721219834807,,5.999999999999999,13.0,25.9
56622,Darvansh Bhuppal,False,0.3783834596586287,finisher,2.0,,100.0,0.0,17.0,100.0,,,1.0,25.9
56623,Harsh Yadav,False,0.45399998035669836,finishing allrounder,95.0,,211.11111111111111,22.0,8.78,0.9977631273481646,78.99999999999997,-5.999999999999999,15.0,25.9
56624,Md Faiz,False,0.40604978869706376,opener,272.0,,135.3233830845771,,,135.3233830845771,,,7.0,22.2
56625,Mayank Verma,False,0.4048808047787639,top/middle,164.0,,123.30827067669173,,,4.167764933014802,,,9.0,22.1
56626,Aditya Singh,False,0.42636178706863975,opener,179.0,,154.31034482758622,,,154.31034482758622,,,5.0,25.9
56627,Anurag Sahu,False,0.42825118161375963,finisher,215.0,,127.2189349112426,,,8.114155783446297,48.99999999999999,,12.0,25.9
5663,RS Sinivas,False,0.495133845281477,finishing allrounder,128.0,,128.0,10.0,7.614213197969543,2.789485920284303,13.999999999999998,3.999999999999999,14.0,
56630,Nitant Singh,False,0.3775362478474909,finisher,2.0,,50.0,1.0,7.578947368421052,50.0,,,4.0,25.9
56631,Aditya Agarwal,False,0.3888762441756181,finishing allrounder,2.0,,100.0,2.0,6.489795918367347,100.0,,,4.0,46.89
56632,Hamid Raza,False,0.4462550612482577,finishing allrounder,65.0,,144.44444444444446,8.0,8.76923076923077,3.575712256798071,34.999999999999986,-3.999999999999999,9.0,25.9
56633,Ravi Roshan Singh,False,0.39286129431144373,finishing allrounder,5.0,,125.0,7.0,7.282051282051282,125.0,,,8.0,25.9
56634,Dzu Kivnoor Singh,False,0.4212302838002775,finisher,92.0,,127.77777777777777,,,127.77777777777777,,,4.0,25.9
56635,Dzv Ashish Pandey,False,0.44075248949415835,top/middle,190.0,,120.25316455696202,1.0,10.857142857142858,3.9371950160858695,111.99999999999997,0.9999999999999998,11.0,25.9
56637,Abhishek Khare,False,0.4244243142489189,finishing allrounder,9.0,,150.0,5.0,6.411764705882353,150.0,,,5.0,
56638,Garv Singh,False,0.37736641452785114,top/middle,0.0,,0.0,,,0.0,,,1.0,22.68
56639,Shreyam Sundram,False,0.43673858844783275,finishing allrounder,69.0,,146.80851063829786,14.0,5.9781818181818185,1.881407583479108,,13.999999999999996,13.0,25.9
5664,Vignesh G Venkatesh,False,0.3872259204212245,opener,0.0,,0.0,,,0.0,,,1.0,
56640,Mohammad Sohail,False,0.3859634466628692,finishing allrounder,3.0,,100.0,13.0,8.043956043956044,100.0,,,5.0,25.9
56641,Daksh Kumar Parakh,False,0.42337724727634035,top/middle,111.0,,121.97802197802197,,,13.64707518880802,22.999999999999993,,10.0,25.9
56643,Arin Dwivedi,False,0.42450425597506647,finishing allrounder,3.0,,60.0,6.0,7.465116279069767,2.062970720135751,-0.9999999999999998,1.9999999999999996,7.0,25.9
56646,Anurag Mishra,False,0.4401709558518981,finisher,119.0,,136.7816091954023,,,3.5955940176336565,48.99999999999999,,5.0,25.9
56647,Deepak Singh Baghel,False,0.3858512789618569,finishing allrounder,0.0,,0.0,1.0,7.714285714285714,0.0,,,2.0,25.9
56648,Jitesh Chouhan,False,0.40331293479151925,finishing allrounder,4.0,,28.571428571428573,0.0,9.483870967741936,2.2925059986757863,,,4.0,25.9
56649,Jitesh Verma,False,0.44122226840233386,finishing allrounder,54.0,,96.42857142857143,8.0,7.836734693877551,1.4464903222881265,47.99999999999999,1.9999999999999996,11.0,25.9
5665,Sanjay Yadav,True,0.6850283694844719,batting allrounder,1115.0,,139.8996235884567,26.0,6.7542857142857144,1.556686460438582,-8.59999999999999,-1.3,41.0,30.55
56650,Bharat Gondwani,False,0.445692779454549,finishing allrounder,39.0,,130.0,6.0,9.439490445859873,4.302724965591948,-18.99999999999999,0.0,8.0,25.9
56651,Vaibhav Pandey,False,0.40000775572518343,finisher,5.0,,50.0,,,50.0,,,3.0,25.9
56652,Shubham Maurya,False,0.4101286357559301,top/middle,218.0,,124.57142857142857,7.0,5.571428571428571,7.531635952135555,,,8.0,25.9
56654,Alok Sahu,False,0.4342272233799635,finisher,160.0,,111.8881118881119,,,6.833693800457563,-59.99999999999998,,11.0,36.06
56655,Satyam Dubey,False,0.42306710888598964,finishing allrounder,8.0,,66.66666666666667,16.0,10.142857142857142,66.66666666666667,-7.999999999999998,1.9999999999999996,14.0,23.19
56656,Kritesh Sahu,False,0.4366354648502734,top/middle,168.0,,137.70491803278688,,,3.558937129060802,23.999999999999996,,8.0,25.9
56657,Pawan Parnate,False,0.47001816431411164,top/middle,346.0,,130.56603773584905,,,3.7480411462421195,53.999999999999986,,18.0,25.9
56659,Ayush Sharma,False,0.40940027499463016,top/middle,35.0,,94.5945945945946,1.0,11.142857142857142,4.468234509411872,,,4.0,31.53
5666,Arun S,False,0.472074087377716,batting allrounder,68.0,,78.16091954022988,2.0,8.222222222222221,4.761393662470153,-30.999999999999986,0.9999999999999998,9.0,25.46
56661,Abhyuday Singh,False,0.4158261381502779,finishing allrounder,5.0,,250.0,12.0,7.188679245283019,250.0,,11.999999999999998,11.0,25.9
56662,Dhananjay Nayak,False,0.42764358533325586,finishing allrounder,23.0,,100.0,6.0,8.364705882352942,100.0,-20.999999999999993,-1.9999999999999996,10.0,25.9
56664,Akash Sharma,False,0.41806202767698075,finishing allrounder,1.0,,14.285714285714286,1.0,10.340425531914894,14.285714285714286,,,4.0,33.13
56665,Shivam Verma,False,0.40373229539411226,finishing allrounder,1.0,,100.0,1.0,9.692307692307692,100.0,,,1.0,18.45
56666,Ian Singh,False,0.4035363874570266,finisher,0.0,,0.0,1.0,10.0,0.0,,,1.0,25.9
56668,Mohammad Hussain,False,0.4237436540075327,finisher,25.0,,113.63636363636364,,,113.63636363636364,,,5.0,49.13
56669,Daksh Parakh,False,0.4183744042648492,top/middle,55.0,,177.41935483870967,,,177.41935483870967,,,3.0,25.9
56676,Dev Singh,False,0.4246857808711492,finishing allrounder,18.0,,94.73684210526316,4.0,8.444444444444445,94.73684210526316,,,5.0,25.9
5668,Hari Nishaanth,True,0.6568737479791327,opener,1380.0,,121.90812720848056,5.0,7.928571428571429,6.066499606001432,-91.90000000000002,0.4000000000000001,50.0,29.28
56685,Abdullah Ahmadzai,False,0.3907269521786714,finishing allrounder,1.0,,16.666666666666668,3.0,9.402985074626866,0.6604088253131131,,,4.0,
56693,Gautam Shastry,False,0.4047848621362987,top/middle,136.0,,87.17948717948718,,,87.17948717948718,-23.999999999999996,,15.0,24.12
56697,P Shailesh Vaithianathan,False,0.39801922440276727,finisher,140.0,,116.66666666666667,,,116.66666666666667,137.99999999999997,,11.0,16.41
5670,R Silambarasan,False,0.5587511895343927,finishing allrounder,35.0,,92.10526315789474,47.0,7.181434599156118,1.7832308262149208,0.8000000000000007,0.5,34.0,32.72
56705,Ritesh Gudge,False,0.45588903321415486,top/middle,250.0,,132.27513227513228,2.0,9.0,132.27513227513228,,,12.0,33.48
56712,Sabhay Chadha,False,0.4693944572479166,finishing allrounder,133.0,,154.65116279069767,29.0,7.964601769911504,154.65116279069767,-90.99999999999999,-6.999999999999998,19.0,27.56
56715,Samarth Saxena,False,0.38587815690887034,opener,16.0,,61.53846153846154,,,61.53846153846154,,,2.0,26.21
56716,Mohammed Waseef Mukadam,False,0.4365161213339526,finisher,235.0,,126.34408602150538,,,126.34408602150538,-66.99999999999997,,14.0,32.26
56722,K Sai Satwik,False,0.4178854020638038,top/middle,220.0,,112.24489795918367,,,112.24489795918367,,,10.0,20.23
56732,Bharat Rawat,False,0.37874682810820187,finisher,11.0,,91.66666666666667,,,91.66666666666667,,,1.0,22.78
56733,Anishvishagan G P,False,0.4040714027637302,finisher,31.0,,67.3913043478261,,,67.3913043478261,,,4.0,20.4
5674,S Santosh Shiv,False,0.46764894501375237,opener,252.0,,113.51351351351352,,,6.929782579881277,-18.742857142857147,,14.0,
56756,Sunny Pandey,False,0.4206841876564106,finisher,66.0,,160.97560975609755,,,0.7013957075135288,,,5.0,25.9
5676,Suresh Lokeshwar,False,0.5311512458793167,top/middle,560.0,,122.5382932166302,,,3.929071734219712,37.7142857142857,,24.0,27.73
56763,Indrajeet Kumar,False,0.4155985494114664,finishing allrounder,5.0,,29.41176470588235,8.0,7.328571428571428,29.41176470588235,,,8.0,26.12
56767,Akshant Baghel,False,0.39884972567203236,finishing allrounder,61.0,,124.48979591836735,3.0,8.228571428571428,124.48979591836735,,,2.0,25.02
5678,Shoaib Md Khan,False,0.4862202667219453,finishing allrounder,16.0,,133.33333333333334,2.0,6.967741935483871,133.33333333333334,,,2.0,34.24
5679,Vishal Vaidhya,False,0.5076706298183902,top/middle,452.0,,111.05651105651106,,,3.833956167873725,-32.400000000000006,,18.0,
56795,Vikrant Bhadoriya,False,0.43872869745447884,batting allrounder,86.0,,130.3030303030303,2.0,8.783505154639176,127.58620689655173,11.999999999999998,-1.9999999999999996,9.0,25.0
56797,Himanshu Shinde,False,0.42729497341197303,finishing allrounder,105.0,,111.70212765957447,3.0,6.244897959183674,91.30434782608695,62.99999999999998,0.9999999999999998,10.0,
56799,Prithviraj Raghvendra Singh Tomar,False,0.43565300292410364,opener,379.0,,155.96707818930042,0.0,9.333333333333334,160.31746031746033,176.99999999999991,0.0,11.0,23.2
5680,R Sonu Yadav,False,0.6165360687677605,finishing allrounder,537.0,,129.3975903614458,80.0,6.9209039548022595,4.856860288200398,16.2,-0.6000000000000004,49.0,26.04
56800,Shivam Shukla,False,0.45840717049654756,finishing allrounder,8.0,,66.66666666666667,27.0,6.774193548387097,1.3848367389056027,-5.999999999999999,-1.9999999999999996,16.0,25.9
56801,Parth Goswami,False,0.4073033954993805,top/middle,18.0,,105.88235294117646,,,105.88235294117646,,,1.0,25.9
56802,Harsh Dixit,False,0.4346334604998691,top/middle,218.0,,139.74358974358975,0.0,6.0,136.1904761904762,-67.99999999999999,,11.0,25.9
56803,Shubham Rathore,False,0.41178716584481123,finisher,32.0,,96.96969696969697,,,96.96969696969697,,,4.0,25.9
56805,Parth Chaudhary,False,0.4089995127349447,opener,214.0,,168.50393700787401,,,,,,7.0,25.9
56806,Kanishk Dubey,False,0.42652054629997216,finisher,163.0,,142.98245614035088,,,130.76923076923077,26.999999999999993,,13.0,25.9
56807,Aryan Rakesh Deshmukh,False,0.4273443665392388,finisher,36.0,,163.63636363636363,1.0,4.0,163.63636363636363,,,2.0,22.89
56809,Ankur Singh Chauhan,False,0.43650848855236085,finishing allrounder,88.0,,179.59183673469389,2.0,11.1,120.0,75.99999999999996,0.0,10.0,25.9
5681,Rajkumar Ravichandran,False,0.5411763975863351,finishing allrounder,554.0,,157.83475783475782,18.0,7.16205533596838,5.351808317442134,36.400000000000006,0.29999999999999993,34.0,
56810,Abhishek Pathak,False,0.4779505317705977,opener,566.0,,219.3798449612403,2.0,9.789473684210526,56.774789421796775,-25.999999999999986,-1.9999999999999996,14.0,28.77
56811,Tripuresh Singh,False,0.4696231637703691,finishing allrounder,138.0,,172.5,35.0,7.834123222748815,1.13504105069446,108.99999999999994,-10.999999999999998,19.0,25.9
56812,Ishan Afridi,False,0.4290480158642953,finishing allrounder,18.0,,138.46153846153845,4.0,11.125,138.46153846153845,,,4.0,24.11
56815,Arpit Patel,False,0.4399437494488984,finishing allrounder,99.0,,125.31645569620254,9.0,7.136094674556213,122.85714285714286,12.999999999999993,4.999999999999998,12.0,25.9
56816,Sanjoy Singh Nijjer,False,0.4255096704754273,finisher,98.0,,171.9298245614035,,,162.16216216216216,-21.999999999999996,,11.0,25.9
56817,Shivang Kumar,False,0.4392267768422109,batting allrounder,235.0,,155.6291390728477,9.0,6.879310344827586,125.60975609756098,16.999999999999996,5.999999999999999,13.0,25.9
56818,Apurve Dwivedi,False,0.42568410342754776,opener,262.0,,157.83132530120483,,,126.92307692307692,63.999999999999986,,12.0,25.9
56819,Ramveer Singh Gurjar,False,0.38722943088413714,finishing allrounder,1.0,,50.0,11.0,8.544,,,,7.0,25.9
5682,S Mohan Prasath,False,0.5294772323285618,finishing allrounder,11.0,,44.0,33.0,7.060382916053019,1.2555505419391773,1.0999999999999999,2.808666774861361e-16,34.0,27.41
56820,Vishnu Bhardwaj,False,0.4152141302266893,finishing allrounder,1.0,,50.0,11.0,8.360655737704919,50.0,,-6.999999999999998,10.0,25.9
56822,Aman Singh Solanki,False,0.39843749643655835,finisher,5.0,,71.42857142857143,,,71.42857142857143,,,2.0,25.9
56823,Devansh Vishwakarma,False,0.39981716798220424,finisher,13.0,,61.904761904761905,,,61.904761904761905,,,3.0,25.9
56824,Lucky Mishra,False,0.41522935835284114,finishing allrounder,17.0,,100.0,2.0,10.054054054054054,100.0,,,3.0,25.9
56825,Goutam Joshi,False,0.40106551552988945,finisher,71.0,,154.34782608695653,0.0,10.285714285714286,,,,5.0,25.9
56826,Kartik Parihar,False,0.41069580406083533,top/middle,46.0,,124.32432432432432,,,124.32432432432432,,,4.0,25.9
56827,Akshay Singh,False,0.42492102388472014,finishing allrounder,5.0,,35.714285714285715,2.0,10.181818181818182,41.666666666666664,-4.999999999999998,-1.9999999999999996,7.0,29.22
56828,Harshvardhan Singh,False,0.4145924992788387,finishing allrounder,4.0,,100.0,6.0,9.842105263157896,100.0,,-3.999999999999999,6.0,25.9
56830,Madhav Tiwari,True,0.5322382488862196,finishing allrounder,207.0,,162.99212598425197,6.0,10.343558282208589,1.4545689302041096,60.999999999999986,-1.9999999999999996,18.0,25.16
56834,Priyanshu Shukla,False,0.4283328067444934,finishing allrounder,21.0,,262.5,11.0,10.5,262.5,,,5.0,25.9
5684,Abhinav Mohan,False,0.45801610429478123,finishing allrounder,2.0,,28.571428571428573,2.0,8.947368421052632,4.231618068683929,0.0,-1.9999999999999996,5.0,30.75
5686,Rajhamany Srinivasan,False,0.466948331916989,top/middle,125.0,,105.04201680672269,,,105.04201680672269,,,7.0,40.19
5687,L Kiran Akash,False,0.4835450349514835,finishing allrounder,26.0,,72.22222222222223,23.0,7.364485981308412,4.065216841513516,-3.7857142857142874,-2.8999999999999995,16.0,
5689,Swaminathan Shankar,False,0.46510601068210405,finishing allrounder,42.0,,107.6923076923077,6.0,6.512820512820513,107.6923076923077,,,9.0,
5690,Shajahan Mohamed,False,0.4688054069077943,finisher,87.0,,90.625,1.0,8.142857142857142,2.5813194985308345,-13.1,,16.0,
5691,Kaushik Gandhi,False,0.5550619704213395,opener,574.0,,111.89083820662768,3.0,7.2,6.866895131932624,-33.99999999999999,0.0,26.0,35.76
5692,Aushik Srinivas,False,0.4912869555095511,finishing allrounder,2.0,,100.0,13.0,7.086206896551724,100.0,,-0.3,22.0,32.7
5699,Santha Moorthy,False,0.4742076878227692,finishing allrounder,17.0,,80.95238095238095,16.0,8.136986301369863,80.95238095238095,,-2.4615384615384617,11.0,46.21
57003,Akram Khan M,False,0.407153826762538,finisher,12.0,,75.0,,,1.2117321465424022,,,2.0,25.9
57004,Sachin Rathi,False,0.41971863688267197,finishing allrounder,3.0,,15.789473684210526,10.0,8.204819277108435,0.7590419585691863,,7.999999999999998,8.0,22.06
57007,Pankaj Sharma,False,0.4277667892515437,top/middle,80.0,,190.47619047619048,,,190.47619047619048,,,1.0,25.9
57064,B Rilasa Reddy,False,0.39819678318754337,top/middle,0.0,,0.0,,,0.0,,,2.0,19.99
57070,S D N V Prasad,False,0.4356139212883139,finisher,258.0,,135.78947368421052,,,6.185244538134302,-101.99999999999997,,19.0,22.07
57081,P Manikanta Gangadhar,False,0.4115212528947714,finishing allrounder,1.0,,100.0,7.0,9.36,100.0,,-0.9999999999999998,4.0,26.07
571,Parvez Aziz,False,0.4901205864657259,finishing allrounder,108.0,,121.34831460674157,10.0,5.55,9.896641742293436,-15.0,5.999999999999999,14.0,37.97
5737,Ashwin Venkataraman,False,0.4560804532249667,top/middle,59.0,,73.75,,,2.5773726051171186,-46.999999999999986,,8.0,36.41
57373,P Nirmal Kumar,False,0.44493123257258993,finishing allrounder,123.0,,105.12820512820512,1.0,9.9,2.653885976453364,24.999999999999993,0.9999999999999998,11.0,23.73
5738,Xavier Bartlett,True,0.5149260325428329,finishing allrounder,29.0,,67.44186046511628,20.0,7.834862385321101,0.8842435060227735,18.99999999999999,3.999999999999999,18.0,26.94
57383,Arunraj S,False,0.39683201733994855,finisher,3.0,,60.0,,,60.0,,,2.0,23.28
5739,R Vivek,False,0.5660531231799072,batting allrounder,637.0,,141.8708240534521,10.0,7.949238578680203,11.413011091468618,-32.4,-1.142857142857143,37.0,34.46
57431,Arasada Kishore,False,0.4104586117796974,top/middle,18.0,,46.15384615384615,,,46.15384615384615,,,2.0,28.31
57432,Sayed Izharuddin,False,0.39053218722594496,finisher,27.0,,69.23076923076923,,,69.23076923076923,,,3.0,25.9
57433,S Dinesh Raj,False,0.4434586045441774,finisher,68.0,,144.68085106382978,,,1.2985720838509578,-11.999999999999998,,17.0,23.06
57435,Gaurav Choudhary,False,0.4245080597205943,opener,78.0,,165.95744680851064,,,165.95744680851064,,,4.0,36.1
57437,Soumya Biswal,False,0.3920474660229585,finisher,6.0,,60.0,,,60.0,,,3.0,
57438,Biki Nag,False,0.4137072872188585,finishing allrounder,7.0,,100.0,3.0,6.0,100.0,,,3.0,
57441,Asutosh Marndi,False,0.4061372844063411,finishing allrounder,11.0,,50.0,2.0,6.285714285714286,50.0,,,3.0,
57442,Prasanta Rana,False,0.40870028751733206,finishing allrounder,0.0,,0.0,12.0,7.014084507042254,0.0,,0.0,8.0,
57443,Sujal Singh,False,0.42296866814094786,finisher,216.0,,113.08900523560209,,,113.08900523560209,31.999999999999993,,9.0,
57444,Subham Biswal,False,0.3945275685070974,opener,14.0,,100.0,,,100.0,,,1.0,
57445,Liladhar Pradhan,False,0.41100782739050923,finisher,36.0,,124.13793103448276,,,124.13793103448276,,,4.0,
57447,Hemanta Nayak,False,0.3926856074644931,finisher,11.0,,68.75,,,68.75,,,1.0,
57448,S Mohanty,False,0.406749913022945,top/middle,37.0,,78.72340425531915,,,78.72340425531915,,,3.0,
57450,Aryashree Bhatta,False,0.402276820282726,finisher,57.0,,90.47619047619048,,,90.47619047619048,16.999999999999996,,9.0,
57452,Swayam Routray,False,0.4046937475330294,finishing allrounder,4.0,,57.142857142857146,2.0,7.297297297297297,57.142857142857146,,0.0,6.0,
57455,Soubhagya Mishra,False,0.3970014533397101,opener,41.0,,75.92592592592592,,,75.92592592592592,,,3.0,
57456,Gurudipan Jena,False,0.3972761158837178,finisher,17.0,,77.27272727272727,,,77.27272727272727,,,2.0,
57457,Subhasis Mirdha,False,0.3977319480657416,finisher,8.0,,72.72727272727273,,,72.72727272727273,,,2.0,
57458,Venkatesh Vande,False,0.3953484389053894,opener,11.0,,91.66666666666667,,,91.66666666666667,,,2.0,
57459,Sambit Baral,False,0.43937836465225233,finishing allrounder,153.0,,131.89655172413794,7.0,9.19047619047619,131.89655172413794,-12.999999999999993,-0.9999999999999998,8.0,
57461,Nitish Samantaray,False,0.39493147124519234,opener,21.0,,100.0,,,100.0,,,1.0,
57463,Raghvendra Tripathy,False,0.3984161919122133,top/middle,22.0,,73.33333333333333,,,73.33333333333333,,,2.0,
57465,Vimal Kumar,False,0.4121648436583071,finishing allrounder,5.0,,125.0,14.0,7.341614906832298,125.0,,7.999999999999998,9.0,
57466,Girija Barik,False,0.4014999285797922,top/middle,43.0,,95.55555555555556,,,95.55555555555556,,,2.0,
57468,Ayaskant Sahu,False,0.40510136397270124,finishing allrounder,0.0,,0.0,2.0,6.9,0.0,,,3.0,
57470,Sambit Beja,False,0.4036951398096905,finishing allrounder,41.0,,80.3921568627451,2.0,7.591836734693878,80.3921568627451,28.99999999999999,,6.0,
57471,Sarthak Panda,False,0.3858273625074805,top/middle,1.0,,8.333333333333334,,,0.6783277711746619,,,2.0,
57472,Sk Ajharudin,False,0.40034859695584385,finishing allrounder,1.0,,100.0,0.0,7.666666666666667,100.0,,,4.0,
5750,Ehsan Khan,True,0.5684667308780149,finishing allrounder,40.0,,133.33333333333334,10.0,6.817120622568093,1.100691846243697,8.428571428571427,0.5000000000000001,11.0,40.91
5769,Codanda Karthik,False,0.6038969121719666,batting allrounder,552.0,,132.37410071942446,49.0,8.06832298136646,4.555410796744522,9.799999999999995,-2.499999999999999,36.0,32.13
5785,Pranav Bhatia,False,0.5351669488147356,finishing allrounder,169.0,,131.0077519379845,17.0,7.707446808510638,23.18732462267375,-4.500000000000006,-4.999999999999998,23.0,28.75
5787,Prithviraj Shekhawat,False,0.44121573561910554,finishing allrounder,166.0,,102.46913580246914,19.0,7.073047858942066,102.46913580246914,-43.99999999999999,4.999999999999998,21.0,
5792,Kushal Wadhwani,False,0.4790658719507465,finishing allrounder,3.0,,33.333333333333336,16.0,8.305970149253731,33.333333333333336,,-1.3571428571428574,13.0,29.07
5795,Vinay Sagar,False,0.46367003910785265,top/middle,99.0,,99.0,,,3.88570048057055,-8.999999999999996,,11.0,28.24
5799,Srinivas Sharath,False,0.48465256993245476,finisher,245.0,,94.96124031007751,,,6.24362246212115,-8.699999999999998,,23.0,29.9
57992,Madhav Prakash Bajaj,False,0.42404021810682,finishing allrounder,47.0,,111.9047619047619,11.0,7.065989847715736,111.9047619047619,40.999999999999986,0.9999999999999998,11.0,25.56
57994,Dheeraj Mohan,False,0.39446479579787386,opener,40.0,,97.5609756097561,,,97.5609756097561,,,4.0,25.69
57995,Aadithya Vishwa Karma,False,0.39458189277685307,opener,1.0,,6.25,,,6.25,,,1.0,19.06
57996,Wahid Faizan Khan,False,0.4020455452460823,finisher,56.0,,98.24561403508773,,,98.24561403508773,,,7.0,22.38
57997,Abhishek Prabhakar,False,0.42021261325869935,finishing allrounder,0.0,,0.0,15.0,7.2,0.0,,,8.0,27.06
57999,Suchith Jagadeesh,False,0.4141678050462184,finishing allrounder,20.0,,166.66666666666666,3.0,10.333333333333334,1.200060610667823,,,2.0,31.86
58000,Harshil Dharmani,False,0.43379866168490283,finisher,247.0,,126.66666666666667,,,126.66666666666667,102.99999999999997,,19.0,20.64
58001,Samit Dravid,False,0.4228905311355252,top/middle,68.0,,121.42857142857143,,,121.42857142857143,,,5.0,20.04
58006,Niranjan Naik,False,0.39580231582424796,finisher,45.0,,88.23529411764706,,,88.23529411764706,,,5.0,23.02
58009,Shikhar Shetty,False,0.4079778010075539,finishing allrounder,9.0,,60.0,5.0,7.457142857142857,60.0,,4.999999999999998,11.0,20.25
58010,Dhruv Prabhakar,False,0.4361926950778355,batting allrounder,203.0,,109.72972972972973,6.0,7.544117647058823,109.72972972972973,56.99999999999997,3.999999999999999,15.0,20.68
58013,Karthikeya P,False,0.457433161685966,top/middle,308.0,,126.74897119341564,1.0,7.333333333333333,126.74897119341564,21.999999999999996,,19.0,20.1
58014,Samarth Nagaraj,False,0.4250479399015473,finishing allrounder,15.0,,100.0,2.0,9.6,100.0,8.999999999999996,0.0,7.0,20.1
58036,Biswajit K Mohapatra,False,0.4233782085612217,finishing allrounder,20.0,,111.11111111111111,6.0,6.909090909090909,111.11111111111111,,,3.0,
58037,Manav Bhattacharya,False,0.39953125923616895,top/middle,28.0,,54.90196078431372,,,54.90196078431372,,,3.0,
5805,Shivkumar Rakshith,False,0.5289791018669743,finisher,494.0,,124.74747474747475,,,8.321922900016048,-10.799999999999995,,43.0,30.99
5808,Karim Janat,True,0.6839371088884688,finishing allrounder,548.0,,126.55889145496536,26.0,8.340659340659341,2.4938158222797195,-35.4,-2.7999999999999994,45.0,27.29
58085,Faizan Riaz,False,0.38956647089899377,finisher,13.0,,185.71428571428572,,,185.71428571428572,,,1.0,23.78
5809,Naveen ul Haq,True,0.6451132482437646,finishing allrounder,26.0,,57.77777777777778,39.0,8.866187050359713,1.8812166249016677,3.9999999999999982,6.499999999999999,31.0,26.18
5810,Jeswanth Acharya,False,0.48618883850543976,top/middle,372.0,,132.38434163701066,,,17.930647088336723,-193.99999999999994,,18.0,
5811,Sachin Shinde,False,0.3963652397932127,finishing allrounder,10.0,,90.9090909090909,13.0,5.9375,90.9090909090909,,,11.0,38.16
58134,Digvesh Rathi,True,0.5341027183145034,finishing allrounder,28.0,,77.77777777777777,32.0,7.817671809256662,1.272261963266291,-19.999999999999993,3.999999999999999,33.0,25.95
58135,Tejasvi Dahiya,False,0.4645371136306185,top/middle,547.0,,173.65079365079364,,,173.65079365079364,130.99999999999997,,20.0,23.61
58136,Raghav Singh,False,0.4148535499627806,finishing allrounder,3.0,,27.272727272727273,9.0,8.081632653061224,27.272727272727273,,,4.0,25.9
58137,Sarthak Ray,False,0.41484832220324597,opener,170.0,,118.05555555555556,,,118.05555555555556,-87.99999999999999,,8.0,
58138,Saurabh Deswal,False,0.3980302823330106,top/middle,16.0,,123.07692307692308,,,123.07692307692308,,,2.0,
58143,Anshuman Hooda,False,0.41585403002249927,finishing allrounder,5.0,,166.66666666666666,12.0,8.963855421686747,166.66666666666666,,3.999999999999999,11.0,
58144,Deepanshu Gulia,False,0.41095963526254237,finishing allrounder,5.0,,50.0,9.0,8.979591836734693,50.0,,4.999999999999998,9.0,
58149,Pranav Pant,False,0.42671078709711824,finisher,232.0,,118.97435897435898,0.0,9.157894736842104,118.97435897435898,193.99999999999994,0.0,18.0,
58151,Sujal Singh,False,0.4527606804902509,top/middle,473.0,,130.3030303030303,,,130.3030303030303,-96.99999999999997,,20.0,
58152,Raunak Waghela,False,0.4381186442888502,finishing allrounder,61.0,,110.9090909090909,20.0,7.564469914040115,110.9090909090909,,1.9999999999999996,21.0,17.97
58155,Bhagwan Singh,False,0.4258313847492545,finishing allrounder,3.0,,150.0,13.0,8.242622950819673,150.0,,-8.999999999999996,16.0,
58159,Keshav Dabas,False,0.460597292059126,finishing allrounder,277.0,,121.49122807017544,8.0,9.95,121.49122807017544,114.99999999999996,-1.9999999999999996,18.0,
58160,Shaurya Malik,False,0.4159772032178995,finishing allrounder,14.0,,140.0,11.0,8.271428571428572,140.0,,4.999999999999998,8.0,
58161,Sourav Dagar,False,0.38081276803874703,top/middle,2.0,,40.0,,,40.0,,,1.0,
58162,Aryan Rana,False,0.4220197023082045,top/middle,247.0,,149.6969696969697,,,149.6969696969697,-88.99999999999997,,12.0,
58163,Siddhant Bansal,False,0.41077615647740445,finishing allrounder,20.0,,95.23809523809524,1.0,8.307692307692308,95.23809523809524,-7.999999999999998,-0.9999999999999998,11.0,
58164,Rajneesh Dadar,False,0.4365415599183196,finishing allrounder,30.0,,69.76744186046511,33.0,7.767441860465116,69.76744186046511,,6.999999999999998,18.0,
58165,Kaushal Suman,False,0.3881148817150138,top/middle,52.0,,94.54545454545455,,,94.54545454545455,49.999999999999986,,6.0,
58166,Deepesh Balyan,False,0.38769537880806787,opener,12.0,,57.142857142857146,0.0,16.0,57.142857142857146,,,2.0,
58167,Vishant Bhati,False,0.4016370728233166,top/middle,56.0,,116.66666666666667,,,116.66666666666667,,,2.0,
58168,Harish Dagar,False,0.4009874735642665,finisher,4.0,,50.0,2.0,10.666666666666666,50.0,,,3.0,
58169,Dhruv Kaushik,False,0.46974335231176034,top/middle,447.0,,145.6026058631922,1.0,11.837837837837839,145.6026058631922,-140.99999999999997,-0.9999999999999998,19.0,
58171,Pranav Rajvanshi,False,0.4094104871798178,finisher,110.0,,111.11111111111111,,,111.11111111111111,-7.999999999999998,,17.0,
58172,Manan Bhardwaj,False,0.43905011495461244,finishing allrounder,44.0,,141.93548387096774,19.0,7.080745341614906,141.93548387096774,-13.999999999999996,8.999999999999996,19.0,
58173,Yajas Sharma,False,0.4169892024086143,top/middle,218.0,,155.71428571428572,,,155.71428571428572,-123.99999999999994,,12.0,
58178,Ayush Doseja,False,0.4299009583445577,top/middle,334.0,,127.96934865900383,0.0,6.857142857142857,127.96934865900383,265.99999999999994,,13.0,
58179,Yugal Saini,False,0.42553153221381956,top/middle,339.0,,129.38931297709922,,,129.38931297709922,286.9999999999999,,14.0,
58181,Ekansh Dobal,False,0.427490172876413,finisher,250.0,,123.76237623762377,,,123.76237623762377,-67.99999999999999,,16.0,
58182,Suryakant Chauhan,False,0.4187748594524241,finishing allrounder,6.0,,120.0,1.0,8.75,120.0,,,3.0,
58184,Mayank Gusain,False,0.44526546964192737,finishing allrounder,212.0,,115.84699453551913,7.0,8.806451612903226,115.84699453551913,-3.999999999999999,6.999999999999998,21.0,
58185,Sanat Sangwan,False,0.4190171416493975,top/middle,265.0,,123.83177570093459,,,123.83177570093459,20.999999999999993,,12.0,25.23
58187,Keshav Dalal,False,0.43347649485888545,top/middle,216.0,,142.10526315789474,,,142.10526315789474,-139.99999999999994,,16.0,
58188,Kush Nagpal,False,0.37814261165199237,finisher,2.0,,22.22222222222222,,,22.22222222222222,0.0,,2.0,
58189,Sumit Chhikara,False,0.39934073262356296,finisher,27.0,,135.0,,,135.0,-10.999999999999998,,5.0,
58190,Arnav Bugga,False,0.4426904060012737,top/middle,352.0,,129.41176470588235,0.0,16.0,129.41176470588235,59.99999999999998,0.0,17.0,
58192,Sambhav Sharma,False,0.38004457156544086,finisher,0.0,,0.0,,,0.0,,,2.0,
58214,Sunil Roul,False,0.4175460603371397,finishing allrounder,1.0,,50.0,1.0,9.833333333333334,50.0,,,2.0,27.78
58232,Chandra Tejas,False,0.41251767438853837,opener,4.0,,80.0,,,80.0,,,1.0,41.05
58239,Yash Dabas,False,0.45854877545926315,top/middle,215.0,,142.3841059602649,,,3.977118782072989,-144.99999999999994,,15.0,25.9
58240,Yash Bhatia,False,0.42872027102662136,finisher,171.0,,114.76510067114094,,,114.76510067114094,-106.99999999999997,,13.0,25.9
58241,Yatish Singh,False,0.41365162001226474,finishing allrounder,5.0,,71.42857142857143,5.0,8.195121951219512,71.42857142857143,,,6.0,25.9
58243,Shivam,False,0.379555273707768,finisher,1.0,,50.0,,,50.0,,,1.0,
58246,Prince Yadav,True,0.525578125661544,finishing allrounder,11.0,,57.89473684210526,36.0,8.26271186440678,1.2002449734638656,10.999999999999998,-0.9999999999999998,29.0,23.96
58253,A Ganapathy,False,0.42068225351003435,finisher,10.0,,83.33333333333333,,,83.33333333333333,,,5.0,31.42
58258,Ranjan Sarkar,False,0.43664423529471846,finishing allrounder,38.0,,90.47619047619048,15.0,5.896551724137931,0.0,-37.99999999999998,-12.999999999999993,13.0,21.19
58260,Sobhraj Pathak,False,0.4051514069226194,finisher,114.0,,79.16666666666667,,,50.0,-111.99999999999997,,11.0,32.36
58268,Parthiv Kashyap Sharma,False,0.3843510074607079,finisher,10.0,,90.9090909090909,,,90.9090909090909,,,2.0,33.17
58270,Manish Das,False,0.3829295017775815,top/middle,4.0,,50.0,,,50.0,,,1.0,41.77
58282,Dipankar Gogoi,False,0.4397341026786812,finishing allrounder,103.0,,111.95652173913044,11.0,5.358139534883721,207.69230769230768,-48.99999999999999,-6.999999999999998,10.0,23.01
58293,Abhishek Anand,False,0.37879083746028736,finishing allrounder,27.0,,90.0,3.0,12.0,90.0,,,3.0,
58295,Abhijit Singha Roy,False,0.4340583190443453,finishing allrounder,31.0,,79.48717948717949,2.0,8.4,,,,6.0,38.77
58299,Pattayraj Das,False,0.3792895448222308,finishing allrounder,3.0,,50.0,1.0,3.25,50.0,,,1.0,21.21
58328,Akshay Deka,False,0.38679448571467456,finishing allrounder,4.0,,50.0,7.0,7.78125,50.0,,,3.0,22.04
58329,Dilip Singh,False,0.37675130711986626,finisher,1.0,,16.666666666666668,,,16.666666666666668,,,1.0,
58338,Samar Khan,False,0.4573650385834538,finishing allrounder,137.0,,107.03125,21.0,7.380191693290735,107.03125,-68.99999999999999,-8.999999999999996,20.0,20.05
58360,Sagar Chhetri,False,0.405357064378555,finishing allrounder,1.0,,50.0,2.0,5.0,,,,1.0,26.35
58362,Md Khan,False,0.4007759878755096,finishing allrounder,118.0,,134.0909090909091,9.0,5.478260869565218,134.0909090909091,,,7.0,22.0
58367,Venkata Vamsi Krishna,False,0.38419524420479173,finisher,10.0,,111.11111111111111,,,111.11111111111111,,,2.0,24.85
5837,Mahedi Hasan,True,0.6860796929371498,finishing allrounder,827.0,,113.75515818431911,88.0,6.4176755447941884,2.7163277596081326,15.800000000000013,4.8999999999999995,83.0,30.96
5838,Shohidul Islam,False,0.5109064426771198,finishing allrounder,54.0,,81.81818181818181,28.0,7.970588235294118,2.374873076913769,19.999999999999993,-1.9999999999999996,19.0,30.89
5839,Yasir Ali Chowdhury,True,0.6238945074142761,finisher,948.0,,131.66666666666666,0.0,10.153846153846153,7.802988245676084,-6.1999999999999975,0.0,50.0,29.72
58393,Manjeet Manjeet,False,0.4166400672126153,opener,72.0,,107.46268656716418,2.0,7.674418604651163,107.46268656716418,-71.99999999999997,,7.0,
58396,Dhruv Singh,False,0.4441459074718653,finisher,321.0,,132.09876543209876,,,132.09876543209876,-12.999999999999993,,18.0,23.9
58398,Shubham Dubey,False,0.4123215672694972,finishing allrounder,0.0,,0.0,15.0,9.100371747211897,0.0,,8.999999999999996,15.0,
58404,Harish Dagar,False,0.4277900435721729,finishing allrounder,24.0,,133.33333333333334,3.0,8.068965517241379,133.33333333333334,,,5.0,
5841,Nahidul Islam,False,0.5742813319755427,finishing allrounder,176.0,,100.0,33.0,6.736572890025576,5.447691329832904,1.400000000000002,-1.8999999999999995,38.0,32.36
58416,Kokil Gogoi,False,0.38797661388976307,finisher,19.0,,126.66666666666667,0.0,5.5,126.66666666666667,,,2.0,23.28
58418,Vision Panchal,False,0.4648897257803849,finishing allrounder,207.0,,169.672131147541,5.0,9.222857142857142,169.672131147541,-8.999999999999996,-2.9999999999999996,20.0,31.92
58420,Hardik Sharma,False,0.4460733765986272,top/middle,257.0,,120.09345794392523,,,120.09345794392523,4.999999999999998,,21.0,25.9
58421,Shivam Tripathi,False,0.38313778327415293,top/middle,0.0,,0.0,,,0.0,,,1.0,30.46
58422,Money Grewal,False,0.44984935037437906,finishing allrounder,15.0,,107.14285714285714,33.0,7.623059866962306,107.14285714285714,-12.999999999999993,8.999999999999996,21.0,25.14
58423,Ankit Kumar,False,0.45641018731588395,opener,481.0,,164.16382252559728,,,164.16382252559728,-34.999999999999986,,21.0,25.9
58424,Krish Yadav,False,0.47309569609728463,opener,631.0,,130.64182194616978,,,130.64182194616978,148.99999999999994,,19.0,25.9
58425,Vivek Yadav,False,0.4033724878528858,top/middle,21.0,,70.0,0.0,10.0,70.0,-10.999999999999998,,4.0,25.9
58426,Aayush Singh,False,0.43838735935343925,finishing allrounder,11.0,,44.0,26.0,8.666666666666666,44.0,8.999999999999996,-11.999999999999998,14.0,24.01
58427,Yug Gupta,False,0.4500625598934559,finishing allrounder,186.0,,145.3125,5.0,6.971830985915493,145.3125,-71.99999999999997,-2.9999999999999996,16.0,25.9
5844,Ebadot Hossain,False,0.4942928520953948,finishing allrounder,2.0,,66.66666666666667,20.0,7.757869249394673,66.66666666666667,0.0,-2.5,18.0,31.89
5845,Mohammad Salman Hossain Emon,False,0.49381569082121296,finisher,33.0,,106.45161290322581,0.0,8.0,1.068998178455652,32.99999999999999,,5.0,30.44
58619,Sanjit Basfore,False,0.4041511442941424,finishing allrounder,20.0,,142.85714285714286,1.0,5.538461538461538,142.85714285714286,,,3.0,31.52
58634,Mohammed Aashiyan,False,0.4016470487794706,opener,42.0,,87.5,,,87.5,31.999999999999993,,4.0,
58636,Inzamam Hussain,False,0.40318835240081924,top/middle,40.0,,81.63265306122449,,,81.63265306122449,-29.99999999999999,,5.0,
58637,Shubham Mishra,False,0.43781900322013423,finishing allrounder,79.0,,65.83333333333333,23.0,7.3768115942028984,65.83333333333333,-0.9999999999999998,2.9999999999999996,21.0,
58638,Kavya Teotia,False,0.42443400894636113,top/middle,208.0,,106.12244897959184,,,106.12244897959184,-203.99999999999994,,10.0,20.07
58639,Rahul Raj Namala,True,0.39450338188670286,top/middle,111.0,,124.71910112359551,,,124.71910112359551,,,6.0,
58642,Shubhanker Shukla,False,0.3786556817899228,top/middle,15.0,,55.55555555555556,,,55.55555555555556,,,3.0,
58644,Mohamed Shavaz,False,0.3934326804581415,finisher,1.0,,25.0,,,25.0,,,2.0,
5866,Patrick Kruger,True,0.4928213685868807,finishing allrounder,67.0,,115.51724137931035,3.0,8.538461538461538,2.3871556205731643,,,5.0,30.81
5871,Fazle Mahmud,False,0.46422873153815175,finisher,91.0,,112.34567901234568,,,9.280051607206573,-2.9999999999999996,,7.0,37.91
5872,Habibur Rahman,False,0.4919596321860339,top/middle,40.0,,148.14814814814815,0.0,13.0,0.9724358765563941,,,3.0,38.36
58726,Faiz Ahmad,False,0.40118246753082787,top/middle,36.0,,92.3076923076923,,,92.3076923076923,,,3.0,
58727,Abhinandan Singh,False,0.4860643382401936,finishing allrounder,18.0,,138.46153846153845,27.0,6.559652928416486,1.4861728591779575,9.999999999999996,-6.999999999999998,21.0,28.73
58729,Abhay Chauhan,False,0.4067017928418572,opener,119.0,,116.66666666666667,,,116.66666666666667,16.999999999999996,,7.0,
58731,Mantu Kr Yadav,False,0.43113776129449655,finishing allrounder,62.0,,95.38461538461539,17.0,6.603174603174603,80.95238095238095,-27.999999999999993,-2.9999999999999996,13.0,22.95
58734,Pankaj Kumar,False,0.42119825159923946,finishing allrounder,17.0,,100.0,8.0,6.801980198019802,100.0,-4.999999999999998,-5.999999999999999,13.0,
58735,Manav Sindhu,False,0.3944051292038608,opener,8.0,,66.66666666666667,,,66.66666666666667,,,1.0,21.21
58743,Akshu Bajwa,False,0.441565375116743,finishing allrounder,71.0,,118.33333333333333,16.0,6.752186588921282,118.33333333333333,-0.9999999999999998,1.9999999999999996,22.0,19.94
58744,Parth Palawat,False,0.41345008339776557,top/middle,79.0,,90.80459770114942,2.0,2.16,4.7630920465596125,,,9.0,
58746,Harsh Patel,False,0.40467947655999,opener,8.0,,61.53846153846154,0.0,13.0,61.53846153846154,,,1.0,34.07
58749,Ziabur Rahman,False,0.4029998468268031,top/middle,9.0,,27.272727272727273,,,,,,4.0,21.96
58750,Md Saif Ali,False,0.41228565224257596,finishing allrounder,0.0,,0.0,6.0,5.925,,,,7.0,20.05
58751,Ghanshyam Upadhyay,False,0.39975405120511154,finisher,56.0,,77.77777777777777,,,77.77777777777777,,,5.0,
5882,Afif Hossain,False,0.5736448271896687,top/middle,1533.0,,116.4009111617312,4.0,8.627737226277372,2.537531540343742,-8.499999999999988,-8.777083671441753e-18,77.0,26.18
58859,Amar Chaudhary,False,0.43533702161043225,finishing allrounder,104.0,,130.0,11.0,6.838235294117647,2.841171222334973,81.99999999999997,8.999999999999996,9.0,
58865,Vijay Yadav,False,0.428767115540471,finishing allrounder,35.0,,100.0,10.0,7.790322580645161,100.0,-8.999999999999996,-3.999999999999999,15.0,
58912,Sushant,False,0.3953518784938258,finisher,3.0,,100.0,,,100.0,,,1.0,25.9
5892,Blair Tickner,True,0.5619682143066581,finishing allrounder,6.0,,35.294117647058826,9.0,9.493150684931507,1.8892224967359719,-1.9999999999999996,1.9999999999999996,9.0,32.12
59064,Chandradeep Das,False,0.42336258628676576,finishing allrounder,0.0,,0.0,10.0,6.148760330578512,,,,6.0,36.82
59067,Abhilash Kumar Maurya,False,0.41365755974873086,batting allrounder,208.0,,99.52153110047847,6.0,6.549618320610687,105.17241379310344,35.999999999999986,5.999999999999999,12.0,24.94
59068,Ramen Arya,False,0.38520161074616477,finisher,10.0,,50.0,,,,,,2.0,20.94
59070,Bhaskar Kalita,False,0.4321275180533937,finishing allrounder,51.0,,65.38461538461539,9.0,4.387096774193548,,,,12.0,43.9
59071,Siddhant Bordoloi,False,0.40391156859285643,finishing allrounder,6.0,,46.15384615384615,1.0,6.6923076923076925,,,,2.0,18.47
59080,Mudassir Alam,False,0.4363543561550351,batting allrounder,196.0,,93.33333333333333,11.0,3.9735099337748343,,,,8.0,21.92
59084,Saksham Gahlot,False,0.4124634162216711,finishing allrounder,1.0,,33.333333333333336,5.0,8.75294117647059,33.333333333333336,,,4.0,20.21
59085,Rahul Gahlot,False,0.4085290318663117,finishing allrounder,0.0,,0.0,2.0,7.714285714285714,0.0,,,3.0,
59086,Aditya Bhandari,False,0.41169214760999173,finisher,143.0,,133.6448598130841,,,133.6448598130841,130.99999999999997,,13.0,
59116,Nikhil Kumar,False,0.38957098560900927,batting allrounder,82.0,,113.88888888888889,6.0,7.01123595505618,113.88888888888889,,,6.0,19.31
5912,Ashish Kumar,False,0.4400836070244686,opener,224.0,,155.55555555555554,,,155.55555555555554,,,6.0,36.96
5913,Shubham Rohilla,True,0.5583623834372249,opener,116.0,,126.08695652173913,,,1.9290018110716796,-111.99999999999997,,6.0,27.72
5915,Shivam Chauhan,False,0.4837119586362284,top/middle,126.0,,136.95652173913044,,,7.448770259050721,,,3.0,28.12
59153,Makarand Patil,False,0.4065536684206875,finisher,16.0,,133.33333333333334,,,1.0513673098509033,,,5.0,29.4
59154,Aditya Kumar,False,0.38762986104730174,opener,3.0,,33.333333333333336,,,33.333333333333336,,,1.0,
59155,Anivesh Chaudhary,False,0.4231994792906775,opener,285.0,,113.0952380952381,,,113.0952380952381,102.99999999999997,,15.0,
59162,Deepak Rana,False,0.4096649991995855,top/middle,148.0,,105.71428571428571,,,105.71428571428571,103.99999999999994,,7.0,
59163,Priyanshu Gautam,False,0.41499972372410904,finishing allrounder,42.0,,107.6923076923077,4.0,9.154639175257731,107.6923076923077,39.999999999999986,-3.999999999999999,8.0,
59211,Abhishek Pandey,False,0.41475229267735786,finisher,62.0,,119.23076923076923,,,119.23076923076923,15.999999999999996,,12.0,26.13
59216,Subham Das,False,0.4271928614326586,finishing allrounder,38.0,,76.0,4.0,6.64,,,,7.0,21.44
5922,Vijay Gohil,True,0.5352877731864445,finishing allrounder,28.0,,155.55555555555554,21.0,5.717277486910994,155.55555555555554,,7.499999999999997,9.0,30.12
59271,Simanta Roy,False,0.4246386434003088,finishing allrounder,47.0,,85.45454545454545,1.0,6.979591836734694,,,,7.0,19.79
59279,Kavya Gupta,False,0.41636854532018774,finisher,71.0,,114.51612903225806,,,114.51612903225806,-10.999999999999998,,9.0,
5928,Prithvi Shaw,True,0.6414132781257733,opener,1762.0,,158.02690582959642,,,2.1823264054703677,-51.90000000000001,,66.0,26.05
59287,Pranjal Bharali,False,0.41127507176094197,finishing allrounder,3.0,,60.0,4.0,3.107142857142857,,,,4.0,22.01
59288,Vikash Yadav,False,0.42074337020338476,top/middle,166.0,,105.73248407643312,0.0,4.5,,,,8.0,16.95
59299,Rakshit Rohi,True,0.47988671622381396,finishing allrounder,55.0,,107.84313725490196,6.0,8.61038961038961,16.83833371161354,20.999999999999993,5.999999999999999,11.0,20.68
5930,Ajaz Patel,False,0.4518534031823612,finishing allrounder,7.0,,50.0,10.0,3.4146341463414633,50.0,,,5.0,37.1
59300,Ashar Khan,True,0.392082090614416,finisher,70.0,,111.11111111111111,0.0,6.0,111.11111111111111,,,3.0,21.12
59302,Rajya Vardhan Singh,False,0.38750802949736657,finisher,15.0,,107.14285714285714,,,107.14285714285714,,,6.0,20.21
59304,Himanshu Sony,True,0.4796807327369666,top/middle,97.0,,190.19607843137254,,,7.385137450737446,70.99999999999999,,7.0,24.68
59305,Pramod Rawat,False,0.4184832771891006,finishing allrounder,0.0,,0.0,2.0,8.459016393442623,0.0,,,3.0,29.16
59306,Daksh Awana,True,0.44065547825355994,opener,120.0,,84.50704225352112,,,14.074174140108845,57.99999999999998,,7.0,19.67
59307,Kartik Bhatt,True,0.45069813426754385,top/middle,79.0,,112.85714285714286,,,112.85714285714286,,,6.0,23.83
59308,Abhyuday Bhatnagar,True,0.3919532048075073,opener,101.0,,131.16883116883116,,,131.16883116883116,,,6.0,20.26
59311,Sachin Bhati,True,0.4614359059273685,top/middle,95.0,,103.26086956521739,0.0,6.48,1.2709581286235883,86.99999999999997,,7.0,
59313,Anay Basant Chettri,True,0.4665592862544559,finishing allrounder,64.0,,103.2258064516129,6.0,8.88888888888889,0.6978544509142472,63.999999999999986,3.999999999999999,11.0,
59317,Hitesh Naula,True,0.4604434172789461,top/middle,74.0,,112.12121212121212,,,112.12121212121212,,,4.0,24.1
59318,Aditya Naithani,True,0.45129818521867643,top/middle,63.0,,110.52631578947368,,,11.1752088122435,-48.99999999999999,,7.0,19.07
59320,Parmender Chadda,True,0.4637630594155413,finisher,58.0,,120.83333333333333,,,120.83333333333333,,,4.0,23.06
59321,Nikhil Harsh,False,0.4077141884580528,opener,37.0,,123.33333333333333,,,123.33333333333333,,,1.0,23.4
5933,Chintan Gaja,False,0.514037954145936,finishing allrounder,70.0,,125.0,24.0,8.853868194842407,1.2790563747464305,20.999999999999993,0.19999999999999996,17.0,31.04
59330,Aarav Mahajan,True,0.4787468921506545,opener,252.0,,131.9371727748691,,,4.4263397580088935,-21.999999999999996,,13.0,19.42
59332,Harman Singh,True,0.45129163029585,finishing allrounder,2.0,,25.0,5.0,7.166666666666667,25.0,,,4.0,25.52
59333,Shashwat Dangwal,True,0.5123051347766603,top/middle,521.0,,151.89504373177843,4.0,7.2272727272727275,45.49345116812041,308.9999999999999,1.9999999999999996,12.0,22.12
59335,Poorvansh Dhruv,True,0.4551653200574155,top/middle,199.0,,153.07692307692307,,,153.07692307692307,,,8.0,20.45
59336,Sanskar Rawat,True,0.507390355706422,opener,504.0,,159.49367088607596,,,2.7001114589803135,89.99999999999997,,12.0,20.45
59343,Shivam Gupta,True,0.4642878892993227,finishing allrounder,9.0,,56.25,9.0,8.0,2.255013620080363,-6.999999999999998,-2.9999999999999996,7.0,
59344,Deepak Kumar,True,0.47790708116886804,finishing allrounder,6.0,,300.0,6.0,9.264705882352942,300.0,,,4.0,30.3
59346,Saurav Chauhan,True,0.4950529376493275,finisher,227.0,,148.36601307189542,,,7.86822889328765,46.999999999999986,,11.0,28.1
59351,Shashank Shekhar Pant,True,0.4620554508830421,finishing allrounder,22.0,,95.65217391304348,2.0,8.0,95.65217391304348,,,5.0,20.08
5939,Cameron Green,True,0.6965624206358622,batting allrounder,1127.0,,151.68236877523555,25.0,8.31772575250836,2.2532213475225715,19.499999999999996,3.999999999999999,44.0,26.48
5940,Riley Meredith,True,0.6014833878097563,finishing allrounder,0.0,,0.0,25.0,8.646680942184155,0.0,0.0,-0.5,20.0,29.43
59417,Priyank Singh,False,0.43244277718831753,finishing allrounder,30.0,,250.0,2.0,7.090909090909091,250.0,,,3.0,
5944,Mohammed Siraj,True,0.6654440357970188,finishing allrounder,73.0,,86.9047619047619,81.0,7.470927187008905,1.2395236494555237,-5.700000000000001,0.8000000000000005,83.0,31.71
5949,Shubham Ranjane,False,0.4906185894394527,finishing allrounder,48.0,,126.3157894736842,3.0,9.826086956521738,1.2781964180297813,4.999999999999998,0.7499999999999999,4.0,31.67
5953,Lakshan Sandakan,False,0.4490768615012935,finishing allrounder,3.0,,25.0,0.0,7.0,25.0,,,1.0,34.46
5956,Vinod Kumar,False,0.5223760945263021,finishing allrounder,114.0,,156.16438356164383,21.0,6.285714285714286,1.650036748624678,,,13.0,38.32
5957,Rohan Kunnummal,False,0.568093076800981,opener,1401.0,,154.63576158940398,,,5.224950003589459,150.7,,41.0,27.55
59580,Himanshu Singh,False,0.3813735442193033,finisher,3.0,,75.0,0.0,8.526315789473685,75.0,,,3.0,22.34
5959,Girinath Reddy,False,0.5212560740321432,finishing allrounder,170.0,,114.09395973154362,14.0,7.693379790940766,3.6607652488136577,16.2,2.0,17.0,27.13
59590,Saurabh Darekar,False,0.4018246782325742,top/middle,42.0,,77.77777777777777,,,,,,6.0,25.32
59591,Soham Sarwade,False,0.41983740735931036,finishing allrounder,4.0,,80.0,8.0,7.779310344827586,,,,10.0,22.86
59593,Omkar Mohol,False,0.4019546450250139,finisher,79.0,,100.0,,,,,,6.0,25.02
59594,Sagar Pawar,False,0.4352725641438174,top/middle,191.0,,169.02654867256638,0.0,15.0,,,,6.0,21.14
59596,Sagar Hogade,False,0.43037034740046365,finishing allrounder,7.0,,77.77777777777777,4.0,8.735294117647058,,,,3.0,28.45
59597,Soham Lele,False,0.4185107254649377,finishing allrounder,10.0,,62.5,4.0,9.306122448979592,,,,4.0,25.62
5960,Karthik Raman,False,0.44755950494117763,finishing allrounder,44.0,,200.0,10.0,9.071428571428571,200.0,-5.999999999999999,-3.999999999999999,8.0,28.64
59600,Akash Borade,False,0.42764234774341786,opener,74.0,,101.36986301369863,2.0,8.235294117647058,,,,9.0,24.76
59601,Vinay Shetty,False,0.42755098423472954,finishing allrounder,18.0,,94.73684210526316,3.0,10.0,,,,5.0,22.86
59603,,False,0.39615403167133123,bowler,22.0,,104.76190476190476,1.0,8.666666666666666,3.4082117462249553,,,0.0,
59605,Aadarsh Jain,False,0.4107263175357299,finisher,22.0,,95.65217391304348,1.0,10.666666666666666,,,,4.0,
59607,Kartik Pillay,False,0.40906968213340866,finishing allrounder,0.0,,0.0,2.0,10.097560975609756,,,,3.0,
59608,Jay Patil,False,0.40483239137630744,finishing allrounder,3.0,,33.333333333333336,2.0,7.741935483870968,,,,6.0,
5961,KV Sasikanth,False,0.5569957389797521,finishing allrounder,371.0,,170.1834862385321,47.0,8.445,1.2362571069395865,33.6,5.5,34.0,30.36
59611,Ubed Khatik,False,0.3940979403973342,finisher,0.0,,0.0,0.0,18.0,,,,2.0,
59612,Sai Banait,False,0.40000453761844534,finisher,8.0,,66.66666666666667,,,,,,3.0,
59613,Shubham Velankar,False,0.42714516962682125,finishing allrounder,5.0,,83.33333333333333,1.0,7.818181818181818,,,,2.0,27.58
59620,Krishna Martand,False,0.41459676564075826,finishing allrounder,0.0,,0.0,10.0,8.176991150442477,,,,8.0,23.93
59622,Sambit Sahoo,False,0.37799903015976644,top/middle,18.0,,78.26086956521739,,,78.26086956521739,,,3.0,
59652,Ashutosh Chhuria,False,0.3845113932012327,finishing allrounder,1.0,,50.0,6.0,7.212765957446808,50.0,,,6.0,22.85
5966,Himalay Agarwal,True,0.5504391641377476,finisher,86.0,,108.86075949367088,,,2.6885895311012895,,,4.0,32.13
59688,Limar Dabi,False,0.40075339401275245,finishing allrounder,7.0,,350.0,4.0,6.405405405405405,350.0,,,4.0,34.05
5969,Telukupalli Ravi Teja,True,0.6022850709058801,finishing allrounder,56.0,,93.33333333333333,25.0,6.339622641509434,1.5364347229780841,-11.500000000000004,-0.09999999999999998,13.0,31.1
5971,Kolla Sumanth,True,0.5340857314062645,top/middle,17.0,,130.76923076923077,,,130.76923076923077,,,1.0,33.59
5972,Deepraj Gaonkar,True,0.5959548016794469,finishing allrounder,206.0,,136.42384105960264,7.0,7.321428571428571,10.098584508984032,3.6000000000000014,0.42857142857142844,13.0,27.65
59724,Jaymeet Manishbhai Patel,False,0.40259387157290677,batting allrounder,84.0,,120.0,7.0,8.810126582278482,120.0,,,5.0,23.53
59728,Roshan Kesari Warbah,False,0.3791027885463017,top/middle,17.0,,56.666666666666664,0.0,18.0,56.666666666666664,,,3.0,25.82
59729,Aditya Verma,False,0.37587830696418917,top/middle,5.0,,38.46153846153846,,,38.46153846153846,,,2.0,25.34
59730,Biki Kumar,False,0.38563095399562014,top/middle,66.0,,82.5,,,82.5,,,7.0,24.46
59732,Mibum Mosu,False,0.3961666562071289,finishing allrounder,43.0,,113.15789473684211,11.0,5.215686274509804,113.15789473684211,,,8.0,23.0
59734,Nabam Dol,False,0.4017549248712822,finishing allrounder,141.0,,134.28571428571428,2.0,5.751724137931035,134.28571428571428,,,8.0,24.9
59735,Prince Yadav,False,0.4009365115254818,batting allrounder,164.0,,174.46808510638297,5.0,6.409090909090909,174.46808510638297,,,5.0,24.54
59737,Hardik Himanshu Varma,False,0.3987700483163293,batting allrounder,152.0,,99.34640522875817,13.0,7.242603550295858,99.34640522875817,,,7.0,24.95
5977,Khary Pierre,False,0.3935226471334131,finishing allrounder,0.0,,0.0,3.0,8.04,0.0,,,3.0,34.01
5979,Abrar Ahmed,True,0.5637659602372987,finishing allrounder,4.0,,33.333333333333336,25.0,6.766423357664234,1.26392253251853,,8.999999999999996,25.0,27.21
59848,Arun Kumar,False,0.41151309858410245,finisher,42.0,,131.25,,,131.25,,,3.0,22.97
5985,Shubham Shubham Agarwal,True,0.6037740368204667,finishing allrounder,187.0,,109.35672514619883,13.0,7.6875,4.485007944870005,43.499999999999986,3.999999999999999,18.0,32.01
59873,Gaurav Jotshi,False,0.40750015307566373,finishing allrounder,4.0,,33.333333333333336,3.0,6.617647058823529,,,,3.0,
59876,Siddhesh Wargante,False,0.4415196078645517,finishing allrounder,58.0,,156.75675675675674,5.0,11.225806451612904,,,,6.0,26.93
5988,Sayan Ghosh,False,0.49210734767214975,finishing allrounder,26.0,,70.27027027027027,38.0,6.53030303030303,0.8922868653084601,-10.999999999999998,-3.999999999999999,22.0,33.19
59881,Vaibhav Darkunde,False,0.42832908446697376,finishing allrounder,12.0,,133.33333333333334,8.0,7.822222222222222,,,,8.0,22.47
59883,Akash Benali,False,0.4231422823241707,finishing allrounder,53.0,,94.64285714285714,8.0,9.88888888888889,,,,7.0,
599,Avinash Yadav,False,0.46518796334240436,finishing allrounder,19.0,,100.0,2.0,6.0,100.0,,,2.0,39.15
5990,Amit Pachhara,False,0.41028144443471837,finisher,14.0,,63.63636363636363,,,63.63636363636363,,,3.0,30.22
5991,Dharmendrasinh Jadeja,False,0.5714828227925934,finishing allrounder,184.0,,126.89655172413794,35.0,6.5244215938303345,3.8597862013895905,6.000000000000001,0.6000000000000004,37.0,35.31
59925,Vinay Patil,False,0.40841843054782573,top/middle,50.0,,90.9090909090909,,,,,,5.0,
59926,Paradym Mohajain,False,0.392093074283779,finisher,1.0,,50.0,,,,,,4.0,
59934,Ajay Godse,False,0.4285828888457393,finishing allrounder,14.0,,87.5,7.0,7.1891891891891895,,,,6.0,29.19
60114,,False,0.4028623908828402,bowler,144.0,,146.9387755102041,0.0,12.0,,,,0.0,
60115,Abhay Kamal Choudhary,False,0.40540457399180996,opener,142.0,,133.96226415094338,,,5.162495540739949,,,7.0,23.75
60119,Tejasvi Jaiswal,False,0.40024079435138415,top/middle,1.0,,50.0,,,50.0,,,1.0,28.74
60121,Ayush Loharuka,False,0.42892170209570957,top/middle,85.0,,107.59493670886076,,,3.013560892184738,-22.999999999999993,,4.0,22.42
6025,Henry Shipley,False,0.4696270374642771,finishing allrounder,2.0,,100.0,2.0,9.831325301204819,100.0,,,5.0,29.55
6038,Pratham Sing,False,0.509768068098312,opener,114.0,,126.66666666666667,,,1.6093928698371898,95.99999999999999,,8.0,33.24
6046,Kanishk Seth,True,0.5149519528396546,finishing allrounder,49.0,,90.74074074074075,24.0,8.42152466367713,1.5910784473639494,-18.99999999999999,-3.999999999999999,22.0,28.06
6047,Abhishek Raman,False,0.4570428276074777,top/middle,259.0,,124.51923076923077,1.0,8.727272727272727,124.51923076923077,22.999999999999993,,14.0,32.22
605,Abu Nechim,False,0.39402262241669495,top/middle,57.0,,103.63636363636364,,,103.63636363636364,,,3.0,37.06
60502,Sagar Chabria,True,0.42218997750780907,batting allrounder,207.0,,140.81632653061226,7.0,7.285714285714286,2.357998648117511,,,11.0,25.87
60504,Dip Borah,False,0.410708742940355,finishing allrounder,0.0,,0.0,3.0,9.67741935483871,0.0,,,4.0,21.78
6054,Satyajeet Bachhav,False,0.5261186687980957,finishing allrounder,71.0,,142.0,39.0,7.057591623036649,3.4511036133619686,16.499999999999993,1.4999999999999982,29.0,32.99
60542,Afzal Hussain,False,0.37563088843946235,top/middle,10.0,,52.63157894736842,,,60.0,,,2.0,24.41
60543,Vishal Yadav,False,0.38908350677592407,finishing allrounder,6.0,,100.0,2.0,10.5,,,,1.0,25.9
6058,Nikit Dhumal,False,0.49998630765664487,finishing allrounder,9.0,,75.0,35.0,8.188888888888888,66.66666666666667,-4.710277376051325e-16,5.499999999999997,33.0,34.4
6059,Ruturaj Gaikwad,True,0.6569840910450493,top/middle,3267.0,,141.12311015118792,,,2.562891953857081,-63.4,,96.0,28.82
6060,Shamshuzama Kazi,False,0.5117176638760078,finishing allrounder,134.0,,103.07692307692308,17.0,7.7164179104477615,103.07692307692308,-1.5000000000000004,-1.0,24.0,31.04
6061,Naushad Shaikh,True,0.6056627833553356,top/middle,449.0,,136.06060606060606,,,4.386658509799342,-122.49999999999996,,23.0,34.12
60634,Gaurav Kochar,False,0.3860433635400882,top/middle,6.0,,85.71428571428571,,,85.71428571428571,,,1.0,33.19
60635,Abhishek Desai,False,0.40579793080246845,opener,177.0,,108.58895705521472,,,30.87978526136871,72.99999999999999,,7.0,27.12
60637,Smit Patel,False,0.4034204089281268,opener,201.0,,139.58333333333334,,,139.58333333333334,,,7.0,32.53
60638,Samrat Sutradhar,False,0.3791979047645355,opener,1.0,,20.0,,,20.0,,,2.0,28.96
60639,Riaz Uddain,False,0.37653230978050817,top/middle,4.0,,36.36363636363637,,,36.36363636363637,,,1.0,25.04
60664,Subham Satrujit,False,0.4030869570704564,top/middle,152.0,,143.39622641509433,,,151.04166666666666,,,6.0,26.21
60666,,False,0.3727296161599891,bowler,15.0,,88.23529411764706,0.0,10.736842105263158,,,,0.0,
60667,Ibitlang Thabah,False,0.3760160996715316,top/middle,4.0,,66.66666666666667,,,66.66666666666667,,,1.0,
60674,Shamphri Terang,False,0.3987875055907658,opener,114.0,,83.21167883211679,,,81.18811881188118,,,4.0,25.09
60681,Kara Hakap,False,0.40287894318633705,opener,207.0,,127.77777777777777,,,127.77777777777777,,,6.0,31.89
60688,Azizul Hakim Tamin,False,0.3891840575200565,top/middle,5.0,,20.833333333333332,,,0.6783277711746619,,,4.0,
60689,Zawad Abrar,True,0.39405117377928944,top/middle,66.0,,79.51807228915662,,,1.3977959082423042,,,5.0,
60700,Ravi Singh,False,0.40345110231011655,top/middle,234.0,,151.94805194805195,,,151.94805194805195,,,11.0,24.51
60796,Nitin Yadav,True,0.3831014358794431,finishing allrounder,2.0,,100.0,2.0,6.230769230769231,100.0,,,1.0,21.61
60798,,False,0.3732476021721343,unknown,12.0,,85.71428571428571,,,85.71428571428571,,,0.0,
60799,Azaan Thota,False,0.384572983618368,opener,56.0,,109.80392156862744,,,109.80392156862744,,,3.0,
6097,Brydon Carse,True,0.5892648954495737,finishing allrounder,46.0,,124.32432432432432,20.0,8.416961130742049,1.0259805476742834,22.999999999999993,4.999999999999999,14.0,25.9
61443,Surya Pratap Singh,False,0.38088847917515656,finisher,11.0,,110.0,,,110.0,,,2.0,20.33
61502,Hridyanand Singh,False,0.3773606706179375,top/middle,10.0,,52.63157894736842,,,52.63157894736842,,,1.0,
6160,Chamika Karunaratne,True,0.6594667570995429,finishing allrounder,257.0,,104.47154471544715,15.0,8.103092783505154,1.3413026773179104,-20.2,-1.0571428571428572,30.0,29.49
6161,Rahul Chahar,True,0.6726610035960907,finishing allrounder,160.0,,105.26315789473684,62.0,7.434875444839857,1.569226484030072,-5.6,-5.0,64.0,26.31
6162,Kulwant Khejroliya,True,0.5793306868609979,finishing allrounder,27.0,,103.84615384615384,17.0,9.678018575851393,140.0,-0.9999999999999998,1.6999999999999997,16.0,33.71
6172,Lasith Croospulle,False,0.44061144276856595,top/middle,113.0,,121.50537634408602,,,1.1107238215953052,-12.999999999999993,,8.0,27.13
6176,Ashen Bandara,True,0.5056245731291689,top/middle,9.0,,45.0,,,45.0,,,1.0,27.01
6179,Nipun Ransika,False,0.4201206066578517,finishing allrounder,6.0,,85.71428571428571,6.0,7.108695652173913,85.71428571428571,,,5.0,26.49
6180,Praveen Jayawickrama,True,0.5259979939722064,finishing allrounder,0.0,,0.0,2.0,8.962025316455696,0.0,,1.9999999999999996,5.0,27.16
61889,Gedak Ete,False,0.4045483187464778,top/middle,112.0,,105.66037735849056,,,105.66037735849056,,,7.0,27.92
61890,Namam Tatang,False,0.38617974628041396,top/middle,22.0,,64.70588235294117,,,64.70588235294117,,,3.0,28.38
62028,Honey Khari,False,0.39047189383706493,opener,94.0,,89.52380952380952,4.0,5.659090909090909,89.52380952380952,,,4.0,
62036,Amit Yadav,False,0.40369663126509114,opener,274.0,,135.64356435643563,,,135.64356435643563,,,8.0,23.24
6235,Sundararaman Radhakrishnan,False,0.5336921899149244,top/middle,557.0,,109.43025540275049,,,5.918259904991843,-28.599999999999998,,28.0,26.37
62358,Sasidharan R,False,0.38516900127762904,finishing allrounder,4.0,,44.44444444444444,5.0,9.405405405405405,44.44444444444444,,,2.0,27.32
6236,Manish Ravi,False,0.46162651589234044,finishing allrounder,4.0,,50.0,3.0,9.6,50.0,,,4.0,29.95
6237,Manimaran Siddharth,False,0.5699788283536248,finishing allrounder,48.0,,92.3076923076923,52.0,5.6680851063829785,2.1696999494218514,-0.20000000000000032,-1.5,51.0,27.4
6238,K Deeban Lingesh,False,0.4519237244349702,finisher,38.0,,79.16666666666667,1.0,5.625,2.2416834382941335,,,7.0,
6240,M Poiyamozhi,False,0.5288896650192177,finishing allrounder,62.0,,96.875,60.0,7.192592592592592,1.320319011414177,-1.6999999999999995,1.0000000000000002,34.0,
6243,K Mani Bharathi,False,0.5083105354008747,top/middle,408.0,,110.5691056910569,,,5.352299175968652,-48.499999999999986,,22.0,
6245,Kannan Vignesh,False,0.4932503003350148,finishing allrounder,20.0,,54.054054054054056,30.0,7.460122699386503,1.1107022429509152,-1.807692307692308,-0.34615384615384626,23.0,32.11
6247,RS Hariharan,False,0.5318546999631427,top/middle,476.0,,105.77777777777777,5.0,7.967213114754099,6.929223372663399,10.5,0.14285714285714282,34.0,25.17
62473,Sharad Chahar,False,0.3873377290384834,finishing allrounder,6.0,,46.15384615384615,1.0,9.551020408163266,46.15384615384615,,,3.0,21.15
62475,Jitesh Singh,False,0.3835378688066771,finisher,6.0,,60.0,,,60.0,,,2.0,26.95
6250,R Rajan,False,0.41531694593830076,finisher,53.0,,132.5,,,132.5,,,2.0,
62505,Lindum Kamte,False,0.39876100062150216,finisher,59.0,,105.35714285714286,,,105.35714285714286,,,7.0,31.73
6252,S Kishan Kumar,False,0.4220538611430197,finishing allrounder,8.0,,100.0,1.0,5.0,100.0,,,1.0,
62525,Nabam Natung,False,0.396949414343675,batting allrounder,113.0,,109.70873786407768,2.0,7.454545454545454,109.70873786407768,,,8.0,25.89
62526,Krains Fuletra,False,0.3868429155436735,finishing allrounder,1.0,,100.0,10.0,7.555555555555555,100.0,,,10.0,21.44
6256,Varun Chakravarthy,True,0.6729372626488511,finishing allrounder,98.0,,84.48275862068965,193.0,7.065176908752328,1.075136542559095,5.9,11.0,138.0,34.25
6263,Aaditya AVaradarajan,False,0.4677465967074818,top/middle,177.0,,104.11764705882354,,,1.1336436958012124,70.99999999999999,,9.0,
6264,S Aravind,False,0.4756858282455191,top/middle,197.0,,93.36492890995261,2.0,5.833333333333333,5.121733208472952,1.9999999999999933,,14.0,
6265,S Sujay,False,0.5009966520144211,top/middle,491.0,,104.46808510638297,,,8.137691717405168,30.400000000000006,,27.0,
62650,Roshan Madhav,False,0.3998768720977678,opener,140.0,,102.94117647058823,10.0,7.785123966942149,102.94117647058823,,,7.0,28.44
62679,Ritesh Paul,False,0.39491892767330156,opener,79.0,,105.33333333333333,,,105.33333333333333,,,7.0,41.6
6268,Stephen Eskinazi,False,0.40975567008945113,top/middle,68.0,,103.03030303030303,,,1.2771180189999833,33.99999999999999,,4.0,31.67
62680,Jubin Doley,False,0.37931319980566786,batting allrounder,11.0,,25.58139534883721,1.0,6.5625,25.58139534883721,,,3.0,25.9
62681,Saibal Ghose,False,0.3880842130310298,finisher,15.0,,57.69230769230769,0.0,10.5,57.69230769230769,,,3.0,28.76
62686,Jayesh Halakr,False,0.37579417301860346,opener,6.0,,60.0,,,60.0,,,2.0,20.13
62693,Damian Sereng,False,0.38058597408436384,batting allrounder,4.0,,21.05263157894737,4.0,9.826086956521738,21.05263157894737,,,3.0,25.85
62694,Khalid Alam,False,0.40303896412924395,batting allrounder,76.0,,101.33333333333333,6.0,7.0212765957446805,5.198377367389835,,,7.0,26.0
62695,Abhishant Bakshi,False,0.39824342019072745,finishing allrounder,84.0,,101.20481927710843,6.0,5.731343283582089,101.20481927710843,,,5.0,29.23
62708,Shreevathsa R Acharya,False,0.38826099377349016,finishing allrounder,2.0,,100.0,7.0,8.08695652173913,100.0,,,10.0,23.7
6272,William Jacks,True,0.6668108347099243,top/middle,1419.0,,147.50519750519751,13.0,7.592727272727273,3.051884370608425,-17.89999999999999,2.2999999999999994,61.0,27.01
6273,Tom Banton,False,0.5157500456585804,top/middle,224.0,,151.35135135135135,,,2.3867230481637938,-20.0,,14.0,27.04
62781,Utpal Gayari,False,0.38271868296241396,batting allrounder,3.0,,75.0,1.0,12.75,75.0,,,1.0,43.73
62783,,False,0.37212308324699983,bowler,0.0,,0.0,4.0,8.294117647058824,0.0,,,0.0,
6280,Harry Brook,True,0.6464200875335295,top/middle,1001.0,,144.02877697841726,,,1.8952687408273954,-37.699999999999996,,49.0,26.76
6281,Abhishek Sharma,True,0.6902608034405618,opener,3517.0,,166.20982986767487,45.0,6.908700322234157,3.8117089488781692,268.8,1.3,122.0,25.23
6282,Salman Khan,False,0.47446966480544467,top/middle,119.0,,121.42857142857143,,,121.42857142857143,,,3.0,26.92
6283,Het Patel,False,0.4636433071943779,top/middle,164.0,,98.79518072289157,,,2.749527403333216,27.999999999999996,,10.0,27.12
6284,Anukul Roy,True,0.6267592993655196,finishing allrounder,221.0,,154.54545454545453,12.0,7.010989010989011,1.3072062303633503,-5.900000000000001,0.20000000000000004,17.0,26.99
6285,Kamlesh Nagarkoti,True,0.5677174506112234,finishing allrounder,3.0,,33.333333333333336,7.0,9.171974522292993,0.6845188127826887,-0.2142857142857143,1.6428571428571435,8.0,25.91
62852,Aditya Anand,False,0.39283183307433206,batting allrounder,64.0,,95.5223880597015,3.0,5.529411764705882,95.5223880597015,,,4.0,20.83
62853,Badal Kanaujiya,False,0.38621138032269386,finishing allrounder,25.0,,51.02040816326531,2.0,5.714285714285714,51.02040816326531,,,3.0,
62854,Aakash Kumar,False,0.38012701570462815,finisher,25.0,,49.01960784313726,2.0,6.3,49.01960784313726,,,2.0,21.0
62856,Pramod Yadav,False,0.3933555730657471,top/middle,69.0,,135.2941176470588,,,135.2941176470588,,,7.0,21.99
62857,Pankaj Vishwakarma,False,0.3821748653961064,finisher,34.0,,55.73770491803279,0.0,13.714285714285714,55.73770491803279,,,4.0,23.77
6286,Shivam Mavi,True,0.6833042045363882,finishing allrounder,277.0,,156.49717514124293,62.0,7.646302250803859,1.4167217245226356,26.200000000000003,2.3,44.0,27.0
62861,Saurabh Tripathi,False,0.4036978389930993,finishing allrounder,78.0,,102.63157894736842,6.0,6.578313253012048,102.63157894736842,,,5.0,27.04
62862,Vaibhav Pal,False,0.3877939881995681,finishing allrounder,26.0,,89.65517241379311,10.0,6.0,89.65517241379311,,,7.0,19.92
62867,Rajnish Pandit,False,0.3917134908420973,top/middle,61.0,,132.6086956521739,,,132.6086956521739,,,4.0,
62868,,False,0.37328217540383357,bowler,15.0,,68.18181818181819,4.0,4.894736842105263,68.18181818181819,,,0.0,
6287,Yash Thakur,True,0.6471631575307008,finishing allrounder,45.0,,109.7560975609756,59.0,8.49164677804296,1.7650235397311294,5.749999999999998,0.6000000000000001,38.0,26.91
62870,Aarmand Zuffri,False,0.37850509749000233,finisher,42.0,,85.71428571428571,,,85.71428571428571,,,4.0,19.03
62871,Jay Singh,False,0.38882261277545077,batting allrounder,110.0,,94.82758620689656,2.0,4.604651162790698,94.82758620689656,,,5.0,23.28
62874,Rohit Shah,False,0.379814204953578,finishing allrounder,0.0,,0.0,1.0,7.333333333333333,0.0,,,2.0,19.84
62875,Divya Jyoti Sharma,False,0.3864050112287431,finishing allrounder,38.0,,115.15151515151516,1.0,8.884615384615385,115.15151515151516,,,3.0,21.61
62876,Bhargav Jyoti Kalita,False,0.3888847007624666,finisher,10.0,,125.0,,,125.0,,,1.0,21.4
62877,Akash Kumar Shah,False,0.3744959798978117,finisher,1.0,,33.333333333333336,,,33.333333333333336,,,1.0,24.97
62879,Yash Sharma,False,0.37635732511625514,top/middle,19.0,,79.16666666666667,,,79.16666666666667,,,2.0,18.98
6288,Shubman Gill,True,0.655594809303446,opener,3833.0,,140.35151958989383,,,2.85356468127689,66.20000000000002,,110.0,26.22
62881,Ashutosh Kumar,False,0.39600325886921117,finishing allrounder,58.0,,111.53846153846153,6.0,6.233766233766234,111.53846153846153,,,3.0,21.0
62882,Ranjan Jyoti Khataniar,False,0.3833645866229612,batting allrounder,11.0,,91.66666666666667,1.0,9.428571428571429,91.66666666666667,,,1.0,27.77
62883,Ikramul Ali,False,0.3887800918232183,finishing allrounder,15.0,,71.42857142857143,1.0,6.428571428571429,71.42857142857143,,,2.0,33.82
62884,Hirakjyoti Mahanta,False,0.3765466611205264,finisher,0.0,,0.0,,,0.0,,,3.0,21.17
62888,Nilim Gogoi,False,0.38704648986859097,finisher,3.0,,60.0,,,60.0,,,1.0,36.24
62889,Sunil Ranjan Gogoi,False,0.39964398062956463,opener,70.0,,145.83333333333334,3.0,8.555555555555555,145.83333333333334,,,3.0,35.85
62898,Mashaikh Faraz,False,0.3802176072904447,top/middle,1.0,,25.0,,,25.0,,,2.0,35.9
62900,Kanhaiya Wadhawan,False,0.3914256866130188,finisher,19.0,,172.72727272727272,,,172.72727272727272,,,1.0,24.16
62901,Rahul Romauld,False,0.3788378507809802,batting allrounder,6.0,,35.294117647058826,1.0,5.076923076923077,35.294117647058826,,,3.0,23.65
62902,Aman Kumar,False,0.3828588152710556,finishing allrounder,8.0,,47.05882352941177,1.0,11.35135135135135,47.05882352941177,,,6.0,20.23
62904,Abhay Kumar,False,0.37956944375637874,finishing allrounder,3.0,,37.5,5.0,6.083333333333333,37.5,,,4.0,17.91
62906,Kumar Prabhuji,False,0.37833316818169904,top/middle,8.0,,42.10526315789474,,,42.10526315789474,,,1.0,18.06
62907,Yuvraj Singh,False,0.4060503211009746,batting allrounder,118.0,,147.5,4.0,6.422535211267606,147.5,,,5.0,26.59
62908,Anukul Singh,False,0.37998955572141085,finishing allrounder,0.0,,0.0,3.0,8.129032258064516,0.0,,,3.0,22.98
62909,Nikhil Singh,False,0.3758637583509057,finisher,14.0,,66.66666666666667,,,66.66666666666667,,,3.0,23.78
62912,Mohammad Habib,False,0.38803440305434367,top/middle,91.0,,102.24719101123596,,,102.24719101123596,,,7.0,25.11
62916,Ranjeesh Kumar,False,0.38345178806790337,finishing allrounder,2.0,,50.0,2.0,7.111111111111111,50.0,,,3.0,27.4
62918,Anuj Parihar,False,0.3900610199706885,finisher,62.0,,112.72727272727273,1.0,4.8,112.72727272727273,,,7.0,
62922,Divya Singh,False,0.41789271174276876,finishing allrounder,131.0,,122.42990654205607,10.0,7.9171597633136095,5.8271850686791815,,,13.0,
62923,Mandeep Boora,False,0.40103190715806725,batting allrounder,45.0,,128.57142857142858,0.0,7.0476190476190474,128.57142857142858,,,4.0,29.03
62925,Gaurab,False,0.38664592840629797,finishing allrounder,5.0,,83.33333333333333,4.0,6.846153846153846,83.33333333333333,,,4.0,22.24
62926,Tarique Jameel,False,0.4041758684516442,finishing allrounder,49.0,,116.66666666666667,6.0,6.666666666666667,116.66666666666667,,,3.0,26.15
62928,,False,0.38252289731591516,bowler,53.0,,100.0,1.0,7.953488372093023,100.0,,,0.0,
62930,Yusuf Nadeem,False,0.37816261578292354,top/middle,13.0,,54.166666666666664,,,54.166666666666664,,,2.0,22.15
62932,Gokul Prasad Dewangan,False,0.39533873457537744,finisher,50.0,,151.5151515151515,,,151.5151515151515,,,2.0,24.68
6297,Matthew Parkinson,True,0.5579163979011169,finishing allrounder,5.0,,41.666666666666664,2.0,9.068181818181818,0.49212598425196846,-4.999999999999998,0.0,4.0,29.09
63019,Aditya Raj,False,0.37914145167434116,finishing allrounder,10.0,,43.47826086956522,4.0,5.5,43.47826086956522,,,3.0,21.34
63042,Dilip Singh,False,0.3969644582594282,finishing allrounder,41.0,,113.88888888888889,6.0,4.823529411764706,113.88888888888889,,,5.0,27.78
63044,Arnav Bansal,False,0.3770396970698867,top/middle,6.0,,37.5,,,37.5,,,3.0,21.95
63049,Mohit Soni,False,0.37854811570219143,finishing allrounder,1.0,,50.0,2.0,5.857142857142857,50.0,,,2.0,25.92
63050,Ajai Jain,False,0.3781409494270412,top/middle,15.0,,75.0,,,75.0,,,1.0,20.96
63052,Gurtaj Singh Bains,False,0.3960978281490119,top/middle,181.0,,126.57342657342657,,,126.57342657342657,,,8.0,21.43
63053,Ritik Sandhu,False,0.3823630328971836,finishing allrounder,1.0,,100.0,1.0,8.75,100.0,,,3.0,19.23
63059,Ivraj Ranauta,False,0.40009041061306966,finishing allrounder,15.0,,166.66666666666666,7.0,6.634146341463414,166.66666666666666,,,6.0,25.58
63062,Karan Singh,False,0.3997792746680691,finishing allrounder,56.0,,100.0,2.0,9.578947368421053,100.0,,,6.0,29.94
63065,Markanday Panchal,False,0.3967315024674757,top/middle,80.0,,109.58904109589041,2.0,7.578947368421052,109.58904109589041,,,7.0,17.83
63066,Arjit Singh,False,0.4024762705202104,finisher,160.0,,133.33333333333334,,,133.33333333333334,,,9.0,29.59
63067,Dhananjay Sharma,False,0.38273491198040366,finishing allrounder,15.0,,71.42857142857143,1.0,10.857142857142858,71.42857142857143,,,5.0,23.02
63068,Dushyant Thamman,False,0.3865584800596084,opener,94.0,,116.04938271604938,,,116.04938271604938,,,6.0,22.03
63069,Awanish Raghuvanshi,False,0.3784353718563322,finisher,0.0,,0.0,,,0.0,,,1.0,23.84
63070,Ishaan Ishaan,False,0.39433134776399614,finishing allrounder,7.0,,233.33333333333334,7.0,7.081967213114754,233.33333333333334,,,7.0,18.92
63071,Yuvraj Singh,False,0.37989967101520955,finishing allrounder,4.0,,57.142857142857146,1.0,9.84,57.142857142857146,,,2.0,18.86
63073,Aarush Bhandari,False,0.398002092270968,opener,197.0,,139.7163120567376,,,139.7163120567376,,,9.0,20.35
63074,Paras Kumar,False,0.3857185018430308,finishing allrounder,31.0,,83.78378378378379,3.0,7.741935483870968,83.78378378378379,,,5.0,21.05
63075,Rupesh Yadav,False,0.3886473292804138,top/middle,46.0,,117.94871794871794,,,117.94871794871794,,,5.0,17.68
63076,Meet Dahiya,False,0.37944746010436725,finisher,8.0,,100.0,,,100.0,,,2.0,17.62
63077,Sahil Kumar,False,0.39177400896159226,finishing allrounder,13.0,,76.47058823529412,10.0,5.746031746031746,76.47058823529412,,,9.0,22.03
63086,Ashish Dahariya,False,0.4275034310314616,opener,337.0,,143.40425531914894,4.0,4.378378378378378,1.1409891947335085,,,10.0,21.11
63087,Jagjot Sasan,False,0.39953824901498125,top/middle,202.0,,113.48314606741573,2.0,8.285714285714286,113.48314606741573,,,5.0,21.35
63088,Ashit Singh,False,0.40050840544206795,finishing allrounder,47.0,,117.5,6.0,7.164179104477612,117.5,,,6.0,21.62
63089,Vedant Dighade,False,0.404250364718342,top/middle,174.0,,129.8507462686567,,,129.8507462686567,,,7.0,19.87
63091,Aditya Ahuja,False,0.40439117382826234,top/middle,119.0,,143.3734939759036,,,143.3734939759036,,,7.0,20.57
63092,Sanskar Chavate,False,0.38884047136856703,finishing allrounder,6.0,,150.0,0.0,8.526315789473685,150.0,,,4.0,19.81
63093,Varun Bisht,False,0.4068685684173053,finishing allrounder,138.0,,209.0909090909091,3.0,5.830985915492958,209.0909090909091,,,6.0,21.89
63094,Vishesh Tiwari,False,0.39742396551960796,finisher,91.0,,128.16901408450704,,,128.16901408450704,,,7.0,21.97
63095,Tejas Soni,False,0.39608380319034836,finishing allrounder,34.0,,136.0,1.0,10.071428571428571,136.0,,,5.0,22.38
63096,Akash Kombe,False,0.3955120741515918,finisher,38.0,,108.57142857142857,,,108.57142857142857,,,7.0,30.22
63102,Ashutosh Marandi,False,0.377830207611195,finishing allrounder,2.0,,33.333333333333336,3.0,6.571428571428571,33.333333333333336,,,2.0,22.19
63104,Dipender Kush,False,0.39136102015861096,top/middle,56.0,,96.55172413793103,,,96.55172413793103,,,5.0,
63109,Abhishek Yadav,False,0.42237303297774453,top/middle,215.0,,153.57142857142858,,,2.6348386252499796,,,8.0,27.94
63112,,False,0.377199774502761,bowler,2.0,,25.0,8.0,6.666666666666667,25.0,,,0.0,
63125,Pushpak Gujar,False,0.38963656680203784,finishing allrounder,31.0,,72.09302325581395,5.0,6.605504587155964,72.09302325581395,,,6.0,27.33
63131,Kartik Naidu,False,0.42070012307271426,finishing allrounder,138.0,,158.6206896551724,7.0,5.611510791366906,5.361555330063909,,,8.0,
6314,Devdutt Padikkal,True,0.6527488279376509,top/middle,2583.0,,124.1826923076923,,,2.7388702454464635,-1.7999999999999998,,100.0,25.39
63166,Gaurav Mishra,False,0.40060277136177935,finisher,27.0,,142.10526315789474,,,1.1040656524528594,,,3.0,21.91
63167,Yash Thakur,False,0.38342897553211586,top/middle,0.0,,0.0,,,0.0,,,1.0,27.44
6319,Swapnil Yelave,False,0.4713521341367298,finishing allrounder,58.0,,113.72549019607843,1.0,6.6923076923076925,4.563330560310183,,,7.0,
6321,Shubhang Hegde,False,0.5909724882042862,finishing allrounder,683.0,,122.1824686940966,59.0,6.316666666666666,1.3433674581231148,3.699999999999999,0.6999999999999997,50.0,24.66
6322,D Avinash,False,0.5339201723497506,finishing allrounder,374.0,,119.87179487179488,25.0,9.176470588235293,6.703736807675285,-7.4,-2.8999999999999995,37.0,
6323,SH Ashraf,False,0.4703857802994618,finishing allrounder,27.0,,71.05263157894737,11.0,6.803827751196172,71.05263157894737,,-10.999999999999998,10.0,36.07
63271,Prabal Chokhande,False,0.3853187932630023,finisher,32.0,,84.21052631578948,,,84.21052631578948,,,4.0,21.21
6328,Lavish Kaushal,False,0.4929506409143205,finishing allrounder,122.0,,169.44444444444446,41.0,6.996978851963746,169.44444444444446,41.999999999999986,-1.4999999999999998,30.0,
63387,Monu Paswan,False,0.3871686441208832,finishing allrounder,20.0,,95.23809523809524,4.0,6.461538461538462,95.23809523809524,,,2.0,23.93
6342,Matthew Breetzke,True,0.5666006391297844,top/middle,102.0,,107.36842105263158,,,2.193634375645083,-2.0000000000000013,,12.0,27.06
63496,Hunny Saini,False,0.42870109596511335,top/middle,193.0,,166.3793103448276,,,2.4034252232296733,,,11.0,21.06
63501,Pradheep Vishal,False,0.3813427500365658,finisher,18.0,,72.0,,,72.0,,,2.0,22.06
63503,Prabanjan S,False,0.3973635227345613,finisher,13.0,,130.0,,,2.091738691297902,,,2.0,17.5
6351,Yarra Prithviraj,False,0.4754803435534032,finishing allrounder,22.0,,115.78947368421052,28.0,6.552631578947368,23.239816808147523,-1.9999999999999996,6.499999999999998,14.0,27.76
63513,Sahibjit Singh Billing,False,0.38896159266965463,finishing allrounder,10.0,,100.0,1.0,7.285714285714286,100.0,,,2.0,22.93
6352,Kishan Parmar,False,0.4760233951335477,top/middle,159.0,,108.16326530612245,,,108.16326530612245,-6.999999999999998,,8.0,33.63
63523,,False,0.372820489360649,unknown,0.0,,0.0,,,0.0,,,0.0,
63526,Atchayan,False,0.38048498616412446,finishing allrounder,0.0,,0.0,0.0,9.25,0.0,,,1.0,19.26
63536,Shobhit Shaudhary,False,0.3948907336777225,finishing allrounder,130.0,,128.7128712871287,1.0,10.64516129032258,128.7128712871287,,,10.0,21.02
63538,Praveen Kumar S,False,0.3961099401062667,finishing allrounder,5.0,,83.33333333333333,3.0,9.241379310344827,83.33333333333333,,,6.0,27.76
6354,Spencer Johnson,True,0.5864903802830724,finishing allrounder,8.0,,66.66666666666667,19.0,8.676384839650146,1.085390747368927,-3.999999999999999,-0.5000000000000009,17.0,29.95
63545,Rohit Chouhan,False,0.3778588639667945,top/middle,11.0,,73.33333333333333,,,73.33333333333333,,,1.0,19.84
63547,Aahil Kachru,False,0.38639018733167807,opener,87.0,,112.98701298701299,,,112.98701298701299,,,6.0,16.47
63548,Shrikaran A,False,0.4021302464218212,finisher,275.0,,143.97905759162305,,,143.97905759162305,,,12.0,29.06
6355,Shaheen Afridi,True,0.6468396153409367,finishing allrounder,253.0,,116.58986175115207,66.0,7.764084507042254,1.3437364424544345,34.50000000000001,5.6000000000000005,51.0,25.64
6356,Khaled Ahmed,False,0.544120084175128,finishing allrounder,73.0,,121.66666666666667,54.0,8.07529411764706,21.15243343843777,13.899999999999997,3.1999999999999993,39.0,33.18
63564,Mohit Kumar,True,0.3901525582777705,finishing allrounder,4.0,,57.142857142857146,1.0,8.625,0.6924183694528013,,,2.0,
63565,Arun Arun,True,0.39305204875551764,finisher,6.0,,200.0,3.0,11.052631578947368,200.0,,,3.0,
63567,Shubham Shubham,True,0.4139024218697876,top/middle,187.0,,178.0952380952381,,,15.0972785110765,,,4.0,
63568,Suraj Vashishi,True,0.4155708006828792,top/middle,130.0,,136.8421052631579,,,5.359180303851423,,,4.0,
63569,Varun Varun,True,0.38817863970988226,finishing allrounder,0.0,,0.0,6.0,7.26,0.0,,,4.0,
63570,Aaryan Aaryan,True,0.38444884458608625,opener,22.0,,115.78947368421052,0.0,8.571428571428571,115.78947368421052,,,2.0,
63575,Yaseen Saudagar,False,0.3933014577222739,finisher,34.0,,125.92592592592592,,,65.09410305006067,,,3.0,
63580,Prithvi Rajan Khanna,False,0.39979936718396986,finisher,174.0,,125.17985611510791,,,125.17985611510791,,,10.0,19.43
63586,Eshaan Goyal,False,0.3897617040800526,finisher,47.0,,97.91666666666667,,,3.875200046094323,,,2.0,
6359,Raghu Sharma,False,0.5268227638821009,finishing allrounder,23.0,,104.54545454545455,19.0,6.675,1.3066477197076054,2.249999999999999,-3.384615384615384,15.0,32.71
6360,Raghunath Sanjay,False,0.5145548886879852,batting allrounder,282.0,,128.76712328767124,10.0,6.46875,2.6663729943697687,13.285714285714288,,12.0,30.66
63600,Vikrant Auty,False,0.39087612886888645,top/middle,18.0,,100.0,,,2.521408657943696,,,2.0,
6362,Lalit Yadav,False,0.4743335895569319,finishing allrounder,23.0,,115.0,16.0,7.435582822085889,115.0,,4.666666666666665,8.0,29.95
63662,Karthick Saran,False,0.4038637226245967,finishing allrounder,94.0,,174.07407407407408,1.0,12.285714285714286,22.867150062570722,,,3.0,
63663,Atul Atul,False,0.39773764752142216,finisher,51.0,,110.8695652173913,0.0,16.0,1.393762020166497,,,3.0,
63664,Dinesh Dinesh,False,0.3966223299176603,finisher,47.0,,117.5,,,4.932542673763629,,,3.0,
63665,Rajesh Kannan,False,0.38400073501924437,finisher,7.0,,116.66666666666667,0.0,15.23076923076923,116.66666666666667,,,1.0,
63666,Rajwinder Singh,False,0.39017489874211614,finishing allrounder,17.0,,113.33333333333333,0.0,10.75,113.33333333333333,,,1.0,
63667,Ravi Teja,False,0.4017611439824396,batting allrounder,77.0,,120.3125,1.0,9.777777777777779,2.6820345945850645,,,3.0,
63669,Thanarai Selwan,False,0.3814301029382588,top/middle,0.0,,0.0,,,0.0,,,3.0,
6369,Wasiqur Rahman,True,0.569929851678958,opener,336.0,,100.59880239520957,,,1.9992770611675454,42.64285714285714,,26.0,30.91
63703,Harshal Gajanan Waghmare,False,0.4002510961602202,finishing allrounder,19.0,,135.71428571428572,5.0,5.816326530612245,135.71428571428572,,,5.0,21.26
63705,Amitsingh Awadheshsingh Rathore,False,0.4084938942843452,batting allrounder,91.0,,146.7741935483871,2.0,2.25,146.7741935483871,,,4.0,29.5
63706,Ritesh Rajaram Chikane,False,0.3748239344670079,opener,0.0,,0.0,,,0.0,,,1.0,23.58
63707,Suhail Ahmad Ansari,False,0.39156789517102353,finisher,70.0,,102.94117647058823,,,102.94117647058823,,,4.0,22.4
6371,Aditya Singh,False,0.4073295188754206,top/middle,10.0,,62.5,,,62.5,,,3.0,35.96
63712,Dildar Khan,False,0.38636249918073895,finisher,7.0,,140.0,,,140.0,,,2.0,25.02
63716,Aryan Mhase,False,0.3760708467553016,finisher,0.0,,0.0,,,0.0,,,1.0,19.21
63718,Harsh Ubale,False,0.3892387767174183,finishing allrounder,58.0,,95.08196721311475,1.0,7.6,95.08196721311475,,,5.0,25.69
63720,Rahul Jadhav,False,0.3806782636738431,top/middle,15.0,,65.21739130434783,,,65.21739130434783,,,2.0,22.11
63721,Yogesh Shinde,False,0.4002272134915535,finishing allrounder,84.0,,140.0,1.0,7.181818181818182,140.0,,,6.0,26.94
63722,Soham Bende,False,0.3997059987350546,top/middle,92.0,,124.32432432432432,2.0,6.571428571428571,124.32432432432432,,,6.0,21.31
63723,Indal Patel,False,0.3817243255087678,finishing allrounder,21.0,,70.0,1.0,10.8,70.0,,,3.0,19.31
63725,Ganesh Bhoi,False,0.3971769646378612,finishing allrounder,14.0,,87.5,0.0,8.25,87.5,,,2.0,38.4
63726,Shivam Gupta,False,0.3811890202146312,finisher,4.0,,80.0,1.0,5.666666666666667,80.0,,,2.0,19.99
63727,Akhilesh Barai,False,0.38975265083227834,finisher,63.0,,118.86792452830188,0.0,4.285714285714286,118.86792452830188,,,5.0,18.37
63729,Sunny Kahar,False,0.37819910427545755,finisher,0.0,,0.0,0.0,12.5,0.0,,,1.0,21.92
63730,Piyush Kanojiya,False,0.3838290626045007,finishing allrounder,2.0,,66.66666666666667,7.0,6.394160583941606,66.66666666666667,,,6.0,20.64
63731,Dhruv Gothi,False,0.3973850230426084,finishing allrounder,7.0,,175.0,4.0,6.895522388059701,175.0,,,5.0,24.69
63732,Jaineel Nandha,False,0.3770302162407019,finisher,4.0,,66.66666666666667,,,66.66666666666667,,,3.0,18.55
63735,Tushar Singh,False,0.38891837889898206,finisher,17.0,,113.33333333333333,,,8.47339661102449,,,3.0,19.09
63737,Aryan Deshmuk,False,0.3843300283829629,top/middle,36.0,,85.71428571428571,,,85.71428571428571,,,3.0,19.1
63738,Suraj Shirsat,False,0.3914196063650376,finishing allrounder,4.0,,80.0,7.0,5.6875,80.0,,,5.0,19.26
63739,Suchit Deavli,False,0.4013160064338721,finishing allrounder,92.0,,124.32432432432432,6.0,8.571428571428571,124.32432432432432,,,7.0,
63740,Alim Shaikh,False,0.3968823502992926,finishing allrounder,4.0,,57.142857142857146,5.0,6.87378640776699,0.6948239136595661,,,8.0,27.47
63741,Mairaj Khan,False,0.3890733249632498,finishing allrounder,0.0,,0.0,0.0,10.0,0.0,,,2.0,31.96
63742,Vidyadhar Kamath,False,0.39514382359017863,finishing allrounder,26.0,,89.65517241379311,9.0,5.314285714285714,89.65517241379311,,,5.0,42.45
63743,Pratik Tare,False,0.3765354141582458,finisher,3.0,,60.0,,,60.0,,,1.0,17.23
63745,Ketan Kharat,False,0.3888819591154895,finishing allrounder,19.0,,51.351351351351354,10.0,5.0,51.351351351351354,,,7.0,36.11
63748,Anirudh Ghag,False,0.37857390050649653,finisher,1.0,,50.0,0.0,2.6666666666666665,50.0,,,1.0,21.75
63749,Aryaveer Rakesh,False,0.3752149180272243,top/middle,0.0,,0.0,,,0.0,,,1.0,19.18
63750,Ashaz Shah,False,0.38342787378849896,finisher,8.0,,66.66666666666667,,,66.66666666666667,,,1.0,18.07
63751,Omkar Joshi,False,0.37629242689432757,finisher,2.0,,40.0,,,40.0,,,1.0,21.22
63754,Aadarsh Patil,False,0.3828808306520284,top/middle,15.0,,107.14285714285714,,,107.14285714285714,,,1.0,24.28
63768,Ajinkya Patil,False,0.3875887063094943,opener,11.0,,73.33333333333333,,,0.5692827780450513,,,3.0,
63769,Vinay Kunwar,False,0.413023288590397,finisher,191.0,,129.05405405405406,1.0,6.461538461538462,2.938976933253082,,,9.0,
6377,Shubham Khajuria,False,0.4737846494656637,top/middle,138.0,,105.34351145038168,,,6.54079310779238,-42.99999999999998,,5.0,30.2
63770,Maninder Singh,False,0.3980846081021886,finisher,21.0,,116.66666666666667,,,0.9951502820794905,,,3.0,
63772,Vedanth Bharadwaj,False,0.3763669933673641,finisher,2.0,,50.0,,,50.0,,,1.0,
63780,Abhinav Tiwari,True,0.3883631942028276,finisher,12.0,,133.33333333333334,,,133.33333333333334,,,1.0,
63788,Shubham Sharma,False,0.3925475099227163,opener,49.0,,140.0,,,7.524171446049998,,,3.0,
63793,Mittansh N,False,0.3766793216819164,finisher,3.0,,60.0,,,60.0,,,1.0,
63794,Rohan Tambe,False,0.38410721816627047,finisher,10.0,,125.0,,,125.0,,,1.0,
63803,Yash Gadia,False,0.388269928638803,finishing allrounder,27.0,,135.0,1.0,7.0,135.0,,,2.0,
63804,Bhavin Thakkar,False,0.39439523748204297,finisher,17.0,,106.25,2.0,12.375,106.25,,,1.0,43.84
63806,Aayush Zimre,False,0.38267866087148084,top/middle,12.0,,200.0,,,200.0,,,1.0,
63807,Anish Chaudhary,False,0.40815966840622137,top/middle,140.0,,122.80701754385964,,,4.047800030117666,,,7.0,
63809,Gautam Waghela,False,0.37567403997490467,finisher,3.0,,75.0,,,75.0,,,1.0,
63812,Rohith K R,False,0.3861765636278304,opener,30.0,,100.0,,,100.0,,,2.0,17.05
63833,Ayush Vartar,False,0.37615724578038745,top/middle,3.0,,60.0,1.0,11.076923076923077,60.0,,,1.0,
63837,Samek Jagtap,False,0.3819244049044368,finishing allrounder,32.0,,64.0,1.0,6.333333333333333,64.0,,,2.0,
6384,Ashutosh Singh,False,0.46362924803138467,opener,561.0,,155.83333333333334,,,155.83333333333334,-156.99999999999991,,11.0,31.89
63853,Sourabh Singh,False,0.41508337872985296,finishing allrounder,161.0,,164.28571428571428,5.0,7.52112676056338,2.880494083383412,,,9.0,23.01
63868,Akshanth Jain,False,0.38953568365169466,finisher,70.0,,112.90322580645162,,,112.90322580645162,,,5.0,24.07
63869,Ayush Kaudare,False,0.39889917253171364,top/middle,106.0,,99.06542056074767,,,99.06542056074767,,,7.0,22.47
6387,Anshul Gupta,True,0.5628043464258102,top/middle,179.0,,130.65693430656935,,,3.46933909294063,27.74999999999999,,8.0,36.18
6389,Tanvir Islam,False,0.5484376741805392,finishing allrounder,64.0,,108.47457627118644,59.0,7.053481331987891,1.8898190536169086,-5.1999999999999975,-2.8999999999999995,51.0,29.09
6392,Vishal Kushwah,False,0.43277087031546985,finisher,105.0,,175.0,,,175.0,,,5.0,34.99
63945,KN Ajeesh,False,0.399267677128776,finishing allrounder,105.0,,128.0487804878049,2.0,6.580645161290323,128.0487804878049,,,6.0,27.23
6395,Josh Philippe,True,0.5527776839382608,top/middle,55.0,,85.9375,,,4.172858531393928,-5.749999999999999,,10.0,28.49
6396,Tim David,True,0.6484951338216584,finisher,1762.0,,165.6015037593985,,,1.7003936186311825,127.60000000000001,,90.0,29.7
6398,Aaron Hardie,True,0.6140218405849535,finishing allrounder,169.0,,118.18181818181819,11.0,8.152466367713005,2.57021378601101,-0.5000000000000006,-1.570092458683775e-16,14.0,26.89
64046,Ajay Singh Janu,False,0.37820089751242436,finisher,1.0,,33.333333333333336,0.0,13.384615384615385,33.333333333333336,,,3.0,
6406,Akash Parkar,True,0.6219794000086264,finishing allrounder,349.0,,135.7976653696498,21.0,8.167741935483871,4.0512128716256965,63.249999999999986,4.249999999999999,20.0,31.52
6407,Sandeep Pattnaik,False,0.510473618200535,top/middle,365.0,,129.8932384341637,,,1.7468962840012923,-7.499999999999985,,14.0,27.53
6408,Subhranshu Senapati,True,0.6214498708892409,top/middle,513.0,,139.40217391304347,,,2.4149351499446357,20.542857142857137,,20.0,28.91
6409,Shantanu Mishra,False,0.4277652195688457,opener,192.0,,107.26256983240224,,,107.26256983240224,63.999999999999986,,8.0,31.49
6410,Saurabh Rawat,True,0.5616454035073809,finisher,374.0,,146.09375,,,17.47885702084361,34.49999999999999,,15.0,27.93
6411,Koushik Ghosh,False,0.41531150246623755,opener,106.0,,89.83050847457628,,,89.83050847457628,-91.99999999999997,,7.0,33.1
6412,Pradipta Pramanik,True,0.6164145539881766,finishing allrounder,182.0,,136.8421052631579,13.0,8.083601286173634,2.0265296723979622,22.599999999999994,0.09999999999999998,23.0,27.13
6413,Siddhesh Wath,False,0.48918429676270003,opener,192.0,,126.3157894736842,,,5.69508033311747,9.999999999999996,,8.0,28.4
6414,Aditya Dhumal,True,0.5771986195190064,finishing allrounder,84.0,,109.0909090909091,14.0,7.116719242902208,3.0492887958659374,19.999999999999993,2.9999999999999996,15.0,25.9
6415,Eknath Kerkar,True,0.5754364406795034,top/middle,277.0,,124.2152466367713,,,5.999123749681507,-13.228571428571426,,15.0,32.21
6418,Mitesh Patel,False,0.4939997030393375,top/middle,397.0,,147.03703703703704,,,134.3065693430657,27.71428571428571,,18.0,28.53
6419,Kartik Kakade,False,0.5232808620479605,finishing allrounder,93.0,,124.0,9.0,6.8059701492537314,3.630068091509552,-6.485714285714286,0.6000000000000001,18.0,30.34
6422,Rajjakuddin Ahmed,True,0.6224646204563363,finishing allrounder,394.0,,151.53846153846155,17.0,6.666666666666667,6.293303144897819,24.7,1.2,21.0,30.23
6423,Riyan Parag,True,0.6996903074062566,batting allrounder,1929.0,,142.67751479289942,21.0,8.16042780748663,2.4885441035644935,68.30000000000001,0.09999999999999994,85.0,24.05
6424,Rajat Khan,False,0.4913578230171254,finishing allrounder,110.0,,129.41176470588235,8.0,5.625,0.6995520049707966,109.99999999999996,7.999999999999998,10.0,28.93
6426,Shivam Chaudhary,False,0.5406414926834089,opener,526.0,,120.91954022988506,4.0,6.082758620689655,11.027369792844286,33.57142857142858,0.3571428571428572,19.0,28.31
6427,Mohammad Saif,False,0.5248165846705599,top/middle,424.0,,123.61516034985422,0.0,12.857142857142858,2.1314640664931233,127.00000000000001,0.0,17.0,29.24
6428,Upendra Yadav,True,0.6214859113928061,top/middle,487.0,,133.0601092896175,,,6.526322004050796,17.099999999999998,,20.0,29.13
6429,Dhruv Singh,True,0.595823678500548,finishing allrounder,131.0,,107.37704918032787,23.0,7.348623853211009,1.4225895815974117,64.49999999999997,6.4999999999999964,22.0,28.04
6433,Darwish Rasooli,True,0.5909087068215433,top/middle,394.0,,105.63002680965147,,,4.067618028582114,44.79999999999998,,24.0,25.96
6436,Qais Ahmad,True,0.5927230978750305,finishing allrounder,56.0,,93.33333333333333,17.0,7.405940594059406,3.524364314797505,3.142857142857142,-1.5714285714285714,16.0,25.28
6440,Omair Yousuf,True,0.4840714915636163,top/middle,123.0,,124.24242424242425,,,1.7736072048532732,-108.99999999999994,,5.0,26.92
6441,Abdullah Shafique,False,0.4594290013547029,top/middle,23.0,,143.75,,,143.75,,,3.0,26.02
6443,Rohail Nazir,False,0.41412540876014636,finisher,41.0,,195.23809523809524,,,195.23809523809524,,,1.0,24.13
6448,Ibrahim Zadran,True,0.6047542453871465,top/middle,785.0,,104.24966799468791,,,4.519948564902849,-39.9,,34.0,23.96
6450,Mujeeb Ur Rahman,True,0.6442819773146888,finishing allrounder,98.0,,127.27272727272727,35.0,6.009724473257698,2.141197568401048,1.3000000000000012,-1.0999999999999994,27.0,24.67
6452,Harsh Tyagi,False,0.5652494591967083,batting allrounder,540.0,,119.73392461197339,24.0,7.492822966507177,3.163890000637332,29.0,3.1999999999999993,43.0,25.9
6455,Ninad Rathva,False,0.532320924371166,batting allrounder,412.0,,135.52631578947367,17.0,6.778761061946903,2.302881196386096,38.8,0.9999999999999998,29.0,26.72
6457,Urvil Patel,False,0.5455785408176055,opener,722.0,,200.55555555555554,,,2.074175844979547,75.6,,27.0,27.11
6460,Ayush Badoni,True,0.6727924154678091,finisher,2078.0,,145.01046755059315,19.0,7.758354755784062,3.8738117941249843,135.5,2.099999999999999,94.0,25.98
64604,Kalhan Challu,False,0.38030286195878477,finisher,8.0,,72.72727272727273,,,72.72727272727273,,,2.0,22.84
6461,Mayank Rawat,False,0.5029555188591588,finishing allrounder,638.0,,157.14285714285714,19.0,6.93854748603352,1.6732853447161127,11.999999999999998,-2.9999999999999996,28.0,25.98
6462,U Mukilesh,False,0.5253309488457685,finishing allrounder,630.0,,117.97752808988764,11.0,7.225806451612903,8.861338824885262,8.100000000000001,-0.10000000000000016,43.0,
6463,Shiva Singh,False,0.5723916930026594,finishing allrounder,358.0,,129.71014492753622,24.0,6.36180904522613,4.376000247469436,23.799999999999986,1.1999999999999997,41.0,26.11
6464,Arshdeep Singh,True,0.6755269978581186,finishing allrounder,124.0,,105.08474576271186,189.0,7.790257104194858,1.4637463041148733,3.7000000000000006,3.100000000000001,134.0,26.81
6465,Vivekanand Tiwari,True,0.5258513443659384,finishing allrounder,1.0,,50.0,3.0,7.953488372093023,50.0,,,2.0,27.14
6466,Atharva Taide,True,0.6370451172422722,opener,939.0,,148.10725552050474,2.0,12.23076923076923,2.7905762530875196,34.8,0.38461538461538464,29.0,25.59
6467,Anuj Rawat,True,0.6490370289381591,top/middle,1617.0,,132.86770747740346,0.0,10.0,1.7795547262471234,106.70000000000002,,69.0,26.11
6468,Rajesh Dhuper,False,0.5109502747666707,top/middle,281.0,,129.49308755760367,,,4.0265947221915095,12.771428571428565,,15.0,25.98
6470,Subham Nayak,False,0.42697886289773807,finishing allrounder,20.0,,95.23809523809524,3.0,5.52,95.23809523809524,,,3.0,27.09
64726,Dibakar Goala,False,0.38980127620219784,finisher,59.0,,125.53191489361703,0.0,6.0,125.53191489361703,,,4.0,26.35
6473,M K Fernando,False,0.42764789688467586,top/middle,214.0,,122.98850574712644,,,46.843255710659754,-1.9999999999999996,,9.0,26.12
6481,Nayeem Hasan,False,0.4814222807073684,finishing allrounder,14.0,,82.3529411764706,10.0,7.491525423728813,1.1252398618974686,6.499999999999999,-1.4999999999999991,8.0,25.79
6483,Nishan Madushka,False,0.3904894837209813,opener,55.0,,119.56521739130434,,,119.56521739130434,,,4.0,26.21
6486,Tanush Kotian,True,0.6467003720260887,finishing allrounder,172.0,,116.21621621621621,27.0,7.144736842105263,1.5165040146528357,6.999999999999997,-0.4999999999999999,27.0,27.11
6487,Priyam Garg,True,0.6456333549620126,top/middle,1131.0,,131.8181818181818,,,3.1676021209171354,103.30000000000001,,47.0,24.99
6488,Harvik Desai,False,0.5499544572660954,opener,725.0,,136.79245283018867,,,6.162566512300966,44.60000000000001,,26.0,26.15
64887,Vipin Chandra,False,0.38311051452735667,finishing allrounder,24.0,,82.75862068965517,2.0,7.76,82.75862068965517,,,8.0,25.9
6489,Darshan Nalkande,True,0.6483637814652312,finishing allrounder,188.0,,118.23899371069183,22.0,9.050632911392405,1.6754328265187317,7.399999999999999,-0.10000000000000002,26.0,27.15
6491,Mohit jangra,True,0.576466423877778,batting allrounder,189.0,,128.57142857142858,9.0,8.2875,5.3560962981033,112.99999999999997,4.999999999999998,7.0,26.17
6492,Aryan Juyal,False,0.5348269879229821,top/middle,401.0,,126.1006289308176,,,3.027267566856815,50.92857142857143,,12.0,24.04
6493,Ankush Singh,False,0.43591647153668545,opener,287.0,,176.07361963190183,,,155.84415584415584,21.999999999999996,,13.0,27.12
6494,Manoj Bhandage,False,0.6117555592435155,finishing allrounder,603.0,,171.3068181818182,35.0,8.810408921933085,3.100982940324242,-54.1,1.4999999999999998,43.0,27.14
6506,Mohammad Imran Randhawa,False,0.47172610166574297,finishing allrounder,8.0,,72.72727272727273,1.0,8.76923076923077,72.72727272727273,,,3.0,28.92
6509,Utkarsh Singh,True,0.587050816128378,batting allrounder,99.0,,139.43661971830986,4.0,6.185567010309279,89.48123396636544,-11.749999999999996,0.0,5.0,27.56
6512,Michael Bracewell,True,0.6642859893878029,finishing allrounder,369.0,,115.3125,33.0,7.046979865771812,1.9089799714540416,44.49999999999999,-2.6999999999999993,41.0,34.78
6515,Benjamin Lister,True,0.5545106105382864,finishing allrounder,1.0,,16.666666666666668,8.0,7.92,0.5580198930612994,0.9999999999999998,-5.999999999999999,9.0,29.9
6516,Karsh Kothari,False,0.4063608803708447,finishing allrounder,2.0,,40.0,7.0,9.272727272727273,0.687656906711917,,,9.0,29.74
6518,Daniel Sams,True,0.6545742279685041,finishing allrounder,96.0,,109.0909090909091,18.0,7.546987951807229,3.3636356275980988,83.99999999999997,15.999999999999996,19.0,33.08
6522,Akshay Wadkar,False,0.47701382038139273,top/middle,170.0,,101.19047619047619,,,2.4531516339637216,-2.4571428571428595,,11.0,31.38
6525,Kunal Chandela,True,0.6235310232921758,top/middle,635.0,,146.31336405529953,4.0,6.3428571428571425,3.417887966104812,117.5,-1.9999999999999996,18.0,31.39
6526,Himmat Singh,False,0.5899786074075339,top/middle,1038.0,,145.3781512605042,9.0,9.664429530201343,3.2424351204060384,94.30000000000001,4.999999999999998,41.0,29.05
6527,Pulkit Narang,False,0.49037875964864014,finishing allrounder,16.0,,106.66666666666667,13.0,4.926829268292683,2.8154385010913425,3.999999999999999,1.7857142857142856,7.0,31.44
65304,Poras Yadav,False,0.392402155881233,top/middle,56.0,,109.80392156862744,,,9.180435302325426,,,3.0,
65307,Arpit Shrivastava,False,0.3773752252002363,top/middle,10.0,,83.33333333333333,,,83.33333333333333,,,1.0,
65313,Shivam Yadav,False,0.3999660497780052,finishing allrounder,5.0,,83.33333333333333,5.0,10.556962025316455,2.062970720135751,,,5.0,
65316,Akanshu Kaiwart,False,0.39449257981019636,finisher,16.0,,69.56521739130434,,,1.2603157170760593,,,4.0,
65319,Akash Singh,False,0.4049334233289587,finisher,39.0,,185.71428571428572,,,0.7020154999505159,,,4.0,
65320,Sourabh Solanki,False,0.4005683523530033,finishing allrounder,40.0,,160.0,5.0,7.870967741935484,28.684015199561095,,,4.0,
65323,Ashutosh Pandey,False,0.3740670478459532,top/middle,2.0,,33.333333333333336,,,33.333333333333336,,,2.0,
65331,Ian Coster,False,0.40239840860784576,top/middle,84.0,,88.42105263157895,,,2.3859070912151368,,,4.0,
65332,Krishna Gandhi,False,0.3794653325253996,top/middle,19.0,,105.55555555555556,,,105.55555555555556,,,1.0,
65333,P Ashutosh,False,0.3787020977421265,top/middle,14.0,,77.77777777777777,,,77.77777777777777,,,1.0,
65336,Shobhit Sharma,False,0.3973896430989894,top/middle,38.0,,74.50980392156863,,,1.401599556579004,,,5.0,
65338,Kivnoor Singh Chhabra,False,0.41947495463708584,top/middle,195.0,,119.6319018404908,,,4.086000411719839,,,8.0,
65346,Tripesh Kumar Sahu,False,0.3795109978998304,finisher,11.0,,57.89473684210526,,,57.89473684210526,,,2.0,
65347,Chandrakant Devangan,False,0.3898205981644771,finisher,13.0,,48.148148148148145,0.0,11.142857142857142,19.27844166677295,,,4.0,
65348,Deovrat Rai,False,0.39114822456425374,finishing allrounder,12.0,,120.0,4.0,8.232558139534884,120.0,,,3.0,
65354,Shivam Chandrakar,False,0.3876283497002182,finishing allrounder,10.0,,83.33333333333333,0.0,11.5,83.33333333333333,,,4.0,
65355,Umang Soni,False,0.38260953624517796,finisher,3.0,,100.0,0.0,12.0,100.0,,,1.0,
65356,Manish Sharma,False,0.39814192342930144,finisher,57.0,,100.0,,,4.152363437970411,,,4.0,
65358,Tushar Chandrakar,False,0.3971086002545702,batting allrounder,45.0,,93.75,1.0,8.6,0.6968143627102243,,,4.0,
65362,Omkar Deshmukh,False,0.4018213998106179,top/middle,56.0,,105.66037735849056,,,4.250187321990524,,,4.0,
65365,Ambrish Kumar Singh,False,0.396634736205839,finisher,132.0,,106.45161290322581,,,25.434814101248357,,,11.0,
65366,Ninad Pathania,False,0.3732398639665169,opener,0.0,,0.0,,,0.0,,,1.0,
65368,M Binny Samuel,False,0.3974274071283411,finisher,12.0,,120.0,,,1.491128540202083,,,2.0,
65371,Sahil Rajat Shariff,False,0.40467166192456916,top/middle,60.0,,113.20754716981132,,,4.338631451927862,,,8.0,
65373,Diwakar Tamrakar,False,0.3832812274198907,finishing allrounder,3.0,,100.0,11.0,7.561643835616438,100.0,,,7.0,
65379,V Vaibhav,False,0.38115896523551746,finisher,31.0,,100.0,1.0,11.0,100.0,,,4.0,
65391,Abhishek Sohgaura,False,0.3961713932692171,finisher,33.0,,94.28571428571429,,,2.6242715097726874,,,6.0,
65393,Syed Naved Ali,False,0.4024960100666697,opener,53.0,,115.21739130434783,,,0.699270078617568,,,3.0,
65402,Rohit Netani,False,0.39309319636421014,finisher,49.0,,84.48275862068965,,,1.4885488891810192,,,6.0,
65403,Aryan Jaiswal,False,0.3783142493601526,finisher,2.0,,66.66666666666667,0.0,7.0,66.66666666666667,,,5.0,
65405,Atul Pal,False,0.3888817444363405,top/middle,35.0,,152.17391304347825,,,152.17391304347825,,,2.0,30.17
65406,Upendra Kumar Yadav,False,0.38189013638153746,top/middle,11.0,,73.33333333333333,,,4.255367950763337,,,2.0,
65407,Harsh Rathore,False,0.40321196244606694,finishing allrounder,12.0,,100.0,6.0,9.022222222222222,1.0053914994110809,,,8.0,
65410,Praveen Kumar Kewat,False,0.39148720339591203,opener,43.0,,84.31372549019608,,,0.9702993885547325,,,4.0,
65411,Lovyum Rajput,False,0.3955684812969074,finishing allrounder,40.0,,68.96551724137932,6.0,7.47887323943662,3.3933454193035715,,,7.0,
65412,Devashish Singh,False,0.3857087330001145,finisher,10.0,,66.66666666666667,0.0,12.0,66.66666666666667,,,1.0,
65413,Janendra Sidar,False,0.4126098398012662,top/middle,107.0,,117.58241758241758,,,2.1137446200699825,,,5.0,
65414,Sourabh Jaiswal,False,0.4061031892297906,top/middle,91.0,,149.18032786885246,,,3.6166322873848653,,,4.0,
65415,Himanshu Jogi,False,0.38859429464971157,finisher,11.0,,110.0,,,110.0,,,1.0,
65417,Digvijay Singh,False,0.399374166720445,finisher,35.0,,97.22222222222223,,,2.290649323328371,,,3.0,27.98
65418,Murli Mohan Sharma,False,0.37839611689796215,finishing allrounder,4.0,,50.0,0.0,11.837837837837839,50.0,,,2.0,
65420,Sudhanshu Tiwari,False,0.386950411869025,finisher,19.0,,70.37037037037037,,,2.2310494553956834,,,2.0,
65421,Sanjeev Singh Singh,False,0.3775711371890021,finisher,4.0,,50.0,,,50.0,,,3.0,22.97
65422,Krish Chopra,False,0.42030441198128393,finisher,186.0,,152.45901639344262,,,1.3844682767512155,,,8.0,
65423,Amit Kunwar,False,0.37753076025781956,top/middle,4.0,,80.0,,,80.0,,,1.0,
65450,Amit Kumar Yadav,False,0.42512249555845666,opener,376.0,,181.6425120772947,13.0,6.818181818181818,9.688066431840907,,,9.0,17.04
65451,Rahul Naik,False,0.4152946165161736,top/middle,170.0,,140.49586776859505,,,4.102581926455453,,,9.0,
65453,Digvijay Patel,False,0.3859347044935788,finisher,10.0,,52.63157894736842,,,2.595742660342536,,,3.0,
6554,Salman Nizar,False,0.5708090442661101,top/middle,1458.0,,145.36390827517448,1.0,4.615384615384615,3.209794099585199,113.42857142857142,,44.0,28.41
65562,Md Faiz Khan,False,0.3790048596908596,finisher,3.0,,23.076923076923077,0.0,13.0,23.076923076923077,,,2.0,18.13
6560,Harishankar Reddy,False,0.524978943161188,finishing allrounder,10.0,,71.42857142857143,23.0,9.078534031413612,0.9091104567047561,-0.057142857142857044,0.7999999999999997,16.0,27.49
6561,Sudhesan Midhun,False,0.501711469703015,finishing allrounder,33.0,,110.0,29.0,7.554702495201536,122.22222222222223,8.999999999999996,3.0999999999999996,27.0,31.14
6574,Alick Athanaze,False,0.4525607490776868,opener,326.0,,123.95437262357414,0.0,12.857142857142858,2.4688265830576404,175.99999999999997,,12.0,26.97
6591,KM Asif,False,0.5544700304273794,finishing allrounder,18.0,,105.88235294117646,52.0,7.448840381991815,0.69887051320227,17.999999999999993,3.6,34.0,32.34
6592,Daryl Ferrario,False,0.549036899938852,batting allrounder,500.0,,113.63636363636364,10.0,7.59375,7.413284442827828,-30.299999999999997,0.1999999999999999,32.0,27.56
66103,Noor Rahman,False,0.372324100776565,opener,1.0,,33.333333333333336,,,33.333333333333336,,,1.0,24.9
66153,Aju Paulose,False,0.39613071818346784,top/middle,44.0,,125.71428571428571,,,125.71428571428571,,,2.0,29.88
6628,Gerald Coetzee,True,0.6376247615855083,finishing allrounder,112.0,,116.66666666666667,27.0,8.863117870722434,1.2449836110771282,-4.000000000000002,-2.0000000000000004,24.0,25.15
66311,Rahul Chaudhary,False,0.38649228741903663,finishing allrounder,1.0,,100.0,3.0,10.08,100.0,,,3.0,24.2
6643,Hasan Mahmud,False,0.5719714168111435,finishing allrounder,50.0,,83.33333333333333,64.0,7.364093959731544,2.0102280493055558,9.999999999999996,3.9999999999999987,54.0,28.79
6644,Mahidul Ankon,True,0.5883403385195238,finisher,558.0,,133.81294964028777,,,3.3840133201316007,81.2142857142857,,35.0,26.57
6645,Mohammad Sheikh,False,0.5486586093864776,opener,1358.0,,109.42788074133763,,,3.4139529772134316,94.09999999999998,,64.0,26.27
6647,Robiul Haque,False,0.4837110353330185,finishing allrounder,31.0,,147.61904761904762,7.0,7.64,2.4271731905703926,,,7.0,26.08
66491,Shikhar Thakur,False,0.3767153630785139,opener,11.0,,78.57142857142857,,,78.57142857142857,,,1.0,
66492,Shivam Nirupam,False,0.37815219282706236,finisher,0.0,,0.0,,,0.0,,,1.0,
66493,Parth Naik,False,0.377659430993432,finisher,1.0,,100.0,0.0,19.0,100.0,,,1.0,
66494,Atharva Poojari,False,0.40623572423128146,finishing allrounder,10.0,,111.11111111111111,2.0,9.6,1.0978597294166523,,,4.0,26.2
66495,Parth Ankolekar,False,0.3810604287502087,finishing allrounder,3.0,,50.0,0.0,7.741935483870968,50.0,,,5.0,
66496,Tatsat Singh,False,0.38630692966980645,top/middle,17.0,,70.83333333333333,,,5.9564708706736775,,,3.0,
66500,Harsh Aghav,False,0.4201175902748537,batting allrounder,149.0,,158.51063829787233,4.0,6.4411764705882355,17.87418553665442,,,7.0,
66501,Nikhil Giri,False,0.38543135245253346,finishing allrounder,1.0,,16.666666666666668,6.0,8.842105263157896,16.666666666666668,,,4.0,
66502,Mayuresh Tandel,False,0.3966176885915299,top/middle,50.0,,151.5151515151515,0.0,11.0,151.5151515151515,,,1.0,
66503,Shreyanssh Rai,False,0.3781145930098935,finisher,9.0,,81.81818181818181,,,81.81818181818181,,,5.0,
66505,Raza Mirza,False,0.38970718082208017,top/middle,18.0,,100.0,,,0.69887051320227,,,3.0,
66506,Siddid Tiwari,False,0.383084165532995,finisher,14.0,,107.6923076923077,,,107.6923076923077,,,1.0,21.76
66508,Monil Soni,False,0.3888332298977841,finisher,34.0,,106.25,1.0,6.0,106.25,,,3.0,
66509,Onkar Jadhav,False,0.40168387437493974,finisher,30.0,,115.38461538461539,,,3.1539588263296827,,,5.0,
6651,Towhid Hridoy,True,0.6451296487658802,top/middle,1945.0,,123.41370558375634,0.0,6.0,3.545365373868349,153.09999999999994,0.0,82.0,24.98
66511,Aryan Chauhan,False,0.38012335063674657,finishing allrounder,5.0,,83.33333333333333,2.0,5.555555555555555,83.33333333333333,,,5.0,
66514,Ayaz Ahmed,False,0.39266015212779587,finisher,17.0,,121.42857142857143,,,6.440664937568826,,,2.0,
6654,Tanay Thyagarajan,True,0.6177717806334616,finishing allrounder,127.0,,147.67441860465115,8.0,6.63265306122449,2.627335321559553,1.0,0.3999999999999999,13.0,30.03
6664,Dion Myers,False,0.38057375771462054,top/middle,6.0,,85.71428571428571,,,85.71428571428571,,,1.0,23.69
6669,Mohsin Khan,True,0.6609118389190813,finishing allrounder,75.0,,100.0,55.0,7.039908779931585,1.4918278608911593,14.499999999999998,7.499999999999997,41.0,27.37
6670,Pramod Chandila,False,0.4839257967340487,top/middle,552.0,,131.74224343675417,2.0,3.5,3.0501201357796157,299.9999999999999,,22.0,32.36
6671,Lalit Yadav,True,0.7003881886865385,finishing allrounder,991.0,,126.24203821656052,49.0,7.607142857142857,2.1515357227021545,18.3,1.5999999999999999,68.0,28.9
6673,Dhruv B Patel,False,0.5101602523435368,finishing allrounder,182.0,,129.07801418439718,5.0,8.795454545454545,1.3895292384697189,51.50000000000002,1.1428571428571432,17.0,28.21
6674,Rahmanullah Gurbaz,True,0.6419017033070294,opener,1017.0,,130.8880308880309,,,2.4126521424328113,1.5000000000000009,,45.0,23.99
6676,Azmatullah Omarzai,True,0.6832263568018577,finishing allrounder,662.0,,128.79377431906616,63.0,7.548746518105849,1.7983507221413435,50.800000000000004,1.6999999999999995,60.0,25.68
6677,Mohammad Hasnain,True,0.5933498565275309,finishing allrounder,19.0,,135.71428571428572,15.0,8.738675958188153,1.4504029464363937,18.99999999999999,2.9999999999999996,13.0,25.56
66773,Yashraj Joshi,False,0.41218476070173665,finishing allrounder,96.0,,137.14285714285714,5.0,6.688524590163935,137.14285714285714,,,9.0,27.24
6680,Kshitiz Sharma,False,0.4257734141783056,top/middle,26.0,,113.04347826086956,,,113.04347826086956,,,4.0,35.6
66816,Shekar Sirohi,False,0.4079483927621262,batting allrounder,249.0,,152.76073619631902,15.0,4.356687898089172,152.76073619631902,,,9.0,25.19
66824,Jigar Surendra Rana,False,0.3916625336820496,opener,86.0,,103.6144578313253,,,8.141951926197684,,,4.0,26.1
6683,Mayank Markande,True,0.6781953225546,finishing allrounder,94.0,,123.6842105263158,56.0,7.794392523364486,2.092733495713848,8.057142857142855,0.9000000000000005,58.0,28.04
66831,Vasim Khan,False,0.40082239416414017,finisher,70.0,,170.73170731707316,1.0,8.5,1.222725943356307,,,5.0,19.16
6684,MD Nidheesh,False,0.5229328405733749,finishing allrounder,72.0,,130.9090909090909,35.0,7.502407704654896,0.8648513100391924,5.499999999999994,2.542857142857142,29.0,34.56
6691,Parikshit Valsangkar,False,0.5190805542652722,batting allrounder,262.0,,123.00469483568075,17.0,6.5,5.294737795587892,123.99999999999994,8.499999999999998,17.0,30.75
6692,Dhrumil Matkar,True,0.5885936922249454,finishing allrounder,213.0,,121.02272727272727,20.0,6.879765395894428,5.856815670536569,100.49999999999999,7.999999999999998,17.0,29.48
6693,Chetan Bist,False,0.4897570073053603,finisher,240.0,,113.74407582938389,,,6.426926701526379,14.999999999999995,,9.0,36.23
66934,Tushar Suryavanshi,False,0.39141808827228736,finisher,43.0,,143.33333333333334,1.0,1.0,143.33333333333334,,,6.0,20.22
66935,Rohit Binkar,False,0.4119596619193308,opener,271.0,,141.14583333333334,0.0,12.0,141.14583333333334,,,6.0,22.02
66936,Mohit Nachankar,False,0.3751238023207517,finisher,21.0,,67.74193548387096,,,67.74193548387096,,,5.0,22.17
66937,Vikram Patel,False,0.38692364076489427,finishing allrounder,0.0,,0.0,2.0,8.5,0.0,,,5.0,27.81
66938,Minar Sahare,False,0.38711293064895935,finishing allrounder,10.0,,58.8235294117647,4.0,6.576923076923077,58.8235294117647,,,5.0,23.13
66948,Aryam Meshram,False,0.41410887648806194,opener,358.0,,138.75968992248062,,,138.75968992248062,,,7.0,23.78
6695,Chandrapal Singh,False,0.45801434089193227,finishing allrounder,2.0,,40.0,2.0,7.32,40.0,,,2.0,31.22
66959,Piyush Sawarkar,False,0.3871031306580475,finishing allrounder,6.0,,100.0,1.0,9.36,100.0,,,5.0,23.99
6696,Ankit Lamba,False,0.4753367468977583,opener,131.0,,103.96825396825396,,,6.57034551536413,,,4.0,33.98
66960,Shree Choudhary,False,0.39534905137264537,top/middle,66.0,,106.45161290322581,0.0,15.75,106.45161290322581,,,6.0,20.18
66961,Updesh Rajput,False,0.3949747508320063,top/middle,130.0,,118.18181818181819,,,118.18181818181819,,,6.0,27.81
66962,Alok Wadkar,False,0.37723086147334994,finisher,7.0,,46.666666666666664,,,46.666666666666664,,,1.0,21.3
66963,Malhar Dosi,False,0.3887046964583866,finishing allrounder,29.0,,80.55555555555556,5.0,8.775,80.55555555555556,,,5.0,18.78
66964,Manan Agrawal,False,0.4009340697398133,finishing allrounder,45.0,,125.0,4.0,7.47945205479452,125.0,,,6.0,22.55
66967,Gaurav Farde,False,0.38120277484062504,finishing allrounder,5.0,,62.5,2.0,5.925925925925926,62.5,,,6.0,21.19
66968,Neel Athaley,False,0.3953046954346647,top/middle,80.0,,125.0,,,125.0,,,4.0,22.08
6697,Shams Mulani,True,0.6656250699540043,finishing allrounder,382.0,,134.50704225352112,41.0,6.8515625,2.2143059510716867,53.00000000000001,1.2000000000000008,37.0,28.71
66970,Vaibhav Chouksey,False,0.3981413802521629,finisher,38.0,,111.76470588235294,,,111.76470588235294,,,3.0,29.99
66971,Anurag Dixit,False,0.38023679401781135,finisher,2.0,,100.0,0.0,6.0,100.0,,,2.0,20.41
66973,Yash Titre,False,0.3790906083060296,finisher,1.0,,100.0,0.0,7.666666666666667,100.0,,,2.0,18.26
66975,Arjun Ingle,False,0.38524312483397105,finishing allrounder,2.0,,66.66666666666667,5.0,6.658536585365853,66.66666666666667,,,5.0,20.99
66977,Amit Desai,False,0.38640960557344434,finishing allrounder,18.0,,81.81818181818181,1.0,9.571428571428571,81.81818181818181,,,5.0,23.56
66978,Kushan Patel,False,0.3855826714350774,finishing allrounder,23.0,,100.0,5.0,6.823529411764706,100.0,,,7.0,
66979,Pavitra Patel,False,0.3969642347808405,opener,140.0,,128.44036697247705,,,128.44036697247705,,,6.0,
66980,Pranshu Badheka,False,0.38076006180486127,finisher,52.0,,82.53968253968254,0.0,8.0,82.53968253968254,,,6.0,
66982,Aditya Raval,False,0.3799480674244834,top/middle,20.0,,62.5,,,62.5,,,3.0,25.9
66983,Yash Doshi,False,0.3911153700044469,finishing allrounder,45.0,,104.65116279069767,6.0,6.7,104.65116279069767,,,6.0,26.11
66984,Aryan Kamli,False,0.3972463637239664,finisher,61.0,,124.48979591836735,0.0,12.0,124.48979591836735,,,7.0,25.9
66986,Dhrumin Patel,False,0.40074035258901874,finisher,55.0,,152.77777777777777,1.0,8.0,152.77777777777777,,,4.0,
66991,Shen Patel,False,0.3901839076789942,finishing allrounder,25.0,,83.33333333333333,15.0,7.3907284768211925,83.33333333333333,,,7.0,22.59
66993,Rohan Mistry,False,0.3790488183482589,finisher,7.0,,46.666666666666664,2.0,9.333333333333334,46.666666666666664,,,3.0,
66994,Rudra Patel,False,0.3907136854103359,finisher,52.0,,123.80952380952381,,,123.80952380952381,,,6.0,25.9
66995,Siddhart Vekharia,False,0.41489216175242327,finisher,221.0,,128.48837209302326,3.0,9.0,128.48837209302326,,,6.0,
66997,Rudra Patel,False,0.3969654048222057,finisher,69.0,,132.69230769230768,,,132.69230769230768,,,6.0,
66999,Ashutosh Patel,False,0.3851481173284062,top/middle,33.0,,86.84210526315789,,,86.84210526315789,,,5.0,
67000,Smit J Patel,False,0.3963949875262742,top/middle,168.0,,113.51351351351352,,,113.51351351351352,,,6.0,
67002,Rudra Patel,False,0.39678511317103143,finisher,113.0,,116.49484536082474,0.0,10.0,116.49484536082474,,,5.0,
67004,Dhyey Patel,False,0.40022135248170493,finishing allrounder,11.0,,275.0,4.0,11.076923076923077,275.0,,,6.0,
67005,Bhavin Rathod,False,0.3824560741674963,finisher,7.0,,87.5,0.0,12.0,87.5,,,1.0,
67006,Krish Gupta,False,0.385946090438458,finishing allrounder,46.0,,104.54545454545455,5.0,7.357142857142857,104.54545454545455,,,5.0,
67007,Parth Khatri,False,0.39084631301146006,finisher,6.0,,150.0,0.0,11.0,150.0,,,4.0,
67008,Lakhya Kochar,False,0.40232853587835515,top/middle,202.0,,142.25352112676057,0.0,10.0,142.25352112676057,,,6.0,
67012,Yash Mistry,False,0.39626714183493095,finishing allrounder,61.0,,112.96296296296296,3.0,7.222222222222222,112.96296296296296,,,5.0,21.79
67013,Arya Rathod,False,0.394018606681861,finisher,22.0,,91.66666666666667,0.0,7.384615384615385,91.66666666666667,,,5.0,
67014,Japagnya Bhatt,False,0.39355521717283987,finishing allrounder,43.0,,116.21621621621621,2.0,9.616438356164384,116.21621621621621,,,5.0,24.16
67015,Krish Patel,False,0.3800232239112471,top/middle,17.0,,85.0,,,85.0,,,3.0,25.9
67016,Alsaaz Khan,False,0.38953278222189675,top/middle,105.0,,102.94117647058823,,,102.94117647058823,,,5.0,
67019,Shivam Arekar,False,0.38483760914648607,finishing allrounder,0.0,,0.0,4.0,7.121495327102804,0.0,,,5.0,
67020,Nishit Gohil,False,0.37741333418834905,top/middle,10.0,,58.8235294117647,,,58.8235294117647,,,2.0,25.9
67022,Rakesh Kahar,False,0.3988844071652796,finishing allrounder,47.0,,162.06896551724137,8.0,7.325581395348837,162.06896551724137,,,5.0,
67023,Shehzor Diwan,False,0.3857050332330156,finishing allrounder,2.0,,100.0,6.0,6.456521739130435,100.0,,,5.0,25.9
67024,Rahul Ahuja,False,0.38815572319591995,top/middle,30.0,,115.38461538461539,,,115.38461538461539,,,5.0,26.28
67025,Sujal Jiwani,False,0.37711656649020514,finisher,22.0,,88.0,,,88.0,,,5.0,
67026,Saral Prajapati,False,0.4053582859955786,finishing allrounder,34.0,,117.24137931034483,4.0,9.320388349514563,117.24137931034483,,,5.0,24.01
67027,Dev Kathiyara,False,0.3763599179935884,opener,32.0,,80.0,,,80.0,,,2.0,
67029,Vikas Mahla,False,0.38881739289098505,finishing allrounder,2.0,,18.181818181818183,12.0,8.168067226890756,18.181818181818183,,,5.0,
67030,Ankush Tyagi,False,0.3947049886783212,finishing allrounder,108.0,,118.68131868131869,4.0,7.1875,118.68131868131869,,,7.0,
67031,Priyank Patel,False,0.38589638664112497,top/middle,23.0,,79.3103448275862,,,79.3103448275862,,,7.0,33.44
67036,Brijesh Sharma,False,0.3850837261463068,finishing allrounder,0.0,,0.0,12.0,6.654545454545454,0.0,,,7.0,
67037,Viraj Krishna,False,0.40055295359626036,finishing allrounder,123.0,,125.51020408163265,4.0,5.853658536585366,125.51020408163265,,,7.0,
67038,Sayan Paul,False,0.3803055252204947,finisher,11.0,,110.0,,,110.0,,,3.0,19.3
6705,Scott McKechnie,True,0.5424640455769686,finisher,20.0,,133.33333333333334,,,1.2603157170760593,,,2.0,34.31
67067,Sundaram Diwakar,False,0.4014051824937833,finishing allrounder,38.0,,135.71428571428572,5.0,7.430769230769231,135.71428571428572,,,7.0,27.95
67069,Dhruv Parekh,False,0.3948766588099837,finisher,48.0,,208.69565217391303,,,208.69565217391303,,,4.0,
67093,Abhishek Agrawal,False,0.38190055596981337,top/middle,10.0,,71.42857142857143,,,71.42857142857143,,,3.0,23.15
67094,Aditya Narwade,False,0.39570281963639187,top/middle,39.0,,118.18181818181819,,,118.18181818181819,,,3.0,20.13
67095,Sahil Sheikh,False,0.39342978862951755,finishing allrounder,41.0,,107.89473684210526,6.0,6.947368421052632,107.89473684210526,,,5.0,22.35
67096,Addhyan Rauthan,False,0.3835601866814832,finisher,41.0,,95.34883720930233,,,95.34883720930233,,,7.0,18.9
67097,Rahul Singh,False,0.386636516782765,finishing allrounder,6.0,,60.0,3.0,8.297872340425531,60.0,,,4.0,20.95
6711,Aditya Thakare,True,0.538407482036724,finishing allrounder,2.0,,66.66666666666667,8.0,7.046979865771812,2.062970720135751,0.0,1.9626155733547187e-17,8.0,27.05
67124,Sahil Bhagwanta Jadhav,False,0.4061797807619712,opener,137.0,,155.6818181818182,,,5.87929503139737,,,5.0,24.16
67128,Moin Naushad Ahmed,False,0.37758740598048235,finisher,0.0,,0.0,,,0.0,,,2.0,
67141,Prem Thakor,False,0.3898472586510984,top/middle,86.0,,94.50549450549451,,,94.50549450549451,,,5.0,
67142,Aakaash Sharma,False,0.3802631602299995,finisher,4.0,,66.66666666666667,,,66.66666666666667,,,3.0,25.88
67143,Rayyan Patel,False,0.38091512133587074,finishing allrounder,10.0,,100.0,2.0,5.857142857142857,100.0,,,5.0,
67145,Roshan Kewat,False,0.3862423798363624,finishing allrounder,0.0,,0.0,4.0,8.8,,,,3.0,
67149,Priyanshu Shukla,False,0.3867765982571767,finishing allrounder,6.0,,60.0,7.0,11.816793893129772,,,,6.0,
67150,Abhishek Mavi,False,0.39644307604944573,finisher,54.0,,158.8235294117647,,,,,,5.0,
67151,Aryan Tiwari,False,0.3751433609297794,top/middle,8.0,,72.72727272727273,,,,,,1.0,
67152,Vivek Sharma,False,0.38457810877259285,finishing allrounder,1.0,,14.285714285714286,8.0,8.307692307692308,,,,5.0,
67153,Karan Tahliyani,False,0.4075029295825536,opener,183.0,,151.2396694214876,1.0,14.0,,,,6.0,
67155,Shubham Kaithwas,False,0.3942554593064489,finishing allrounder,28.0,,200.0,5.0,14.081632653061224,,,,3.0,
67157,Rudransh Singh,False,0.3749138345533815,finisher,3.0,,30.0,,,,,,4.0,
67158,Suraj Singh Sengar,False,0.3753799662571353,finisher,2.0,,40.0,,,,,,3.0,
67159,Nayanraj Mewada,False,0.38080283189727254,finishing allrounder,1.0,,14.285714285714286,11.0,6.391304347826087,,,,7.0,
67160,Raj Dabi,False,0.3861619637806873,finishing allrounder,12.0,,57.142857142857146,2.0,8.5,,,,3.0,
67162,Anvesh Chawla,False,0.3879739554969305,finishing allrounder,11.0,,122.22222222222223,0.0,12.352941176470589,,,,4.0,
67163,Praprabdha V Mishra,False,0.3795589168043,finisher,7.0,,53.84615384615385,1.0,23.0,,,,5.0,
67164,Anant Dubey,False,0.3808681375998046,finisher,2.0,,100.0,0.0,11.0,,,,1.0,
67167,Akash Raghuwanshi,False,0.3946920694290181,finishing allrounder,11.0,,157.14285714285714,11.0,9.126050420168067,,,,6.0,
67169,Pawan Nirwani,False,0.39360421564974396,finishing allrounder,9.0,,90.0,2.0,10.767123287671232,,,,4.0,27.85
67170,Siddhant Agarwal,False,0.3794544537026037,finishing allrounder,2.0,,50.0,3.0,8.0,,,,3.0,
67172,Taanishq Yadav,False,0.3843646749361256,opener,27.0,,90.0,2.0,13.0,,,,4.0,
67175,Akasrh Singh Parihar,False,0.37594505477905626,top/middle,3.0,,37.5,,,,,,3.0,
67177,Ritik Tada,False,0.408273428342503,finisher,173.0,,213.58024691358025,,,,,,6.0,
67178,Dharmesh Patel,False,0.39748705902145043,batting allrounder,102.0,,152.23880597014926,1.0,6.688524590163935,,,,6.0,
67180,Saransh Surana,False,0.40486134595571954,finishing allrounder,72.0,,180.0,11.0,8.921739130434782,,,,7.0,
67181,Atharv Mahajan,False,0.383368788305422,finisher,6.0,,100.0,,,,,,3.0,
67182,Pranjul Puri,False,0.3923589102293461,finishing allrounder,28.0,,116.66666666666667,3.0,6.380952380952381,,,,3.0,
67183,Mukul Raghav,False,0.405336190530854,top/middle,90.0,,152.54237288135593,,,,,,5.0,31.18
67194,Dev Dey,False,0.3893717478881835,finishing allrounder,14.0,,70.0,5.0,9.4,70.0,,,7.0,22.1
67195,Harshvardhan Rana,False,0.3795967425467213,top/middle,34.0,,75.55555555555556,,,75.55555555555556,,,5.0,22.13
67196,Namya Khoyani,False,0.3876640791129151,opener,53.0,,135.89743589743588,,,135.89743589743588,,,4.0,22.31
67202,Kwinsh Padaliya,False,0.39375787748081464,finishing allrounder,32.0,,84.21052631578948,12.0,8.313725490196079,84.21052631578948,,,7.0,20.84
67204,Kartik Badhana,False,0.38552737028260153,top/middle,30.0,,90.9090909090909,,,90.9090909090909,,,5.0,20.16
67207,Mohit Ulva,False,0.39474556522497184,finishing allrounder,6.0,,120.0,3.0,9.096774193548388,120.0,,,4.0,
67208,Nihal Chaudhari,False,0.3936732008976145,opener,177.0,,120.40816326530613,,,120.40816326530613,,,8.0,21.34
67209,Divyang Kanani,False,0.3845381597323664,finisher,35.0,,89.74358974358974,,,89.74358974358974,,,4.0,25.5
67213,Arjun Jayswal,False,0.381351246525414,top/middle,15.0,,75.0,,,75.0,,,2.0,
67214,Atik Jafai,False,0.3848717853334013,finishing allrounder,49.0,,94.23076923076923,0.0,7.8,94.23076923076923,,,4.0,22.5
67215,Dax Bhindi,False,0.38710981370961517,top/middle,59.0,,137.2093023255814,,,137.2093023255814,,,5.0,22.73
67217,Dhruvam Patel,False,0.40389828269731787,finishing allrounder,56.0,,140.0,10.0,8.341463414634147,140.0,,,9.0,28.13
67218,Saurav Sharma,False,0.37824400481821485,finisher,3.0,,30.0,,,30.0,,,1.0,21.4
67219,Amit Pandey,False,0.39340305719531654,finishing allrounder,2.0,,66.66666666666667,3.0,7.344827586206897,0.697246230432634,,,5.0,
67220,Yashvendra Gaur,False,0.3804031488618706,opener,9.0,,112.5,,,112.5,,,1.0,
67229,Karan Ravidas More,False,0.39303606681626013,finisher,5.0,,125.0,,,125.0,,,1.0,38.64
67233,Debangshu Pakhira,False,0.38357310409991785,finishing allrounder,0.0,,0.0,1.0,9.870967741935484,0.0,,,3.0,20.07
67234,Agastya Shukla,False,0.3887970773709977,batting allrounder,14.0,,82.3529411764706,3.0,6.90566037735849,82.3529411764706,,,5.0,16.38
67237,Aniket Singh,False,0.3862405790441656,finishing allrounder,16.0,,94.11764705882354,5.0,6.2,94.11764705882354,,,5.0,22.04
67238,Saikat Das,False,0.39717740063412377,finishing allrounder,12.0,,80.0,7.0,6.486486486486487,80.0,,,6.0,31.27
67239,Sourav Halder,False,0.40437447252798203,finishing allrounder,34.0,,161.9047619047619,7.0,7.014705882352941,161.9047619047619,,,6.0,28.25
67240,Jagmohan Prasad Gupta,False,0.3770137880267947,finisher,2.0,,50.0,1.0,11.0,50.0,,,1.0,18.99
67242,Lokesh Gait,False,0.407162257557202,finishing allrounder,109.0,,118.47826086956522,3.0,7.0212765957446805,118.47826086956522,,,8.0,25.16
67243,Pawan,False,0.3862197747137593,finisher,2.0,,25.0,0.0,15.428571428571429,25.0,,,2.0,27.69
67244,Shivamm Bharati,False,0.3817025393151511,finishing allrounder,1.0,,100.0,3.0,7.645161290322581,100.0,,,5.0,18.02
6725,Sherfane Rutherford,True,0.6292956919668816,finisher,748.0,,129.41176470588235,1.0,11.428571428571429,1.4782222113714125,132.79999999999998,0.4999999999999999,44.0,27.28
6726,Romario Shepherd,True,0.6993395257223379,finishing allrounder,985.0,,143.37700145560407,87.0,8.766712141882675,1.7933768969868944,62.3,6.200000000000002,79.0,31.0
67264,Kartik Rathod,False,0.3911967107771028,finishing allrounder,22.0,,110.0,3.0,6.5,110.0,,,6.0,
67274,Tejas Morey,False,0.3880083829538928,finisher,44.0,,97.77777777777777,,,97.77777777777777,,,5.0,
67275,Aditya Shingh,False,0.3959501571023787,opener,118.0,,147.5,,,147.5,,,5.0,
67316,Anurag Yadav,False,0.38430695534621345,finishing allrounder,3.0,,21.428571428571427,6.0,4.660714285714286,21.428571428571427,,,6.0,25.92
67323,Arjun Bhardwaj,False,0.3944501033085042,finisher,130.0,,108.33333333333333,,,108.33333333333333,,,7.0,
6739,Amir Jangoo,False,0.4120183423706725,opener,51.0,,113.33333333333333,,,2.2116752142539275,,,3.0,28.37
67405,Sachin Choudhary,False,0.3846905667672828,finisher,7.0,,100.0,,,100.0,,,4.0,
67419,Sachin Yadav,False,0.3929880507895184,finisher,5.0,,250.0,0.0,7.578947368421052,250.0,,,3.0,17.04
67427,Aman Yadav,False,0.3770180602059141,finisher,0.0,,0.0,,,,,,1.0,
67443,Keyur Solanki,False,0.3917377507223347,top/middle,45.0,,150.0,,,,,,4.0,28.99
67446,Deep Patel,False,0.3962146767085207,finishing allrounder,53.0,,135.89743589743588,5.0,6.979591836734694,,,,11.0,21.37
67447,Hitanshu Oad,False,0.37844332623351334,finisher,0.0,,0.0,0.0,11.142857142857142,,,,5.0,22.4
67451,Deep Kheni,False,0.39848532659101804,top/middle,205.0,,175.2136752136752,,,,,,11.0,23.85
67453,Tejsingh Mane,False,0.37783753287712996,finisher,19.0,,79.16666666666667,,,,,,4.0,25.92
67454,Manan Solanki,False,0.3900508877556604,finishing allrounder,53.0,,89.83050847457628,1.0,10.2,,,,4.0,24.28
67455,Irfan Shaikh,False,0.39827577684304816,finisher,131.0,,132.32323232323233,2.0,5.3076923076923075,,,,11.0,20.8
67464,Harshit Maurya,False,0.38642273242752573,finishing allrounder,6.0,,66.66666666666667,0.0,11.236363636363636,,,,3.0,20.35
67466,Jatin Rana Chaudhary,False,0.3827435554292983,finisher,0.0,,0.0,0.0,14.0,,,,1.0,30.01
67467,Vaibhav Bhrambhatt,False,0.38033580312332127,finisher,2.0,,50.0,0.0,8.0,,,,6.0,20.7
67469,Vishv Chaudhary,False,0.38354017950283853,finisher,68.0,,97.14285714285714,,,,,,10.0,22.41
67475,Vishvas Patel,False,0.38266799007153707,opener,102.0,,102.0,,,,,,12.0,18.53
67496,Dhiraj Chettri,False,0.38518497221828907,finisher,5.0,,83.33333333333333,,,83.33333333333333,,,2.0,24.96
67497,Om Saini,False,0.39192541138595394,opener,110.0,,108.91089108910892,6.0,6.75,108.91089108910892,,,8.0,26.07
67498,Yugdeep Saini,False,0.39649198091348026,batting allrounder,134.0,,124.07407407407408,8.0,4.352941176470588,124.07407407407408,,,8.0,23.58
67499,Bhaskar Bharadwaj,False,0.4240378745518538,batting allrounder,323.0,,146.15384615384616,9.0,5.488372093023256,3.4447172544569398,,,13.0,22.75
67502,Sajid Ali,False,0.38440780557133075,finisher,9.0,,112.5,,,112.5,,,4.0,17.14
67505,Inza Mamul Haq,False,0.38157421014903514,top/middle,79.0,,88.76404494382022,,,88.76404494382022,,,6.0,18.38
67507,Sandeep Chettri,False,0.38943014633199247,finishing allrounder,7.0,,53.84615384615385,7.0,6.8807339449541285,53.84615384615385,,,6.0,32.73
67508,Sonam Lama,False,0.3880299021052279,finisher,6.0,,37.5,0.0,8.0,37.5,,,4.0,31.21
67509,Md Nazim,False,0.3827246144630041,top/middle,31.0,,140.9090909090909,,,140.9090909090909,,,1.0,26.56
67516,Jorden Sherpa,False,0.38018732746481015,finisher,28.0,,59.57446808510638,,,59.57446808510638,,,7.0,26.18
67517,Sachit Rai,False,0.3930959309096722,finishing allrounder,58.0,,67.44186046511628,3.0,8.8125,67.44186046511628,,,8.0,28.87
67518,Prashant Chettri,False,0.3832156005053612,finisher,29.0,,61.702127659574465,,,61.702127659574465,,,7.0,20.71
67519,Rahul Kumar,False,0.39924151376357286,finishing allrounder,52.0,,88.13559322033899,14.0,6.987341772151899,88.13559322033899,,,8.0,23.28
67521,Om Kumar Gupta,False,0.3782509080816066,finishing allrounder,0.0,,0.0,4.0,4.625,0.0,,,4.0,17.82
67523,Deepak Gupta,False,0.3831819048687294,top/middle,42.0,,61.76470588235294,,,61.76470588235294,,,7.0,19.12
67525,Md Aadil,False,0.3964597058198692,finishing allrounder,14.0,,116.66666666666667,10.0,6.779220779220779,116.66666666666667,,,8.0,23.0
67526,Narchung Lepcha,False,0.3797866981092282,opener,0.0,,0.0,,,0.0,,,1.0,37.42
67530,Puran Giri,False,0.386338775664875,top/middle,29.0,,60.416666666666664,,,60.416666666666664,,,4.0,39.6
67531,Prashant Gurung,False,0.3884798467676321,finisher,16.0,,64.0,0.0,17.0,64.0,,,4.0,32.44
67532,Arpan Gurung,False,0.38701018095166456,finisher,1.0,,25.0,0.0,13.0,25.0,,,1.0,39.01
67534,Akash Thapa,False,0.39067130078286305,finishing allrounder,35.0,,58.333333333333336,2.0,6.512195121951219,58.333333333333336,,,5.0,32.03
67535,Avishkar Chettri,False,0.37941877794359735,finisher,4.0,,30.76923076923077,0.0,16.285714285714285,30.76923076923077,,,6.0,23.68
67536,Amar Rao,False,0.39433229498277333,top/middle,101.0,,97.11538461538461,0.0,10.0,97.11538461538461,,,7.0,27.9
67537,Sabin Tamang,False,0.3876598228789079,finishing allrounder,0.0,,0.0,2.0,6.929577464788732,0.0,,,6.0,30.26
67539,Asraf Ali,False,0.3792443581587945,finisher,1.0,,11.11111111111111,0.0,36.0,11.11111111111111,,,4.0,18.26
6754,Salman Irshad,False,0.49647177761799344,finishing allrounder,16.0,,100.0,18.0,7.4462540716612375,2.37676641276388,3.9999999999999987,1.9999999999999996,14.0,29.98
67540,Vikas Sikarwar,False,0.396689053209076,opener,135.0,,120.53571428571429,3.0,9.631578947368421,120.53571428571429,,,7.0,23.24
67541,Amit Thainua,False,0.38118628949568467,batting allrounder,38.0,,58.46153846153846,4.0,5.9491525423728815,58.46153846153846,,,7.0,22.96
67542,Jayant Chaudhar,False,0.4010882714967084,finishing allrounder,102.0,,124.39024390243902,5.0,8.037735849056604,124.39024390243902,,,7.0,23.44
67545,Dhruv Patel,False,0.37849313839974935,finishing allrounder,5.0,,55.55555555555556,0.0,4.536585365853658,55.55555555555556,,,3.0,18.23
67546,Samrath Jakhar,False,0.39278183119604954,top/middle,120.0,,100.0,,,100.0,,,7.0,17.74
67548,Anuj Biswakarma,False,0.37732420493883595,finisher,0.0,,0.0,0.0,5.538461538461538,0.0,,,2.0,19.07
6761,Rohit Rayudu,True,0.5612489958555769,top/middle,134.0,,124.07407407407408,,,1.8743718040290214,-117.99999999999997,,7.0,31.33
6762,Hiten Dalal,False,0.5026323182693465,top/middle,256.0,,118.51851851851852,,,7.7225179056668605,31.428571428571434,,16.0,31.17
6763,Siraparapu Ashish,False,0.4622751816630854,finishing allrounder,3.0,,60.0,5.0,7.566265060240964,60.0,2.9999999999999996,0.15384615384615385,13.0,27.07
67642,Shubham Sharma,False,0.39792151333603565,finishing allrounder,77.0,,116.66666666666667,15.0,4.2430939226519335,116.66666666666667,,,9.0,28.04
67643,Anshuman Singh,False,0.4077829024148508,top/middle,202.0,,114.77272727272727,,,3.248689926479254,,,10.0,26.56
67645,Yash Tandel,False,0.38118900545830164,finishing allrounder,0.0,,0.0,1.0,8.938775510204081,,,,3.0,23.21
6771,Vishvaraj Jadeja,False,0.5573422851599809,top/middle,835.0,,125.56390977443608,,,3.040058821966687,78.2,,38.0,27.36
6772,Chetan Sakariya,True,0.6548979746553691,finishing allrounder,47.0,,77.04918032786885,52.0,6.789156626506024,1.1887883258342145,-1.8571428571428568,-3.314285714285714,42.0,27.27
6774,Samarth Vyas,True,0.6582340446087968,top/middle,783.0,,132.26351351351352,0.0,12.0,3.5918158828231532,-0.7142857142857232,0.0,33.0,30.0
6775,Shaurya Sanandia,False,0.4880871556665318,finishing allrounder,36.0,,97.29729729729729,20.0,6.42654028436019,97.29729729729729,13.999999999999996,0.0,10.0,38.59
67825,Tanvish Ramakant,False,0.39609032344712,finishing allrounder,76.0,,124.59016393442623,3.0,7.461538461538462,124.59016393442623,,,4.0,26.1
67826,Vimal Solanki,False,0.3923227135093858,finisher,23.0,,121.05263157894737,,,121.05263157894737,,,2.0,27.1
6783,Azam Khan,False,0.5310225828820081,finisher,266.0,,136.4102564102564,,,1.521679815891613,23.500000000000014,,19.0,27.3
6784,Hassan Mohammad,False,0.38101177984863344,finishing allrounder,1.0,,100.0,3.0,6.461538461538462,100.0,,,1.0,25.22
67856,Yowan Lepcha,False,0.39528567129393627,finishing allrounder,25.0,,56.81818181818182,10.0,5.462686567164179,56.81818181818182,,,8.0,38.74
67863,Dipak Ghosh,False,0.3798531115108017,finisher,2.0,,66.66666666666667,,,66.66666666666667,,,4.0,16.96
6789,Murtaza Trunkwala,False,0.5339604571633422,top/middle,605.0,,121.0,,,121.0,34.499999999999986,,27.0,29.85
6790,Divyang Himganekar,True,0.6698502401884486,finishing allrounder,826.0,,142.16867469879517,32.0,8.178438661710038,2.526723410576641,56.49999999999997,1.4999999999999993,45.0,32.12
6791,Atharva Kale,True,0.6042412139379159,top/middle,793.0,,142.88288288288288,,,3.0685495045771094,83.49999999999999,,38.0,26.18
6792,Jay Pande,False,0.4373339312855487,top/middle,151.0,,114.39393939393939,,,114.39393939393939,,,5.0,31.18
6793,Prashant Kore,False,0.45313263227870254,finisher,19.0,,111.76470588235294,,,111.76470588235294,,,2.0,30.14
67934,Omkarnath Singh,False,0.39121393360106566,finishing allrounder,5.0,,166.66666666666666,5.0,10.046511627906977,,,,2.0,26.12
67936,Ramij Raja,False,0.37678343438689793,finisher,0.0,,0.0,,,0.0,,,3.0,19.02
67937,Yash Patidar,False,0.37781440035918684,finisher,0.0,,0.0,2.0,12.0,,,,1.0,21.99
67939,Deo Ashish Thapa,False,0.3777661840735359,opener,4.0,,36.36363636363637,,,36.36363636363637,,,1.0,40.01
67949,Rohit Agarwal,False,0.37590522551313493,finisher,13.0,,52.0,,,52.0,,,3.0,24.97
6795,Terrance Hinds,False,0.4331434613090476,finishing allrounder,5.0,,125.0,1.0,9.290322580645162,125.0,,,2.0,33.84
67950,Bivash Pradhan,False,0.38222156449314904,finisher,0.0,,0.0,,,0.0,,,3.0,28.87
67951,,False,0.3733220444886083,bowler,0.0,,0.0,2.0,5.538461538461538,,,,0.0,
6797,Dominic Drakes,True,0.5774738679030478,finishing allrounder,10.0,,71.42857142857143,4.0,7.8320610687022905,1.6564451257708688,,,7.0,27.8
67996,Rohan Gurung,False,0.3807363160069211,top/middle,0.0,,0.0,,,0.0,,,1.0,33.01
68,Taruwar Kohli,False,0.4612549131599628,batting allrounder,34.0,,87.17948717948718,3.0,4.75,87.17948717948718,,,2.0,36.94
6804,Prathamesh Dake,False,0.4684201234217408,finishing allrounder,30.0,,107.14285714285714,14.0,6.440677966101695,107.14285714285714,,1.9999999999999996,8.0,34.9
6806,Tushar Deshpande,True,0.6524241809458499,finishing allrounder,29.0,,74.35897435897436,80.0,8.284066330209084,1.190853741889643,1.0999999999999999,2.8000000000000007,61.0,30.54
6815,Rakesh Prabhu,False,0.4485650384663017,finishing allrounder,0.0,,0.0,4.0,8.448979591836734,0.0,,,2.0,38.92
6819,Yashasvi Jaiswal,True,0.6618362668992746,opener,3092.0,,148.36852207293666,2.0,10.864864864864865,3.0506865395140883,64.59999999999998,1.9999999999999996,97.0,23.91
68279,Jasoliya Senilkumar,False,0.38448918357690515,finishing allrounder,1.0,,16.666666666666668,5.0,8.210526315789474,16.666666666666668,,,6.0,25.5
6828,Vinayak Bhoir,True,0.5652331862623046,finishing allrounder,76.0,,149.01960784313727,6.0,7.153846153846154,9.055202309005393,-4.999999999999998,0.0,9.0,37.23
68295,Ashish Meena,False,0.3806215195720602,finishing allrounder,2.0,,66.66666666666667,7.0,8.446601941747574,66.66666666666667,,,11.0,
68299,Vaibhav Baisla,False,0.3765734680366009,top/middle,1.0,,50.0,,,50.0,,,2.0,
68302,Aaryavir Sehwag,False,0.3807314054952555,opener,23.0,,104.54545454545455,,,104.54545454545455,,,2.0,
68303,Siddharth Joon,False,0.39162947381969326,opener,150.0,,174.41860465116278,,,174.41860465116278,,,7.0,
68309,Aatrey Tripathi,False,0.3867089784526112,finishing allrounder,1.0,,100.0,5.0,7.666666666666667,100.0,,,7.0,25.9
68313,Ajay Rana,False,0.38529233724534384,finisher,3.0,,42.857142857142854,,,42.857142857142854,,,3.0,36.09
68316,Vikas Dixit,False,0.39926594428162004,finishing allrounder,36.0,,105.88235294117646,7.0,8.516129032258064,105.88235294117646,,,10.0,
68319,Arjun Rapria,False,0.4084662004304442,finishing allrounder,189.0,,157.5,6.0,9.965217391304348,157.5,,,10.0,
68325,Gulzar Sandhu,False,0.3799426781076123,finisher,16.0,,76.19047619047619,,,76.19047619047619,,,5.0,
68328,Rohan Rana,False,0.3836568489443325,top/middle,4.0,,100.0,,,100.0,,,1.0,23.87
68329,Sagar Tanwar,False,0.3905380396660648,finishing allrounder,11.0,,110.0,1.0,5.217391304347826,110.0,,,2.0,
68330,Manish Sehrawat,False,0.39105297750440415,finishing allrounder,22.0,,122.22222222222223,1.0,7.25,122.22222222222223,,,5.0,
68331,Ankur Kaushik,False,0.3900934146941239,opener,78.0,,121.875,,,121.875,,,4.0,
68333,Abhishek Khandelwal,False,0.39860236738729177,finishing allrounder,60.0,,98.36065573770492,6.0,10.758620689655173,98.36065573770492,,,9.0,
68337,Saksham Rai,False,0.3960302197126151,finisher,126.0,,123.52941176470588,0.0,13.0,123.52941176470588,,,8.0,
68338,Bhavy Goyal,False,0.376911435367206,top/middle,6.0,,40.0,,,40.0,,,2.0,
68339,Rahul Sharma,False,0.3903926099509335,finishing allrounder,6.0,,54.54545454545455,11.0,8.074468085106384,54.54545454545455,,,10.0,
68348,Karan Garg,False,0.3970968414035721,top/middle,44.0,,133.33333333333334,,,133.33333333333334,,,4.0,
68350,Mohit Panwar,False,0.3887003972260812,top/middle,27.0,,67.5,,,67.5,,,4.0,
68351,Shreshth Yadav,False,0.37967639266177483,top/middle,37.0,,92.5,,,92.5,,,2.0,25.9
68353,Kamal Bhairwa,False,0.3800064696954895,finishing allrounder,4.0,,50.0,2.0,9.9,50.0,,,4.0,
68358,Varun Yadav,False,0.383613808517822,top/middle,18.0,,112.5,,,112.5,,,2.0,
68360,Aarush Malhotra,False,0.3870791048299115,opener,47.0,,106.81818181818181,,,106.81818181818181,,,5.0,
68361,Sarthak Pal,False,0.37585278695304,finisher,5.0,,71.42857142857143,,,71.42857142857143,,,1.0,
68362,Udhav Mohan,False,0.3828011521590188,finishing allrounder,1.0,,25.0,14.0,7.766355140186916,25.0,,,9.0,
68364,Aryan Kapoor,False,0.38089747962203413,finisher,13.0,,86.66666666666667,,,86.66666666666667,,,2.0,
68365,Pardeep Parashar,False,0.3985861386407069,finishing allrounder,6.0,,100.0,6.0,9.35820895522388,100.0,,,8.0,34.21
68366,Rushal Saini,False,0.37835870195619653,finisher,0.0,,0.0,,,0.0,,,2.0,
68367,Aditya Malhotra,False,0.3779258837585393,finisher,0.0,,0.0,,,0.0,,,1.0,
68369,Gaurav Saroha,False,0.38589641043659506,finishing allrounder,4.0,,400.0,1.0,9.0,400.0,,,2.0,
68407,Muhammad Ashik,False,0.41492392556872665,finishing allrounder,144.0,,240.0,16.0,8.264705882352942,240.0,,,10.0,30.95
68410,Rahmatullah Zadran,False,0.38066336134109363,top/middle,24.0,,109.0909090909091,,,109.0909090909091,,,1.0,
68543,Anugrah Latwal,False,0.39791098569979644,finishing allrounder,12.0,,200.0,8.0,7.673076923076923,200.0,,,8.0,21.87
68555,Prakar Chaturvedi,False,0.38989399790183865,opener,125.0,,142.04545454545453,,,142.04545454545453,,,6.0,25.9
68557,Siddharth Akhil,False,0.3790515458508215,finisher,10.0,,47.61904761904762,,,47.61904761904762,,,3.0,25.9
68559,Harshvardhan Khuba,False,0.38039321932563164,top/middle,12.0,,85.71428571428571,,,85.71428571428571,,,2.0,25.9
68560,Younus Baig,False,0.3816030632145903,finisher,11.0,,84.61538461538461,,,84.61538461538461,,,2.0,24.32
68567,Ganta Adarsh,False,0.3787866362532188,finisher,2.0,,25.0,,,25.0,,,1.0,
68569,Chittineni Srihith,False,0.3812356651511508,finisher,10.0,,100.0,0.0,9.692307692307692,100.0,,,1.0,
68578,K Satya Sai Sathwik,False,0.3890647619547179,finisher,47.0,,167.85714285714286,,,167.85714285714286,,,5.0,
68579,Nakkala Manoj Kumar,False,0.37750267295642054,top/middle,0.0,,0.0,,,0.0,,,3.0,
6858,Aakarshit Gomel,True,0.5575580809322492,opener,122.0,,154.43037974683546,,,1.7750984904381795,58.999999999999986,,6.0,31.98
68580,M Vasu Deva Raju,False,0.3806510143227809,top/middle,33.0,,75.0,,,75.0,,,2.0,
68581,S Sai Pranav Chandra,False,0.38093461899201275,finishing allrounder,1.0,,14.285714285714286,0.0,11.76,14.285714285714286,,,1.0,
68582,T Dheeraj Reddy,False,0.377776362833743,finisher,2.0,,50.0,0.0,18.0,50.0,,,3.0,
68583,Marthala Dhanush,False,0.37947681927786575,top/middle,11.0,,50.0,,,50.0,,,5.0,
68586,Kancherla Anand Josiah,False,0.40427029983094664,finisher,104.0,,170.49180327868854,,,170.49180327868854,,,9.0,
68587,Ms Samanyu Datta,False,0.3771517156693512,opener,11.0,,57.89473684210526,,,57.89473684210526,,,3.0,
68588,J Jai Chander Kesav,False,0.3747001605995655,opener,7.0,,58.333333333333336,,,58.333333333333336,,,1.0,
68592,G Sai Venkata Sumith,False,0.39096649415082246,finishing allrounder,16.0,,123.07692307692308,8.0,6.755905511811024,123.07692307692308,,,7.0,
6865,Atif Attarwala,True,0.5497080484558912,finishing allrounder,10.0,,111.11111111111111,6.0,9.387096774193548,10.799043030967693,-3.999999999999999,-2.9999999999999996,6.0,33.11
68746,Pranav Chopra,False,0.3811973424176929,finishing allrounder,0.0,,0.0,2.0,6.923076923076923,0.0,,,3.0,18.95
6875,Shashikant Kadam,False,0.4085606552654154,finishing allrounder,92.0,,141.53846153846155,3.0,7.0588235294117645,3.3637316335038476,,,5.0,
6883,Chinmay Sutar,False,0.5398885385166986,top/middle,495.0,,134.8773841961853,3.0,6.444444444444445,4.8190966036295,162.49999999999994,,15.0,28.57
6884,Shashank Attarde,True,0.5313485775714875,finishing allrounder,11.0,,45.833333333333336,15.0,6.848780487804878,1.2002449734638656,5.499999999999999,,10.0,34.06
68882,Parth Kumar Bali,False,0.39263760547477433,finishing allrounder,64.0,,96.96969696969697,4.0,7.1571428571428575,96.96969696969697,,,9.0,23.09
6892,VV Dabholkar,True,0.5077317715203726,finishing allrounder,5.0,,27.77777777777778,8.0,8.272727272727273,27.77777777777778,,,8.0,38.68
6896,Siddharth Akre,False,0.4187651368186037,finisher,116.0,,152.6315789473684,,,5.4054993130125855,,,8.0,28.06
69082,Rishabh Rana,False,0.37796989732476277,finisher,4.0,,100.0,,,100.0,,,1.0,22.98
69083,Naman Tiwari,False,0.3785666347223695,finisher,7.0,,38.888888888888886,,,38.888888888888886,,,2.0,22.83
691,Samit Patel,False,0.44429246500950753,batting allrounder,68.0,,86.07594936708861,10.0,4.6350710900473935,3.6359144789253977,,,9.0,40.99
69128,Sumit Kumar Beniwal,False,0.41144783728123174,finishing allrounder,47.0,,223.8095238095238,14.0,10.0,223.8095238095238,,,9.0,26.63
6922,Abdul Samad,True,0.48149931146129,finisher,112.0,,117.89473684210526,,,1.9735324810668413,19.999999999999993,,9.0,27.84
6931,Pathum Nissanka,True,0.6273742584722813,opener,1630.0,,125.28823981552652,,,1.8502314864971026,47.99999999999999,,50.0,27.53
6932,Pramod Madushan,False,0.47811228898342395,finishing allrounder,9.0,,60.0,13.0,7.414012738853503,2.0349833135239854,3.499999999999999,-0.5000000000000004,7.0,31.95
6935,Lahiru Milantha,False,0.3804155358120973,opener,6.0,,50.0,,,50.0,,,1.0,31.5
69397,Prajwal Pavan,False,0.38433975597169073,top/middle,171.0,,96.06741573033707,,,96.06741573033707,,,11.0,25.62
6942,S Abishiek,False,0.49134308781573144,top/middle,357.0,,88.36633663366337,,,5.458500045501727,19.3,,28.0,25.78
6944,Boopalan S,False,0.47592154988991553,finishing allrounder,13.0,,108.33333333333333,0.0,7.461538461538462,2.27008210138892,0.4999999999999996,0.0,7.0,37.69
6945,Nidhish Rajagopal,False,0.5184911593958506,top/middle,940.0,,119.89795918367346,,,8.794176616268247,-10.300000000000004,,37.0,
6954,Ganesh S,False,0.48524739936984196,finisher,258.0,,104.8780487804878,,,7.3537644782399205,14.8,,21.0,25.56
6956,Manigandan S,False,0.474769877723752,finishing allrounder,12.0,,75.0,5.0,6.330275229357798,12.431820622194238,3.999999999999999,-2.9999999999999996,6.0,29.56
6957,R Mithun,False,0.46087724565497645,finishing allrounder,49.0,,81.66666666666667,4.0,7.0,2.6490879797499263,2.8999999999999995,0.8,9.0,
6958,Muhammed Khan,False,0.516411489603372,finisher,443.0,,128.40579710144928,1.0,12.0,4.650162515412407,7.499999999999998,0.33333333333333326,30.0,
6960,Sumant Jain,False,0.46203011703439806,top/middle,55.0,,94.82758620689656,,,94.82758620689656,,,4.0,31.49
6964,Damodaran Rohit,True,0.6347932810758369,batting allrounder,505.0,,114.25339366515837,17.0,7.327102803738318,2.6073238494770945,-21.40000000000001,-0.10000000000000016,34.0,33.5
6966,Tushar Raheja,False,0.5482822049083292,top/middle,1317.0,,144.88448844884488,,,4.59236143838546,116.4,,39.0,
69679,Rishabh Drall,False,0.39310929231068636,top/middle,40.0,,125.0,,,125.0,,,2.0,25.75
6971,Saravana Kumar P,False,0.5792670621333122,finishing allrounder,193.0,,121.38364779874213,50.0,7.625316455696202,3.8763738331035587,-10.400000000000002,-0.7000000000000002,37.0,36.25
69748,Siddharth Jain,False,0.37481684563225415,opener,0.0,,0.0,,,0.0,,,1.0,
6975,Divakar R,False,0.5033101363920751,finishing allrounder,47.0,,114.63414634146342,28.0,7.833827893175074,2.9881731022496187,2.500000000000001,-0.30769230769230754,17.0,
69805,Kartik Siddhu,False,0.3865199285460672,finishing allrounder,10.0,,125.0,4.0,7.217391304347826,125.0,,,5.0,25.9
69809,Vipin Dhaka,False,0.3816258485065701,top/middle,2.0,,40.0,,,40.0,,,1.0,29.63
69814,Deepak Rajput,False,0.3810844311257861,opener,39.0,,90.69767441860465,,,90.69767441860465,,,2.0,
69818,Rishab Rizvi,False,0.37962034889929364,finishing allrounder,0.0,,0.0,1.0,11.210526315789474,0.0,,,6.0,
69819,Raman Singh,False,0.4009394593773119,top/middle,52.0,,126.82926829268293,,,126.82926829268293,,,6.0,29.71
69820,Vishal Dhankar,False,0.3802015865675093,top/middle,23.0,,65.71428571428571,,,65.71428571428571,,,3.0,
69822,Manish Saini,False,0.3935276641136145,finishing allrounder,25.0,,125.0,4.0,8.512820512820513,125.0,,,6.0,
69825,Vaibhav Narang,False,0.38899017165042543,finisher,17.0,,60.714285714285715,0.0,8.0,60.714285714285715,,,4.0,34.51
69826,Aryan Choudhury,False,0.38554499320646896,finisher,13.0,,100.0,,,100.0,,,2.0,21.0
69835,Dado Tachung,False,0.39385699016178854,top/middle,110.0,,90.9090909090909,1.0,10.451612903225806,90.9090909090909,,,9.0,
69836,Nabam Ram,False,0.3787901405252883,finisher,6.0,,75.0,,,75.0,,,1.0,
69837,Takam Jacob,False,0.3958381845452152,top/middle,157.0,,112.94964028776978,,,112.94964028776978,,,9.0,
69841,Raju Yadav,False,0.38575772917191065,finisher,28.0,,84.84848484848484,,,84.84848484848484,,,2.0,
69844,Ankit Pal,False,0.3878653591202276,batting allrounder,35.0,,125.0,5.0,4.5,125.0,,,4.0,
69845,Deepak Kushwaha,False,0.378800374261851,finisher,12.0,,57.142857142857146,,,57.142857142857146,,,2.0,
69846,Likha Tatam,False,0.38577441980985533,finisher,46.0,,97.87234042553192,,,97.87234042553192,,,5.0,
69847,Yowa Topu,False,0.3844955312740831,finishing allrounder,0.0,,0.0,7.0,6.397058823529412,0.0,,,8.0,
69848,Anuraj Sinha,False,0.3969878103210083,finishing allrounder,14.0,,200.0,12.0,5.357142857142857,200.0,,,6.0,
69850,Chera Mapu,False,0.37654411689796446,finisher,5.0,,55.55555555555556,,,55.55555555555556,,,4.0,
69851,Taba Tatang,False,0.3772784484437232,finisher,4.0,,36.36363636363637,,,36.36363636363637,,,1.0,
69852,Techi Tado,False,0.39494794325010746,opener,184.0,,115.0,,,115.0,,,8.0,
69853,Bishal Nag,False,0.3792535399963311,finishing allrounder,0.0,,0.0,0.0,12.0,0.0,,,2.0,
69855,Abhilash Shandilya,False,0.37649479074059117,finisher,4.0,,33.333333333333336,,,33.333333333333336,,,2.0,
69856,Aditya Mukesh,False,0.3740923972036835,opener,2.0,,50.0,0.0,6.666666666666667,50.0,,,2.0,
69857,Himanshu Himanshu,False,0.3845562012707531,opener,21.0,,116.66666666666667,1.0,11.25,116.66666666666667,,,1.0,
69858,Techi Tarum,False,0.39195646392354583,finishing allrounder,41.0,,89.1304347826087,4.0,6.470588235294118,89.1304347826087,,,7.0,
69859,Tnc Tassar,False,0.3898900137030352,finisher,44.0,,118.91891891891892,,,118.91891891891892,,,5.0,
69862,Techi Sania,False,0.3871817477677017,top/middle,73.0,,100.0,,,100.0,,,7.0,
69864,Rajesh Rebi,False,0.3838876761700225,finisher,12.0,,85.71428571428571,,,85.71428571428571,,,7.0,
69865,Kabak Yakup,False,0.3779135026035001,finisher,0.0,,0.0,,,0.0,,,1.0,
69867,Yigam Pale,False,0.38612743622385176,finisher,13.0,,48.148148148148145,,,48.148148148148145,,,4.0,
69868,Amit Patel,False,0.38388996802860426,top/middle,32.0,,86.48648648648648,,,86.48648648648648,,,3.0,
69869,Mahi Pal,False,0.3882193518761632,top/middle,71.0,,116.39344262295081,0.0,17.5,116.39344262295081,,,7.0,20.28
69870,Nabam Abo Jnr,False,0.39026707785995646,finishing allrounder,36.0,,83.72093023255815,9.0,5.888888888888889,83.72093023255815,,,7.0,20.35
69871,Namendra Singh,False,0.38977868168194424,finishing allrounder,40.0,,88.88888888888889,8.0,5.512195121951219,88.88888888888889,,,7.0,23.78
69872,Tai Magung,False,0.38198893480393203,finisher,45.0,,67.16417910447761,,,67.16417910447761,,,6.0,23.63
69873,Yadvendra Yadav,False,0.38367046062524734,top/middle,130.0,,96.29629629629629,,,96.29629629629629,,,7.0,20.06
69874,Nabam Takar,False,0.37711880745869203,finisher,4.0,,40.0,,,40.0,,,2.0,19.54
69875,Shubham Jhunjunwala,False,0.3971014400837366,finishing allrounder,69.0,,109.52380952380952,2.0,10.285714285714286,109.52380952380952,,,4.0,26.17
69876,Techi Dol,False,0.39733819623393074,finishing allrounder,35.0,,106.06060606060606,10.0,6.218978102189781,106.06060606060606,,,7.0,21.91
69880,Harsh Pandey,False,0.38586483563922463,top/middle,63.0,,95.45454545454545,,,95.45454545454545,,,4.0,
69881,Nich Mima,False,0.3891540519903068,finishing allrounder,9.0,,69.23076923076923,6.0,6.573913043478261,69.23076923076923,,,7.0,27.96
69882,Kanishk Dalal,False,0.37800721355647826,finisher,0.0,,0.0,0.0,9.6,0.0,,,1.0,22.37
69884,Nabam Totu,False,0.39453712168826277,opener,137.0,,124.54545454545455,,,124.54545454545455,,,6.0,23.14
69886,Vidush Arora,False,0.38438328812931294,opener,10.0,,76.92307692307692,,,76.92307692307692,,,1.0,28.85
69887,Abhishek Chaurasia,False,0.3889299088072636,finishing allrounder,5.0,,125.0,3.0,7.7368421052631575,125.0,,,2.0,21.99
69888,Chubing Chege,False,0.39693133243068596,finishing allrounder,36.0,,97.29729729729729,4.0,5.9361702127659575,97.29729729729729,,,6.0,19.23
69890,Prasant Goswami,False,0.38073308479798595,finisher,12.0,,66.66666666666667,,,66.66666666666667,,,1.0,21.39
69891,Pratam Mudgil,False,0.3880040379248241,top/middle,43.0,,82.6923076923077,,,82.6923076923077,,,6.0,17.14
69892,Yugvinder Saroha,False,0.38164303659140186,opener,39.0,,97.5,0.0,6.461538461538462,97.5,,,1.0,25.54
69894,Techi Tania,False,0.3875911721018207,finisher,48.0,,102.12765957446808,,,102.12765957446808,,,6.0,22.79
69895,Piyush Kumar,False,0.37714037359172664,finisher,1.0,,20.0,,,20.0,,,1.0,21.24
69896,Sachin Mourya,False,0.3771906977997932,top/middle,0.0,,0.0,,,0.0,,,2.0,18.15
69897,Takar Muri,False,0.39392295715885106,finishing allrounder,39.0,,111.42857142857143,4.0,9.069767441860465,111.42857142857143,,,7.0,20.28
69898,Tayum Niare,False,0.3804319783977192,finisher,16.0,,44.44444444444444,,,44.44444444444444,,,6.0,21.1
69899,Techi Tiklee,False,0.39232043677585715,batting allrounder,50.0,,111.11111111111111,3.0,7.404255319148936,111.11111111111111,,,6.0,23.7
69901,Likha Sonia,False,0.3916611106697993,finishing allrounder,40.0,,88.88888888888889,5.0,6.461538461538462,88.88888888888889,,,6.0,27.49
69902,Sohit Tomar,False,0.3971795622268914,top/middle,53.0,,139.47368421052633,,,139.47368421052633,,,4.0,26.21
69903,Deepak Yadav,False,0.39767382442658805,finishing allrounder,27.0,,150.0,0.0,6.0,150.0,,,3.0,20.05
69904,Mohd Wasim,False,0.3964389412217856,finishing allrounder,14.0,,127.27272727272727,3.0,9.0,127.27272727272727,,,5.0,27.05
69905,Rahul Rahul,False,0.41388039900698786,finishing allrounder,99.0,,128.57142857142858,3.0,6.8,128.57142857142858,,,7.0,31.48
69907,Pranjal Pranjal,False,0.3882946115298635,finisher,3.0,,33.333333333333336,2.0,11.142857142857142,33.333333333333336,,,2.0,28.54
69908,Saamant Jha,False,0.3770672164003841,top/middle,19.0,,57.57575757575758,0.0,36.0,57.57575757575758,,,2.0,18.81
69909,Vedant Yadav,False,0.39576559957774987,finisher,53.0,,147.22222222222223,,,147.22222222222223,,,2.0,17.66
69910,Rupesh Mishra,False,0.38586456804781655,batting allrounder,75.0,,75.0,5.0,4.705882352941177,75.0,,,7.0,24.38
69913,Taba Kagu,False,0.3952335474133072,finisher,21.0,,75.0,,,75.0,,,7.0,28.93
69915,Teli Radhe,False,0.3768729634085542,finisher,0.0,,0.0,,,0.0,,,2.0,19.81
69916,Dagbom Geyi,False,0.3781975061489435,finisher,0.0,,0.0,1.0,5.1,0.0,,,3.0,23.74
69918,Devnash Nagar,False,0.38157738307058187,top/middle,30.0,,76.92307692307692,,,76.92307692307692,,,3.0,19.26
69919,Gaurav Mishra,False,0.388072696061513,top/middle,18.0,,300.0,,,300.0,,,5.0,19.16
69920,Nabam Kama,False,0.38975721078374853,top/middle,124.0,,93.93939393939394,5.0,4.0,93.93939393939394,,,8.0,24.01
69922,Varun Gupta,False,0.37684526626666837,finisher,0.0,,0.0,,,0.0,,,1.0,25.43
69923,Baddula Sunil Yadav,False,0.3780422185338357,finisher,6.0,,54.54545454545455,,,54.54545454545455,,,4.0,25.75
69924,Rishi Sharma,False,0.3788877416564827,finishing allrounder,2.0,,15.384615384615385,2.0,6.142857142857143,15.384615384615385,,,4.0,20.1
69925,Shuhel Akhtar,False,0.3949550079077737,top/middle,46.0,,131.42857142857142,0.0,4.666666666666667,131.42857142857142,,,4.0,25.16
69926,Taying Siyum,False,0.3797700662730603,finishing allrounder,2.0,,50.0,4.0,16.4,50.0,,,4.0,20.3
69929,Ajit Kamra,False,0.3834227756391352,finishing allrounder,5.0,,71.42857142857143,3.0,8.513513513513514,71.42857142857143,,,7.0,25.84
69930,Aman Pisa,False,0.38932245690866724,top/middle,44.0,,89.79591836734694,,,89.79591836734694,,,8.0,20.9
69931,Amit Kumar,False,0.39516554426966727,finishing allrounder,15.0,,37.5,4.0,8.262295081967213,37.5,,,4.0,36.65
69932,Passang Norbu,False,0.38659039950936047,finishing allrounder,20.0,,86.95652173913044,4.0,8.876712328767123,86.95652173913044,,,8.0,18.64
69933,Shakes Bhargava,False,0.39453668874552356,finishing allrounder,35.0,,194.44444444444446,2.0,5.492957746478873,194.44444444444446,,,3.0,21.07
69935,Satyam Pandey,False,0.39536440124327094,finisher,38.0,,152.0,,,152.0,,,3.0,22.0
69981,Vibhanshu Kumar,False,0.39841890249139916,top/middle,151.0,,148.0392156862745,0.0,8.0,148.0392156862745,,,6.0,20.7
70057,Yash Rana,False,0.392845813856646,finisher,13.0,,144.44444444444446,0.0,7.384615384615385,144.44444444444446,,,1.0,
70058,Priyanshu Chaudhary,False,0.3768303055712734,opener,5.0,,29.41176470588235,,,29.41176470588235,,,1.0,
70067,Suraj Singh Rathore,False,0.38392082185750154,finishing allrounder,3.0,,50.0,2.0,6.967741935483871,50.0,,,3.0,
70068,Rapole Sai Santosh,False,0.3844656205676405,finishing allrounder,2.0,,20.0,3.0,7.2,20.0,,,3.0,
70076,Nabam Rikam,False,0.38368188429935235,finisher,9.0,,112.5,,,112.5,,,4.0,
7008,Gus Atkinson,True,0.569694505177834,finishing allrounder,10.0,,43.47826086956522,7.0,10.746268656716419,1.0214677996034212,-2.9999999999999996,-3.499999999999999,4.0,27.85
70122,Mingma Paffa,False,0.38175984949529806,finisher,2.0,,100.0,0.0,8.0,100.0,,,2.0,24.16
70126,Karan Gola,False,0.3868598654604598,finishing allrounder,13.0,,100.0,4.0,5.888888888888889,100.0,,,4.0,
70127,Vishnu Kumar Sharma,False,0.3798815147606032,finisher,0.0,,0.0,1.0,4.153846153846154,0.0,,,1.0,
70129,Abhinav Singh,False,0.3836842232485138,finishing allrounder,28.0,,107.6923076923077,4.0,2.88,107.6923076923077,,,2.0,
70148,Bivash Shaw,False,0.3914453699882891,top/middle,45.0,,173.07692307692307,,,173.07692307692307,,,4.0,22.83
70150,Prayan Prantik Samal,False,0.37579045215283885,opener,5.0,,45.45454545454545,,,45.45454545454545,,,2.0,16.9
70154,Panakala Sasanka,False,0.38783890966210954,opener,59.0,,105.35714285714286,,,105.35714285714286,,,2.0,19.54
70155,Anurag Mallick,False,0.3744209091035955,opener,2.0,,50.0,,,50.0,,,1.0,
70157,Vagesh Sharma,False,0.39509734019565634,finishing allrounder,29.0,,116.0,5.0,6.674157303370786,116.0,,,6.0,
70158,Abhishek Champati,False,0.3819952617003398,finisher,4.0,,100.0,,,100.0,,,2.0,
70159,Sayed Tuffel Ahmed,False,0.39380183041050776,finishing allrounder,16.0,,145.45454545454547,3.0,7.98,145.45454545454547,,,5.0,
70161,Panakala Moxit,False,0.3777094618298378,finisher,3.0,,50.0,,,50.0,,,2.0,
70162,Soumya Ranjan Lenka,False,0.3906842324347137,finishing allrounder,31.0,,103.33333333333333,5.0,7.636363636363637,103.33333333333333,,,5.0,
70163,Udaya Jata,False,0.3873168907964798,finishing allrounder,7.0,,87.5,3.0,7.432835820895522,87.5,,,6.0,
70169,Saransh Kumar,False,0.38467951489032487,finisher,25.0,,108.69565217391305,,,108.69565217391305,,,6.0,
70170,Md Danish,False,0.3959585178475007,finishing allrounder,7.0,,175.0,9.0,8.689655172413794,175.0,,,6.0,
70171,Shovandeb Behera,False,0.3825283608785952,finishing allrounder,1.0,,100.0,1.0,9.473684210526315,100.0,,,3.0,
70172,Swoop Samit Bhuyan,False,0.3914431467795301,finisher,31.0,,163.1578947368421,0.0,10.285714285714286,163.1578947368421,,,2.0,21.09
70173,Biswajit Pradhan,False,0.3880155609998683,finishing allrounder,24.0,,72.72727272727273,1.0,7.153846153846154,72.72727272727273,,,4.0,19.51
70175,Ayush K Barik,False,0.3873579545567348,finishing allrounder,20.0,,83.33333333333333,6.0,6.846153846153846,83.33333333333333,,,6.0,22.06
70176,Swayam Srivastav,False,0.3844920393422222,finisher,9.0,,128.57142857142858,,,128.57142857142858,,,6.0,
70181,Md Sohail Khan,False,0.37649479074059117,finisher,1.0,,33.333333333333336,,,33.333333333333336,,,1.0,
70184,Bikramjeet Singh,False,0.3804967882171795,opener,17.0,,73.91304347826087,,,73.91304347826087,,,2.0,
70186,Japji Japji,False,0.37755099930527236,top/middle,5.0,,55.55555555555556,,,55.55555555555556,,,2.0,
70188,Shabaj Singh,False,0.39757235914444955,finishing allrounder,91.0,,124.65753424657534,1.0,10.909090909090908,124.65753424657534,,,6.0,
70189,Sukhreeb Singh,False,0.3796021679027167,opener,9.0,,64.28571428571429,,,64.28571428571429,,,2.0,20.33
70191,Pardeep Jagraon,False,0.38016856147239536,finisher,10.0,,71.42857142857143,0.0,15.0,71.42857142857143,,,1.0,
70193,Varinder Viru,False,0.38568447258423816,top/middle,39.0,,114.70588235294117,,,114.70588235294117,,,3.0,
70194,Asheesh Asheesh,False,0.38239325968656124,finisher,6.0,,60.0,0.0,11.294117647058824,60.0,,,2.0,
70196,Karteek Sharma,False,0.39077199501553656,opener,95.0,,115.85365853658537,,,115.85365853658537,,,4.0,
70198,Sukhwinder Singh,False,0.39028765526933185,finishing allrounder,7.0,,63.63636363636363,2.0,8.88888888888889,63.63636363636363,,,3.0,29.23
70205,Jasan Jindal,False,0.37959781333066867,finishing allrounder,1.0,,25.0,6.0,9.2,25.0,,,3.0,22.78
70209,Reavan Preet Singh,False,0.38880227499368325,top/middle,24.0,,218.1818181818182,,,218.1818181818182,,,2.0,
70210,Rushil Shrivastava,False,0.39057984531813517,finisher,47.0,,146.875,,,146.875,,,3.0,22.35
70211,Shivein Rakheja,False,0.4007523546796262,opener,117.0,,107.33944954128441,,,107.33944954128441,,,5.0,21.23
70258,Samarath Semwal,True,0.3922714255024571,top/middle,83.0,,123.88059701492537,,,123.88059701492537,,,5.0,
7026,Brooke Guest,False,0.4103541205140529,top/middle,44.0,,93.61702127659575,,,8.38269440748557,,,2.0,28.54
70261,Pranjal Singh Raikwal,False,0.3771296244565402,finisher,1.0,,20.0,0.0,16.0,20.0,,,1.0,18.02
70262,Siddharth Gupta,True,0.4030713928033996,finishing allrounder,34.0,,170.0,10.0,7.956521739130435,170.0,,,7.0,21.19
70264,Mohammad Uzair Malik,False,0.3951732800668324,finisher,22.0,,169.23076923076923,,,169.23076923076923,,,1.0,13.7
70270,Shivansh Gautam,True,0.3824412840622664,finisher,11.0,,78.57142857142857,,,78.57142857142857,,,3.0,
70273,Vishal Kumar Saini,True,0.38524205086137076,finishing allrounder,1.0,,100.0,11.0,6.146341463414634,100.0,,,8.0,
70275,Tushar Nautiyal,False,0.3920858648661161,top/middle,101.0,,117.44186046511628,,,117.44186046511628,,,5.0,
70276,Vikas Bhati,True,0.38529047606574773,finishing allrounder,32.0,,80.0,2.0,5.5,80.0,,,4.0,20.74
70279,Daksh Arora,False,0.3815533566587311,top/middle,31.0,,106.89655172413794,,,106.89655172413794,,,2.0,19.72
70280,Priyanshu Panwar,True,0.38047159888956955,finisher,13.0,,100.0,,,100.0,,,3.0,21.0
70281,Sagar Ojha,False,0.37808178898974065,top/middle,12.0,,70.58823529411765,,,70.58823529411765,,,1.0,23.29
70282,Aaryan Godiyal,False,0.38584186033035567,finisher,22.0,,115.78947368421052,,,115.78947368421052,,,4.0,
70284,Allen Chetan,True,0.4096504773003685,opener,218.0,,205.66037735849056,,,205.66037735849056,,,5.0,
70287,Abhishek Barthwal,False,0.3772174346421851,finisher,10.0,,76.92307692307692,,,76.92307692307692,,,1.0,21.66
70289,Aasham Gulati,False,0.37791775028640373,top/middle,7.0,,70.0,,,70.0,,,2.0,
70290,Shikhar Baliyan,False,0.38085309230459286,top/middle,5.0,,100.0,,,100.0,,,1.0,
70291,Manu Kumar,False,0.3839803425752113,finisher,21.0,,123.52941176470588,,,123.52941176470588,,,1.0,
70292,Gopal Singh,False,0.38285729817118314,finisher,14.0,,58.333333333333336,0.0,9.0,58.333333333333336,,,2.0,
70294,Shobhit Sareen,True,0.4021059031832885,finisher,63.0,,121.15384615384616,0.0,7.0,121.15384615384616,,,5.0,
70295,Ansh Tyagi,True,0.3794216579724927,opener,23.0,,53.48837209302326,,,53.48837209302326,,,4.0,
70296,Sumit Panwar,True,0.39233529798331274,finishing allrounder,6.0,,42.857142857142854,1.0,10.2,42.857142857142854,,,3.0,32.23
70297,Aniket Malik,False,0.38426148060891235,finisher,64.0,,77.10843373493977,0.0,10.5,77.10843373493977,,,5.0,24.57
70298,Ayush Deswal,False,0.3877850308558692,top/middle,8.0,,200.0,,,200.0,,,2.0,
70299,Jagdish Singh Koshyari,True,0.38955210375545835,finishing allrounder,6.0,,100.0,2.0,9.9,100.0,,,4.0,
70303,Bhavya Deep Singh,True,0.3794726721831369,finishing allrounder,1.0,,16.666666666666668,4.0,7.469387755102041,16.666666666666668,,,5.0,
70304,Abhishek Dafouti,True,0.3991159966884176,batting allrounder,102.0,,120.0,2.0,10.421052631578947,120.0,,,6.0,21.02
70305,Jatin Sharma,True,0.3799292609526247,finisher,2.0,,66.66666666666667,0.0,12.0,66.66666666666667,,,2.0,
70306,Vanshaj Chauhan,True,0.3940337920298161,finisher,41.0,,170.83333333333334,,,170.83333333333334,,,4.0,
70307,Binay Singh Rawat,True,0.3882331348778056,finisher,44.0,,102.32558139534883,,,102.32558139534883,,,5.0,
70308,Rahul Devnath,True,0.39437275742809996,finishing allrounder,14.0,,100.0,7.0,7.851063829787234,100.0,,,6.0,
70310,Parvv Verma,True,0.3882772733295207,finisher,24.0,,133.33333333333334,,,133.33333333333334,,,1.0,
70341,Satyajeet Sabat,False,0.3873177410229332,finisher,12.0,,200.0,,,200.0,,,1.0,
70357,,False,0.372820489360649,unknown,0.0,,0.0,,,,,,0.0,
70364,Sankalp Pathodiya,False,0.38749745832921356,finisher,5.0,,250.0,1.0,11.571428571428571,250.0,,,1.0,
70368,Priyanshu Barswal,True,0.3851900232520905,finisher,15.0,,115.38461538461539,,,115.38461538461539,,,2.0,22.99
7044,Jamie Smith,True,0.41491918317496773,top/middle,130.0,,191.1764705882353,,,2.915302730018557,,,5.0,25.37
70487,,False,0.372820489360649,unknown,4.0,,40.0,,,,,,0.0,
7049,Kamil Mishara,True,0.5463959039693911,top/middle,199.0,,116.37426900584795,,,1.8809630443725747,30.999999999999986,,9.0,24.59
7052,Dunith Wellalage,False,0.4606222105900232,finishing allrounder,84.0,,113.51351351351352,19.0,6.73900293255132,3.1602842926656254,31.999999999999993,-0.9999999999999998,15.0,22.88
7057,Pawan Shah,False,0.4920857686170362,opener,472.0,,115.1219512195122,,,115.1219512195122,-34.49999999999999,,30.0,26.23
7058,Yash Vijay Rathod,False,0.4669641167617848,opener,92.0,,104.54545454545455,,,7.855148641784863,4.999999999999998,,7.0,25.53
7059,Nehal Wadhera,True,0.6636368750032401,top/middle,1502.0,,139.33209647495363,4.0,10.2,2.614329118315942,-41.49999999999995,-1.4999999999999993,70.0,25.23
7060,Arjun Sachin Tendulkar,True,0.6308975912381224,finishing allrounder,115.0,,98.2905982905983,25.0,6.482412060301508,1.6558042786763616,0.7000000000000004,0.7000000000000002,17.0,26.17
70832,Sentu Sarkar,False,0.3818014559048199,top/middle,11.0,,110.0,,,110.0,,,1.0,
7094,Curtis Campher,False,0.5061543090574656,finishing allrounder,128.0,,126.73267326732673,9.0,8.456140350877194,1.9233534471398004,1.9999999999999996,2.9999999999999996,11.0,26.6
7105,Sameer Choudhary,False,0.5304850352343514,finisher,380.0,,125.82781456953643,0.0,9.4,14.247729389875582,47.499999999999986,0.0,33.0,25.94
7106,Ajay Dev Goud,True,0.5124315993945459,finishing allrounder,12.0,,109.0909090909091,7.0,4.8,109.0909090909091,,-0.33333333333333326,2.0,25.78
71192,Indrajit Debnath,False,0.3801652979806986,finishing allrounder,2.0,,100.0,1.0,8.538461538461538,100.0,,,1.0,
7125,Vidyadhar Patil,False,0.5444101019407185,finishing allrounder,144.0,,165.51724137931035,54.0,8.401554404145077,12.936773136874502,9.14285714285714,1.0,37.0,25.22
7130,Abhilash Shetty,False,0.49278926796253025,finishing allrounder,11.0,,68.75,49.0,7.526530612244898,24.15444007313456,0.09999999999999994,-0.6999999999999997,35.0,
71309,Atul Prakash,False,0.3767821290467912,top/middle,7.0,,58.333333333333336,,,58.333333333333336,,,1.0,
71310,Bhanu Kumar,False,0.38112538868430385,finisher,2.0,,33.333333333333336,0.0,11.666666666666666,0.0,,,1.0,
71311,Mohd Izhar,False,0.383656819254844,finishing allrounder,3.0,,37.5,6.0,6.8076923076923075,,,,1.0,
7134,Luvnith Sisodia,False,0.5635268368389486,opener,1314.0,,150.86107921928817,,,6.264600086748897,-54.39999999999999,,44.0,25.86
7140,Senuran Muthusamy,False,0.40462553766338466,finishing allrounder,9.0,,100.0,1.0,7.953488372093023,0.698328245403105,,,1.0,31.76
7145,Adhoksh Hegde,True,0.5057803562395908,finishing allrounder,1.0,,50.0,2.0,10.254545454545454,50.0,,,5.0,
7152,Hazratullah Zazai,True,0.5761753179346973,opener,217.0,,116.66666666666667,,,2.79599013572637,-56.49999999999998,,11.0,27.68
7155,Sahan Arachchige,False,0.4512056025836302,batting allrounder,235.0,,123.6842105263158,3.0,6.3076923076923075,11.87577508383828,-58.999999999999986,-0.9999999999999998,9.0,29.54
7157,Oshada Fernando,False,0.44507490841567565,top/middle,19.0,,65.51724137931035,,,65.51724137931035,,,1.0,33.62
7162,Jacob Lintott,False,0.4850379112634663,finishing allrounder,19.0,,172.72727272727272,4.0,4.835820895522388,9.809995682824681,,,3.0,32.6
7197,Jhatavedh Subramanyan,False,0.5146162982349152,finishing allrounder,5.0,,83.33333333333333,26.0,6.820224719101123,0.6294277623668542,2.9999999999999996,-4.499999999999999,25.0,26.2
7201,Haroon Arshad,True,0.5113968212710283,finishing allrounder,3.0,,75.0,0.0,10.628571428571428,75.0,,,2.0,26.23
7205,Tom O Connell,False,0.3767487300156885,finisher,0.0,,0.0,0.0,12.5,0.0,,,1.0,25.45
7215,Rajesh Mohanty,False,0.4855794669011666,finishing allrounder,71.0,,142.0,16.0,5.585106382978723,1.3878408002877725,9.384615384615385,1.8846153846153852,9.0,25.52
7216,Prabhsimran Singh,True,0.6556218273844514,opener,2751.0,,153.08848080133555,,,3.300916422495078,216.10000000000005,,92.0,25.3
7217,Pranshu Vijayran,False,0.5240450534667573,finishing allrounder,164.0,,140.17094017094018,13.0,8.798722044728434,1.1331540169838143,28.399999999999995,2.0999999999999996,21.0,30.02
7218,Arun Chaprana,False,0.5029292792883615,batting allrounder,32.0,,168.42105263157896,4.0,8.921052631578947,6.586955888733936,,,3.0,31.57
7219,Shasheem Rathour,False,0.4442068363924686,opener,0.0,,0.0,0.0,7.333333333333333,0.0,,,1.0,31.11
722,Liam Dawson,False,0.49856013517847514,finishing allrounder,40.0,,137.93103448275863,10.0,7.3649289099526065,1.1675039689970457,,2.666666666666666,13.0,35.74
724,Imran Tahir,False,0.47853800070985747,finishing allrounder,5.0,,100.0,9.0,5.387755102040816,100.0,,1.0,4.0,46.48
7240,FazalHaq Farooqi,True,0.641208617564775,finishing allrounder,10.0,,40.0,39.0,7.505202312138728,1.6391758139110473,0.5999999999999999,-3.8999999999999995,38.0,25.18
7245,Pappu Roy,False,0.45629054122031376,finishing allrounder,0.0,,0.0,22.0,5.80327868852459,,,2.3076923076923084,11.0,30.76
7250,Mukesh Choudhary,True,0.6483629228322227,finishing allrounder,68.0,,123.63636363636364,64.0,8.272425249169435,3.1481387151057176,27.999999999999993,0.9285714285714288,43.0,29.39
7256,Qamran Iqbal,False,0.45982725589123435,opener,133.0,,111.76470588235294,,,13.008421301172056,-38.499999999999986,,5.0,24.11
7260,Dhruv Jurel,True,0.6411461986354654,finisher,1159.0,,148.97172236503857,,,2.5571870071583818,9.5,,60.0,24.85
7266,M Venkatesh,False,0.5381223831682206,finishing allrounder,271.0,,116.30901287553648,21.0,8.295399515738499,8.34763031488162,62.29999999999999,-2.3,32.0,25.62
7269,Sushant Mishra,False,0.3890078932482372,finishing allrounder,0.0,,0.0,6.0,6.923076923076923,,,,1.0,24.93
7270,Anrich Nortje,True,0.6712364808526665,finishing allrounder,49.0,,76.5625,58.0,8.421818181818182,1.0981830921115125,3.3,-4.5,50.0,32.03
7276,Rishabh Chouhan,False,0.47561637894645914,finisher,326.0,,153.05164319248826,1.0,7.0,6.91387121925073,53.499999999999986,,13.0,26.23
7279,Atharva Ankolekar,False,0.50543915677331,finishing allrounder,190.0,,125.0,21.0,7.111638954869359,2.255868017125979,33.885714285714286,2.371428571428571,21.0,25.17
728,Dawid Malan,True,0.6561723093032998,top/middle,1113.0,,125.76271186440678,,,2.6293272768457534,18.885714285714283,,40.0,38.23
7289,WJ Lubbe,False,0.46097444776814894,top/middle,16.0,,160.0,,,160.0,,,2.0,33.01
7292,Ranjit Mali,False,0.39287353479817094,finishing allrounder,10.0,,100.0,2.0,11.419354838709678,100.0,,,3.0,37.06
7293,Mrinmoy Dutta,False,0.54068563585175,finishing allrounder,156.0,,120.0,20.0,8.251716247139589,1.324716801782811,5.999999999999997,0.7000000000000004,19.0,27.01
7294,Jitumoni Kalita,False,0.408331350223525,finishing allrounder,95.0,,121.7948717948718,2.0,5.851851851851852,1.532871383560888,,,6.0,25.13
7295,Mukhtar Hussain,False,0.5197587889588945,finishing allrounder,77.0,,202.6315789473684,23.0,6.966292134831461,1.589013689521174,-10.85714285714286,0.9428571428571426,12.0,26.87
7296,Debabrata Pradhan,False,0.49739112137056424,finishing allrounder,32.0,,123.07692307692308,23.0,6.688524590163935,6.28275934155617,-4.999999999999998,-1.9999999999999991,13.0,29.13
7297,Romario Sharma,True,0.5056584647922991,finishing allrounder,227.0,,96.1864406779661,14.0,5.59375,88.13559322033899,-198.99999999999994,,19.0,30.94
7298,Sujit Lenka,False,0.43243782550761706,top/middle,121.0,,114.15094339622641,,,114.15094339622641,,,4.0,32.95
7304,Sanvir Singh,True,0.698780613815507,batting allrounder,1280.0,,174.62482946793997,32.0,8.023728813559321,4.2562270205368185,38.79999999999998,-0.8000000000000003,53.0,29.12
7312,Nandre Burger,True,0.4915544946847384,finishing allrounder,10.0,,47.61904761904762,8.0,8.4,3.2589986965478825,3.999999999999999,-0.5000000000000001,10.0,30.29
7322,Yash Dayal,True,0.6487212228669955,finishing allrounder,13.0,,76.47058823529412,60.0,7.931192660550459,0.8278958767385729,1.4999999999999996,0.3999999999999999,62.0,27.95
7324,Agnivesh Ayachi,False,0.4677975718587255,finishing allrounder,19.0,,76.0,4.0,8.117647058823529,76.0,,,4.0,30.45
7325,Harpreet Brar,True,0.6920314808145033,finishing allrounder,661.0,,124.71698113207547,82.0,7.633835457705678,1.6905776570279412,38.0,3.0,93.0,30.2
7326,PP Jaiswal,False,0.5241125743857298,finishing allrounder,77.0,,160.41666666666666,24.0,8.459227467811159,1.8719755372823599,2.77142857142857,5.142857142857143,25.0,30.18
7327,Rasikh Salam,True,0.6182994695787064,finishing allrounder,45.0,,102.27272727272727,24.0,8.225063938618925,0.8671998742902797,13.499999999999995,1.5999999999999996,20.0,25.64
7328,Prayas Ray Barman,False,0.47921206678447,finishing allrounder,170.0,,111.11111111111111,8.0,8.607142857142858,111.11111111111111,22.653846153846157,0.7999999999999998,16.0,23.09
7338,Haider Ali,True,0.5921067002565322,top/middle,388.0,,140.57971014492753,,,2.595470327858379,32.599999999999994,,30.0,25.15
7341,Jake McGurk,True,0.5292186995965488,opener,484.0,,180.59701492537314,,,2.0716709491762235,-369.9999999999999,,20.0,23.63
7343,Mohor Sheikh,False,0.45675561033397827,finishing allrounder,4.0,,28.571428571428573,8.0,9.163636363636364,0.6853006480927414,,3.999999999999999,7.0,28.68
7344,Shoriful Islam,True,0.6475500095924754,finishing allrounder,106.0,,99.06542056074767,96.0,7.749667110519308,1.344257460556236,6.300000000000001,3.7000000000000006,70.0,24.48
7354,Al Alis,False,0.465232235829283,finishing allrounder,30.0,,63.829787234042556,28.0,6.365422396856582,0.9770621113890616,17.999999999999993,0.0,22.0,28.96
7355,Tayyab Tahir,False,0.457150490389109,top/middle,63.0,,92.6470588235294,,,15.329047496452707,-14.999999999999995,,6.0,32.34
7364,Haris Rauf,True,0.6626875962722497,finishing allrounder,97.0,,95.09803921568627,90.0,8.004545454545454,1.1442997603177079,2.1,2.3,59.0,32.05
7419,Ahmed Shah,False,0.42646662705245864,top/middle,0.0,,0.0,,,0.0,,,1.0,30.81
7421,Bishworjit Konthoujam,False,0.4641007739289047,finishing allrounder,2.0,,66.66666666666667,2.0,6.6947368421052635,66.66666666666667,,0.0,6.0,29.81
7426,Kangabam Priyojit Singh,False,0.4734301633983229,top/middle,100.0,,75.18796992481202,,,4.974382060361596,65.99999999999999,,6.0,31.01
7429,Prafullomani Singh,False,0.4727934131116205,top/middle,105.0,,87.5,,,9.298098265012266,98.99999999999994,,5.0,31.74
7430,Thokchom Singh,False,0.43894671312889677,finisher,1.0,,20.0,,,20.0,,,1.0,35.9
7431,Sultan Karim,False,0.47904064494104,finisher,7.0,,58.333333333333336,1.0,10.125,0.6931039664789879,6.999999999999998,-0.9999999999999998,5.0,31.03
7436,Imliwati Lemtur,False,0.4835090777439419,finishing allrounder,63.0,,79.74683544303798,8.0,7.691489361702128,1.770874094144878,7.999999999999998,0.5,11.0,33.92
7440,Sedezhalie Rupero,False,0.47503588375437206,top/middle,114.0,,63.333333333333336,,,1.3531815886738237,-9.500000000000002,,9.0,28.03
7442,Tahmeed Rahman,False,0.48239175774972665,finishing allrounder,12.0,,41.37931034482759,4.0,7.956521739130435,1.1767110489749535,-3.999999999999999,0.0,8.0,27.17
7446,Abdul Samad,True,0.641671385511996,finisher,850.0,,144.31239388794566,1.0,9.857142857142858,2.175307714001231,43.0,-0.19230769230769237,62.0,24.08
7449,Shubham Pundir,False,0.4743830375517512,top/middle,47.0,,104.44444444444444,0.0,5.7,104.44444444444444,,,4.0,27.11
7454,Manyala Pranith,False,0.41597784325849596,opener,151.0,,158.94736842105263,,,158.94736842105263,122.99999999999997,,7.0,32.22
7458,Rushabh Rathod,False,0.548964436788006,finisher,655.0,,142.70152505446623,1.0,9.0,0.6997187254231506,60.02857142857142,,40.0,31.34
7459,Ankit Chaudhary,False,0.4832042483993027,finishing allrounder,66.0,,132.0,3.0,6.707865168539326,132.0,19.999999999999993,0.0,12.0,28.93
7463,Gandhar Bhatawadekar,True,0.5415453502640635,top/middle,74.0,,121.31147540983606,,,0.9657217849524486,-10.999999999999998,,3.0,32.39
7466,Supriyo Chakraborty,False,0.4568682639425291,finisher,6.0,,120.0,,,120.0,,,1.0,30.55
7467,Hiten Mehra,False,0.40295151270869156,finisher,93.0,,166.07142857142858,,,166.07142857142858,,,5.0,27.94
7468,Hemang Patel,False,0.5122258120257951,finishing allrounder,227.0,,168.14814814814815,5.0,6.662068965517242,2.806632062892919,36.29999999999999,0.4999999999999999,11.0,27.02
7469,Tejas Patel,False,0.4759394262413106,finishing allrounder,59.0,,159.45945945945945,14.0,9.605504587155963,159.45945945945945,,2.714285714285714,9.0,30.02
7470,Arzan Nagwaswalla,False,0.4708842183746912,finishing allrounder,2.0,,40.0,22.0,7.533333333333333,40.0,,-1.7999999999999994,16.0,28.11
7471,Ayan Bhattacharjee,False,0.4410895980086547,finishing allrounder,87.0,,147.45762711864407,4.0,8.35135135135135,147.45762711864407,-26.999999999999993,3.999999999999999,14.0,34.36
7472,Shahbaz Ahmed,True,0.6944124609747441,finishing allrounder,1232.0,,132.90183387270767,48.0,8.193254329990884,2.301307482006847,27.40000000000002,-0.19999999999999984,83.0,30.96
7473,Akash Deep,True,0.6600500174092692,finishing allrounder,106.0,,173.7704918032787,31.0,8.491228070175438,1.3993747064780044,7.2,-0.6999999999999998,30.0,28.95
7474,Yash Nahar,True,0.6182396714560089,opener,741.0,,136.21323529411765,0.0,19.714285714285715,1.7498813247068663,22.999999999999982,,29.0,31.13
7475,Hitesh Walunj,False,0.48813450373480416,finishing allrounder,25.0,,89.28571428571429,16.0,7.54140127388535,89.28571428571429,-22.999999999999993,-1.5,23.0,32.65
7476,Azim Kazi,True,0.6265518218352834,batting allrounder,822.0,,120.88235294117646,14.0,6.696245733788396,1.1393011889816314,11.499999999999991,-2.9999999999999996,33.0,32.12
7481,Swarajeet Das,False,0.41669836427167295,finishing allrounder,51.0,,108.51063829787235,1.0,7.5,0.9186389928455584,48.99999999999999,0.9999999999999998,4.0,30.68
7483,Amiangshu Sen,False,0.4483747198789335,finisher,11.0,,42.30769230769231,,,42.30769230769231,,,3.0,31.0
7485,Akash Choudhary,False,0.46395560385671347,finishing allrounder,50.0,,74.6268656716418,0.0,8.347826086956522,4.564402793449285,7.999999999999998,0.0,6.0,26.0
7487,Jayveer Parmar,False,0.39030926101919716,finishing allrounder,6.0,,54.54545454545455,8.0,7.139240506329114,54.54545454545455,,,7.0,27.46
7488,Madhav Kaushik,False,0.5558145128074138,top/middle,1002.0,,141.92634560906515,,,36.493321246832544,-31.99999999999999,,36.0,27.9
7490,Wanlambok Nongkhlaw,False,0.3843032593778248,top/middle,8.0,,57.142857142857146,,,57.142857142857146,,,1.0,32.79
7492,Kanwar Abhinay,False,0.46814090613331916,finishing allrounder,1.0,,50.0,12.0,7.389162561576355,50.0,,-5.999999999999999,9.0,34.45
7493,Ayush Jamwal,False,0.43882841108457826,finishing allrounder,3.0,,75.0,0.0,6.48,75.0,,,1.0,26.29
7495,Nitin Sharma,False,0.47497819631660315,top/middle,42.0,,102.4390243902439,,,1.121295514666493,-9.999999999999996,,4.0,29.16
7496,Ekant Sen,False,0.5051952158518005,finisher,154.0,,120.3125,,,3.0800254662916204,26.99999999999999,,10.0,30.43
7498,Abhijeet Tomar,True,0.5697776065477028,opener,88.0,,122.22222222222223,,,2.021941191409379,15.99999999999999,,5.0,30.7
7499,Manish Sharma,False,0.3913909148008362,finishing allrounder,12.0,,100.0,0.0,9.870967741935484,100.0,,,2.0,29.22
750,Thisara Perera,False,0.570762442267134,finishing allrounder,499.0,,149.84984984984985,24.0,8.085287846481876,7.307102639988273,7.099999999999999,-3.2142857142857144,36.0,36.65
7501,Ashutosh Ama,False,0.4625981280617672,finishing allrounder,2.0,,100.0,5.0,7.979381443298969,100.0,,0.9999999999999998,5.0,39.52
7502,Babul Kumar,False,0.4901262845134475,opener,135.0,,128.57142857142858,,,2.137392762327892,-8.500000000000002,,5.0,32.87
7503,Ravi Bishnoi,True,0.6651854851112674,finishing allrounder,91.0,,87.5,137.0,7.289099526066351,1.092726715050998,3.9,-1.0999999999999996,111.0,25.22
7504,Mangal Mahrour,False,0.49016406204335333,top/middle,187.0,,115.4320987654321,,,11.792509756871933,50.999999999999986,,5.0,33.65
7505,Piyush Singh,False,0.4390647873688902,opener,51.0,,92.72727272727273,,,100.0,,,2.0,24.56
7506,Prashant Singh,False,0.3815864738313509,finishing allrounder,1.0,,50.0,0.0,4.0,50.0,,,1.0,25.19
7508,MD Rahmatullah,False,0.44960442405224477,top/middle,9.0,,75.0,,,75.0,,,1.0,40.96
7509,Yashasvi Rishav,False,0.469062207128127,top/middle,35.0,,106.06060606060606,,,106.06060606060606,,,1.0,28.16
7515,Larry Sangma,False,0.4777739653703162,top/middle,97.0,,88.18181818181819,0.0,8.0,3.250188618432295,0.9999999999999998,,5.0,33.14
7516,Ritwik Chowdhury,True,0.5878614194212841,finisher,353.0,,136.8217054263566,,,1.7118557524371776,10.5,,23.0,30.02
7521,Mohit Kale,False,0.4680343391691643,top/middle,565.0,,134.52380952380952,0.0,9.428571428571429,134.52380952380952,42.99999999999998,,24.0,29.0
7525,Poonish Mehta,False,0.43660735809692197,finishing allrounder,62.0,,137.77777777777777,0.0,10.434782608695652,137.77777777777777,,,3.0,32.06
7528,Priyanshu Khanduri,True,0.5861687375475279,top/middle,356.0,,123.1833910034602,,,4.110468985653505,49.499999999999964,,15.0,30.12
7529,Akshay Chandran,False,0.5256749062600004,finishing allrounder,147.0,,96.71052631578948,20.0,6.442477876106195,1.2000095799287522,13.742857142857137,0.7999999999999992,20.0,32.1
7530,Kshitij Patel,False,0.40798630309894013,top/middle,150.0,,116.27906976744185,0.0,16.0,116.27906976744185,,,7.0,28.11
7532,Yuvraj Chudasama,False,0.4935353194076972,finishing allrounder,19.0,,76.0,24.0,7.238532110091743,76.0,-0.9285714285714287,-1.1999999999999993,24.0,30.01
7533,Simarjeet Singh,True,0.6567066255638748,finishing allrounder,63.0,,128.57142857142858,62.0,8.39446366782007,1.1110329625930797,10.928571428571425,5.099999999999999,41.0,27.86
7534,Sarthak Ranjan,False,0.48594552850122885,opener,701.0,,135.32818532818533,,,135.32818532818533,196.9999999999999,,19.0,29.17
7535,Shivank Vashisht,False,0.536389244768218,finishing allrounder,182.0,,118.95424836601308,26.0,6.548856548856548,2.5801649303523426,34.214285714285715,4.199999999999998,26.0,30.19
7537,Kunwar Bidhuri,False,0.4383083414777321,top/middle,172.0,,121.98581560283688,2.0,11.0,121.98581560283688,33.99999999999999,,15.0,29.59
7539,Fazil Rashid,False,0.46735242817692724,finisher,39.0,,134.48275862068965,,,134.48275862068965,,,4.0,28.96
7540,Jonty Sidhu,False,0.482070240252925,batting allrounder,496.0,,142.93948126801152,9.0,6.972972972972973,142.93948126801152,1.9999999999999996,0.9999999999999998,21.0,27.96
7542,Ajay Rohera,False,0.5376694457717942,opener,1067.0,,160.93514328808448,,,4.433025288439247,278.99999999999983,,26.0,28.48
7543,Yash Dubey,False,0.4182193159952113,opener,146.0,,119.67213114754098,,,100.0,137.99999999999997,,8.0,26.93
7544,Venkatesh Iyer,True,0.697765661923168,top/middle,2283.0,,138.02902055622732,27.0,8.477732793522268,3.301634752383488,-45.50000000000001,-1.1000000000000003,98.0,30.92
7545,Kuldeep Sen,True,0.621198283934082,finishing allrounder,0.0,,0.0,32.0,8.872841444270016,0.0,0.0,-0.20000000000000007,30.0,29.1
7547,Vikrant Auti,False,0.4142223403765105,top/middle,124.0,,113.76146788990826,1.0,4.5,4.353873504066211,,,6.0,31.47
7548,Shivalik Sharma,False,0.5324144522122894,top/middle,433.0,,143.3774834437086,,,4.031537097026932,42.499999999999986,,23.0,27.0
7550,Sijomon Joseph,False,0.5226471551085792,finishing allrounder,188.0,,112.57485029940119,24.0,7.111111111111111,1.0968326385029552,21.99999999999999,0.7999999999999995,27.0,28.16
7551,Lavin Coster,False,0.4372534897506142,finisher,4.0,,44.44444444444444,,,5.575470439468293,0.0,,4.0,32.95
7552,Sanjeet Desai,True,0.6133885780022288,top/middle,581.0,,139.3285371702638,0.0,24.0,2.449695006034737,136.89999999999998,,22.0,27.96
7553,Ajay Mandal,True,0.6416024499581217,batting allrounder,458.0,,149.185667752443,23.0,6.134078212290503,2.4017616525014263,90.7,2.799999999999999,16.0,29.75
7555,Rishabh Tiwari,False,0.4259270282779374,opener,226.0,,126.96629213483146,,,126.96629213483146,-39.999999999999986,,10.0,32.24
7559,Avnish Dhaliwal,False,0.43721271303263554,top/middle,125.0,,113.63636363636364,,,3.5602060388840195,64.99999999999997,,6.0,33.2
7560,Mandar Bhandari,False,0.5399017449056199,opener,691.0,,146.39830508474577,,,52.053602715042274,64.49999999999997,,30.0,31.45
7567,Bishal Ghosh,False,0.43639818496048455,opener,1.0,,33.333333333333336,,,33.333333333333336,,,1.0,29.58
7569,SS Das,False,0.3940133795176475,finishing allrounder,3.0,,25.0,6.0,7.25,3.4394569777857136,-0.9999999999999998,-1.9999999999999996,4.0,32.07
7574,Kumar Kartikeya Singh,True,0.6643957971726244,finishing allrounder,69.0,,111.29032258064517,49.0,7.336273428886439,1.4254010245600048,10.5,1.8999999999999995,43.0,27.92
7575,Arpit Guleria,True,0.5426553950250322,finishing allrounder,0.0,,0.0,4.0,9.574468085106384,0.0,,,2.0,28.59
7583,Rahul Rawat,False,0.44958596654578664,top/middle,56.0,,90.3225806451613,,,90.3225806451613,,,5.0,29.15
7593,Sagar Mishra,True,0.5873933668265101,batting allrounder,155.0,,93.37349397590361,14.0,6.0,1.1773905216625564,46.49999999999999,4.999999999999998,13.0,32.2
7594,Ankush Jaiswal,True,0.5421195287995277,finisher,7.0,,116.66666666666667,1.0,17.333333333333332,0.7014383036880129,-3.499999999999999,0.4999999999999999,3.0,25.9
7595,Kruthik Hanagavadi,False,0.47624985636824635,finishing allrounder,8.0,,88.88888888888889,7.0,9.056603773584905,0.697246230432634,1.9999999999999996,1.2499999999999996,7.0,29.86
76,Suresh Raina,True,0.5982527730469698,top/middle,160.0,,120.30075187969925,,,4.055532277555172,,,12.0,39.0
7603,Salil Agharkar,True,0.5267913495421646,finishing allrounder,1.0,,50.0,3.0,6.625,0.697246230432634,-0.4999999999999999,-0.4999999999999999,2.0,39.92
7605,Karn Kaushal,True,0.5587890893912667,top/middle,69.0,,109.52380952380952,,,2.236885623947713,28.499999999999986,,8.0,34.26
7606,Vaibhav Bhatt,True,0.5707164768743483,top/middle,197.0,,123.8993710691824,,,4.04694626816937,-32.99999999999998,,14.0,30.0
7607,Avneesh Sudha,True,0.6290356005458517,opener,780.0,,139.78494623655914,9.0,9.43728813559322,5.0754282036994685,11.799999999999994,-0.09999999999999988,25.0,24.02
7609,Mayank Mishra,True,0.568318467753054,finishing allrounder,31.0,,114.81481481481481,23.0,7.716621253405995,1.1377093444194042,7.357142857142855,2.714285714285714,16.0,35.13
7610,Sunny Rana,False,0.4476540394316014,finishing allrounder,1.0,,25.0,0.0,9.166666666666666,25.0,,,4.0,37.92
7613,Shivam Khurana,False,0.47503538967440584,finisher,67.0,,128.84615384615384,,,128.84615384615384,,,6.0,34.75
7625,Suryansh Shedge,False,0.4397046943430007,finishing allrounder,184.0,,187.75510204081633,8.0,9.438202247191011,1.5260866059196136,-51.99999999999997,-5.999999999999999,17.0,
7634,Aaron Jones,False,0.466939289014596,top/middle,131.0,,129.7029702970297,0.0,16.666666666666668,5.232667904236859,,0.0,9.0,31.1
7649,Parth Chauhan,False,0.533047720338978,finishing allrounder,252.0,,124.13793103448276,5.0,8.751381215469614,6.7097180988397405,-0.34285714285714314,0.25714285714285706,24.0,30.4
7650,Krunal Karamchandani,False,0.4772930853206558,finishing allrounder,23.0,,82.14285714285714,4.0,6.4,82.14285714285714,22.999999999999993,0.0,6.0,32.13
7656,Sahil Karathia,False,0.44856121865835513,opener,11.0,,73.33333333333333,,,73.33333333333333,,,2.0,34.03
7658,Parth Bhut,False,0.5013227570704151,finishing allrounder,94.0,,104.44444444444444,27.0,6.953846153846154,104.44444444444444,5.928571428571429,3.2142857142857153,19.0,28.31
7663,Vandit Jivrajani,False,0.46296898604374837,finishing allrounder,7.0,,77.77777777777777,9.0,7.216589861751152,77.77777777777777,,0.6428571428571432,12.0,34.23
7665,Sunil Yadav,False,0.5150696330773762,finishing allrounder,40.0,,93.02325581395348,22.0,7.037037037037037,2.1430827134829795,-9.2,-1.5999999999999996,21.0,33.95
7666,Jay Chauhan,False,0.45076402812752714,finishing allrounder,9.0,,42.857142857142854,4.0,5.621621621621622,42.857142857142854,-0.9999999999999998,0.0,6.0,33.14
7669,Devang Karamta,False,0.4806397665005374,finishing allrounder,20.0,,76.92307692307692,22.0,7.478005865102639,76.92307692307692,2.0,2.642857142857143,15.0,27.84
768,Reeza Hendricks,True,0.6489669847852064,opener,1241.0,,140.8626560726447,0.0,11.4,3.97042326458598,2.1000000000000036,0.0,38.0,36.28
7689,Dilshan Madushanka,True,0.5911483229528625,finishing allrounder,2.0,,28.571428571428573,14.0,8.4375,0.837029839591949,-0.49999999999999983,-2.9999999999999996,12.0,25.19
7690,Saim Ayub,True,0.6394032285708231,batting allrounder,889.0,,121.28240109140519,20.0,6.857142857142857,1.4459599997511634,127.99999999999997,18.99999999999999,47.0,23.51
7692,Qasim Akram,True,0.4627365923882676,batting allrounder,98.0,,102.08333333333333,2.0,5.863636363636363,102.08333333333333,,,4.0,22.99
7696,Mohammad Wasim,False,0.5661660296728244,finishing allrounder,101.0,,116.0919540229885,43.0,7.679706601466993,1.505618134511825,6.300000000000001,1.0999999999999999,36.0,24.25
7699,Abbas Afridi,True,0.535228428492208,finishing allrounder,147.0,,120.49180327868852,32.0,7.846153846153846,1.30556606411556,-60.999999999999986,-13.999999999999996,24.0,24.64
7702,Chamindu Wickramasinghe,True,0.4731887912316352,finishing allrounder,14.0,,127.27272727272727,1.0,7.534883720930233,2.782191418329257,-1.9999999999999996,-0.9999999999999998,3.0,23.23
7704,Paven Rathnayake,False,0.4161066134071057,finisher,97.0,,107.77777777777777,,,107.77777777777777,,,6.0,23.26
772,Rilee Rossouw,True,0.6466635727958243,top/middle,719.0,,162.66968325791856,,,2.7617410105813085,-10.0,,26.0,36.13
7720,Sugendhran P,False,0.47391301742694675,top/middle,70.0,,101.44927536231884,,,2.840164569682082,0.5000000000000014,,10.0,35.05
7721,NS Harish,False,0.5659554982919538,finishing allrounder,223.0,,127.42857142857143,23.0,6.904255319148936,2.3519764122752163,25.000000000000007,-1.4000000000000001,35.0,27.79
7723,N Selva Kumaran,False,0.4948950941412755,finishing allrounder,19.0,,65.51724137931035,14.0,7.595375722543353,1.2343669313484444,1.8999999999999997,-0.5000000000000001,20.0,31.77
7726,Ganeshan Periyaswamy,False,0.5377428337321838,finishing allrounder,9.0,,50.0,49.0,6.832957110609481,0.7620248737061845,6.999999999999998,0.3999999999999998,36.0,31.73
7727,Dev Rahul,False,0.48461889843854666,finishing allrounder,32.0,,152.38095238095238,6.0,9.375,0.5720862065666857,4.499999999999999,-0.2499999999999999,7.0,26.16
7731,Neyan Shyam Kangayan,False,0.508416110533037,opener,632.0,,120.61068702290076,,,120.61068702290076,28.653846153846157,,24.0,22.53
7734,Praanesh B,False,0.4746480022688155,finishing allrounder,7.0,,63.63636363636363,3.0,9.31764705882353,2.2320795722451976,0.9999999999999998,-0.9999999999999998,6.0,29.28
7743,Rajendran Karthikeyan,False,0.4668304060700374,finishing allrounder,11.0,,42.30769230769231,5.0,6.896551724137931,42.30769230769231,-2.9999999999999996,0.9999999999999998,7.0,38.49
7744,Jordan Cox,False,0.41368018835479925,finisher,33.0,,103.125,,,1.0586195434041754,-0.9999999999999998,,5.0,25.1
7763,Kishan Bidare,False,0.39895925951232974,finisher,22.0,,75.86206896551724,,,75.86206896551724,,,2.0,
778,Darren Bravo,False,0.4667940521763022,finisher,31.0,,86.11111111111111,,,3.4576455524754888,20.999999999999993,,5.0,36.8
7802,Krishna Pandey,True,0.6146339279070029,finishing allrounder,559.0,,153.57142857142858,21.0,8.15625,2.9729460703246864,162.99999999999994,4.071428571428571,25.0,31.19
7807,Shreesha Achar,True,0.5313760391401976,finishing allrounder,3.0,,100.0,28.0,7.0718446601941745,100.0,,3.1999999999999993,27.0,
7808,Marco Jansen,True,0.6698368876419104,finishing allrounder,276.0,,126.02739726027397,51.0,8.346303501945526,1.3108602938119767,25.099999999999998,2.9000000000000004,46.0,25.57
781,Sunil Narine,True,0.7055387008056411,batting allrounder,1140.0,,158.33333333333334,83.0,6.266733266733267,1.9860027728278233,66.20000000000002,-0.39999999999999997,86.0,37.5
786,Chris Jordan,True,0.6715273280595144,finishing allrounder,208.0,,126.06060606060606,28.0,8.574834437086093,1.565517970052913,-25.999999999999993,-2.8,36.0,37.14
7894,Tony Munyonga,False,0.39317169056836443,finisher,4.0,,33.333333333333336,,,1.1145683211417328,,,3.0,26.82
7895,Shashwat Rawat,False,0.5206502007826446,top/middle,514.0,,138.1720430107527,2.0,7.2439024390243905,12.799453032159912,-36.49999999999999,-0.49999999999999983,18.0,24.64
7896,Akash Singh,False,0.5207732460750775,finishing allrounder,25.0,,89.28571428571429,14.0,8.487394957983193,89.28571428571429,,0.9000000000000002,18.0,23.59
7897,Namboori Tilak Varma,True,0.6630889353204726,top/middle,3205.0,,137.4946374946375,6.0,7.437125748502994,3.0829871981866117,204.50000000000003,0.10000000000000009,109.0,23.05
7898,Varun Lavande,True,0.5639437279319255,top/middle,256.0,,120.75471698113208,,,2.798478467685593,73.99999999999999,,15.0,24.97
7899,Karan Lal,True,0.6253069275461799,batting allrounder,652.0,,127.34375,21.0,6.463235294117647,2.283794108383267,105.79999999999998,3.0999999999999996,28.0,25.1
7900,Tanzid Hasan,True,0.6142390783126389,opener,1431.0,,128.68705035971223,,,2.6787879727636565,306.21428571428567,,49.0,24.99
7901,Parvez Emon,True,0.6180461650589021,opener,929.0,,128.13793103448276,,,1.761149563695267,209.49999999999997,,44.0,23.46
7902,Mahmudul Joy,False,0.5327703338621335,top/middle,596.0,,106.61896243291592,0.0,11.0,12.261463176929837,-63.499999999999986,,30.0,25.03
7903,Shamim Hossain,True,0.6299429068148553,finisher,1285.0,,131.52507676560901,6.0,8.739884393063583,2.185604982824892,118.99999999999999,1.0857142857142854,88.0,25.23
7904,Mohammad Chowdhury,False,0.5314833928189951,finishing allrounder,114.0,,98.27586206896552,33.0,7.591397849462366,1.4260445436619933,-6.8571428571428585,-2.3,26.0,24.41
7905,Tanzim Sakib,True,0.625180972356551,finishing allrounder,248.0,,106.89655172413794,64.0,8.339080459770114,1.6080087700566794,46.999999999999986,9.999999999999996,47.0,23.1
7906,Rakibul Hasan,True,0.6054116700339458,finishing allrounder,89.0,,109.87654320987654,25.0,6.986301369863014,1.3975313767898319,16.5,0.5000000000000006,30.0,23.21
7908,Mohammad Akbar Ali,True,0.5954322563863478,finisher,362.0,,120.66666666666667,,,4.814500531335397,53.19999999999999,,35.0,24.13
7920,Nathan Ellis,True,0.6561979104626005,finishing allrounder,51.0,,62.19512195121951,72.0,7.595744680851064,0.9528130836592229,0.19999999999999948,2.2000000000000006,45.0,31.18
7935,Mohammad Ghazanfar,True,0.5298782001881883,finishing allrounder,0.0,,0.0,1.0,9.5,0.0,,,2.0,30.91
7937,Wasim Ali,True,0.48748978619159916,batting allrounder,149.0,,93.125,4.0,6.202247191011236,2.900124109146105,30.999999999999986,1.9999999999999996,7.0,26.97
7938,Sandeep Goud 1,True,0.4645558137907394,finisher,5.0,,250.0,,,250.0,,,1.0,34.05
7942,Jay Odedara,True,0.45606580467047375,finishing allrounder,0.0,,0.0,3.0,8.222222222222221,0.0,,0.9999999999999998,3.0,36.06
7945,Nasrulla Rana,False,0.42379263481442175,finishing allrounder,11.0,,73.33333333333333,2.0,9.0,4.622861777191791,4.999999999999998,0.0,5.0,23.21
7954,Akif Javed,False,0.44582010934353933,finishing allrounder,37.0,,132.14285714285714,27.0,6.661016949152542,1.1187778171813947,,16.999999999999996,15.0,25.13
796,Matthew Wade,True,0.6436074186856428,top/middle,721.0,,127.83687943262412,,,2.5246701882623066,-59.099999999999994,,48.0,37.92
7966,Farmanullah Safi,False,0.4163807566063508,finishing allrounder,74.0,,82.22222222222223,6.0,7.9125,2.211108839377989,71.99999999999997,5.999999999999999,10.0,24.7
7967,Noor Ahmad,True,0.6373966973250501,finishing allrounder,61.0,,88.40579710144928,56.0,7.366045142296369,1.5071697234884973,12.499999999999995,6.999999999999999,46.0,20.9
7968,Shafiqullah Ghafari,False,0.44406665208754037,opener,5.0,,100.0,1.0,5.25,100.0,,,1.0,24.13
7981,Imran Mir,False,0.3925448970714486,opener,58.0,,161.11111111111111,,,161.11111111111111,,,3.0,24.16
8,Mahendra Singh Dhoni,True,0.631081927312172,finisher,807.0,,132.73026315789474,,,1.9357607528664713,9.300000000000002,,74.0,44.39
8009,Junaid Siddique,True,0.38512399995504265,finishing allrounder,0.0,,0.0,9.0,5.1,0.0,,,3.0,32.97
8033,Abdul Rahmani,True,0.47200796426643643,finishing allrounder,6.0,,150.0,6.0,7.333333333333333,150.0,,,3.0,24.01
8034,Iqlas Naha,False,0.49983349935339255,batting allrounder,196.0,,110.11235955056179,8.0,7.409395973154362,110.11235955056179,,,11.0,31.13
8035,Vikneshwaran Marimuthu,False,0.5570965594480555,top/middle,492.0,,113.88888888888889,2.0,10.604651162790697,2.118580303402054,8.899999999999997,,34.0,33.24
8037,Ashith Rajiv,False,0.510453865935237,finishing allrounder,172.0,,163.8095238095238,10.0,7.373493975903615,2.720984425805126,,,14.0,32.67
8038,Sagar Udeshi,True,0.5859936631251866,finishing allrounder,4.0,,26.666666666666668,41.0,6.492159227985525,1.077098968686565,-0.9285714285714286,4.0,36.0,39.12
8040,Ripal Patel,False,0.55326568775957,finishing allrounder,381.0,,144.86692015209127,2.0,7.322033898305085,1.948176187660988,29.499999999999996,0.4999999999999999,27.0,30.16
8041,Shubham Singh,False,0.49700234412114086,finishing allrounder,128.0,,152.38095238095238,11.0,7.993548387096774,10.776432067135811,69.99999999999997,2.499999999999999,20.0,28.89
8049,Naseem Shah,True,0.6102805955133196,finishing allrounder,45.0,,90.0,27.0,7.842696629213483,0.9969188638503598,-1.2999999999999998,-2.8999999999999995,24.0,22.78
8050,Diwesh Pathania,False,0.4790326916117627,finishing allrounder,14.0,,140.0,2.0,8.153846153846153,140.0,,,3.0,36.43
8054,Manish Golamaru,False,0.498392004567801,finishing allrounder,90.0,,112.5,4.0,7.25,0.9866328631932396,11.2,-0.7999999999999998,14.0,29.2
8056,Neelam Obi,False,0.4720137063843797,top/middle,112.0,,80.57553956834532,,,2.9100059464520847,14.999999999999995,,11.0,32.86
8058,Karkir Taye,False,0.4003679531369467,finishing allrounder,4.0,,200.0,4.0,7.880597014925373,200.0,,,9.0,29.95
8059,Rohan Rathi,False,0.4012252646862903,finishing allrounder,69.0,,104.54545454545455,2.0,9.290322580645162,104.54545454545455,,,11.0,30.18
8060,Techi Neri,False,0.4659180812886597,opener,136.0,,121.42857142857143,6.0,9.71900826446281,0.9084360454311571,66.99999999999997,,8.0,31.55
8062,Akhilesh Sahani,False,0.40094190830106285,batting allrounder,104.0,,123.80952380952381,5.0,4.194174757281553,123.80952380952381,,,6.0,31.7
8063,Samarth Seth,False,0.40784315977195523,opener,239.0,,139.76608187134502,,,139.76608187134502,,,9.0,26.2
8068,Ankit Yadav,False,0.4612454183975575,finishing allrounder,6.0,,50.0,2.0,10.25,50.0,,,2.0,32.02
8069,Himanshu Bisht,True,0.6040549152746748,finishing allrounder,67.0,,113.55932203389831,14.0,7.54601226993865,2.4832280035149585,-17.999999999999996,-1.1999999999999997,16.0,29.02
8070,Yab Niya,False,0.47814428043594875,finishing allrounder,18.0,,43.90243902439025,7.0,7.278688524590164,1.5618144280416766,2.9999999999999996,3.499999999999999,11.0,31.11
8073,Aditya Kaushik,True,0.5293598243759748,opener,89.0,,115.58441558441558,,,10.95803828316191,-16.999999999999996,,5.0,34.21
8077,Vaibhav Govekar,False,0.4318806995828025,opener,0.0,,0.0,,,0.0,,,1.0,28.1
8078,Ajoy Sarkar,False,0.45912859038316384,finishing allrounder,7.0,,87.5,10.0,6.597510373443983,87.5,,0.4999999999999998,11.0,28.71
8080,Arkaprabha Sinha,False,0.46068105542306725,top/middle,29.0,,100.0,,,4.442667035571239,-10.999999999999998,,3.0,27.33
8081,Roshan Alam,False,0.4998709987528825,finishing allrounder,138.0,,104.54545454545455,7.0,6.366906474820144,2.9921236059093994,-5.7857142857142865,-0.9285714285714286,13.0,30.6
8082,Hrishikesh Tamuli,True,0.4882122498071897,top/middle,248.0,,123.38308457711443,,,123.38308457711443,-199.99999999999994,,7.0,30.37
8083,Parandaman Thamaraikannan,False,0.5332308401875135,finishing allrounder,369.0,,139.77272727272728,14.0,8.7,2.6340228616401027,-39.24999999999998,-2.9999999999999996,22.0,33.13
8085,Suyash Prabhudessai,True,0.6292973650810457,finisher,542.0,,126.93208430913349,0.0,10.0,2.5722386774004398,50.59999999999999,0.0,28.0,27.97
8087,A Aravinddaraj,False,0.4899940634033182,finishing allrounder,30.0,,88.23529411764706,13.0,6.798029556650246,0.6962752798042602,-14.999999999999995,-5.499999999999999,8.0,29.46
8088,Parth Kohli,False,0.4031882336123298,top/middle,94.0,,134.28571428571428,,,,,,8.0,29.3
8094,Vipul Krishna,True,0.5259561514932618,finishing allrounder,2.0,,100.0,5.0,8.686567164179104,100.0,,,3.0,24.79
8096,Anmol Malhotra,False,0.5363533841226693,top/middle,768.0,,143.55140186915887,,,143.55140186915887,-65.5,,28.0,29.99
8097,Abhishek Bhandari,False,0.406992025450389,top/middle,148.0,,149.4949494949495,,,,,,6.0,31.07
8098,Saransh Subodh Jain,False,0.4951052870485792,finishing allrounder,86.0,,108.86075949367088,13.0,7.06015037593985,5.866197653786191,36.49999999999998,2.5,15.0,32.66
8099,Parth Sahani,True,0.6278274977786702,finishing allrounder,549.0,,124.77272727272727,9.0,8.361702127659575,2.4993081240142225,19.199999999999996,0.6999999999999998,31.0,32.72
8101,Ashutosh Sharma,True,0.6183359419968562,finisher,600.0,,153.84615384615384,1.0,15.428571428571429,2.3938261100777516,148.49999999999994,,38.0,27.2
8103,Vikas Hathwala,False,0.48413138663393057,finisher,84.0,,109.0909090909091,,,5.9397664483604125,5.142857142857145,,4.0,32.22
8106,Mohit Kumar,True,0.5501084331116951,finisher,83.0,,244.11764705882354,1.0,10.2,244.11764705882354,,,3.0,29.17
8107,Nakul Sharma,True,0.564813936958539,finisher,110.0,,142.85714285714286,,,2.2471061637672696,49.999999999999986,,6.0,32.09
8108,Navneet Singh,False,0.44788627960360244,top/middle,21.0,,72.41379310344827,,,72.41379310344827,,,2.0,30.97
8109,G Lalbiakvela,False,0.4571230256048544,finishing allrounder,1.0,,16.666666666666668,1.0,9.891891891891891,16.666666666666668,,0.9999999999999998,3.0,37.83
8111,Ravi Chauhan,False,0.45544297796136796,opener,35.0,,77.77777777777777,,,77.77777777777777,,,2.0,32.19
8112,Lalhmangaiha,False,0.43556301803310554,opener,4.0,,44.44444444444444,,,44.44444444444444,,,1.0,42.03
8114,Nitin Tanwar,True,0.5858644164044281,finishing allrounder,109.0,,131.32530120481928,8.0,8.379888268156424,1.8583850609452033,-0.48571428571428626,-0.34285714285714286,10.0,29.13
8116,Vikas Yadav,False,0.45206967732229386,finishing allrounder,0.0,,0.0,4.0,7.764705882352941,0.0,,-0.35714285714285704,5.0,29.35
8118,Lalhruaizela,True,0.5248649212120573,opener,6.0,,20.0,,,0.7822766141406874,-3.999999999999999,,4.0,28.91
8120,Dippu Sangma,False,0.39239776663125575,finisher,6.0,,150.0,1.0,7.666666666666667,150.0,,,1.0,28.52
8121,Parvez Ahmed,False,0.45662159689489185,finisher,17.0,,38.63636363636363,0.0,11.0,38.63636363636363,-5.499999999999999,,4.0,29.9
8127,Ashish Thapa,False,0.49472110996094704,top/middle,246.0,,93.18181818181819,0.0,6.1875,3.5217525937589342,35.0,,15.0,31.89
8129,Bibek Diyali,False,0.3866138775528437,finisher,77.0,,81.91489361702128,,,81.91489361702128,,,10.0,36.51
813,Jos Buttler,True,0.6618243665966519,top/middle,3816.0,,147.44976816074188,,,3.994151679093293,68.29999999999998,,106.0,35.22
8130,Sabin Chettri,False,0.4478129717094964,top/middle,38.0,,59.375,,,0.5624802242050466,18.99999999999999,,8.0,31.39
8137,Palzor Tamang,False,0.49219682824593636,finishing allrounder,64.0,,75.29411764705883,4.0,9.128205128205128,3.321013303914038,-39.999999999999986,-1.9999999999999996,7.0,32.76
8138,Benoy Upreti,False,0.39817841068414994,finishing allrounder,25.0,,100.0,2.0,9.12,100.0,,,6.0,39.24
8140,Abid Mangnoo,False,0.5072813279552669,finishing allrounder,31.0,,114.81481481481481,6.0,6.0,1.178741440058833,2.499999999999999,-0.9999999999999998,8.0,28.86
8141,Aquib Nabi,False,0.4527401553576971,finishing allrounder,3.0,,42.857142857142854,3.0,7.0,42.857142857142854,,1.4999999999999998,2.0,29.06
8143,Moakumzuk Tzudir,False,0.4521657639466693,finisher,17.0,,65.38461538461539,1.0,13.714285714285714,0.6927005097807434,16.999999999999996,,2.0,30.11
8144,Nagaho Chishi,False,0.49504923507522297,finishing allrounder,18.0,,163.63636363636363,7.0,8.598425196850394,1.1366480712956548,6.999999999999998,1.4999999999999993,9.0,28.04
8145,Oren Ngullie,False,0.4440613933023898,opener,13.0,,39.39393939393939,,,0.8466922596967918,,,2.0,30.93
8148,Hokaito Zhimomi,False,0.4807471091032175,finisher,61.0,,58.65384615384615,0.0,13.5,2.4884032296961163,5.499999999999999,,12.0,39.17
8149,Shashank Chandraker,True,0.5988022684694605,opener,596.0,,161.51761517615176,0.0,9.0,2.5008218633785964,193.99999999999994,0.0,18.0,31.54
8150,Sahban Khan,False,0.5275724763499108,finishing allrounder,322.0,,137.0212765957447,7.0,6.141176470588236,1.5981012507921775,57.07142857142858,0.9285714285714286,18.0,29.98
8151,Shanu Saini,False,0.43437679605538176,finishing allrounder,13.0,,86.66666666666667,0.0,11.75,86.66666666666667,,,3.0,28.41
8154,Abhilash Gogoi,False,0.4926928266327538,finishing allrounder,88.0,,125.71428571428571,22.0,5.55,1.22726519234133,15.499999999999996,0.9999999999999992,12.0,30.14
8155,Guntashveer Singh,False,0.43897015118330607,opener,1.0,,16.666666666666668,,,16.666666666666668,,,1.0,32.12
8156,Yashu Sharma,True,0.5027803996660665,top/middle,8.0,,50.0,,,50.0,0.0,,3.0,27.19
8157,Gaurav Gambhir,False,0.45323186708488356,finishing allrounder,59.0,,75.64102564102564,7.0,8.789473684210526,75.64102564102564,,,8.0,38.0
8159,Shivam Bhambri,False,0.5038935649419505,batting allrounder,292.0,,143.8423645320197,7.0,6.303030303030303,5.412674804190752,76.49999999999999,,13.0,30.16
8160,Jitesh Saroha,False,0.4493164456913971,finisher,18.0,,138.46153846153845,,,138.46153846153845,,,3.0,29.87
8161,Gaurav Puri,False,0.49569374479594175,top/middle,218.0,,126.74418604651163,,,3.4072174390925527,91.49999999999997,,11.0,34.33
8163,Anirudh Kanwar,False,0.39421754681810306,finishing allrounder,1.0,,33.333333333333336,5.0,8.555555555555555,33.333333333333336,,,5.0,31.71
8164,Kunal Mahajan,False,0.4028806527398956,finisher,124.0,,145.88235294117646,,,145.88235294117646,,,7.0,34.31
8168,Al Bashid Muhammed,False,0.46072617924369363,finisher,9.0,,50.0,1.0,6.315789473684211,50.0,,,3.0,27.58
8169,Mohammad Basir Rahman,False,0.4653398189820927,opener,73.0,,105.79710144927536,,,105.79710144927536,,,3.0,32.74
8170,Ngariyanbam Johnson Singh,False,0.4879492324133946,top/middle,51.0,,115.9090909090909,,,1.8728720930096099,32.99999999999999,,5.0,26.13
8172,Nitesh Sedai,False,0.49033350542872156,opener,218.0,,138.8535031847134,3.0,8.787878787878787,0.9927440727705721,75.28571428571432,1.0714285714285716,13.0,27.8
8173,Rex Singh,False,0.47378657252462447,finishing allrounder,69.0,,102.98507462686567,4.0,8.88679245283019,23.02362007733501,16.999999999999996,3.999999999999999,6.0,25.24
8177,Akash Madhwal,True,0.6442114789065534,finishing allrounder,23.0,,71.875,52.0,8.152849740932643,3.5078901056338005,1.9999999999999996,-1.0000000000000002,36.0,32.0
818,Mitchell Marsh,True,0.6985224814858981,top/middle,2339.0,,143.23331292100428,28.0,7.467625899280575,2.7584445218590514,128.9,-0.7999999999999998,73.0,34.1
8182,Donovan Ferreira,True,0.5855191945895116,finishing allrounder,190.0,,143.93939393939394,1.0,7.875,1.7098844409012244,21.499999999999996,0.9999999999999998,14.0,27.35
8185,Gaurav Yadav,False,0.4831257141772548,finishing allrounder,21.0,,105.0,15.0,7.81981981981982,105.0,,5.499999999999999,15.0,34.07
820,Nathan Coulter Nile,True,0.5747145683047782,finishing allrounder,5.0,,71.42857142857143,7.0,7.319148936170213,2.2320795722451976,-2.9999999999999996,-6.999999999999998,6.0,38.13
8207,Kilco Marak,False,0.44375456159137916,finisher,0.0,,0.0,1.0,8.5,0.0,,,2.0,33.33
8208,Chintapalli Kumar,False,0.5062878390297691,finishing allrounder,136.0,,138.77551020408163,6.0,9.580645161290322,9.38637580978571,,3.999999999999999,13.0,29.67
8211,Malliksab Sirur,False,0.48048764661844534,finishing allrounder,7.0,,175.0,2.0,6.625,175.0,,-0.9999999999999998,4.0,32.85
8221,Nitish Reddy,True,0.6112267216472077,finishing allrounder,575.0,,132.4884792626728,11.0,9.014492753623188,1.8943918639900954,-210.99999999999994,1.9999999999999987,32.0,22.51
8224,Siddhesh Veer,False,0.5373941061937633,opener,894.0,,128.8184438040346,2.0,7.2,128.8184438040346,177.49999999999997,0.49999999999999983,28.0,24.76
8235,Purnank Tyagi,False,0.47267410168748747,finishing allrounder,18.0,,112.5,7.0,9.163636363636364,112.5,,,6.0,24.85
8238,Sameer Rizvi,True,0.6451109932748321,top/middle,1880.0,,153.09446254071662,0.0,9.0,2.7567902314645605,192.40000000000003,,58.0,21.97
8250,Divyaansh Saxena,False,0.4052876090791958,top/middle,119.0,,93.7007874015748,1.0,6.5,1.6470094405005686,,,7.0,24.78
8251,Kumar Kushagra,True,0.560046930301283,finisher,91.0,,130.0,,,1.1683725849156472,5.5,,6.0,21.09
8259,Ashish Joshi,False,0.40373754139415274,opener,0.0,,0.0,,,0.0,,,1.0,40.78
8261,Harsh Singh,False,0.45941718092318484,finishing allrounder,3.0,,37.5,3.0,9.492537313432836,37.5,,,4.0,30.18
8264,Digvijay Deshmukh,False,0.4557563108588982,finishing allrounder,66.0,,124.52830188679245,9.0,10.143646408839778,91.42857142857143,,-8.999999999999996,16.0,27.65
8265,Krishan Alang,False,0.5025032305951478,finishing allrounder,56.0,,147.3684210526316,12.0,7.851063829787234,147.3684210526316,,,9.0,34.19
8266,Sumit Kumar 1,True,0.6436457698066367,finishing allrounder,129.0,,127.72277227722772,21.0,8.150537634408602,1.442560799766825,9.7,2.8999999999999995,20.0,29.96
829,Mitchell Starc,True,0.6576220869423862,finishing allrounder,68.0,,86.07594936708861,55.0,8.394495412844037,1.3138742588586156,-7.8,3.9000000000000012,41.0,35.82
8295,Matthew Forde,False,0.47840561927626707,finishing allrounder,100.0,,151.5151515151515,22.0,7.706161137440758,1.4220865490503967,29.999999999999993,1.9999999999999991,21.0,23.58
830,Josh Hazlewood,True,0.6606818904285509,finishing allrounder,42.0,,80.76923076923077,108.0,7.49718574108818,0.9391672086637738,-5.599999999999999,-1.7000000000000004,68.0,34.88
8301,Asif Khan,True,0.3940886006152472,top/middle,4.0,,25.0,,,1.7708358309260035,,,3.0,35.78
8311,Dan Mousley,False,0.42378642861147975,finishing allrounder,8.0,,133.33333333333334,2.0,8.4,133.33333333333334,,,4.0,24.39
8312,Ruyel Miah,False,0.4774623252994941,finishing allrounder,19.0,,61.29032258064516,13.0,7.601593625498008,0.9539834635550252,1.0,2.9999999999999996,12.0,24.94
8313,Sumon Khan,False,0.47889696284183036,finishing allrounder,49.0,,119.51219512195122,5.0,8.013698630136986,1.9310043989268142,10.999999999999996,1.214285714285714,8.0,25.87
8326,Jayden Seales,False,0.39973535621999046,finishing allrounder,4.0,,100.0,6.0,9.692307692307692,0.7021418882809616,-3.999999999999999,5.999999999999999,6.0,24.21
8327,CR Gnaneshwar,False,0.4405004200777524,opener,272.0,,122.52252252252252,,,122.52252252252252,81.99999999999997,,14.0,28.11
8328,Karan Shinde,False,0.5204796057655048,finisher,264.0,,136.08247422680412,,,1.3837778791420867,5.800000000000001,,20.0,28.19
838,Glenn Maxwell,True,0.7011740168269616,batting allrounder,2055.0,,149.23747276688454,35.0,8.293650793650794,2.034230913047636,-77.69999999999999,1.1000000000000003,93.0,37.12
8380,Mohammad Rishad Hossain,True,0.5389869605646532,finishing allrounder,161.0,,129.83870967741936,49.0,8.311720698254364,1.5385981727000029,56.99999999999999,15.999999999999995,43.0,23.37
8388,Ahan Wickramasinghe,False,0.4234601552816397,finisher,92.0,,122.66666666666667,,,122.66666666666667,,,5.0,24.23
8424,Tanveer Sangha,True,0.5364059276652974,finishing allrounder,2.0,,50.0,10.0,8.631578947368421,50.0,,,7.0,24.0
843,Chadwick Walton,False,0.5056023464330237,top/middle,156.0,,145.79439252336448,,,2.1501139556544255,-127.99999999999997,,7.0,40.4
8444,Mukidul Mugdho,False,0.514491389867859,finishing allrounder,37.0,,80.43478260869566,31.0,7.894736842105263,1.1587796551646168,1.5714285714285714,0.9000000000000004,26.0,25.41
8445,Salauddin Sakil,False,0.43336239946480826,finishing allrounder,8.0,,66.66666666666667,6.0,6.913043478260869,66.66666666666667,,,5.0,36.39
8483,Jon-Russ Jaggesar,False,0.4270733359952743,finishing allrounder,6.0,,150.0,2.0,6.6,150.0,3.999999999999999,1.9999999999999996,2.0,39.69
8486,Kevin Sinclair,False,0.4482497289104492,finishing allrounder,0.0,,0.0,2.0,7.8545454545454545,0.0,,,3.0,26.01
8527,Gautam Raghuwanshi,False,0.44751662957770594,finishing allrounder,240.0,,137.14285714285714,7.0,8.320754716981131,125.47169811320755,-25.999999999999986,0.9999999999999998,13.0,34.4
8528,Himanshu Mantri,False,0.4309624833974677,top/middle,307.0,,129.53586497890296,,,120.61068702290076,-8.999999999999996,,11.0,31.79
853,Chris Lynn,True,0.5493417343800854,opener,49.0,,136.11111111111111,,,136.11111111111111,,,1.0,35.63
8530,Kartik Tyagi,True,0.638063594522172,finishing allrounder,17.0,,106.25,45.0,7.485314685314686,0.6667962549520746,0.5999999999999998,3.1999999999999997,34.0,25.05
8573,Saurabh Nawale,True,0.6084016905225664,top/middle,399.0,,119.46107784431138,0.0,12.0,1.8228095350125733,45.69999999999998,,31.0,25.92
858,Aditya Tare,True,0.6414381779717718,top/middle,510.0,,142.06128133704735,,,3.040531923480911,44.4,,24.0,38.05
8580,Yudhvir Singh,True,0.6221389708801008,finishing allrounder,52.0,,162.5,18.0,7.959183673469388,2.0676429287310083,5.214285714285714,0.7428571428571425,16.0,28.2
8582,Kumar Suraj,True,0.496316207100302,top/middle,6.0,,60.0,,,60.0,,,2.0,28.7
8583,Pankaj Kumar,False,0.4462971003494207,finisher,2.0,,28.571428571428573,,,0.6783277711746619,-0.4999999999999999,,3.0,26.04
8586,Henan Malik,False,0.4498218889746978,top/middle,56.0,,86.15384615384616,,,86.15384615384616,,,3.0,28.67
8600,Tadiwanashe Marumani,False,0.40383989047325203,opener,48.0,,133.33333333333334,,,3.8789399391019024,,,4.0,23.9
862,Akshay Karnewar,False,0.5254042630356658,finishing allrounder,136.0,,108.8,12.0,7.027624309392265,1.6470927567968008,11.885714285714286,1.0285714285714285,17.0,33.12
8627,Bhupen Lalwani,True,0.4307689377713805,top/middle,283.0,,124.66960352422907,,,4.98412761420412,,,10.0,26.64
8628,Shreyan Chakraborty,False,0.42956995693966554,finishing allrounder,13.0,,76.47058823529412,12.0,5.833333333333333,76.47058823529412,6.999999999999998,3.999999999999999,10.0,29.35
8632,Aaqib Khan,True,0.5682728393699863,finishing allrounder,33.0,,82.5,17.0,7.516629711751663,2.552505590989021,-2.3551386880256624e-16,0.4999999999999998,22.0,21.92
8634,Ashwani Kumar,True,0.6050276263054736,finishing allrounder,16.0,,123.07692307692308,41.0,8.725761772853186,123.07692307692308,-5.999999999999999,4.499999999999999,35.0,24.24
8639,Kartik Meiyappan,False,0.38105704502707416,finishing allrounder,1.0,,100.0,2.0,7.959183673469388,100.0,,,3.0,25.13
8647,Sediqullah Atal,True,0.5971672545103122,top/middle,628.0,,135.63714902807774,,,5.131312780281207,118.99999999999993,,16.0,24.29
8652,Mohammad Ishaq Rahimi Shirzad,True,0.47156549117305685,finisher,98.0,,132.43243243243242,,,1.7142195180538746,-11.999999999999998,,8.0,20.82
8654,Cooper Connolly,False,0.42430357161290744,finishing allrounder,13.0,,130.0,1.0,9.272727272727273,0.7010060289804585,,0.9999999999999998,5.0,22.26
8660,Yash Kothari,False,0.4480853130895169,opener,60.0,,80.0,,,80.0,,,3.0,30.14
8661,Matheesha Pathirana,True,0.6308073572739378,finishing allrounder,17.0,,62.96296296296296,77.0,6.935424354243542,1.2270369954447744,3.499999999999999,5.3,47.0,22.94
8723,Mohammed Faraazuddin,True,0.3823982743446772,finishing allrounder,14.0,,56.0,1.0,15.6,56.0,,,2.0,24.33
8726,Ali Sharafu,True,0.40466909223494213,opener,124.0,,118.0952380952381,,,5.922381783759061,,,6.0,22.88
8727,Sanchit Sharma,True,0.4452188036788829,finishing allrounder,0.0,,0.0,0.0,7.6,0.0,,,3.0,24.35
8729,Syed Haider Shah,True,0.4509925809191977,finisher,85.0,,125.0,,,125.0,,,5.0,24.59
8731,Kazi Saifi,False,0.40629718236590684,opener,164.0,,125.19083969465649,,,125.19083969465649,,,6.0,37.27
8732,Shahadat Dipu,False,0.43308633025256726,top/middle,242.0,,100.0,,,8.07943191709675,-117.99999999999997,,14.0,23.8
8734,Hasan Murad,False,0.4598808828994983,finishing allrounder,12.0,,92.3076923076923,13.0,7.969465648854962,92.3076923076923,2.4999999999999987,-0.2999999999999998,13.0,24.41
8739,Muhammad Irfan,True,0.49473805972401314,finisher,221.0,,122.77777777777777,,,1.6915815867558426,-30.999999999999986,,18.0,22.92
8741,Mohammad Haris,True,0.6242733107007261,top/middle,742.0,,134.42028985507247,,,1.919642427144511,164.59999999999997,,41.0,24.66
8746,Vaibhav Arora,True,0.6503564095192484,finishing allrounder,11.0,,40.74074074074074,54.0,8.002139037433155,0.8209986965442763,-2.3,3.0,43.0,27.95
8749,Sidharth Sarmah,True,0.46582928808504176,batting allrounder,61.0,,105.17241379310344,12.0,4.553571428571429,105.17241379310344,,,5.0,26.97
8750,Saahil Jain,True,0.5636514502658639,batting allrounder,141.0,,142.42424242424244,2.0,9.0,2.4560236264351074,17.999999999999993,,8.0,35.92
8751,Subham Mandal,False,0.4439445803700954,top/middle,95.0,,118.75,1.0,9.0,118.75,,,6.0,27.26
8752,Ankit Kumar1,True,0.548548494526287,opener,103.0,,128.75,,,128.75,,,4.0,28.07
8783,Biplab Saikia,False,0.4070460254974009,opener,4.0,,44.44444444444444,0.0,12.0,,,,1.0,28.95
88,Faf du Plessis,True,0.6627246165867063,top/middle,2766.0,,138.3,,,4.437347123295616,-118.69999999999999,,82.0,41.37
8805,Ottneil Baartman,False,0.4444802313636225,finishing allrounder,13.0,,46.42857142857143,10.0,8.832298136645962,0.8690084299348674,10.999999999999998,-9.999999999999996,8.0,32.69
8836,Rohan Marwaha,False,0.4041972079607393,opener,87.0,,138.0952380952381,,,1.0529797547666109,,,3.0,31.59
8844,Ashay Palkar,False,0.47344612637100925,finishing allrounder,12.0,,120.0,0.0,13.44,6.647992180195264,,,2.0,36.24
8845,Manoj Ingale,False,0.452950094768722,finishing allrounder,9.0,,75.0,27.0,8.287878787878787,75.0,,-12.999999999999993,21.0,31.42
8848,Abhimanyusingh Rajput,False,0.5275378243832654,finishing allrounder,230.0,,115.57788944723617,12.0,8.670520231213873,3.809247684494713,12.628571428571426,-2.9999999999999987,21.0,27.55
8849,Soyeb Sopariya,False,0.4621065666973071,finishing allrounder,0.0,,0.0,17.0,7.298969072164948,,,1.4999999999999998,16.0,31.21
903,Rongsen Jonathan,False,0.5024545183205315,batting allrounder,250.0,,92.25092250922509,2.0,6.134831460674158,3.9215393064213786,-28.499999999999986,-0.49999999999999983,13.0,39.15
914,Krishnappa Gowtham,True,0.6862263995410864,finishing allrounder,406.0,,147.63636363636363,61.0,7.208053691275167,1.773107728340076,-61.799999999999976,-3.5,59.0,37.1
916,Ganesh Satish,False,0.4569747013775649,top/middle,101.0,,84.16666666666667,,,13.80562982107771,43.499999999999986,,5.0,37.7
921,Amit Verma,False,0.5376068417796823,finishing allrounder,269.0,,120.08928571428571,9.0,9.263736263736265,7.294676235691247,24.499999999999986,2.499999999999999,22.0,38.41
925,Aniruddha Joshi,False,0.5736391492857023,finisher,666.0,,131.10236220472441,4.0,7.25,2.9288230310440175,5.200000000000009,-0.19999999999999996,42.0,38.05
930,Karun Nair,True,0.6718816019596862,top/middle,1825.0,,159.94741454864155,2.0,7.868852459016393,2.6621442905432082,65.30000000000004,0.0,52.0,33.97
953,Lokesh Rahul,True,0.6569614007339893,opener,2967.0,,131.16710875331566,,,3.1697275261435176,-72.10000000000001,,77.0,33.61
956,Deepak Chougule,True,0.5031123860942229,finisher,0.0,,0.0,,,0.0,,,3.0,41.65
966,Shoaid Manager,False,0.4771478397381045,finisher,59.0,,109.25925925925925,,,109.25925925925925,,,5.0,41.2
968,KB Pawan,False,0.46682113486681603,finisher,30.0,,111.11111111111111,,,3.8789399391019024,,,2.0,37.94
985,Brendan Taylor,False,0.3963184070197579,top/middle,47.0,,95.91836734693878,,,7.728984632610548,,,4.0,39.8
988,Graeme Cremer,False,0.38719097027810023,finishing allrounder,3.0,,75.0,2.0,6.285714285714286,75.0,,,2.0,39.19
992,Mayank Agarwal,True,0.6612497691211293,top/middle,2583.0,,139.02045209903122,,,4.5171247964006715,-44.6,,96.0,34.78
1382,Hamish Bennett,False,0.44169239730626697,finishing allrounder,,,,1.0,6.6976744186046515,,,,2.0,38.76
1406,Mohsin Sayyed,False,0.4432161134164497,finishing allrounder,,,,1.0,11.6,,,,2.0,30.16
15199,Nishan Singh,True,0.5218411995886121,finishing allrounder,,,,2.0,10.363636363636363,,,,2.0,38.23
15229,Surendra Malviy,False,0.44638519478484306,finishing allrounder,,,,1.0,10.666666666666666,,,,1.0,31.03
1677,Mohammad Irfan,False,0.4548046396466044,finishing allrounder,,,,2.0,8.372093023255815,,,,2.0,43.47
1713,V Arun Kumar,False,0.4416170755791019,finishing allrounder,,,,1.0,5.5,,,,1.0,43.46
17919,Mohammad Saleem Safi,True,0.4441244250989876,finishing allrounder,,,,0.0,10.636363636363637,,,,1.0,23.21
1811,Nuwan Pradeep,False,0.4469056716778561,finisher,,,,0.0,9.0,,,,1.0,39.1
18166,Saurabh Shekhar,False,0.37950541048081965,finishing allrounder,,,,4.0,8.125,,,,1.0,26.12
1819,Pawan Suyal,False,0.44238200292099655,finishing allrounder,,,,0.0,8.666666666666666,,,,1.0,36.11
18598,Shafiqul Islam,False,0.471193411006827,finishing allrounder,,,,16.0,7.1568627450980395,,,,14.0,28.4
19107,B Reddy,False,0.40995007195812017,finishing allrounder,,,,0.0,8.16,,,,1.0,26.9
19124,Anas Khan,False,0.4079152279188557,finishing allrounder,,,,7.0,3.130434782608696,,,,1.0,32.75
19447,Marc Morais,False,0.4139145281583284,finishing allrounder,,,,0.0,10.0,,,,2.0,
19461,Nitesh Thakur N,False,0.40750469254389793,finishing allrounder,,,,3.0,10.0,,,,4.0,26.23
19576,Shubham Patel,False,0.3842569022243175,finisher,,,,1.0,7.333333333333333,,,,3.0,30.44
19701,Sandipan Das Jr,False,0.38037704956172647,finishing allrounder,,,,3.0,9.049180327868852,,,,3.0,
19720,Ananta Saha,False,0.4165951537088937,finishing allrounder,,,,8.0,5.754098360655738,,,,6.0,29.21
19721,Aritra Chatterjee,False,0.4146872768898412,finishing allrounder,,,,5.0,7.0,,,,5.0,38.92
19856,Jayanta Behera,False,0.38661227923107055,finishing allrounder,,,,5.0,7.235294117647059,,,,3.0,38.92
1991,Pawan Negi,False,0.4576511708039223,finishing allrounder,,,,0.0,10.88888888888889,,,,3.0,32.89
19969,Mubasir Khan,False,0.3785622013659677,finisher,,,,0.0,14.0,,,,1.0,23.59
20012,Nitin Yadav,False,0.4485097360918632,finishing allrounder,,,,4.0,8.91891891891892,,,,4.0,33.02
20028,Kartikeya Kak,True,0.5174741986584633,finishing allrounder,,,,5.0,11.88888888888889,,,,3.0,29.15
20033,Hitesh Yadav,True,0.49796122504415463,finisher,,,,1.0,7.0,,,,1.0,26.22
20052,Shahnawaz Hussain,False,0.41762322419330083,finishing allrounder,,,,8.0,8.076923076923077,,,,7.0,32.22
20117,Raj Choudhary,False,0.43673091686616544,finishing allrounder,,,,4.0,6.0,,,,2.0,29.5
20297,Rahul Kumar,False,0.4219312939718573,finisher,,,,0.0,9.333333333333334,,,,1.0,20.48
20305,Apurva Anand,False,0.4265100901327873,finisher,,,,0.0,14.0,,,,1.0,25.91
2032,Sunil Sam,False,0.44826653143256806,finishing allrounder,,,,6.0,5.137254901960785,,,,7.0,37.67
20569,Harjot Singh,False,0.4078349694428996,finishing allrounder,,,,9.0,7.0,,,,8.0,
20713,Sidharth Sharma,False,0.43811207017372333,finishing allrounder,,,,0.0,6.0,,,,1.0,31.1
20765,Yogendra Doyla,False,0.45860876526702954,finishing allrounder,,,,10.0,8.380434782608695,,,,9.0,32.29
20811,Aswanth Sankar,False,0.4409641068272112,finishing allrounder,,,,7.0,6.975609756097561,,,,8.0,23.35
20820,Athul Raveendran,False,0.4157267836100722,finishing allrounder,,,,3.0,4.415094339622642,,,,3.0,
20847,Akhin Sathar,False,0.4479702706642545,finishing allrounder,,,,16.0,6.851735015772871,,,,16.0,22.99
20853,Vinay V Varghese,False,0.4164407280518793,finishing allrounder,,,,4.0,5.723076923076923,,,,4.0,
20988,,False,0.37190227351877075,bowler,,,,0.0,11.0,,,,0.0,
2274,Aftab Alam,False,0.38601691430525653,finishing allrounder,,,,3.0,7.527272727272727,,,,3.0,32.99
2343,Beuran Hendricks,False,0.4453545695335016,finishing allrounder,,,,3.0,9.287671232876713,,,,3.0,35.47
23437,Sathiyannaarayan L,False,0.4290428227522854,finishing allrounder,,,,2.0,9.8,,,,2.0,
23444,T Veeramani,False,0.446060176643466,finisher,,,,1.0,10.333333333333334,,,,2.0,38.64
23455,Srinivasan E,False,0.4451337124720967,finishing allrounder,,,,1.0,11.82857142857143,,,,3.0,32.83
23585,Rahul Singh,False,0.4400827276801603,finishing allrounder,,,,0.0,5.25,,,,1.0,33.98
23764,Shubham Kadam,False,0.3852376152200152,finishing allrounder,,,,6.0,5.1891891891891895,,,,5.0,30.72
23943,Rajasekar M,False,0.4438570510701166,finishing allrounder,,,,4.0,3.1153846153846154,,,,3.0,32.58
24175,SB Sai Chetan,False,0.41921654269645736,finishing allrounder,,,,7.0,5.526315789473684,,,,6.0,
24252,Ibnul Afthab,False,0.4175697108082011,finishing allrounder,,,,19.0,7.432835820895522,,,,15.0,26.76
24261,Sarath Prasad,False,0.41704761920484523,finishing allrounder,,,,5.0,8.025974025974026,,,,5.0,29.91
24270,Srejith K R,False,0.4472241726505246,finishing allrounder,,,,5.0,6.35,,,,5.0,39.08
24275,Nidheesh,False,0.4369400601908155,finishing allrounder,,,,2.0,5.75,,,,3.0,23.52
24304,Harikrishnan D,False,0.44288667678210536,finishing allrounder,,,,4.0,3.36,,,,3.0,27.43
24324,Pavan Raj,False,0.40790486841573,finishing allrounder,,,,11.0,7.651162790697675,,,,14.0,23.1
24334,Badarudheen P P,False,0.41333980366283884,finishing allrounder,,,,12.0,6.75,,,,4.0,34.58
24337,Athif Ashraf,False,0.44131393123774154,finisher,,,,0.0,12.0,,,,2.0,28.9
24567,Ankit Mishra,False,0.3859030186068408,finishing allrounder,,,,5.0,6.617647058823529,,,,4.0,29.15
24584,Soumyadip Mandal,False,0.41238695535886166,finishing allrounder,,,,10.0,8.934306569343066,,,,8.0,23.3
24607,Suman Das,False,0.4153422303843968,finishing allrounder,,,,10.0,7.9875,,,,7.0,26.44
24766,Md Musfik Hasan,False,0.4095617100008095,finishing allrounder,,,,16.0,8.642857142857142,,,,9.0,23.2
24892,Darshan Rajbongshi,False,0.43595743264223,finishing allrounder,,,,15.0,5.964497041420119,,,,10.0,26.05
25130,Shubham Kapse,False,0.3895869993412202,finishing allrounder,,,,10.0,8.691176470588236,,,,6.0,31.35
25164,Nachiket Parande,False,0.3852812291799122,finishing allrounder,,,,1.0,9.0,,,,1.0,29.23
25167,Shantanu Chikhale,False,0.38182870518019263,finishing allrounder,,,,4.0,8.093023255813954,,,,3.0,23.8
25174,Rohit Dattatraya,False,0.37922455941300015,finishing allrounder,,,,1.0,8.709677419354838,,,,2.0,24.74
25176,Dushyant Tekan,False,0.37829827528712445,finisher,,,,0.0,8.8,,,,2.0,25.8
25667,Anunay Singh,True,0.5302550464607738,finishing allrounder,,,,4.0,9.162162162162161,,,,4.0,32.9
25668,Malay Mritunjay Raj,False,0.4335115147222225,finishing allrounder,,,,3.0,6.27906976744186,,,,3.0,22.71
25685,CK Paul,False,0.441610767435917,finishing allrounder,,,,6.0,6.461538461538462,,,,4.0,29.44
26182,Vineet Maurya,False,0.40675328080373035,finishing allrounder,,,,1.0,7.5,,,,4.0,24.18
26200,Mahadeb Dutta,False,0.4065338442037735,finisher,,,,0.0,7.0,,,,1.0,28.95
2643,Todd Astle,True,0.5119252267735989,finisher,,,,0.0,10.421052631578947,,,,1.0,39.17
26581,Rishabh Vivek,False,0.40872703470874205,finishing allrounder,,,,1.0,9.428571428571429,,,,2.0,24.68
26725,Suresh Vishweshwar,False,0.4694987715068293,finishing allrounder,,,,18.0,7.511450381679389,,,,13.0,28.34
26731,Aryan Bora,False,0.3805995475562281,finishing allrounder,,,,2.0,7.875,,,,2.0,25.03
26884,Rishabh Bansal,False,0.4333145401780076,finisher,,,,0.0,11.5,,,,1.0,23.48
26893,Nadeem Malik,False,0.4361417557147324,finishing allrounder,,,,7.0,8.393782383419689,,,,12.0,
26896,Karan Chaudhary,False,0.45352110345355867,finishing allrounder,,,,8.0,10.177777777777777,,,,9.0,31.61
26900,Karan Tewatiya,False,0.4490271545894302,finishing allrounder,,,,3.0,8.459016393442623,,,,3.0,29.04
27294,Rushabh Jain,False,0.3795330819539005,finishing allrounder,,,,1.0,12.857142857142858,,,,6.0,
27313,Jaypal Chad,False,0.3799459797192322,finishing allrounder,,,,2.0,9.5625,,,,4.0,25.02
27324,Nisarg Patel,False,0.3854266375313712,finishing allrounder,,,,2.0,9.272727272727273,,,,2.0,37.6
27325,Shailendra Yadav,False,0.378094973207961,finisher,,,,0.0,13.714285714285714,,,,3.0,21.45
27351,Ansh Patel,False,0.37891576300741214,finisher,,,,0.0,28.0,,,,1.0,23.77
27486,Safvan Patel,False,0.443665237924215,finishing allrounder,,,,16.0,7.932885906040268,,,,12.0,27.15
27963,Parth Vaghani,False,0.39017740240845106,finishing allrounder,,,,10.0,8.797927461139896,,,,10.0,30.99
28351,Bichitra Baruah,False,0.4120926943275803,finishing allrounder,,,,1.0,4.363636363636363,,,,3.0,38.93
28419,Mintu Kr Roy,True,0.4385507591088764,finishing allrounder,,,,1.0,8.225806451612904,,,,5.0,
28435,Sanjib Pathak,False,0.4346974768816916,finishing allrounder,,,,11.0,5.525179856115108,,,,8.0,24.22
28463,Hirok Jyoti Choudhury,False,0.39129750586763007,finisher,,,,2.0,4.875,,,,2.0,
28473,Ganesh Basfore,True,0.44403360189846025,finishing allrounder,,,,2.0,5.660377358490566,,,,6.0,19.46
28664,Zahid Ali,False,0.3843237498503917,finisher,,,,0.0,5.333333333333333,,,,1.0,33.7
29189,Rinsangzela Hmamte,False,0.43625188284967487,finishing allrounder,,,,2.0,8.108108108108109,,,,2.0,23.47
29210,Lal Rin Fela,False,0.3789816879485263,finisher,,,,0.0,13.0,,,,1.0,25.37
29219,Tc Vanlalremruata,True,0.5126878658838112,finishing allrounder,,,,3.0,7.1,,,,3.0,25.39
29456,Himan Phukan,False,0.3846149467732913,finishing allrounder,,,,2.0,6.5,,,,3.0,27.8
29782,Shahid C P,False,0.45070491747741726,finishing allrounder,,,,7.0,7.651376146788991,,,,6.0,32.8
29805,Krishnakumar Tv,False,0.4055432130237668,finishing allrounder,,,,3.0,9.272727272727273,,,,3.0,3.58
29810,Nipun Babu,False,0.4502271000992381,finishing allrounder,,,,3.0,6.886956521739131,,,,6.0,32.1
29818,Ajith Raj,False,0.43918730561413355,finishing allrounder,,,,13.0,6.914634146341464,,,,9.0,26.02
30734,V Arunachalam,False,0.40048498352473616,finishing allrounder,,,,0.0,7.714285714285714,,,,2.0,24.5
30735,Rishi Raut,False,0.3790448588635315,finisher,,,,3.0,10.736842105263158,,,,1.0,22.01
30928,Vengatesh Arjun,False,0.402892182217498,finishing allrounder,,,,6.0,7.45945945945946,,,,4.0,21.16
31176,Aum Kanabar,False,0.4279329450087665,finishing allrounder,,,,0.0,8.428571428571429,,,,3.0,21.82
31200,Arth Yadav,False,0.44070319278888076,finishing allrounder,,,,3.0,7.270588235294118,,,,8.0,25.17
31693,Arya Yohan Menon,False,0.4417364151729056,finishing allrounder,,,,2.0,10.258064516129032,,,,2.0,26.3
31709,M Ayush,False,0.3937862848749637,finisher,,,,2.0,6.8,,,,2.0,26.3
3175,Scott Kuggeleijn,False,0.4746475334700152,finishing allrounder,,,,3.0,5.230769230769231,,,,2.0,33.9
32239,Madha Deepak,False,0.3801328870213605,finishing allrounder,,,,5.0,8.74074074074074,,,,4.0,22.47
32256,M Rayudu,False,0.4192900092418874,finishing allrounder,,,,6.0,9.545454545454545,,,,6.0,29.06
32278,Santosh Kumar,False,0.38466294807047113,finishing allrounder,,,,6.0,8.760736196319018,,,,7.0,25.18
32281,Gavvala Mallikarjuna,False,0.41586119381402253,finishing allrounder,,,,14.0,7.28,,,,15.0,20.99
32287,Midde Anjaneyulu,False,0.41590619028250103,finishing allrounder,,,,14.0,7.69377990430622,,,,11.0,27.12
32598,Shetty Balija Sai Chetan,False,0.4050051673751003,finishing allrounder,,,,0.0,8.464285714285714,,,,4.0,22.95
33009,John Turner,False,0.40510772668446543,finishing allrounder,,,,1.0,10.216216216216216,,,,2.0,24.63
33059,Varun Rao T N,False,0.43511168740976186,finisher,,,,0.0,10.333333333333334,,,,1.0,26.27
33070,BM Shreyas,False,0.43790569504635757,finishing allrounder,,,,2.0,6.8,,,,3.0,24.9
33071,Punith Punith,False,0.41726206829023105,finishing allrounder,,,,0.0,10.2,,,,2.0,
33082,Santokh Singh,False,0.44521779448830906,finishing allrounder,,,,15.0,8.709677419354838,,,,16.0,
33087,Dhanush R Gowda,False,0.4300670161221273,finishing allrounder,,,,4.0,10.285714285714286,,,,9.0,21.08
33094,Rohith Kumar,False,0.43577651953104385,finishing allrounder,,,,4.0,9.189873417721518,,,,5.0,25.16
33097,Amogh S,False,0.448402182514393,finisher,,,,1.0,13.846153846153847,,,,1.0,29.36
3328,Amit Mishra1,False,0.4458925961087871,finishing allrounder,,,,3.0,6.75,,,,2.0,34.04
34441,Yadhu Sundaram,False,0.4377681356321205,finishing allrounder,,,,4.0,6.1875,,,,4.0,25.9
3475,Perumparambath Anthaf,False,0.4146781138084098,finishing allrounder,,,,2.0,5.863636363636363,,,,2.0,37.68
34960,Vedant Naik,False,0.4446961929409804,finisher,,,,0.0,4.7368421052631575,,,,2.0,29.23
34976,B Punnaiah,True,0.5085314945866631,finisher,,,,1.0,7.333333333333333,,,,1.0,22.54
34977,Trishank Gupta,True,0.5026446476612514,finisher,,,,0.0,6.0,,,,1.0,24.17
34989,Satyam Baliyan,True,0.5397554558593101,finishing allrounder,,,,21.0,7.53030303030303,,,,19.0,22.83
34992, Merenka Jamir,False,0.4405051663533122,finisher,,,,0.0,19.0,,,,1.0,27.55
34994,Pieter Mardi,False,0.443068037566867,finisher,,,,0.0,9.692307692307692,,,,1.0,27.6
35066,Susheel Kumar,False,0.44364987141175866,finishing allrounder,,,,3.0,8.60377358490566,,,,4.0,29.07
35068,Gaurav Chaudhary,True,0.5156015898650564,finishing allrounder,,,,2.0,7.5,,,,2.0,22.92
35318,Sakib Hussain,False,0.460353712012306,finishing allrounder,,,,4.0,9.966101694915254,,,,4.0,20.95
3532,Sachin Chaudhari,False,0.4393276883711021,finishing allrounder,,,,0.0,7.384615384615385,,,,3.0,39.67
35646,Rajakavi Rajagopal,False,0.40660083765762606,finisher,,,,0.0,14.5,,,,4.0,37.18
35878,Sylvester Dsouza,True,0.38333149997347526,finishing allrounder,,,,9.0,8.487804878048781,,,,8.0,25.9
35895,Rahul Ashok Sharma,False,0.41832237818973295,finishing allrounder,,,,4.0,7.253731343283582,,,,3.0,
361,Kotarangada Appanna,False,0.4520012850415781,finishing allrounder,,,,3.0,8.561797752808989,,,,6.0,36.94
3637,Dayyaan Galiem,False,0.3840890292276837,finishing allrounder,,,,2.0,4.0,,,,1.0,28.9
36372,Aryan Deshmukh,False,0.37836392054000223,finisher,,,,0.0,10.363636363636363,,,,2.0,22.66
36683,Mohammad Shuaib,False,0.4013047416083571,finishing allrounder,,,,4.0,4.0,,,,2.0,18.22
36981,Himanshu Sharma,False,0.46590981916720003,finishing allrounder,,,,0.0,11.4,,,,2.0,27.89
37053,Shen Nareshbhai Patel,False,0.4390385804795609,finishing allrounder,,,,4.0,9.245901639344263,,,,3.0,22.59
37378,S Shankar Ganesh,False,0.4082808336912268,finishing allrounder,,,,0.0,9.833333333333334,,,,2.0,28.38
37399,J Rohan,False,0.40179735545190326,finisher,,,,1.0,8.210526315789474,,,,1.0,20.99
3758,Lukman Meriwala,False,0.5093813835248427,finishing allrounder,,,,41.0,7.714285714285714,,,,31.0,33.96
3783,Krishnamoorthy Vignesh,False,0.45076397316851796,finishing allrounder,,,,4.0,10.18348623853211,,,,7.0,31.21
38437,Sundeep Rabha,False,0.4282590440942423,finisher,,,,1.0,6.666666666666667,,,,1.0,22.97
38585,Vivek,False,0.4382852807818132,finishing allrounder,,,,2.0,8.176470588235293,,,,5.0,25.9
38620,Junaid Khan,True,0.5124779766768903,finishing allrounder,,,,2.0,10.375,,,,3.0,25.9
38623,Abul Kalam Khan,True,0.5019596705471348,finisher,,,,0.0,12.333333333333334,,,,2.0,25.9
38624,Ankit Kushwaha,True,0.5123754643506263,finishing allrounder,,,,2.0,6.666666666666667,,,,3.0,25.9
38641,Amit Gavande,True,0.5091532258873075,finisher,,,,1.0,9.666666666666666,,,,1.0,25.9
39056,Mohammed Dakhani,False,0.3785810165278351,finisher,,,,1.0,9.473684210526315,,,,1.0,20.42
39083,Hemant Buchade,True,0.38645352520617676,finishing allrounder,,,,5.0,5.7073170731707314,,,,4.0,32.8
39088,Sumiit Markali,False,0.4136527925514272,finishing allrounder,,,,3.0,8.205882352941176,,,,3.0,27.01
39112,Prasad Shingote,False,0.3805038567964643,finishing allrounder,,,,5.0,7.8,,,,4.0,26.45
39115,Sanket Gowari,False,0.3826372363919224,finisher,,,,1.0,5.0,,,,1.0,28.58
39123,Sanket Pande,False,0.40628650415157663,finisher,,,,0.0,9.75,,,,3.0,28.08
39128,Prasad Patil,False,0.3792322632060512,finisher,,,,0.0,8.5,,,,1.0,-14.1
39142,Anurag Mishra,False,0.38089559867235984,finishing allrounder,,,,7.0,6.162162162162162,,,,5.0,20.21
39145,Yaseen Shaikh,False,0.3807491306931214,finishing allrounder,,,,3.0,7.03125,,,,3.0,20.79
39154,Sarfaraz Shaikh,False,0.3854843272544188,finishing allrounder,,,,2.0,7.615384615384615,,,,2.0,30.87
39156,Saksham Jha,False,0.38018450309830404,finishing allrounder,,,,0.0,10.5,,,,3.0,25.88
3918,Samar Quadri,False,0.4409049632988578,finisher,,,,0.0,11.5,,,,1.0,36.33
39190,Ankur Singh,False,0.38368206666417426,finishing allrounder,,,,1.0,6.0,,,,3.0,28.24
39377,Panjit Nath,False,0.4152904267413551,finisher,,,,0.0,7.2,,,,2.0,17.67
39415,Manab Barman,False,0.4173172502877385,finishing allrounder,,,,0.0,2.8,,,,4.0,21.74
39453,Md Rohanat Doullah Borson,False,0.4036521435029519,finishing allrounder,,,,1.0,8.4,,,,2.0,20.52
39552,Vinit Ravindra Dhulap,True,0.5084050841425357,finishing allrounder,,,,2.0,9.25,,,,3.0,35.98
39557,Avinash,True,0.5094398165877125,finishing allrounder,,,,2.0,7.111111111111111,,,,1.0,25.9
39559,Parappa Mordi,True,0.4947720212068452,finishing allrounder,,,,4.0,10.0,,,,1.0,34.01
40234,Aquil Naushar,False,0.435845831108169,finishing allrounder,,,,3.0,7.4,,,,3.0,25.9
40251,Dev Manoj,False,0.42655451897582686,finisher,,,,0.0,7.2,,,,2.0,25.9
40269,Amal Raj R,False,0.39956234618327235,finishing allrounder,,,,2.0,4.645161290322581,,,,3.0,
40273,Sreevardhan Murali,False,0.3999925666266628,finisher,,,,1.0,3.0,,,,1.0,25.9
40288,Harshad Basil,False,0.43945470652971386,finishing allrounder,,,,6.0,7.6923076923076925,,,,5.0,25.9
40291,Adilsha M,False,0.43873761750872853,finishing allrounder,,,,2.0,11.142857142857142,,,,3.0,25.9
40298,Devu D,False,0.42904659775610526,finishing allrounder,,,,0.0,9.2,,,,3.0,23.03
40308,Aswin Ajith Pillai,False,0.42938039532838795,finisher,,,,1.0,7.0,,,,2.0,25.9
40311,Arun Variad,False,0.400882577529212,finishing allrounder,,,,1.0,7.153846153846154,,,,1.0,-14.1
40320,Jishnu,False,0.42600885237641956,finishing allrounder,,,,4.0,3.9130434782608696,,,,3.0,25.9
40332,Hariprasad V,False,0.4260716855597323,finisher,,,,0.0,11.0,,,,1.0,25.9
40353,Jestin Thomas,False,0.435498831245736,finishing allrounder,,,,7.0,6.47191011235955,,,,4.0,25.9
40356,Vishnu Viswam,False,0.4346066179675219,finishing allrounder,,,,5.0,4.9879518072289155,,,,5.0,25.9
40372,Aboobacker Inshad Ali,False,0.42318972550171013,finisher,,,,0.0,12.0,,,,2.0,25.9
40401,Aditya Vinod,False,0.4222016844589495,finisher,,,,0.0,4.105263157894737,,,,1.0,25.9
4061,NC Aiyappa,False,0.4489652404854902,finishing allrounder,,,,1.0,9.652173913043478,,,,2.0,46.11
41389,Anshad S,False,0.4183155292724344,finishing allrounder,,,,4.0,7.105263157894737,,,,4.0,30.99
41503,Yash Punja,False,0.3891184459662513,finishing allrounder,,,,23.0,7.2,,,,11.0,19.83
4168,Unnikrishnan Manukrishnan,False,0.44062677497320224,finishing allrounder,,,,2.0,9.36,,,,1.0,37.14
41764,Vikas Kumar Gupta,False,0.4032431069590619,finishing allrounder,,,,2.0,7.0,,,,1.0,21.37
41792,Aditya More,False,0.39394643467015666,finisher,,,,0.0,9.666666666666666,,,,1.0,25.42
41822,Ravi Yadav,False,0.4138661659947469,finishing allrounder,,,,0.0,8.0,,,,1.0,33.91
41824,Naman Sharma,False,0.41428350007330317,finishing allrounder,,,,15.0,6.6765578635014835,,,,17.0,21.33
4243,Swapnil Bandiwar,False,0.3866597461146602,finishing allrounder,,,,0.0,9.681818181818182,,,,3.0,37.3
42623,S Guru Sayee,False,0.40010968559093,finishing allrounder,,,,3.0,8.25,,,,1.0,25.51
42627,Kabilan N,False,0.40627860329065074,finishing allrounder,,,,7.0,7.894736842105263,,,,5.0,24.38
42678,,False,0.37170314913195424,bowler,,,,1.0,9.692307692307692,,,,0.0,
42688,Tapas Das,False,0.4145466418701028,finishing allrounder,,,,4.0,7.05,,,,6.0,28.96
42693,Sobhandev Behera,False,0.4032183793191366,finishing allrounder,,,,2.0,5.8125,,,,2.0,21.33
42824,Aditya Daware,False,0.4472128180191681,finishing allrounder,,,,2.0,9.348837209302326,,,,5.0,24.73
42833,Harsh Oswal,False,0.39446743288599406,finisher,,,,0.0,10.666666666666666,,,,1.0,25.9
42836,Vidya Tiwari,False,0.42306534895369025,finishing allrounder,,,,0.0,9.142857142857142,,,,1.0,25.9
42837,Atman Pore,False,0.43295399172906307,finishing allrounder,,,,14.0,6.421052631578948,,,,12.0,25.9
4284,Badre Alam,True,0.5074307420277171,finisher,,,,0.0,12.461538461538462,,,,1.0,33.56
42841,Ravi Chaudhari,False,0.4260716855597323,finisher,,,,0.0,10.0,,,,1.0,25.9
42846,Razeq Fallah,False,0.41143051514668366,finisher,,,,0.0,6.0,,,,2.0,
42848,Rehan Khan,False,0.4447441220630038,finishing allrounder,,,,7.0,7.74468085106383,,,,9.0,25.9
42850,Omkar Akhade,False,0.4361483784397575,finisher,,,,1.0,10.0,,,,1.0,25.9
43093,Samadhan Pagare,False,0.4530676670249214,finishing allrounder,,,,10.0,8.625,,,,15.0,25.9
43274,Kamlesh Joshi,False,0.43708924970038715,finisher,,,,1.0,6.9,,,,1.0,24.38
43297,Shivam Siroha,False,0.4443379310775507,finishing allrounder,,,,2.0,7.346938775510204,,,,3.0,27.69
43300,Prajjwal Rawat,False,0.42025850498995276,finisher,,,,0.0,9.789473684210526,,,,3.0,23.51
43302,Abhishek Rawat,False,0.4318725636541679,finisher,,,,0.0,9.0,,,,1.0,26.93
43304,Aditya Semwal,False,0.42537771390119744,finisher,,,,0.0,25.0,,,,1.0,23.79
43306,Sumit Juyal,True,0.5306101537110459,finishing allrounder,,,,27.0,8.242424242424242,,,,13.0,24.0
43313,Harshvardhan,False,0.4326968131270624,finishing allrounder,,,,2.0,7.153846153846154,,,,1.0,21.58
43317,Aadarsh Yadav,False,0.4382074213728273,finishing allrounder,,,,4.0,7.038461538461538,,,,4.0,23.01
43326,Vinay Kumar,False,0.44206026120932224,finishing allrounder,,,,6.0,6.36734693877551,,,,6.0,23.39
43331,Sunil Bisht,False,0.4429627274202053,finishing allrounder,,,,3.0,5.387755102040816,,,,2.0,30.05
43335,Dev Chaddha,False,0.4209623607322348,finisher,,,,0.0,17.0,,,,1.0,22.44
43337,Parikshit Garkoti,False,0.43237632694154393,finishing allrounder,,,,5.0,9.625,,,,3.0,22.29
43339,Ayush Lohani,False,0.4478297514173219,finishing allrounder,,,,1.0,9.5625,,,,2.0,28.31
43819,Mohammad Tahir Bhat,False,0.3776240708343922,finisher,,,,2.0,6.315789473684211,,,,1.0,
43911,Arjun Pappal,False,0.44634039603833825,finishing allrounder,,,,1.0,11.0,,,,3.0,25.97
43912,Kovid Gujjar,False,0.4487551035448052,finishing allrounder,,,,2.0,10.0,,,,2.0,35.13
43926,Ramandeep Singh,False,0.43038369333465837,finishing allrounder,,,,0.0,11.666666666666666,,,,5.0,24.9
43939,Paras Jaidka,False,0.4274768384015616,finishing allrounder,,,,0.0,9.428571428571429,,,,3.0,25.75
43960,Sidharth Bakshi,False,0.437881090085315,finishing allrounder,,,,1.0,7.428571428571429,,,,1.0,25.1
43966,Gursimran Singh,False,0.4485384005882175,finishing allrounder,,,,3.0,7.315068493150685,,,,5.0,28.44
43976,Harry Dhaliwal,False,0.44654384159452354,finishing allrounder,,,,7.0,9.307692307692308,,,,9.0,24.94
43992,Manpreet Singh Chouhan,False,0.4409131112254385,finishing allrounder,,,,0.0,12.774193548387096,,,,2.0,27.87
44484,Pukhrajdeep Singh Dhaliwal,False,0.3933020356526218,finisher,,,,0.0,7.0,,,,1.0,20.84
44490,Mitrakant Yadav,False,0.4593569239394562,finishing allrounder,,,,9.0,7.115577889447236,,,,10.0,34.11
44495,Nathan Mello,False,0.4366799517425281,finishing allrounder,,,,6.0,7.121951219512195,,,,7.0,22.06
44496,Clement Raju,False,0.41841246903834367,finisher,,,,0.0,4.666666666666667,,,,1.0,25.76
44498,Gautam Mishra,False,0.4477266378910212,finishing allrounder,,,,11.0,9.070422535211268,,,,10.0,22.61
44500,Nischith Rao,False,0.4446154973166465,finishing allrounder,,,,9.0,9.12396694214876,,,,8.0,26.44
44506,Shimon Luiz,False,0.4132048817426014,finishing allrounder,,,,0.0,8.4,,,,2.0,29.83
44513,Aaditya Nair,False,0.40063334898232533,finishing allrounder,,,,0.0,8.166666666666666,,,,2.0,21.22
44790,Armaan Jakhar,False,0.3794538334724764,finishing allrounder,,,,3.0,10.571428571428571,,,,3.0,
44831,Neel Dhaliwal,False,0.38097420742064053,finishing allrounder,,,,6.0,7.96039603960396,,,,6.0,22.08
45212,Advith Shetty,False,0.43255850675526536,finishing allrounder,,,,4.0,9.176470588235293,,,,5.0,22.72
45380,Shaik Kamil,False,0.3958118576204771,finishing allrounder,,,,0.0,12.833333333333334,,,,3.0,22.12
45382,Battina Yashwanth,False,0.3788637967730169,finishing allrounder,,,,1.0,13.5,,,,1.0,20.06
45496,Prashant Gohel,False,0.4511902237557711,finishing allrounder,,,,5.0,9.0,,,,7.0,27.78
45514,Hiren Makwana,False,0.37966051303635007,finishing allrounder,,,,2.0,8.142857142857142,,,,1.0,22.97
45530,Tanish Mahesh,False,0.4354996114942786,finishing allrounder,,,,4.0,12.75,,,,3.0,25.33
45662,Karan Suchak,False,0.44221179979976355,finisher,,,,1.0,8.666666666666666,,,,1.0,23.22
45947,Divyansh Chaturvedi,False,0.430672942682487,finisher,,,,0.0,18.0,,,,2.0,25.9
45973,Rohit Dwivedi,False,0.4384211685704873,finishing allrounder,,,,3.0,9.6,,,,3.0,24.16
45995,Abhinav Tiwari,False,0.43246132240660884,finishing allrounder,,,,4.0,5.806451612903226,,,,3.0,25.9
46000,Kuldeep Kumar,False,0.4269839433351739,finisher,,,,3.0,4.7368421052631575,,,,1.0,25.9
46006,Mukesh Kumar,False,0.40926574489580936,finishing allrounder,,,,13.0,7.869565217391305,,,,9.0,25.9
46010,Pradeep Yadav,False,0.4459295302985739,finisher,,,,1.0,9.0,,,,2.0,25.9
46022,Deepanshu Yadav,False,0.44679781532309093,finishing allrounder,,,,12.0,8.526315789473685,,,,11.0,26.55
46024,Rajat Singhwal,False,0.42940570428702074,finishing allrounder,,,,0.0,8.076923076923077,,,,1.0,25.9
46025,Mirza Shahbaz,False,0.43925034261387674,finishing allrounder,,,,1.0,12.24,,,,1.0,25.9
46057,Ankur Chauhan,False,0.44130856013732644,finishing allrounder,,,,1.0,9.125,,,,3.0,25.92
46073,Suvrat Prasad Tiwari,False,0.4421826081564516,finishing allrounder,,,,4.0,4.842105263157895,,,,3.0,25.9
4612,Hardik Patel,False,0.44308317479998194,finishing allrounder,,,,4.0,5.675675675675675,,,,3.0,30.55
46140,Rahul Vakani,False,0.4459691520535427,finishing allrounder,,,,3.0,6.75,,,,1.0,27.05
46141,Hasmukh Gadhavi,False,0.42361170396749365,finisher,,,,0.0,14.571428571428571,,,,1.0,24.19
4623,Aditya Sarwate,False,0.453631079190162,finishing allrounder,,,,7.0,7.810344827586207,,,,8.0,35.96
46281,Sparsh Jain,False,0.4414746118280376,finishing allrounder,,,,4.0,8.482758620689655,,,,6.0,25.9
46304,Rohit Suthar,False,0.3794249154192721,finishing allrounder,,,,3.0,11.066666666666666,,,,2.0,25.9
47244,Karan Patel,False,0.38829469046850307,finishing allrounder,,,,7.0,7.1571428571428575,,,,7.0,32.73
47509,Abhimanyu Singh,False,0.44851525117356933,finishing allrounder,,,,4.0,6.571428571428571,,,,1.0,33.56
47513,Shubham Premanand Tari,False,0.4388815635729595,finishing allrounder,,,,8.0,7.19205298013245,,,,7.0,24.49
47737,Tana Teti,False,0.44590144608885096,finishing allrounder,,,,3.0,11.166666666666666,,,,4.0,27.45
47764,Kunal Tarini Prasad Sarma,False,0.43853671182059606,finisher,,,,0.0,26.0,,,,1.0,26.81
47765,Jay Abhale,False,0.38001747590004853,finishing allrounder,,,,6.0,7.3125,,,,6.0,25.81
47769,Paramjit Shyam Singh,False,0.42324450645286565,finisher,,,,3.0,6.0,,,,1.0,23.14
47782,Galpo Sherpa,False,0.43648141283902925,finisher,,,,0.0,9.5,,,,1.0,29.84
47786,Ravinder Negi,True,0.38516281680078934,finishing allrounder,,,,5.0,9.8796992481203,,,,6.0,23.44
47792,Yudhajit Guha,False,0.40023516398221515,finishing allrounder,,,,0.0,7.255813953488372,,,,2.0,19.14
47814,Mahipal Yadav,False,0.39501173576189785,finisher,,,,0.0,10.0,,,,1.0,18.99
47867,Tanmay Latka,False,0.37852390631122906,finishing allrounder,,,,2.0,6.25,,,,2.0,20.7
47906,Nara Weshi,False,0.3798090894490086,finishing allrounder,,,,5.0,4.3561643835616435,,,,4.0,20.96
47995,Tekkam Atchuth Hemanth Kumar,False,0.38040710057184496,finishing allrounder,,,,1.0,7.846153846153846,,,,1.0,20.96
48013,A Ardrit,False,0.3790560299202875,finisher,,,,0.0,13.0,,,,1.0,25.9
4807,Joshua Little,True,0.5584097421404746,finishing allrounder,,,,13.0,8.415254237288135,,,,11.0,26.07
48500,Umar Khan,False,0.379240397270552,finisher,,,,1.0,8.0,,,,1.0,24.73
48501,Prem Devkar,False,0.3789535583911743,finisher,,,,0.0,9.23076923076923,,,,2.0,20.9
48557,Vignesh Puthur,True,0.4668778256597033,finishing allrounder,,,,12.0,8.854368932038835,,,,13.0,24.74
48560,Pratham Maheshwari,False,0.37828531179172153,finisher,,,,0.0,7.578947368421052,,,,1.0,21.11
48567,Lakshay Sehrawat,False,0.40178591644620437,finishing allrounder,,,,0.0,9.142857142857142,,,,1.0,25.9
48798,Bonojit Adhikari,False,0.37966051303635007,finishing allrounder,,,,2.0,8.4,,,,2.0,19.92
4903,Lahiru Kumara,True,0.5172093379523189,finishing allrounder,,,,13.0,8.0,,,,6.0,28.78
49341,Vineet Rawat,False,0.38581849053681333,finishing allrounder,,,,4.0,8.909090909090908,,,,3.0,28.55
49374,Pratik Kumar,False,0.40653901105276224,finisher,,,,0.0,12.857142857142858,,,,1.0,29.0
49684,Divansh Rawat,False,0.38120642829271134,finishing allrounder,,,,6.0,9.952941176470588,,,,5.0,20.19
49825,Uzzal Das,False,0.39414839461758916,finisher,,,,0.0,8.0,,,,1.0,19.12
50078,Shafeequddin Shafeequddin,True,0.38726902588828993,finishing allrounder,,,,14.0,6.711864406779661,,,,5.0,35.9
50193,Arshil Rajendra,False,0.4028382476509815,finishing allrounder,,,,1.0,5.8125,,,,2.0,20.76
50207,Love Kumar,False,0.3954849837850172,finisher,,,,0.0,6.857142857142857,,,,1.0,22.97
50288,Priyajeet Jadeja,False,0.3839208369177402,finisher,,,,2.0,5.368421052631579,,,,1.0,37.18
50322,Vaibhav Na,False,0.4020304557550364,finishing allrounder,,,,2.0,10.857142857142858,,,,1.0,21.14
5075,Hitesh Kadam,False,0.38702504381883757,finishing allrounder,,,,4.0,6.534653465346534,,,,4.0,37.14
50894,Himanshu Chauhan,False,0.4121965578951381,finishing allrounder,,,,10.0,9.89873417721519,,,,12.0,22.86
51287,Govinth Ganesh,False,0.37762425507700337,finisher,,,,0.0,18.857142857142858,,,,2.0,21.83
51516,J Prem Kumar,False,0.41024995399177805,finishing allrounder,,,,17.0,7.407407407407407,,,,8.0,25.43
52042,Dharmendra Gupta,False,0.38301707415297837,finisher,,,,0.0,5.5,,,,1.0,28.9
52055,Saurabh Tiwari,False,0.37884865539465645,finisher,,,,1.0,8.5,,,,1.0,25.4
52057,Shivansh Singh,False,0.3797955659833449,finishing allrounder,,,,2.0,7.03125,,,,4.0,19.08
52058,Aryan Dalal,False,0.37857877501587484,finisher,,,,1.0,11.0,,,,1.0,20.89
52077,Sangram Ranaware,False,0.380137792289232,finishing allrounder,,,,1.0,11.333333333333334,,,,3.0,23.57
52094,Hrishikesh Gore,False,0.37996127880310754,finishing allrounder,,,,3.0,12.210526315789474,,,,5.0,20.11
52123,Manas Chavan,False,0.3795779895808537,finishing allrounder,,,,7.0,6.315789473684211,,,,3.0,24.12
5231,Oshane Thomas,False,0.47299521393561106,finishing allrounder,,,,5.0,8.076923076923077,,,,8.0,28.77
52338,Usman Tariq,False,0.3870438112579845,finishing allrounder,,,,6.0,5.04,,,,2.0,30.47
52345,Soham Dinesh Zute,False,0.37808985313325394,finisher,,,,0.0,11.333333333333334,,,,1.0,21.84
52437,Md Ronak,False,0.3832515565520351,finisher,,,,0.0,12.0,,,,1.0,28.78
52439,Aditya Chettri,False,0.37819143604077454,finisher,,,,0.0,6.4,,,,1.0,23.18
53,S Sreesanth,False,0.45380282873930794,finishing allrounder,,,,3.0,8.936170212765957,,,,4.0,42.8
53224,Kartik Mishra,False,0.3856611737898383,finishing allrounder,,,,5.0,6.688524590163935,,,,7.0,27.11
53486,Atharva Bhosale,False,0.38116311091582594,finishing allrounder,,,,2.0,7.363636363636363,,,,3.0,21.43
54160,Vaibhav Rai,False,0.39543932156232264,finisher,,,,0.0,8.142857142857142,,,,2.0,21.25
54832,Rakibul Islam,False,0.3998802861516965,finisher,,,,1.0,8.210526315789474,,,,2.0,18.8
54843,Rohit Dhobi,True,0.4409389433603079,finishing allrounder,,,,0.0,8.347826086956522,,,,6.0,18.03
54876,Rafique Ali,False,0.3953646451489183,finisher,,,,2.0,5.333333333333333,,,,2.0,24.08
54883,Paban Kumar Majhee,True,0.4557926987684131,finishing allrounder,,,,6.0,8.066666666666666,,,,5.0,29.98
54891,Prasanta Barman,False,0.395617088452302,finisher,,,,2.0,8.666666666666666,,,,2.0,18.22
54900,Yasinul Hoque,False,0.41710711378482523,finishing allrounder,,,,1.0,4.883720930232558,,,,2.0,35.07
54922,Dudul Kumar Nath,False,0.40388124393142383,finishing allrounder,,,,1.0,9.23076923076923,,,,2.0,22.71
55391,Nakson Rahul,False,0.39983251574012074,finisher,,,,2.0,6.0,,,,2.0,25.72
55400,Adwith N,False,0.39568289571539944,finishing allrounder,,,,0.0,7.0344827586206895,,,,3.0,18.4
55447,Sreekanth Au,False,0.40898293603979446,finisher,,,,0.0,12.0,,,,2.0,31.09
55743,Adith Ashok,False,0.39977740727291916,finisher,,,,1.0,5.7,,,,1.0,25.9
55771,Adithya Krishnan K,False,0.4087932741923646,finishing allrounder,,,,1.0,7.914893617021277,,,,4.0,25.9
55793,Laxman Laxman,False,0.4131312177489875,finishing allrounder,,,,6.0,10.02061855670103,,,,5.0,26.79
5584,Ashwath Mukunthan,False,0.45097115878752747,finishing allrounder,,,,2.0,10.325581395348838,,,,2.0,29.95
56171,Rohan Kharat,False,0.4081338113450051,finishing allrounder,,,,6.0,7.181818181818182,,,,10.0,25.9
56175,Harshal Mishra,False,0.40534921079305414,finishing allrounder,,,,5.0,8.947368421052632,,,,4.0,25.9
56188,Nadeem Shaikh,False,0.3941023369357745,finishing allrounder,,,,2.0,14.0,,,,3.0,25.9
5632,Trilok Nag,False,0.44294746980975164,finishing allrounder,,,,6.0,7.366336633663367,,,,5.0,25.5
56326,Tuhin Banerjee,False,0.4082875396986966,finishing allrounder,,,,0.0,8.4,,,,2.0,33.21
56336,Balkesh Yadav,False,0.380068568870703,finishing allrounder,,,,4.0,6.5,,,,2.0,22.74
56342,Ganoranjan Kapat,False,0.394682962606475,finisher,,,,0.0,8.25,,,,1.0,20.2
56353,Subhankar Dey,False,0.393420778110603,finisher,,,,0.0,6.0,,,,1.0,19.14
56361,Dilshad Khan,False,0.413054338425236,finishing allrounder,,,,11.0,6.6835443037974684,,,,12.0,21.97
56381,Anubhav Tyagi,False,0.40642162592598846,finishing allrounder,,,,6.0,7.690140845070423,,,,4.0,24.73
5652,Arun Balasubramanian,False,0.42963676194968015,finishing allrounder,,,,2.0,8.11111111111111,,,,4.0,
56545,Ashish Bhardwaj,False,0.395604584384559,finisher,,,,2.0,6.0,,,,1.0,19.58
56546,Simran Pal Singh,False,0.4134949293587757,finishing allrounder,,,,2.0,6.285714285714286,,,,3.0,28.56
56558,Harel Vashisht,False,0.3943836725376688,finisher,,,,0.0,5.0,,,,1.0,20.16
56566,Yuvraj Singh Maan,False,0.3787341089917329,finisher,,,,1.0,11.0,,,,1.0,19.7
56568,Raghuvar Narang,False,0.3947925106982588,finisher,,,,1.0,4.0,,,,1.0,25.9
56569,Rahul Singh,False,0.39374772835800875,finisher,,,,0.0,17.0,,,,1.0,25.9
56574,Gurwinder Singh Bhullar,False,0.4059490827214827,finishing allrounder,,,,9.0,7.408163265306122,,,,4.0,25.9
56576,Dhruv Mittal,False,0.4040990617871948,finishing allrounder,,,,3.0,7.6,,,,2.0,20.35
56585,Yuvraj Singh,False,0.395041599566775,finisher,,,,1.0,10.5,,,,1.0,21.9
56597,Vishwaranjan Tripathi,False,0.40272236963355973,finisher,,,,1.0,13.263157894736842,,,,3.0,24.9
56606,Manraj Singh Dhillon,False,0.41181786065856735,finishing allrounder,,,,6.0,7.2615384615384615,,,,11.0,25.9
56629,Ayush Pillai,False,0.398595971779054,finisher,,,,0.0,6.333333333333333,,,,5.0,25.9
56636,Gaurav Chaturvedi,False,0.3800679031731144,finishing allrounder,,,,6.0,7.294117647058823,,,,6.0,25.9
56667,Parveen Yadav,False,0.41966164669399736,finishing allrounder,,,,10.0,7.472727272727273,,,,5.0,33.96
56695,Aman Ahuja,False,0.4085547163733778,finishing allrounder,,,,6.0,7.902439024390244,,,,6.0,23.63
56707,Maria Ajay M,False,0.4041391737329424,finishing allrounder,,,,1.0,9.0,,,,2.0,21.23
56723,Rahul Rajeev,False,0.4050915968124269,finishing allrounder,,,,4.0,10.32,,,,4.0,21.07
56831,Akash Rajawat,False,0.3972461167222508,finisher,,,,0.0,9.5,,,,1.0,25.9
57058,Akash Gaddipathi,False,0.4012126490032053,finishing allrounder,,,,2.0,4.5,,,,1.0,19.72
57060,T Sai Prakash,False,0.3985578778820162,finisher,,,,0.0,7.0,,,,1.0,19.67
57074,Ch Surendra Krishna,False,0.40634862238998926,finisher,,,,0.0,13.5,,,,1.0,29.01
57079,V Vittal Kumar,False,0.3946953573557795,finisher,,,,0.0,17.142857142857142,,,,1.0,22.15
57083,T Bharath,False,0.3799062399590563,finishing allrounder,,,,3.0,13.789473684210526,,,,4.0,24.87
57091,Arpan Walia,False,0.3970803565708308,finisher,,,,0.0,10.0,,,,1.0,20.41
57370,Bailapudi Yeswanth,False,0.4138013029845686,finishing allrounder,,,,12.0,6.980609418282548,,,,15.0,20.69
57436,Ashutosh Das,False,0.3815786474131386,finishing allrounder,,,,8.0,9.952941176470588,,,,7.0,24.77
57460,Sovan Swain,False,0.40214830865509943,finishing allrounder,,,,2.0,6.0,,,,4.0,
57464,Suman Das,False,0.40054562060934606,finishing allrounder,,,,1.0,7.116279069767442,,,,2.0,
57750,Aman Bharti,False,0.4084397561868042,finishing allrounder,,,,13.0,8.055776892430279,,,,14.0,
57921,Mude Shivaji Naik,False,0.4032335851072333,finishing allrounder,,,,2.0,9.454545454545455,,,,2.0,26.44
57993,Daman Deep,False,0.404083689191932,finishing allrounder,,,,5.0,9.767441860465116,,,,8.0,22.4
57998,Smayan Srivastava,False,0.40108856459510206,finishing allrounder,,,,2.0,5.76,,,,2.0,22.31
5801,Rohan Raju,False,0.38512846595106326,finishing allrounder,,,,1.0,6.666666666666667,,,,1.0,29.42
58156,Ansh Choudhary,False,0.39001207129594767,finisher,,,,0.0,20.0,,,,2.0,
58174,Yatharth Singh,False,0.38679243622390913,finisher,,,,0.0,12.0,,,,1.0,
58175,Siddhartha Solanki,False,0.40818349618682653,finishing allrounder,,,,14.0,9.695652173913043,,,,7.0,
58186,Ankit Bhadana,False,0.39875628398191915,finishing allrounder,,,,2.0,12.25,,,,1.0,
58191,Yash Bhardawaj,False,0.3923256158586772,finishing allrounder,,,,3.0,9.11111111111111,,,,2.0,
58242,Anirudh Choudhary,False,0.4182237859441875,finishing allrounder,,,,24.0,8.890365448504983,,,,15.0,
58247,Parikshit Dhanak,False,0.4046923559471462,finishing allrounder,,,,1.0,10.25,,,,2.0,22.99
58274,Nabajit Narzary,False,0.3851482619478414,finishing allrounder,,,,1.0,3.7777777777777777,,,,1.0,49.53
58341,Akash A Katamble,False,0.4003081669636346,finisher,,,,1.0,11.076923076923077,,,,1.0,26.56
58528,Rohit Yadav,False,0.41086428798879526,finishing allrounder,,,,14.0,8.40552995391705,,,,14.0,
58640,Rajat Sanserwal,False,0.40846136559054264,finishing allrounder,,,,6.0,6.42,,,,5.0,24.96
58728,Navneet,False,0.3925748210926344,finisher,,,,2.0,8.0,,,,1.0,
58742,Prashant Yadav,False,0.3970946823634869,finishing allrounder,,,,2.0,5.454545454545454,,,,1.0,
58745,Aditya Singh,False,0.3871846613759945,finisher,,,,0.0,6.8,,,,1.0,
58864,Vishal Nishad,False,0.40808380798744515,finishing allrounder,,,,12.0,7.682539682539683,,,,9.0,
58924,Dev Kashyap,False,0.3992054158751584,finishing allrounder,,,,0.0,13.555555555555555,,,,2.0,25.9
59069,Safiqul Islam,False,0.4059978670938211,finishing allrounder,,,,2.0,5.014925373134329,,,,5.0,18.21
59073,Jugal Krishna Nath,False,0.39568210064548803,finisher,,,,0.0,9.0,,,,1.0,19.92
59075,Nischay Kumar,False,0.39568210064548803,finisher,,,,0.0,8.571428571428571,,,,2.0,21.26
59101,Saurabh Singh,False,0.40126879353006584,finisher,,,,0.0,1.8461538461538463,,,,1.0,27.98
59270,Biswajyoti Patowary,False,0.39604947280294034,finisher,,,,0.0,9.666666666666666,,,,2.0,25.78
59278,Yogesh Singh,False,0.4037980662844457,finishing allrounder,,,,1.0,10.133333333333333,,,,2.0,
59310,Naveen Kumar Singh,True,0.46070296123839044,finishing allrounder,,,,15.0,7.506607929515418,,,,10.0,29.75
59314,Rahul Negi,True,0.4432961746416062,finishing allrounder,,,,5.0,10.0,,,,5.0,18.73
59331,Tejender Singh,True,0.45155080693709315,finishing allrounder,,,,1.0,10.40625,,,,6.0,31.12
59338,Rohit Dangwal,True,0.4547740538931556,finishing allrounder,,,,1.0,9.731707317073171,,,,5.0,29.66
59345,Aditya Rawat,True,0.4424634170038677,finishing allrounder,,,,3.0,8.7,,,,2.0,18.31
5950,Vineet Sinha,False,0.44891435493405685,finishing allrounder,,,,13.0,7.469387755102041,,,,4.0,41.3
5951,Pradeep Dadhe,False,0.4723523625944898,finishing allrounder,,,,30.0,6.488222698072805,,,,24.0,31.2
59592,Shreyas Ghadge,False,0.3860092269088113,finisher,,,,0.0,14.4,,,,3.0,24.05
5964,Amulaya Pandrekar,False,0.4393577069284121,finishing allrounder,,,,1.0,4.75,,,,2.0,29.66
59655,Shubham Bisht,False,0.380068568870703,finishing allrounder,,,,2.0,7.0,,,,4.0,23.34
59851,Vaibhav Gosavi,False,0.4011208182998731,finishing allrounder,,,,5.0,8.464285714285714,,,,4.0,
6036,Tejas Baroka,False,0.3967018668118968,finishing allrounder,,,,13.0,5.867256637168142,,,,11.0,29.82
6048,Ishan Porel,True,0.574548499002891,finishing allrounder,,,,23.0,6.878873239436619,,,,18.0,27.23
60797,Gajendra Singh,False,0.3798343105543136,finishing allrounder,,,,6.0,5.127272727272727,,,,2.0,25.9
62459,Esakkimuthu A,False,0.3837329554463827,finishing allrounder,,,,17.0,6.494845360824742,,,,7.0,23.79
62859,Anupam Phukan,False,0.38412227862609855,finisher,,,,0.0,13.0,,,,1.0,39.14
62864,Peris Boruah,False,0.3855806764330984,finishing allrounder,,,,3.0,5.225806451612903,,,,3.0,31.17
62869,Tana James Tara,False,0.3799042438756179,finishing allrounder,,,,6.0,7.434782608695652,,,,3.0,17.98
62872,Priyangsu Kole,False,0.37889846278998235,finishing allrounder,,,,1.0,8.545454545454545,,,,2.0,24.75
63063,Karthik Sandil,False,0.3776017615681425,finisher,,,,0.0,11.538461538461538,,,,1.0,25.81
63090,Arya Durugkar,False,0.3827409023278814,finishing allrounder,,,,6.0,8.31578947368421,,,,5.0,19.01
6346,Pankaj Rao,False,0.4379700416122971,finisher,,,,0.0,6.0,,,,1.0,36.1
6350,Matthew Kuhnemann,True,0.3873486555659758,finishing allrounder,,,,0.0,7.945945945945946,,,,4.0,29.18
63504,Surya Anand S,False,0.38239263941164015,finishing allrounder,,,,6.0,9.51063829787234,,,,6.0,23.6
63566,Avinash,True,0.3779422848127195,finisher,,,,0.0,13.0,,,,1.0,
63585,Psn Raju,False,0.3804938664190209,finishing allrounder,,,,7.0,8.30232558139535,,,,4.0,
63668,Sasi Sasi,False,0.380643346170255,finishing allrounder,,,,2.0,8.76,,,,3.0,
6368,Rahul Singh,True,0.5175270149771186,finishing allrounder,,,,5.0,7.2110091743119265,,,,5.0,28.29
63681,Pradyumn Sanan,False,0.38403375602759804,finishing allrounder,,,,16.0,7.863013698630137,,,,11.0,
63719,Chirag Modak,False,0.37955338938113187,finishing allrounder,,,,4.0,5.666666666666667,,,,2.0,18.46
6372,Siddharth Desai,False,0.38157587550359295,finishing allrounder,,,,3.0,6.6875,,,,6.0,25.28
63728,Aryan Puranik,False,0.3791980857279546,finishing allrounder,,,,0.0,5.769230769230769,,,,1.0,22.35
63733,Noor Alam Khan,False,0.37734345716636086,finisher,,,,1.0,3.75,,,,1.0,22.8
63734,Jalil Khan,False,0.38522788919084094,finisher,,,,0.0,10.285714285714286,,,,1.0,41.73
63746,Shubham Rajbhar,False,0.37769353346385004,finisher,,,,0.0,6.0,,,,1.0,19.11
63752,Deepu Gupta,False,0.3848217734776027,finisher,,,,0.0,12.0,,,,1.0,31.56
63786,Aditya Giri,False,0.37912312123439607,finishing allrounder,,,,2.0,8.64,,,,1.0,
63805,Sachin Gupta,False,0.37782242336398597,finisher,,,,2.0,6.0,,,,1.0,
63810,Krutik Hangawadi,False,0.37943387110619475,finishing allrounder,,,,0.0,8.4,,,,1.0,
63811,Pratik Mishra,False,0.3808046162908195,finishing allrounder,,,,12.0,8.482758620689655,,,,4.0,
64056,Abhay Chhetri,True,0.38285047049736426,finishing allrounder,,,,11.0,5.68,,,,7.0,24.1
6417,Minad Manjrekar,False,0.43724093151418286,finishing allrounder,,,,9.0,8.970297029702971,,,,6.0,29.14
6449,Wafadar Momand,False,0.429867286349522,finishing allrounder,,,,0.0,10.941176470588236,,,,2.0,26.14
6480,Qazi Onik Islam,False,0.4328800863969951,finisher,,,,1.0,11.0,,,,1.0,26.69
65309,Aman Sahu,False,0.37919112405552996,finishing allrounder,,,,0.0,11.0,,,,2.0,
65310,Lubhansh Singh,False,0.37899747964037384,finishing allrounder,,,,2.0,6.681818181818182,,,,2.0,
65326,Shubham Mahurkar,False,0.3788168427153453,finisher,,,,0.0,11.0,,,,1.0,
65330,Harsh Kumar,False,0.3786900171630199,finisher,,,,0.0,8.5,,,,1.0,22.03
65334,Narayan Sahu,False,0.3796619160176242,finishing allrounder,,,,3.0,6.0,,,,2.0,
65335,Mohammad Ishhak Khan,False,0.37691546366447576,finisher,,,,1.0,5.538461538461538,,,,1.0,
65337,Anutosh Pandey,False,0.37938651938050294,finisher,,,,0.0,10.153846153846153,,,,1.0,
65350,Aayush Dwivedi,False,0.3810573263929596,finishing allrounder,,,,1.0,10.0,,,,4.0,
65369,Rishabh Bhuarya,False,0.37943387110619475,finishing allrounder,,,,0.0,10.08,,,,1.0,
65372,Chinmay Vishwakarma,False,0.38003481445590614,finishing allrounder,,,,1.0,6.976744186046512,,,,3.0,
65390,Praveen Kumar Yadav,False,0.3829166523031175,finishing allrounder,,,,16.0,6.548076923076923,,,,9.0,
65392,Md. Shahnawaz Hussain,False,0.3772286220082694,finisher,,,,1.0,11.0,,,,1.0,
65416,Durgesh Sonwani,False,0.38064059078988083,finishing allrounder,,,,2.0,9.633802816901408,,,,4.0,
65424,Aayush Sinha,False,0.3788168427153453,finisher,,,,0.0,12.5,,,,1.0,
6551,Felix Alemao,True,0.5280240820352148,finishing allrounder,,,,12.0,9.454545454545455,,,,9.0,30.35
6552,Vijesh Prabhudessai,False,0.4407094368303393,finishing allrounder,,,,3.0,5.25,,,,1.0,28.76
66178,Sreehari Nair,False,0.3798971523567152,finishing allrounder,,,,3.0,10.54054054054054,,,,2.0,23.1
66490,Bharat Sudam Patil,False,0.38035701525383303,finishing allrounder,,,,2.0,9.333333333333334,,,,2.0,
66498,Muzzamil Kadri,False,0.37931945082459045,finishing allrounder,,,,3.0,6.084507042253521,,,,3.0,
66499,Pravesh Pal,False,0.38029218596903475,finishing allrounder,,,,4.0,7.222222222222222,,,,3.0,
6650,Mohammad Sultan,False,0.3834825835137828,finishing allrounder,,,,2.0,4.285714285714286,,,,1.0,26.95
66507,Prasoon Singh,False,0.38001278346552764,finishing allrounder,,,,3.0,6.75,,,,2.0,
66513,Omkar Tarmale,False,0.37943387110619475,finishing allrounder,,,,0.0,8.5,,,,2.0,
66517,Rohan Ghag,False,0.37901817437349306,finishing allrounder,,,,3.0,5.23943661971831,,,,4.0,
66943,Devansh Thakkar,False,0.37785537073419717,finisher,,,,0.0,3.0,,,,1.0,19.96
66944,Kaustubh Salve,False,0.3846963765183077,finishing allrounder,,,,8.0,7.367088607594937,,,,7.0,21.51
66953,Ananmay Jaiswal,False,0.38397878101970384,finishing allrounder,,,,8.0,8.473282442748092,,,,7.0,20.65
66958,Aditya Kukde,False,0.3808919032015782,finishing allrounder,,,,3.0,9.243243243243244,,,,3.0,21.84
66965,Parth Khure,False,0.3805576883337446,finishing allrounder,,,,2.0,9.0,,,,4.0,18.28
66966,Kunal Kungwani,False,0.3779353565445189,finisher,,,,1.0,11.538461538461538,,,,1.0,19.95
66974,Rishit Panchmatia,False,0.377882224383467,finishing allrounder,,,,2.0,11.75,,,,2.0,19.07
66989,Kreepal Barad,False,0.38185084475311093,finishing allrounder,,,,13.0,7.258741258741258,,,,7.0,
66992,Deepansh Chauhan,False,0.3794573238085752,finishing allrounder,,,,11.0,6.049586776859504,,,,6.0,
67003,Ruturaj Desai,False,0.37978342043159297,finishing allrounder,,,,11.0,5.586206896551724,,,,5.0,
67010,Price Bhalala,False,0.37988523131901286,finishing allrounder,,,,1.0,7.7368421052631575,,,,2.0,
67011,Nirmal Prajapati,False,0.3803682248249986,finishing allrounder,,,,4.0,7.714285714285714,,,,5.0,
67018,Kalp Jain,False,0.38064059078988083,finishing allrounder,,,,2.0,8.761904761904763,,,,5.0,
67071,Vaibhav Dhurgunde,False,0.3807078001614942,finishing allrounder,,,,8.0,7.731543624161074,,,,9.0,
6710,Akash Sudan,False,0.43941660858747333,finishing allrounder,,,,4.0,7.2272727272727275,,,,2.0,32.56
67138,Salman Idrish Khan,False,0.37828850721164264,finisher,,,,2.0,6.0,,,,1.0,
67139,Yash Nagesh Dube,False,0.3782435612638169,finisher,,,,0.0,12.0,,,,2.0,
67176,Denish Patel,False,0.38070865953437966,finishing allrounder,,,,8.0,7.615384615384615,,,,5.0,
67216,Keval Sisodiya,False,0.3875062254049995,finishing allrounder,,,,3.0,8.106382978723405,,,,8.0,30.12
67235,Rohit Rohit,False,0.3818318649529035,finishing allrounder,,,,10.0,6.163043478260869,,,,9.0,16.12
67236,Pradeep Kumar,False,0.38033659653298507,finishing allrounder,,,,10.0,5.458646616541353,,,,7.0,24.4
67241,Irshad Alam,False,0.37883377307132954,finisher,,,,0.0,7.0,,,,1.0,19.97
67273,Siddharth Kheni,False,0.3866106146050097,finishing allrounder,,,,6.0,7.975609756097561,,,,6.0,29.39
67277,Suryakant Tiwari,False,0.3794190689648687,finishing allrounder,,,,1.0,9.272727272727273,,,,2.0,
67282,Ankit Kumar,False,0.3796177809082247,finishing allrounder,,,,4.0,6.101694915254237,,,,6.0,
67436,Shyam Jhonjat,False,0.3780324178130975,finisher,,,,0.0,14.333333333333334,,,,4.0,22.27
67437,Saurabh Singh,False,0.3778098747806469,finisher,,,,3.0,6.0,,,,2.0,21.37
67448,Prasoon Jangid,False,0.38046898507861804,finishing allrounder,,,,6.0,6.9714285714285715,,,,11.0,24.27
67459,Sarang Bhatt,False,0.3863149433086233,finishing allrounder,,,,3.0,6.823529411764706,,,,3.0,27.59
67478,Saurabh Verma,False,0.3788630533743907,finishing allrounder,,,,5.0,7.404255319148936,,,,4.0,
67500,Arif Ansari,False,0.38216638450919954,finishing allrounder,,,,5.0,9.222222222222221,,,,8.0,23.63
67514,Alisha Rai,False,0.37825406353967006,finisher,,,,0.0,8.0,,,,1.0,21.5
67528,Hari Prasad Acharaya,False,0.3861677516872987,finishing allrounder,,,,5.0,5.931818181818182,,,,5.0,32.65
67620,Shivam Bhardwaj,False,0.3791881503103952,finishing allrounder,,,,2.0,13.75,,,,3.0,24.1
6764,Bukkapatnam Siddharth,False,0.4081152973962987,finisher,,,,0.0,13.0,,,,1.0,35.15
67644,Soumya Keshri,False,0.3787487405535455,finishing allrounder,,,,3.0,7.153846153846154,,,,1.0,
67989,Himanshu Sharma,False,0.38388325820796715,finishing allrounder,,,,18.0,6.096774193548387,,,,12.0,22.0
67990,Pratham Nagori,False,0.3804622137610595,finishing allrounder,,,,0.0,11.675675675675675,,,,4.0,22.88
68277,Sandeep Paswan,False,0.3810582296194572,finishing allrounder,,,,8.0,7.116279069767442,,,,5.0,18.4
68280,Satvik Deswal,False,0.38454994417092936,finishing allrounder,,,,14.0,5.60655737704918,,,,10.0,18.68
68285,Nakul Mehta,False,0.3848337094114862,finishing allrounder,,,,3.0,9.306122448979592,,,,3.0,27.09
68296,Ajay Ahlawat,False,0.3800718172498358,finishing allrounder,,,,3.0,10.5,,,,5.0,
68304,Gavnish Khurana,False,0.37867742140524685,finishing allrounder,,,,13.0,7.147826086956521,,,,8.0,
68307,Arun Pundir,False,0.381032661202249,finishing allrounder,,,,7.0,5.890909090909091,,,,6.0,
68311,Piyash Chhikara,False,0.38023183017052015,finishing allrounder,,,,0.0,9.6,,,,1.0,
68332,Navneet Kumar,False,0.37967474253932,finishing allrounder,,,,7.0,5.2,,,,4.0,
68347,Aman Choudhary,False,0.37901107146627816,finisher,,,,2.0,9.0,,,,1.0,
68363,Prince Mishra,False,0.3790834949387142,finisher,,,,0.0,11.5,,,,1.0,25.9
68368,Ashish Chaurasiya,False,0.37768408745661936,finisher,,,,0.0,21.0,,,,1.0,
68562,Nithin Shanthaveri Nagaraja,False,0.3807898141494935,finishing allrounder,,,,6.0,8.023255813953488,,,,5.0,
68566,Maribasava Chandrashekhar Gowda,False,0.3774131743212091,finishing allrounder,,,,2.0,7.75,,,,1.0,
68570,Kb Ram Durgesh Naidu,False,0.3775063311893696,finisher,,,,0.0,12.0,,,,1.0,
68572,Challarapu Siva,False,0.3827029393169265,finishing allrounder,,,,7.0,9.692307692307692,,,,5.0,
68573,Patnala Bhuvaneswar Rao,False,0.37883370707642866,finishing allrounder,,,,3.0,12.620689655172415,,,,2.0,
6859,Khizer Dafedar,False,0.38365571625089845,finisher,,,,0.0,9.0,,,,1.0,28.13
68590,Makki Toshith Yadav,False,0.3821456907456296,finishing allrounder,,,,8.0,8.548672566371682,,,,8.0,
68591,Gds Suresh Kumar,False,0.3800254463426283,finishing allrounder,,,,1.0,7.741935483870968,,,,3.0,
68892,Dev Rishit,False,0.3791920587748889,finisher,,,,0.0,11.0,,,,2.0,16.31
68893,Puneet Chahal,False,0.38356280481890104,finisher,,,,0.0,14.571428571428571,,,,1.0,30.03
69153,Prabhjot Singh,False,0.37916193191410463,finishing allrounder,,,,1.0,7.285714285714286,,,,1.0,23.78
6926,Matty Potts,False,0.3822756140376712,finishing allrounder,,,,2.0,7.090909090909091,,,,1.0,27.08
69312,Santosh Hatti,False,0.3797883947158893,finishing allrounder,,,,1.0,7.65,,,,2.0,21.99
69399,Sanjay Kumar,False,0.38002449113737563,finishing allrounder,,,,2.0,11.590909090909092,,,,2.0,24.92
69401,Vaibhav Sharma A,False,0.3769569676055435,finisher,,,,0.0,12.8,,,,3.0,19.05
69402,S Punith,False,0.38414860796352157,finisher,,,,0.0,16.0,,,,1.0,27.17
69458,P Venkata Siva Adithya Reddy,False,0.3796868118083687,finishing allrounder,,,,2.0,11.333333333333334,,,,2.0,20.14
69697,Yashjeet Yashjeet,False,0.37973250356412563,finishing allrounder,,,,4.0,3.75,,,,2.0,25.21
69801,Anmol Mathur,False,0.3854863236307448,finisher,,,,0.0,9.5,,,,1.0,31.08
69806,Mohammad Salman,False,0.3778341401119598,finisher,,,,0.0,10.666666666666666,,,,1.0,17.72
69807,Teerath Singh,False,0.38358895753828437,finishing allrounder,,,,12.0,8.013157894736842,,,,7.0,22.93
69813,Mohd Shibli,False,0.37933999535524776,finishing allrounder,,,,3.0,9.428571428571429,,,,1.0,
69815,Ankur Sharma,False,0.37726665385529096,finisher,,,,2.0,6.947368421052632,,,,1.0,
69821,Jagjeet Singh,False,0.38571763149427524,finisher,,,,0.0,6.0,,,,2.0,35.9
69832,Ashish Yadav,False,0.37844857309153856,finisher,,,,0.0,9.0,,,,1.0,
69838,Tana Tagam,False,0.3788685912365998,finishing allrounder,,,,2.0,4.5,,,,8.0,
69839,Loli Yangfo,False,0.3796835321148205,finishing allrounder,,,,14.0,6.313432835820896,,,,9.0,
69840,Amit Sharma,False,0.37901817437349306,finishing allrounder,,,,2.0,5.714285714285714,,,,3.0,
69842,Shravan Kumar,False,0.3801656565003636,finishing allrounder,,,,1.0,7.875,,,,2.0,
69843,Toti Tasing,False,0.37903297651481915,finishing allrounder,,,,5.0,4.565217391304348,,,,8.0,
69849,Penjor Mangal,False,0.3853979451882803,finishing allrounder,,,,1.0,6.521739130434782,,,,3.0,32.68
69860,Gollo Aga,False,0.37828850721164264,finisher,,,,3.0,4.7368421052631575,,,,2.0,
69861,Nabam India,False,0.3818145733768265,finishing allrounder,,,,5.0,8.7,,,,7.0,
69883,Likha Tayum,False,0.37894451318335987,finishing allrounder,,,,4.0,7.2,,,,2.0,22.06
69889,Mohot Singh Tanwar,False,0.38272900283991895,finisher,,,,0.0,4.333333333333333,,,,1.0,27.07
69893,Rohit Ram,False,0.37691546366447576,finisher,,,,1.0,2.142857142857143,,,,1.0,
69906,Gaurav Chaudhary,False,0.3833508991963725,finisher,,,,0.0,5.2,,,,1.0,27.2
69911,Shiva Kumar,False,0.3779280158629067,finisher,,,,0.0,13.0,,,,1.0,19.38
69912,Shohrad Khan,False,0.37891331387756283,finishing allrounder,,,,0.0,11.75,,,,2.0,18.96
69914,Tana Tara,False,0.3820774094661657,finishing allrounder,,,,7.0,6.285714285714286,,,,6.0,17.98
69917,Darge Bagra,False,0.38023343674276466,finishing allrounder,,,,8.0,4.033613445378151,,,,6.0,24.66
70047,Nabam Remon,False,0.37742737723231207,finisher,,,,0.0,4.8,,,,1.0,
70071,Devrath Jha,False,0.3782350875088637,finisher,,,,2.0,7.125,,,,1.0,
70072,Manoj Dhuriya,False,0.37828710423036843,finisher,,,,2.0,9.157894736842104,,,,1.0,22.26
70104,Angad Anand,False,0.3785430369014619,finisher,,,,1.0,6.333333333333333,,,,3.0,
70123,Gepal Taipodia,False,0.37762425507700337,finisher,,,,0.0,32.0,,,,2.0,22.73
70125,Pawan Sharma,False,0.3784126752469682,finishing allrounder,,,,0.0,4.714285714285714,,,,1.0,
70149,Subham Priyadarshi,False,0.37781565252095795,finisher,,,,1.0,8.0,,,,2.0,
70174,Priya Ranjan Muduli,False,0.37776344253888944,finisher,,,,0.0,7.2,,,,1.0,
70178,Priyanshu Mohanty,False,0.37815765833156006,finisher,,,,2.0,12.0,,,,3.0,23.76
70190,Mehakjot Brar,False,0.3792872331495939,finishing allrounder,,,,2.0,4.8,,,,1.0,
70192,Raman Malinga,False,0.37910760035107677,finishing allrounder,,,,2.0,14.228571428571428,,,,2.0,24.9
70206,Rahul Uppal,False,0.37766956678794245,finisher,,,,0.0,7.846153846153846,,,,1.0,
70263,Goldy Malik,False,0.37778852310812305,finisher,,,,2.0,6.428571428571429,,,,1.0,19.91
70265,Rishabh Sharma,False,0.3818145733768265,finishing allrounder,,,,2.0,8.742857142857142,,,,4.0,
70271,Sangam Bajpai,True,0.379987226080307,finishing allrounder,,,,5.0,10.241379310344827,,,,7.0,
70277,Shahanshah Alam,False,0.3809816598624055,finishing allrounder,,,,2.0,13.304347826086957,,,,2.0,24.51
70278,Mohammad Suhail,False,0.37766956678794245,finisher,,,,0.0,6.8,,,,1.0,
70283,Arnav Bhardwaj,False,0.37832084066143734,finishing allrounder,,,,2.0,14.516129032258064,,,,3.0,
70288,Hardik Chaudhary,True,0.3783681090201781,finishing allrounder,,,,0.0,14.285714285714286,,,,1.0,
70300,Hardik Brahmbhatt,False,0.3770244642996606,finisher,,,,1.0,5.4,,,,1.0,
70301,Krish Sharma,False,0.37844857309153856,finisher,,,,0.0,9.3,,,,2.0,
70302,Yash Chaudhary,True,0.3775063311893696,finisher,,,,0.0,13.285714285714286,,,,1.0,
70309,Adi Khan,True,0.37774486572755983,finisher,,,,1.0,12.947368421052632,,,,1.0,
70311,Aryan Kapoor,True,0.3785921894337028,finishing allrounder,,,,3.0,6.2727272727272725,,,,3.0,
70326,Josef Behera,False,0.37743037124488316,finisher,,,,1.0,10.941176470588236,,,,1.0,
70329,Raaz Yadav,False,0.3803721958403104,finishing allrounder,,,,4.0,6.985074626865671,,,,4.0,
70343,Vikul Kousik,False,0.37829827528712445,finisher,,,,0.0,10.0,,,,1.0,25.9
70344,Aryan Garg,False,0.3772943925555471,finisher,,,,0.0,21.0,,,,1.0,
70373,Kishanveer Kishanveer,False,0.37844857309153856,finisher,,,,0.0,10.615384615384615,,,,1.0,
7107,Yatin Mangwani,False,0.4054351420279679,finishing allrounder,,,,4.0,7.862068965517241,,,,3.0,
72,Pankaj Singh,False,0.44356819181269747,finishing allrounder,,,,0.0,8.823529411764707,,,,2.0,40.56
7427,Lamabam Singh,False,0.4349954305563564,finishing allrounder,,,,4.0,6.571428571428571,,,,3.0,26.8
7444,SK Ismail,False,0.42659668816687707,finishing allrounder,,,,0.0,13.588235294117647,,,,2.0,23.59
7612,Dhanraj Sharma,False,0.4400562803624263,finishing allrounder,,,,0.0,9.0,,,,2.0,38.35
7767,Devaiah KS,False,0.4484075730145213,finishing allrounder,,,,2.0,10.54054054054054,,,,2.0,30.93
7778,Mansur Ali Khan Ludhi,False,0.4310424197226148,finisher,,,,2.0,7.333333333333333,,,,1.0,25.9
8084,Heramb Parab,False,0.4435412746683122,finishing allrounder,,,,0.0,10.5,,,,2.0,27.23
8100,Varun Choudhary,False,0.4550628427546875,finishing allrounder,,,,10.0,7.6438356164383565,,,,6.0,32.08
8215,Abhijeet Saket,False,0.449190409348902,finishing allrounder,,,,6.0,7.589743589743589,,,,5.0,30.32
8218,Shiraz Ahmed,False,0.4097227249972277,finishing allrounder,,,,0.0,8.808510638297872,,,,2.0,
8220,Chengkam Sangma,False,0.4382357385663627,finishing allrounder,,,,0.0,5.625,,,,3.0,31.13
8529,Prince Balwant Rai Singh,False,0.42769628035909646,finisher,,,,0.0,12.461538461538462,,,,3.0,26.56
8614,William ORourke,False,0.42755036824309195,finishing allrounder,,,,11.0,7.969230769230769,,,,8.0,24.31
8635,Shubham Kamal Sharma,True,0.5000800503615366,finishing allrounder,,,,1.0,10.32,,,,2.0,28.67
8743,Muhammad Shehzad,False,0.37737477752244436,finisher,,,,1.0,1.3846153846153846,,,,1.0,21.81
8763,Duan Jansen,True,0.530899616851271,finishing allrounder,,,,1.0,10.5,,,,1.0,25.57
15196,Vipin Singh,True,0.4985871442095257,finisher,,,,,,,,,2.0,32.1
174,Pinal Shah,True,0.49543518885568555,finisher,,,,,,,,,1.0,38.06
18328,Harjit Singh,False,0.3838351861841678,finisher,,,,,,,,,1.0,49.86
20306,Harsh Raj,False,0.4313502865393767,finisher,,,,,,,,,1.0,25.75
21069,Himanshu Singh,False,0.40568277701237326,finisher,,,,,,,,,3.0,28.18
25707,Binny Samual,False,0.3958966849441305,finisher,,,,,,,,,1.0,26.08
27276,Dhruv G Patel,False,0.38206197732873826,finisher,,,,,,,,,1.0,28.21
29195,Lalrinchhana,False,0.38459723643053545,finisher,,,,,,,,,1.0,38.91
31207,Saurish Chakraborty,False,0.4226192286169826,finisher,,,,,,,,,1.0,26.3
33680,Ahsan Bhatti,False,0.38365862149441987,top/middle,,,,,,,,,2.0,27.66
34979,Elligaram Sanketh,False,0.4213440232180017,finisher,,,,,,,,,2.0,26.14
35075,Jayram Reddy,True,0.49932624638520623,finisher,,,,,,,,,1.0,32.59
38630,Ayaz Khan,False,0.4032028853926803,finisher,,,,,,,,,3.0,
38633,Jitendra Paliwal,False,0.4246384921135198,finisher,,,,,,,,,1.0,25.9
38656,Pranav Kela,False,0.38362438577651625,finisher,,,,,,,,,1.0,27.98
39169,Hrishikesh Chavan,False,0.3779670200439938,finisher,,,,,,,,,2.0,19.22
39428,Nipumoni Kumar,False,0.42219599452065454,finisher,,,,,,,,,1.0,25.07
39489,Swapnil Pradhan,False,0.42219599452065454,finisher,,,,,,,,,1.0,25.9
39492,Shivaji Yadav,True,0.5030794563967702,finisher,,,,,,,,,2.0,49.22
39498,Deeve Mody,False,0.42219599452065454,finisher,,,,,,,,,2.0,25.9
39500,Ganesh Masurkar,False,0.4246384921135198,finisher,,,,,,,,,1.0,25.9
39555,Lovekesh Bansal,True,0.47661889164301385,finisher,,,,,,,,,1.0,30.28
39560,Sanket Shivdatta Bhaye,True,0.499957172743313,finisher,,,,,,,,,1.0,39.76
39561,Ausaf Chunawala,True,0.495388734015522,finisher,,,,,,,,,1.0,25.9
40247,Advaith Asramam,False,0.37698642124052767,finisher,,,,,,,,,1.0,19.82
43307,Aayush Chamola,False,0.4212683630915483,finisher,,,,,,,,,1.0,26.46
43938,Yashpawanjot Singh,False,0.42035643994640254,finisher,,,,,,,,,1.0,22.6
44481,Tanishq Ahuja,False,0.4079014835189321,finisher,,,,,,,,,1.0,20.74
44824,Chaitanya Sharma,False,0.3782227330652879,finisher,,,,,,,,,1.0,24.15
46147,Brijendra Tripathi,False,0.4211113793389905,finisher,,,,,,,,,1.0,22.08
47781,Kinara Rai,False,0.42219599452065454,finisher,,,,,,,,,2.0,25.85
47784,Sepichem Chemdongse Jingru,False,0.4282050012434266,finisher,,,,,,,,,1.0,27.08
48126,Krishna Yadav,False,0.4295337206131133,finisher,,,,,,,,,1.0,24.22
4968,Shafiul Hayet,False,0.4435691805973883,finisher,,,,,,,,,1.0,28.01
50195,Dhruv Reddy,False,0.3947175124119386,finisher,,,,,,,,,1.0,21.48
5042,Aditya Shrivastav,False,0.4395706573573001,finisher,,,,,,,,,2.0,32.19
52105,Atharva Dikholkar,False,0.37923106295597586,finisher,,,,,,,,,2.0,17.3
52350,Avneesh Agarwal,False,0.3758582079642573,finisher,,,,,,,,,2.0,18.08
52352,Abhishek Kumar,False,0.37658463911650913,finisher,,,,,,,,,4.0,22.74
52354,Abisekh Shah Kumar,False,0.37869345119624553,finisher,,,,,,,,,6.0,23.11
52388,Karan Ganesh,False,0.3758582079642573,finisher,,,,,,,,,1.0,18.67
52448,Kshiteez Luitel,False,0.3759172307478209,top/middle,,,,,,,,,1.0,23.55
52689,sujay thakur,False,0.38475480624965874,finisher,,,,,,,,,1.0,53.25
54838,Manjirul Hoqe,False,0.3977744096930757,finisher,,,,,,,,,1.0,20.9
54844,Shiba Sinha,True,0.42862587179547085,finisher,,,,,,,,,4.0,18.75
54868,Bhargab Banerjee,False,0.393702448278184,finisher,,,,,,,,,1.0,19.08
54885,Altaf Ali,False,0.393702448278184,finisher,,,,,,,,,2.0,18.97
55412,Rahib Lal P,False,0.404976146002126,finisher,,,,,,,,,1.0,30.02
55436,Abdul Nazeer,False,0.39445838671404787,finisher,,,,,,,,,1.0,25.35
55453,Hari Krishnan S,False,0.393702448278184,finisher,,,,,,,,,2.0,18.9
55455,Ansar Ka,False,0.40572224664071543,finisher,,,,,,,,,1.0,37.23
55752,Ashik Muhammed,False,0.39445838671404787,finisher,,,,,,,,,1.0,25.9
56570,Udaibir Buttar,False,0.393702448278184,finisher,,,,,,,,,1.0,21.9
56580,Manpreet Sandhu,False,0.3778966364422701,finisher,,,,,,,,,1.0,22.97
56614,Kumar Ishaan,False,0.385991118074419,finisher,,,,,,,,,2.0,34.86
56832,Vikas Sharma,False,0.38406992876596774,finisher,,,,,,,,,2.0,24.57
5749,Shahid Wasif,False,0.38456233206548057,finisher,,,,,,,,,1.0,28.53
58231,Krishnakumar TV,False,0.39213890450154537,finisher,,,,,,,,,1.0,3.58
58397,Sagar Khatri,False,0.3916913538166104,finisher,,,,,,,,,1.0,
59061,R Akshay,False,0.40382764246956204,finisher,,,,,,,,,1.0,27.51
59281,Kunal Upadhyay,False,0.39630873057644606,finisher,,,,,,,,,1.0,26.58
59303,Krishna Garg,True,0.4281857215400569,finisher,,,,,,,,,1.0,19.06
59316,Abhishek Roshan,True,0.419559703925035,finisher,,,,,,,,,1.0,24.5
59342,Harsh Singh,False,0.39393615566049456,finisher,,,,,,,,,1.0,20.8
60659,Shivendra Bhujbal,False,0.3761384553646778,finisher,,,,,,,,,1.0,
61069,Ankit Singh,False,0.37580252345099907,opener,,,,,,,,,1.0,23.96
62917,Ankit Choudhary,False,0.3761139209855514,finisher,,,,,,,,,2.0,19.51
63571,Vedant Gadia,False,0.3777008638124558,finisher,,,,,,,,,1.0,
63714,Tushar Bathe,False,0.37948677597727,finisher,,,,,,,,,1.0,20.1
63744,Chaitanya Patil,False,0.3778309911893924,finisher,,,,,,,,,2.0,25.9
63753,Rushikesh Bhoir,False,0.3778513464673081,finisher,,,,,,,,,1.0,18.02
6378,Mehjoor Sofi,False,0.436808557768317,finisher,,,,,,,,,1.0,34.62
63785,Aryaraj Nikan,False,0.3777008638124558,finisher,,,,,,,,,1.0,
65305,Atul Soni,False,0.37559205173271937,finisher,,,,,,,,,1.0,
65361,Karan Khadiya,False,0.37559205173271937,finisher,,,,,,,,,1.0,
65396,Rishbah Sharma,False,0.3789649067244379,finisher,,,,,,,,,1.0,
6590,Rajashekhar Harikant,False,0.4266203413056657,finisher,,,,,,,,,1.0,35.15
66482,Atharv Wanve,False,0.3789812450871111,top/middle,,,,,,,,,1.0,
66942,Iknoor Singh,False,0.37923106295597586,finisher,,,,,,,,,1.0,18.98
66957,Himanshu Kawale,False,0.3789049663329581,finisher,,,,,,,,,1.0,17.92
66972,Malhar Shirkey,False,0.3780304606503019,finisher,,,,,,,,,1.0,20.34
67168,MD Masoom Kaif,False,0.3752659551097016,finisher,,,,,,,,,1.0,
67197,Vaibhav Bambhania,False,0.37869345119624553,finisher,,,,,,,,,3.0,24.41
67278,Krishna Taunk,False,0.3752659551097016,finisher,,,,,,,,,2.0,
67442,Yash Patel,False,0.3761139209855514,finisher,,,,,,,,,1.0,22.21
68314,Parikshit Singh Bhati,False,0.3789649067244379,finisher,,,,,,,,,1.0,
68317,Samyak Jain,False,0.3772808914384911,finisher,,,,,,,,,2.0,
68318,Noor Ilahi,False,0.3777008638124558,finisher,,,,,,,,,1.0,
6851,Nikhil Patil,True,0.5055219539896355,finisher,,,,,,,,,1.0,36.0
68577,Kss Jayanth,False,0.3777008638124558,finisher,,,,,,,,,1.0,
69833,Aryan Chaudhary,False,0.3779670200439938,finisher,,,,,,,,,1.0,16.9
69834,Bamang Chungya,False,0.377374767189438,finisher,,,,,,,,,1.0,
69866,Kabak Yoki,False,0.37817158194341344,finisher,,,,,,,,,4.0,
69921,Nitin Saini,False,0.3779670200439938,finisher,,,,,,,,,2.0,18.38
70164,Surya Mohapatra,False,0.3777008638124558,finisher,,,,,,,,,1.0,
70200,Happy Kulvir,False,0.3835057883610474,opener,,,,,,,,,1.0,29.06
70201,Jaggi Jaggi,False,0.3784988228767812,finisher,,,,,,,,,1.0,
70207,Apram Virk,False,0.3789649067244379,finisher,,,,,,,,,1.0,
70208,Harjot Singh Dhawan,False,0.3841685796246191,top/middle,,,,,,,,,1.0,31.03
70269,Tushar Kumar,False,0.3777008638124558,finisher,,,,,,,,,1.0,
70354,Kshitiz Negi,True,0.3777008638124558,finisher,,,,,,,,,1.0,
8638,Basil Hameed,True,0.44112419610508113,finisher,,,,,,,,,2.0,33.62
