player_id,player_name,career_is_capped,cap_prob_calibrated,cap_prob_calibrated_age,career_role_guess,career_batting_runs,career_bat_avg,career_bat_sr,career_bowling_wickets,career_bow_econ,venue_fit_score,runs_slope,wk_slope,career_matches_played,career_age_years
1018,Pavan Deshpande,FALSE,0.625,0.4375,top/middle,505,,111.23348017621146,2,5.571428571428571,1.127123513512922,35.499999999999964,,21,36.19
1028,Varun Aaron,FALSE,0.2,0.13999999999999999,finishing allrounder,9,,112.5,5,7.253731343283582,112.5,,4.999999999999998,7,36.08
1030,Harshad Khadiwale,FALSE,0.097765363,0.068435754,opener,54,,101.88679245283019,,,101.88679245283019,,,4,37.1
1031,Chirag Pathak,FALSE,0.039421813,0.027595269,opener,41,,89.13043478,,,89.13043478,,,2,38.81
1033,Paras Dogra,TRUE,0.625,0.4375,top/middle,93,,138.80597014925374,,,1.5505509460808125,-37.5,,5,41.02
1039,Mandeep Singh,TRUE,1,0.85,top/middle,952,,141.66666666666666,1,8.074074074074074,2.4334962278136434,114.99999999999999,,41,33.94
1040,Harpreet Singh,TRUE,1,0.85,top/middle,669,,129.40038684719536,,,2.576659523387728,72.1,,23,34.29
1045,David Wiese,FALSE,0.21153846153846154,0.14807692307692308,finisher,21,,190.9090909090909,0,12.666666666666666,1.2543246692148966,,,3,40.53
1063,Colin Ingram,FALSE,0.22535211267605634,0.15774647887323942,top/middle,333,,133.2,,,5.079503836436582,,,9,40.4
107,Mohammad Hafeez,FALSE,0.2,0.13999999999999999,finishing allrounder,96,,126.3157894736842,5,6.2727272727272725,1.6911315197316654,,,11,45.11
1071,Jaydev Unadkat,TRUE,1,0.85,finishing allrounder,261,,120.27649769585254,69,7.592592592592593,1.192994582,-20.6,0.6000000000000001,59,34.11
1077,David Miller,TRUE,1,0.7,finisher,1878,,137.98677443056576,,,2.0209547880114327,-41.9,,91,36.46
1082,Cameron Delport,FALSE,0.112,0.0784,top/middle,89,,141.26984126984127,,,2.684349178253275,,,4,36.54
1086,Amit Paunikar,TRUE,0.45901639344262296,0.32131147540983607,top/middle,45,,136.36363636363637,,,136.36363636363637,,,1,37.61
1089,Shafiul Islam,FALSE,0.098930481,0.069251337,finishing allrounder,3,,33.333333333333336,5,9.664122137404581,0.712566048,,1,7,36.14
109,Wriddhiman Saha,TRUE,1,0.7,opener,1100,,111.78861788617886,,,3.6447835296604407,38.999999999999986,,57,41.09
1100,Dinesh Chandimal,TRUE,0.625,0.4375,top/middle,187,,100.53763440860214,,,4.467067247823153,-21.19230769,,10,36.02
1104,Mohammad Shahzad,FALSE,0.112,0.0784,opener,127,,116.5137614678899,,,5.332772435007188,,,7,38.88
1107,Mohammad Nabi,TRUE,1,0.7,finishing allrounder,751,,125.37562604340567,37,7.280660377,1.9107842580736778,66.69999999999999,2.3000000000000003,56,40.9
1109,Samiullah Shinwari,FALSE,0.098930481,0.069251337,finishing allrounder,42,,84,6,7.230769230769231,2.4572969339372257,25.999999999999986,3.999999999999999,6,37.91
1113,Imrul Kayes,FALSE,0.38461538461538464,0.2692307692307692,top/middle,590,,114.78599221789884,,,9.429638945214348,-58.2,,34,38.81
1114,Sohrawordi Shuvo,FALSE,0.039421813,0.027595269,finisher,1,,100,0,15.428571428571429,100,,,2,37.02
1121,Jahurul Islam,FALSE,0.098930481,0.069251337,top/middle,58,,74.35897435897436,,,4.8451866357220466,,,6,38.96
1161,AJ Blake,FALSE,0.098930481,0.069251337,top/middle,53,,84.12698412698413,,,7.096560599426444,,,5,36.84
117,Ashok Dinda,FALSE,0.097765363,0.068435754,finishing allrounder,1,,50,5,9,50,,,2,41.67
1171,Chris Woakes,FALSE,0.48437499999999994,0.33906249999999993,finishing allrounder,67,,108.06451612903226,18,6.996389891696751,1.0252272941735399,-1,-1.5,16,36.74
1183,Alex Hales,FALSE,0.48437499999999994,0.33906249999999993,opener,518,,148,,,3.1746877274916945,-12.07142857,,17,36.9
1187,Jason Roy,TRUE,1,0.7,opener,819,,128.16901408450704,,,1.9245781457840294,-66.42857143,,31,35.35
1195,Ben Stokes,FALSE,0.21153846153846154,0.1798076923076923,batting allrounder,48,,100,1,8.461538461538462,1.704223780439993,7.499999999999995,-7.85E-17,6,34.48
1205,Jonny Bairstow,TRUE,1,0.7,top/middle,1348,,141.44805876180482,,,3.973384301865359,-56.5,,46,36.17
1210,James Vince,FALSE,0.112,0.0952,top/middle,124,,133.33333333333334,,,0.8546503227828552,-40.66666667,,6,34.7
1219,David Willey,TRUE,1,0.7,finishing allrounder,113,,100.89285714285714,22,7.061728395061729,1.061826409717106,9.499999999999995,-6.28E-16,23,35.74
126,Rohit Sharma,TRUE,1,0.7,opener,2636,,134.69596320899336,0,11.142857142857142,2.5855281246723187,-51.4,,101,38.58
1280,Bavanaka Sandeep,TRUE,0.625,0.53125,batting allrounder,106,,108.16326530612245,1,5.3478260869565215,27.119280869695533,,,4,33.59
1318,Andre Russell,TRUE,1,0.7,finishing allrounder,1832,,158.88985255854294,108,9.423049391553329,3.268057143094377,-18.4,-2.5,107,37.58
1327,Johnson Charles,TRUE,1,0.7,top/middle,893,,137.80864197530863,1,7.5,2.0880709824783823,-1.3,,34,36.87
137,Shreevats Goswami,TRUE,0.8904109589041096,0.6232876712328766,opener,148,,123.33333333333333,,,4.408565461265647,-118,,6,36.53
138,Bharat Chipli,FALSE,0.039421813,0.027595269,top/middle,1,,25,,,25,,,1,42.83
1389,Sean Abbott,TRUE,1,0.85,finishing allrounder,40,,105.26315789473684,27,8.657142857142857,1.2768105684609623,5.3999999999999995,1.2999999999999998,18,33.74
140,AB de Villiers,TRUE,0.8904109589041096,0.6232876712328766,top/middle,313,,145.58139534883722,,,2.6624558148713016,,,15,41.77
142,Shikhar Dhawan,TRUE,1,0.7,opener,1800,,123.03485987696514,,,7.809253460076079,-200.2,,54,39.98
143,Dinesh Karthik,TRUE,1,0.7,finisher,1554,,151.1673151750973,0,18,1.7230407744083225,-65.6,,95,40.49
1440,Rahul Tripathi,TRUE,1,0.85,top/middle,2323,,146.56151419558358,0,2.5714285714285716,3.5684789054579165,-4.2,,98,34.74
1465,Vishant More,FALSE,0.38461538461538464,0.3269230769230769,top/middle,385,,120.3125,,,2.513494483647951,-40.5,,29,34
147,Pradeep Sangwan,TRUE,0.8181818181818182,0.5727272727272728,finishing allrounder,2,,28.571428571428573,11,7.954285714285715,0.6783277711746619,-2,-3,9,35.06
1481,Kusal Perera,TRUE,1,0.7,top/middle,828,,125.26475037821483,,,3.5381394360608978,48.74285714285713,,32,35.28
1486,Doug Bracewell,FALSE,0.097765363,0.068435754,finishing allrounder,5,,71.42857142857143,0,7.153846153846154,71.42857142857143,,,2,35.16
1487,Adam Milne,TRUE,1,0.85,finishing allrounder,78,,91.76470588235294,34,8.532019704433498,1.8100644169884854,-2.6,3.3999999999999995,29,33.62
1497,Ronit More,FALSE,0.2,0.17,finishing allrounder,36,,94.73684210526316,23,7.581661891117479,8.950184512375902,-6.642857143,-3,18,33.82
1506,Nihal Ullal,FALSE,0.36,0.306,opener,740,,110.61285500747384,,,13.146481707446295,-52,,42,32.85
1512,Vasuki Koushik,FALSE,0.48437499999999994,0.41171874999999997,finishing allrounder,26,,81.25,42,7.166858457997699,0.8729160516189728,0.20000000000000004,1.2000000000000006,41,33.19
15162,Sandesh Drugwar,FALSE,0,0,top/middle,9,,52.94117647058823,,,52.94117647058823,,,4,24.57
1519,Zahoor Farooqi,FALSE,0.098930481,0.098930481,finishing allrounder,6,,120,2,8.790697674418604,120,,,5,27.11
15197,Ranjeet Darji,FALSE,0.039421813,0.039421813,finishing allrounder,9,,128.57142857142858,4,10.363636363636363,128.57142857142858,,,5,30.81
15198,Kushal Kakad,TRUE,0.625,0.625,finishing allrounder,60,,157.89473684210526,4,10.10958904109589,1.546917857026811,-14,0.9999999999999998,3,30.61
152,Ravindra Jadeja,TRUE,1,0.7,finishing allrounder,1325,,131.8407960199005,65,7.407265774378585,4.004229505183477,9.800000000000002,-0.9,81,36.97
15222,Sudip Kumar Gharami,TRUE,1,1,top/middle,692,,123.13167259786476,,,2.3942205307206845,65,,31,26.69
15228,Dhrushant Soni,FALSE,0.112,0.112,finishing allrounder,52,,162.5,7,7.430769230769231,0.7011950835885689,17.333333333333332,1.6666666666666665,7,30.13
15231,Ameya Soman,TRUE,0.36,0.252,top/middle,12,,150,,,150,,,1,35.3
1532,HS Sharath,FALSE,0.48437499999999994,0.41171874999999997,finishing allrounder,131,,139.36170212765958,27,8.149797570850202,3.3898512779664647,-23.5,-1.5,25,32.48
1541,Sean Williams,FALSE,0.039421813,0.027595269,finishing allrounder,21,,84,1,7.621621621621622,84,,,3,39.17
15551,Ackeem Auguste,FALSE,0.039421813,0.039421813,top/middle,91,,146.7741935483871,,,2.2891959763043315,,,6,22.21
1566,Mohammed Shami,TRUE,1,0.7,finishing allrounder,67,,103.07692307692308,90,7.714867617107943,1.8721156935583534,2.657142857142856,-3.1,64,35.23
1568,Kane Williamson,TRUE,1,0.7,top/middle,857,,108.07061790668348,,,3.0787757262457176,-71.07142857,,36,35.3
1570,Wahab Riaz,FALSE,0.112,0.0784,finishing allrounder,23,,135.2941176470588,15,5.856287425,2.2163780247627174,,,7,40.41
158,Amit Mishra,TRUE,0.9411764705882353,0.6588235294117647,finishing allrounder,25,,65.78947368421052,16,8.227272727272727,3.2095832437136997,18.99999999999999,-0.6,17,43.01
159,Manoj Tiwary,TRUE,0.8904109589041096,0.6232876712328766,batting allrounder,212,,110.41666666666667,3,7.653543307086614,110.41666666666667,3.153846153846155,0.23076923076923084,16,40.03
1596,Moeen Ali,TRUE,1,0.7,finishing allrounder,1843,,135.11730205278593,75,7.651127819548872,2.6175607750113916,-149.2,-2.6,109,38.44
1600,Benny Howell,FALSE,0.8181818181818182,0.5727272727272728,finishing allrounder,449,,138.58024691358025,16,6.9553398058252425,6.0355494328437596,11.000000000000007,3.499999999999999,23,37.14
1609,G Khera,TRUE,1,0.85,top/middle,664,,125.04708097928437,2,7.2631578947368425,3.5522883208229032,-152,,28,34.48
161,Dwayne Bravo,TRUE,1,0.7,finishing allrounder,264,,128.15533980582524,65,6.688421052631579,2.2700058297409895,-58.5,-15,45,42.14
1612,Yuzvendra Chahal,TRUE,1,0.7,finishing allrounder,16,,43.24324324324324,149,7.706070287539936,1.225972586703134,-4.5,-4.7,114,35.35
1617,Rishi Dhawan,TRUE,1,0.7,finishing allrounder,162,,117.3913043478261,23,7.533834586466165,1.7863505620077824,5.4999999999999964,-1.7,23,35.77
1621,Sumit Singh,FALSE,0.112,0.0784,finishing allrounder,28,,71.79487179,3,7.166666666666667,1.1691108513208905,,,4,38.21
1622,Amit Kumar,FALSE,0.039421813,0.027595269,opener,2,,22.22222222222222,2,8,22.22222222222222,,,3,36
16284,Habibur Rahman,TRUE,0.2,0.13999999999999999,top/middle,317,,133.19327731092437,,,2.5909899943473076,174.99999999999994,,16,35.12
1629,Suraj Yadav,FALSE,0.039421813,0.027595269,opener,110,,164.17910447761193,,,,,,5,38.09
1633,Chiranjeevi G,FALSE,0.22535211267605634,0.19154929577464788,finishing allrounder,172,,121.98581560283688,11,7.427184466019417,5.8199132222086964,-42.66666667,-3,12,33.44
164,Dhawal Kulkarni,TRUE,0.8904109589041096,0.6232876712328766,finishing allrounder,6,,54.54545454545455,9,7.5477031802120145,54.54545454545455,,2.9999999999999996,13,36.96
167,Ajinkya Rahane,TRUE,1,0.7,top/middle,1836,,140.4743687834736,,,3.875361385113195,138.40000000000003,,68,37.47
1679,Ankeet Chavan,TRUE,0.36,0.252,finishing allrounder,9,,90,1,4.775510204081633,90,,,2,40.08
1682,SS Mundhe,FALSE,0.36,0.252,finishing allrounder,284,,119.32773109243698,13,7.303448275862069,15.53527209104925,0.9999999999999999,0.7142857142857143,24,37.08
1684,Akshya Darekar,FALSE,0.097765363,0.068435754,finishing allrounder,4,,28.571428571428573,8,7.939849624,28.571428571428573,,,8,37.32
1685,A Mithun,FALSE,0.36,0.252,finishing allrounder,172,,131.29770992366412,7,6.5504587155963305,1.5054343289359944,167.99999999999994,4.999999999999998,12,36.09
169,Robin Uthappa,TRUE,1,0.7,top/middle,498,,135.69482288828337,,,2.1824783278765856,-38,,20,40.04
1699,Suryakumar Yadav,TRUE,1,0.7,top/middle,4840,,157.91190864600327,2,6.75,2.9316926161710684,63.400000000000006,-2,152,35.2
1701,Swapnil Singh,TRUE,1,0.85,finishing allrounder,406,,125.69659442724458,24,7.1179487179487175,3.072097192,10.199999999999998,0.19999999999999987,35,34.85
1704,Abhimanyu Chauhan,FALSE,0.058558559,0.040990991,batting allrounder,161,,121.05263157894737,4,8.260869565,11.443121316736608,-9,,10,39.16
1706,Parag Khanapurkar,TRUE,0.36,0.252,finishing allrounder,23,,62.16216216216216,0,7,3.237930818917344,1.4999999999999998,0,9,39.66
1711,Selvam Suresh Kumar,FALSE,0.112,0.0784,finisher,18,,66.66666666666667,0,8.5,1.9441745994387163,,,4,40.69
1712,M Raja,FALSE,0.098930481,0.069251337,finishing allrounder,8,,160,0,7.714285714285714,160,,,1,40.56
172,Shoaib Malik,FALSE,0.45901639344262296,0.32131147540983607,top/middle,392,,133.33333333333334,3,7.787234042553192,5.9258655371959605,-166,,17,43.82
1727,Ankit Sharma,TRUE,1,0.85,finishing allrounder,477,,117.77777777777777,24,6.174228675136116,4.918008825,60.29999999999999,0.5,24,34.6
1733,Priyank Panchal,FALSE,0.125,0.0875,opener,162,,137.28813559322035,,,5.070568468991879,-134,,6,35.63
175,RR Raje,TRUE,0.625,0.4375,finishing allrounder,99,,176.78571428571428,8,9.72972973,5.870672052,42.499999999999986,3.999999999999999,10,39.23
1758,Patrick Cummins,TRUE,1,0.85,finishing allrounder,452,,154.26621160409556,64,8.436893203883495,1.2840030527646782,7.400000000000001,1.5,53,32.55
176,Yogesh Takawale,FALSE,0.039421813,0.027595269,finisher,153,,111.67883211678833,,,111.67883211678833,,,8,41.06
1772,Sheldon Cottrell,TRUE,0.625,0.4375,finishing allrounder,1,,100,17,7.217910447761194,100,,-2,15,36.27
1776,Tanmay Mishra,FALSE,0.098930481,0.069251337,finisher,32,,123.07692307692308,,,4.895508611800998,,,3,38.93
17898,Bilal Sami,TRUE,0.097765363,0.097765363,finishing allrounder,0,,0,13,7.824324324324325,0,,-1,7,21.93
17909,Riaz Hassan,FALSE,0.039421813,0.039421813,finisher,9,,56.25,,,1.0058855909938687,,,5,23.05
17911,Nangeyalia Kharote,FALSE,0.039421813,0.039421813,finishing allrounder,15,,55.55555555555556,0,7.068493150684931,0.6908239055785356,14.999999999999995,0,4,24.59
17937,Zubaid Akbari,TRUE,0.112,0.112,opener,170,,122.3021582733813,0,6,3.784409948249004,-104,,7,25.57
18097,Aditya Singh,FALSE,0.039421813,0.039421813,opener,235,,188,1,19,188,,,4,27.09
1810,Devon Thomas,TRUE,0.45901639344262296,0.32131147540983607,top/middle,49,,98,,,1.4784156418757015,,,8,36.04
18108,Vivek Kumar,FALSE,0.112,0.112,finisher,23,,191.66666666666666,0,23,191.66666666666666,,,2,27.29
1812,Kedar Devdhar,FALSE,0.112,0.0784,opener,123,,124.24242424242425,,,124.24242424242425,,,3,35.95
18120,Vishal Singh,FALSE,0.039421813,0.039421813,finisher,1,,100,,,100,,,3,31.92
1813,Deepak Chahar,TRUE,1,0.85,finishing allrounder,137,,130.47619047619048,71,7.990140845070423,1.3961542480267104,3.1999999999999997,-0.4,67,33.3
18135,Vikash Vishal,FALSE,0.098930481,0.098930481,top/middle,25,,96.15384615384616,,,1.7846166271412685,-8.5,,2,26.8
1814,Ashok Menaria,FALSE,0.112,0.0784,top/middle,190,,119.49685534591195,0,10,6.094442122652815,-120,,8,35.08
18154,Bal Krishna,TRUE,0.36,0.36,finishing allrounder,4,,26.666666666666668,8,6.65,33.333333333333336,,-1,4,26.96
1816,Robin Bist,FALSE,0.039421813,0.027595269,finisher,67,,93.05555555555556,,,1.7010569782140508,,,5,38.07
18161,Bhanu Anand,FALSE,0.098930481,0.098930481,opener,826,,126.88172043010752,,,126.88172043010752,193.99999999999994,,24,
1817,Unmukt Chand,FALSE,0.098930481,0.084090909,top/middle,37,,75.51020408163265,,,1.9285918256102383,,,5,32.67
1827,Amit Yadav,TRUE,0.4,0.27999999999999997,finishing allrounder,9,,128.57142857142858,9,4.866666666666666,128.57142857142858,,,4,36.13
1828,Bhargav Bhatt,FALSE,0.112,0.0784,finishing allrounder,14,,200,8,6.812227074235808,240,-2.5,1.9999999999999996,15,35.54
1829,Shahbaz Nadeem,TRUE,0.8904109589041096,0.6232876712328766,finishing allrounder,27,,81.81818181818181,9,8.522292993630574,1.1304281547839212,0.4999999999999999,-1.5,8,36.29
183,Saurabh Tiwary,TRUE,0.8904109589041096,0.6232876712328766,top/middle,175,,104.16666666666667,,,4.089441656221848,-62.5,,9,35.91
1836,Shuvagoto Hom,FALSE,0.625,0.4375,finishing allrounder,441,,128.94736842105263,16,7.109826589595376,6.927195140566011,-6.5,1.9999999999999996,33,39.04
1842,Lewis Gregory,FALSE,0.097765363,0.083100559,finisher,10,,90.90909091,1,12.5,90.90909091,,,1,33.51
1860,Biplab Samantray,FALSE,0.22535211267605634,0.15774647887323942,batting allrounder,292,,139.71291866028707,21,7.414847161572053,1.761870821602195,39.38461538461539,9.999999999999996,12,36.95
1883,Anup Fulper,FALSE,0.098930481,0.069251337,finisher,38,,126.66666666666667,,,2.7696734778112044,-1,,3,42.07
1884,Ravi Jangid,FALSE,0.112,0.0784,finishing allrounder,21,,116.66666666666667,2,10.548387096774194,1.4685089149946102,-19,-2,6,38.48
1885,Himanshu Joshi,FALSE,0.112,0.0784,top/middle,50,,111.11111111111111,0,13.846153846153847,111.11111111111111,,,1,38.76
1886,Akshay Wakhare,FALSE,0.097765363,0.068435754,finishing allrounder,0,,0,1,6.795918367346939,0,,-1,5,40.15
189,Harbhajan Singh,TRUE,0.48437499999999994,0.33906249999999993,finishing allrounder,4,,100,0,8,100,,,3,45.4
1890,Kumar Deobrat,FALSE,0.098930481,0.084090909,top/middle,57,,101.78571428571429,,,12.064344823552508,6.4999999999999964,,3,33.09
1895,Avi Barot,FALSE,0.2,0.17,opener,264,,192.7007299270073,1,10.333333333333334,192.7007299270073,,,4,33.42
19012,Zeeshan Ali,TRUE,0.48437499999999994,0.33906249999999993,opener,144,,97.95918367346938,,,3.0024774477100142,15.214285714285712,,11,36.45
19020,Ateeq Iqbal,FALSE,0.039421813,0.033508541,finishing allrounder,3,,60,7,7.2993630573248405,1.9695553920533262,0.9999999999999998,-1,8,33.97
19062,Shaik Rafi,FALSE,0.039421813,0.039421813,finishing allrounder,6,,66.66666666666667,6,7.589743589743589,66.66666666666667,,,6,27.1
19072,Dharani Kumar,FALSE,0.039421813,0.039421813,top/middle,81,,100,0,11,100,-77,,9,24.11
19074,Gulfaam Saleh,FALSE,0.039421813,0.039421813,opener,32,,139.1304347826087,,,139.1304347826087,,,3,30.08
19083,Maheep Kumar,FALSE,0.039421813,0.039421813,top/middle,325,,118.18181818181819,,,118.18181818181819,200.99999999999997,,14,27.07
19086,K N Prudhvi Raj,FALSE,0.039421813,0.039421813,finisher,22,,64.70588235294117,,,64.70588235294117,,,6,26.21
19090,Gundluri Ashish Reddy,FALSE,0.027149321266968326,0.027149321266968326,finisher,3,,100,,,100,,,5,23.36
19093,K Sai Rahul,FALSE,0.097765363,0.097765363,batting allrounder,273,,152.51396648044692,4,8.916666666666666,152.51396648044692,46.999999999999986,-4,11,26.21
19096,Bodhala Vinay Kumar,FALSE,0.098930481,0.098930481,finishing allrounder,94,,144.6153846153846,15,7.5566750629722925,1.7046176299437215,-46,-3,19,26.99
19097,Andimani Teja,FALSE,0.039421813,0.039421813,finishing allrounder,1,,100,1,12,100,,-1,2,24.91
19098,Pyla Avinash,FALSE,0.112,0.112,top/middle,342,,133.0739299610895,,,1.7264329849939273,-88,,16,25.39
19103,Dhruva Kumar Reddy,FALSE,0.057692307692307696,0.057692307692307696,top/middle,231,,126.92307692307692,0,5.25,126.92307692307692,-61,,11,27.91
19108,B Varma,FALSE,0.097765363,0.097765363,finishing allrounder,134,,154.02298850574712,6,10.246153846153845,154.02298850574712,-26,1.9999999999999996,15,26.74
19111,Shaik Abbas,FALSE,0.039421813,0.039421813,finisher,107,,187.71929824561403,,,187.71929824561403,,,6,25.14
19112,Pinninti Tapaswi,FALSE,0.36,0.36,batting allrounder,292,,156.14973262032086,7,8.635135135135135,3.833424835210531,66.49999999999997,1.9999999999999993,14,29.29
19125,Ayush Shukla,TRUE,0.38461538461538464,0.38461538461538464,finishing allrounder,2,,25,6,9.038961039,1.3566555423493238,0,0.8571428571428571,8,23.08
19126,Pinninti Tejaswi,FALSE,0.039421813,0.039421813,finishing allrounder,25,,92.59259259,7,8.016393443,92.59259259,-21,2.9999999999999996,14,25.46
19141,M Hemanth Reddy,FALSE,0.097765363,0.097765363,batting allrounder,286,,154.59459459459458,8,8.016806722689076,154.59459459459458,51.99999999999997,7.999999999999998,12,23.08
19144,AV Surya,FALSE,0.039421813,0.039421813,top/middle,59,,128.2608695652174,,,128.2608695652174,,,4,
19145,Aamer Jamal,FALSE,0.21153846153846154,0.21153846153846154,finishing allrounder,38,,140.74074074074073,11,8.393442623,1.111857585577317,-0.5,0.7857142857142859,9,29.39
19148,Karan Kannan,FALSE,0.098930481,0.098930481,finishing allrounder,258,,109.7872340425532,14,6.619047619047619,109.7872340425532,55.999999999999986,9.999999999999996,22,24.04
1915,Adam Rossington,FALSE,0.039421813,0.033508541,opener,23,,115,,,115,,,3,32.56
19150,Vinukonda Venu,FALSE,0.039421813,0.039421813,finishing allrounder,10,,111.11111111111111,5,6.571428571428571,111.11111111111111,,,5,29.13
1923,Vinay Choudhary,FALSE,0.057692307692307696,0.049038462,finishing allrounder,27,,79.41176470588235,5,9.253731343283581,79.41176470588235,,,11,32.23
1924,Sam Billings,TRUE,0.8904109589041096,0.7568493150684932,top/middle,257,,114.73214285714286,,,2.2936764099548106,-12.5,,15,34.45
19291,Robin Das,FALSE,0.039421813,0.039421813,top/middle,0,,0,,,0,,,2,23.75
19309,Lahiru Udara,FALSE,0.039421813,0.039421813,opener,103,,149.2753623188406,,,149.2753623188406,,,5,32
19312,Nuwan Thushara,TRUE,0.9411764705882353,0.9411764705882353,finishing allrounder,4,,25,30,7.660550458715596,0.8714559975121635,-0.357142857,4.285714285714285,30,31.31
19315,Vijayakanth Viyaskanth,FALSE,0.2,0.2,finishing allrounder,26,,81.25,11,7.172413793103448,1.1366748807112994,-7.5,3.14018491736755e-16,12,23.98
19316,Maheesh Theekshana,TRUE,1,1,finishing allrounder,76,,55.072463768115945,82,7.369598373157092,0.7504058343661132,6.700000000000002,2.9000000000000004,82,25.32
19401,Tharayil Antony Abeesh,FALSE,0.112,0.0952,finishing allrounder,48,,165.51724137931035,17,6.203883495145631,165.51724137931035,,,8,32.55
19402,Pougajendy Akash,FALSE,0.112,0.112,top/middle,464,,141.8960244648318,1,9.5,141.8960244648318,43.99999999999999,,24,22
19403,Ameer Zeeshan N,FALSE,0.48437499999999994,0.48437499999999994,top/middle,741,,120.48780487804878,4,7.5,120.48780487804878,-8.333333333,,22,28.76
19404,Bhupender Chauhan,FALSE,0.21153846153846154,0.21153846153846154,finishing allrounder,105,,92.10526315789474,15,7.359516616314199,92.10526315789474,-5.076923077,1.1538461538461542,21,31.07
19405,George Samuel A,FALSE,0.039421813,0.039421813,finisher,52,,85.24590163934427,,,85.24590163934427,,,11,
19406,Karthikeyan J,FALSE,0.38461538461538464,0.3269230769230769,top/middle,566,,134.76190476190476,0,4,134.76190476190476,-14.03846154,,23,32.26
19409,SG Singh,TRUE,1,1,finishing allrounder,506,,129.41176470588235,60,6.593785960874569,3.5464030308853403,68.97142857142855,6.514285714285713,40,26.53
1941,Devon Conway,TRUE,1,0.85,top/middle,1804,,128.125,,,2.661469752864314,-181.8,,58,34.39
19412,Mathan M,FALSE,0.112,0.112,finishing allrounder,12,,133.33333333333334,8,8.048780487804878,133.33333333333334,,,6,27.59
19414,Shri Sivagunal S,FALSE,0.058558559,0.058558559,finishing allrounder,35,,87.5,2,5.918918918918919,87.5,,,4,
19416,Vijai R,FALSE,0.15625,0.15625,finishing allrounder,12,,100,26,7.213793103448276,100,-3,-0.884615385,22,26.87
19418,Vengadeshwaran,FALSE,0.112,0.112,finishing allrounder,21,,91.30434782608695,7,7.384615384615385,91.30434782608695,,,8,29.93
19420,Alankrit Agarwal,FALSE,0.039421813,0.039421813,top/middle,112,,93.33333333333333,,,93.33333333333333,,,8,
19422,Arjun Shetty,FALSE,0.14285714285714285,0.12142857142857141,top/middle,244,,109.90990990990991,,,109.90990990990991,,,8,34.12
19428,Jasvanth S,FALSE,0.112,0.112,finishing allrounder,47,,106.81818181818181,11,6.633027523,106.81818181818181,,,9,27.98
19429,Mathavan M,FALSE,0.097765363,0.097765363,finisher,110,,123.59550561797752,,,123.59550561797752,,,8,
19430,Nipun Gaikwad,FALSE,0.058558559,0.058558559,top/middle,95,,86.36363636363636,,,86.36363636363636,,,8,
19433,Aditya Singh Chauhan,FALSE,0.058558559,0.058558559,finishing allrounder,5,,50,6,9.109090909,50,0.038461538,-0.461538462,5,22.35
19434,Pravin R,FALSE,0.039421813,0.039421813,finisher,123,,106.95652173913044,,,106.95652173913044,42.99999999999998,,20,21.75
19435,Rajaram Sivaramakrishnan,FALSE,0.098930481,0.098930481,finishing allrounder,11,,73.33333333333333,9,8.37037037,73.33333333333333,1.6666666666666665,-1,8,25.12
19436,Govindaraajan AS,FALSE,0.098930481,0.098930481,opener,79,,133.89830508474577,2,7.615384615384615,133.89830508474577,,,2,
19437,S Akshay Jain,FALSE,0.098930481,0.084090909,finishing allrounder,3,,33.333333333333336,8,5.384615384615385,0.6845188127826887,-3,,12,32.94
1944,Keshav Maharaj,TRUE,1,0.7,finishing allrounder,79,,92.94117647058823,26,7.375722543352601,1.4738591223067885,-21.5,0.5999999999999999,25,35.8
19440,Adil Tunda,FALSE,0.058558559,0.058558559,finishing allrounder,21,,91.30434782608695,42,7.344632768361582,91.30434782608695,-17,-10,23,
19441,Parameeswaran S,TRUE,1,1,batting allrounder,744,,125.04201680672269,18,7.818897637795276,3.2898554723319506,53.8,0,34,25.76
19442,B Prabhu,FALSE,0.098930481,0.084090909,top/middle,51,,145.71428571428572,,,145.71428571428572,,,5,33.29
19449,Sabari S,FALSE,0.098930481,0.098930481,finishing allrounder,11,,122.22222222222223,3,6.895522388059701,122.22222222222223,,,4,24.93
19454,Satish Jangir,TRUE,1,1,finishing allrounder,272,,144.68085106382978,25,7.810126582278481,144.68085106382978,-25.57692308,-1.5,28,27.65
19455,Ramachandran Ragupathy,TRUE,0.8904109589041096,0.8904109589041096,opener,340,,126.39405204460967,,,4.175214035069064,28.000000000000007,,19,29.54
19457,Ashwath S,FALSE,0.112,0.0952,finishing allrounder,41,,97.61904761904762,7,4.604651162790698,97.61904761904762,,,6,32.54
19458,Kamaleeshwaran A,FALSE,0.22535211267605634,0.22535211267605634,batting allrounder,588,,133.33333333333334,10,10.014084507042254,133.33333333333334,-3.692307692,0.7692307692307694,35,24.24
19459,Karthik B Nair,FALSE,0.22535211267605634,0.22535211267605634,finishing allrounder,88,,96.7032967,24,6.269326683,96.7032967,-22.66666667,-1.333333333,19,29.31
19460,Manikandan J,FALSE,0.22535211267605634,0.22535211267605634,finisher,257,,109.36170212765957,3,9.684210526,109.36170212765957,-34.46153846,-1,35,27.01
19462,Yash Avinash Jadhav,FALSE,0.22535211267605634,0.22535211267605634,top/middle,302,,116.15384615384616,,,2.8653077631534116,-39.2,,24,26.44
19464,Premraj Rajavelu,FALSE,0.21153846153846154,0.21153846153846154,finisher,554,,131.9047619047619,3,7.811320754716981,131.9047619047619,-29.15384615,,31,20.5
19469,S Santhosh Kumaran,FALSE,0.22535211267605634,0.22535211267605634,finishing allrounder,135,,131.06796116504853,14,8.289940828402367,131.06796116504853,-13.26923077,-0.423076923,21,27.65
19470,Abin Mathew M,TRUE,0.36,0.36,finishing allrounder,1,,100,6,7.489051094890511,100,,-0.115384615,8,28.06
19472,Mohit Mittan,TRUE,0.8904109589041096,0.8904109589041096,batting allrounder,378,,117.02786377708978,3,6.363636363636363,24.190431338090704,-62.35714286,1,23,26.94
19475,Nitish Manikin Salekar,FALSE,0.098930481,0.098930481,batting allrounder,210,,111.70212765957447,6,6.142857142857143,111.70212765957447,,,8,
19476,Paras Ratnaparkhe,FALSE,0.22535211267605634,0.15774647887323942,batting allrounder,341,,113.2890365448505,13,7.342465753424658,113.2890365448505,-2.333333333,-1.423076923,18,37.56
19477,Priyam Ashish M,FALSE,0.112,0.112,opener,270,,133.66336633663366,,,133.66336633663366,,,10,26.15
19478,Surendiran P,FALSE,0.058558559,0.058558559,finisher,123,,82,,,82,-39,,13,
19479,Gopal Thivagar,FALSE,0.22535211267605634,0.22535211267605634,finishing allrounder,129,,105.73770491803279,26,8.403726708074535,105.73770491803279,-19.15384615,1.1999999999999997,26,31.07
19483,Sharadh Kishan A,FALSE,0.058558559,0.058558559,finishing allrounder,5,,100,2,6.985074626865671,100,,,4,
19485,Akash Kargave,FALSE,0.3125,0.3125,top/middle,645,,119.88847583643123,3,9.6,4.627632519275784,36.5,-0.25,29,
19488,Ayyanar R,FALSE,0.039421813,0.039421813,opener,101,,82.11382113821138,,,82.11382113821138,,,6,
19489,Palani R,FALSE,0.097765363,0.097765363,finishing allrounder,18,,112.5,7,8.014925373134329,112.5,,,8,
19491,Pooviarasan Manogaran,FALSE,0.112,0.112,finishing allrounder,66,,77.64705882,30,7.157360406091371,77.64705882,-8,-3.230769231,21,24.34
19492,Surendar B,FALSE,0.097765363,0.097765363,top/middle,70,,107.6923076923077,,,107.6923076923077,1.333333333333333,,7,
19495,Thennavan N,FALSE,0.19491525423728814,0.13644067796610168,top/middle,106,,120.45454545454545,2,9.692307692307692,120.45454545454545,,,7,38.17
19497,Venkadesan S,FALSE,0.057692307692307696,0.057692307692307696,finishing allrounder,7,,46.666666666666664,7,8.290909090909091,46.666666666666664,,,5,
19499,Kaladi Babu,FALSE,0.039421813,0.039421813,finisher,6,,60,,,60,,,3,
19530,Shahnawaz Dhani,TRUE,0.8904109589041096,0.8904109589041096,finishing allrounder,16,,228.57142857142858,13,7.721311475409836,0.7033765636524003,-8,0.4999999999999999,12,27.31
19535,Rejaur Rahman Raja,FALSE,0.21153846153846154,0.21153846153846154,finishing allrounder,39,,90.69767441860465,27,8.221757322175732,7.820847857,4.999999999999999,-0.9,22,26.07
1955,James Fuller,FALSE,0.039421813,0.027595269,finishing allrounder,18,,150,10,7.769230769230769,150,,-2,7,35.84
196,Srikkanth Anirudha,FALSE,0.112,0.0784,opener,117,,127.17391304347827,,,2.2810974196540825,,,6,38.62
19662,Arka Sarkar,FALSE,0.039421813,0.039421813,finishing allrounder,15,,65.21739130434783,2,7.2,65.21739130434783,,,4,25.4
19666,Arjun Kumar,FALSE,0.039421813,0.039421813,finisher,20,,181.8181818181818,0,9,181.8181818181818,,,3,
19669,Aaditya Sharma,FALSE,0.19491525423728814,0.19491525423728814,top/middle,313,,122.74509803921569,,,8.852842201,-77,,23,24.97
19673,Subham Sarkar,FALSE,0.039421813,0.039421813,finishing allrounder,182,,132.84671532846716,8,7.048192771084337,132.84671532846716,9.999999999999996,0,11,
19674,Shubham Chatterjee,FALSE,0.039421813,0.039421813,top/middle,250,,104.60251046025104,,,104.60251046025104,95.99999999999999,,15,29.93
19676,Satyaki Dutta,FALSE,0.039421813,0.039421813,batting allrounder,25,,71.42857142857143,2,6.333333333333333,71.42857142857143,,,5,31.85
19677,Abhishek Bose,FALSE,0.039421813,0.039421813,opener,61,,108.92857142857143,,,108.92857142857143,,,2,
19683,Toufik Mondal,FALSE,0.097765363,0.097765363,finishing allrounder,232,,139.75903614457832,15,7.330645161290323,139.75903614457832,99.99999999999997,0.9999999999999998,17,23.05
19684,Arindam Ghosh,FALSE,0.097765363,0.068435754,top/middle,377,,109.27536231884058,,,109.27536231884058,-71,,14,38.46
19685,Raju Halder,FALSE,0.039421813,0.039421813,finishing allrounder,0,,0,16,5.955390334572491,0,,7.999999999999998,15,30.1
19686,Dipanjan Mukherjee,FALSE,0.039421813,0.033508541,finisher,9,,81.81818181818181,0,12,81.81818181818181,,,2,32.04
19687,Akash Pandey,FALSE,0.19491525423728814,0.19491525423728814,finishing allrounder,90,,93.75,17,6.884393063583815,1.1767413485504559,7.999999999999994,-0.5,19,26.81
19691,Ranjot Khaira,FALSE,0.3125,0.3125,top/middle,393,,102.87958115183245,0,16,1.4304316757878401,56.09999999999998,,24,27.12
19695,Anurag Tiwari,FALSE,0.039421813,0.039421813,finishing allrounder,2,,100,6,7.248322147651007,100,,-2,12,30.03
19696,Saurabh Singh,FALSE,0.21153846153846154,0.21153846153846154,finisher,228,,111.76470588235294,1,8.459016393442623,2.8258280176094432,37.499999999999986,-1,16,28.13
19697,Raj Pal,FALSE,0.039421813,0.027595269,finishing allrounder,12,,120,8,6.795918367346939,120,,,5,41.96
19699,Ankur Pal,FALSE,0.039421813,0.039421813,top/middle,287,,125.87719298245614,,,125.87719298245614,-19,,15,
197,Debabrata Das,FALSE,0.039421813,0.027595269,finisher,43,,97.72727272727273,,,97.72727272727273,,,5,39.18
19700,Prince Yadav,FALSE,0.625,0.625,finishing allrounder,627,,118.30188679245283,21,7.953810623556582,7.443049762619983,-80.5,4.499999999999998,34,27.9
19702,Suraj Jaiswal,FALSE,0.039421813,0.039421813,finishing allrounder,82,,122.38805970149254,15,7.066666666666666,122.38805970149254,73.99999999999999,-7,15,25.98
19703,Sourav Paul,FALSE,0.039421813,0.039421813,top/middle,12,,44.44444444444444,,,44.44444444444444,,,4,26.22
19706,Ramesh Prasad,FALSE,0.039421813,0.039421813,finishing allrounder,1,,25,13,6.090909090909091,25,,0.9999999999999998,16,31.82
19708,Gaurav Chauhan,FALSE,0.039421813,0.039421813,finisher,233,,144.72049689440993,3,7.459459459,144.72049689440993,162.99999999999994,-3,13,
19710,Debopratim Halder,FALSE,0.039421813,0.039421813,finishing allrounder,0,,0,9,7.714285714285714,0,,8.999999999999996,5,23.04
19712,Shakir Gandhi,FALSE,0.19491525423728814,0.19491525423728814,top/middle,280,,120.6896551724138,,,1.9502009477975193,66.5,,23,26.3
19714,Abishek Porel,TRUE,1,1,top/middle,1523,,136.83737646001796,,,3.7143262893588807,220.89999999999995,,61,23.11
19715,Tarun Godara,FALSE,0.039421813,0.039421813,finisher,181,,131.15942028985506,,,131.15942028985506,-75,,14,26.15
19716,Samik Karmankar,FALSE,0.039421813,0.039421813,finisher,1,,100,,,100,,,1,
19718,Vikas Singh,FALSE,0.039421813,0.039421813,finishing allrounder,144,,112.5,4,8.976,112.5,-36,-4,13,26.12
19726,Avijit Singh,FALSE,0.039421813,0.039421813,opener,24,,104.34782608695652,,,104.34782608695652,,,2,29.23
19727,Mohammad Kaif,FALSE,0.039421813,0.039421813,finishing allrounder,19,,105.55555555555556,10,7.355769230769231,105.55555555555556,,-6,12,
19730,Siddharth Singh,FALSE,0.039421813,0.039421813,opener,102,,134.21052631578948,,,3.8561821381484087,,,4,
19754,Raja Khan,FALSE,0.039421813,0.033508541,finishing allrounder,0,,0,0,11.555555555555555,0,,,1,33.01
19781,Mitchell Owen,TRUE,0.039421813,0.039421813,finisher,163,,148.1818181818182,2,10,1.243201767509587,,,12,24.2
198,Manish Pandey,TRUE,1,0.7,top/middle,2012,,132.98083278255123,0,15,2.250837239855934,-10.6,,84,36.21
1980,Seekkuge Prasanna,FALSE,0.14285714285714285,0.1,finishing allrounder,31,,147.61904761904762,2,8.5,147.61904761904762,,,4,40.42
19806,Harshit Rathod,FALSE,0.039421813,0.039421813,finishing allrounder,22,,137.5,9,6.802816901408451,137.5,19.999999999999993,4.999999999999998,7,27.32
19809,Shekhar Majhi,FALSE,0.039421813,0.039421813,finishing allrounder,9,,100,5,8.25,100,,-1,5,
19811,Dibyashakti Chakrabarty,FALSE,0.039421813,0.039421813,opener,51,,127.5,,,127.5,,,4,
19815,Swastik Samal,FALSE,0.098930481,0.098930481,opener,230,,129.94350282485877,,,1.1234677498622085,25.499999999999993,,13,25.33
19821,Biswabhusan Bihari,FALSE,0.039421813,0.039421813,finisher,139,,102.96296296296296,,,102.96296296296296,-35,,9,
19829,Sourav Gouda,FALSE,0.039421813,0.039421813,finisher,169,,152.25225225225225,,,154.25531914893617,,,6,
19834,Maroju Prasanth,FALSE,0.039421813,0.039421813,top/middle,14,,70,,,70,-14,,4,
19841,Ramachandra Behera,FALSE,0.039421813,0.033508541,finisher,14,,116.66666666666667,,,116.66666666666667,,,4,32.48
19854,Rahul Choudhary,FALSE,0.039421813,0.039421813,finishing allrounder,13,,108.33333333333333,3,4.92,108.33333333333333,,,3,
19857,Abhishek Yadav,FALSE,0.22535211267605634,0.22535211267605634,finishing allrounder,144,,110.76923076923077,8,6.5181818181818185,1.5560437899606718,-27.5,-2.5,22,30.47
19860,Aditya Rout,FALSE,0.039421813,0.039421813,opener,158,,188.0952380952381,,,188.0952380952381,,,5,
19868,Pradeep Pradhan,FALSE,0.039421813,0.039421813,finishing allrounder,10,,166.66666666666666,12,7.666666666666667,166.66666666666666,5.999999999999999,0,6,31.41
19870,Prayash Singh,FALSE,0.2,0.2,finishing allrounder,136,,144.68085106382978,0,9.75,2.8968647912383383,34.999999999999986,0,10,31.81
19894,Mitchell Hay,FALSE,0.039421813,0.039421813,finisher,87,,124.28571428571429,,,2.239729433377718,-1,,11,25.27
19970,Lalith Mohan,FALSE,0.098930481,0.069251337,finishing allrounder,8,,160,12,7.059880239520958,160,7.999999999999998,1.1999999999999997,16,35.69
19971,Dheeraj Kumar,FALSE,0.21153846153846154,0.21153846153846154,finisher,289,,162.35955056179776,,,1.142547675968091,22.257142857142853,,17,26.23
19972,Abhishek Thakuri,TRUE,0.38461538461538464,0.38461538461538464,top/middle,20,,105.26315789473684,,,1.5856556077062025,3.999999999999999,,3,27.07
19973,Amlanjyoti Das,TRUE,0.22535211267605634,0.22535211267605634,finishing allrounder,1,,33.333333333333336,2,7.255813953488372,33.333333333333336,,,2,23.86
19974,Mohit Mongia,FALSE,0.039421813,0.039421813,finishing allrounder,101,,142.25352112676057,4,5.012658227848101,,,,12,26.44
19976,Pratyush Kumar,FALSE,0.039421813,0.039421813,finisher,19,,126.66666666666667,,,,,,3,30.41
19977,Sakibul Gani,FALSE,0.45901639344262296,0.45901639344262296,batting allrounder,614,,145.49763033175356,9,6.471910112,5.668222722639744,49.8,2.9999999999999987,18,26.24
19979,Sachin Kumar,FALSE,0.19491525423728814,0.19491525423728814,finishing allrounder,102,,129.1139240506329,3,8.352941176470589,2.3937223830837073,-35.5,0.4999999999999999,9,27.92
19980,Vikash Yadav,FALSE,0.098930481,0.069251337,finisher,27,,150,,,150,,,1,37.82
19981,Amod Yadav,FALSE,0.098930481,0.098930481,finishing allrounder,12,,48,5,6.989010989010989,1.3322834008708333,0,0.4999999999999998,4,23.96
19982,Hardik Tamore,TRUE,1,1,top/middle,585,,150,,,3.259242496135481,62.7,,27,28.1
19983,Lakshay Thareja,FALSE,0.19491525423728814,0.19491525423728814,finisher,302,,137.89954337899545,,,3.7219131982483566,50.714285714285715,,16,28.2
19984,Vaibhav Kandpal,FALSE,0.112,0.112,batting allrounder,537,,143.96782841823057,6,8.598425196850394,143.96782841823057,-91,-2,20,25.29
19985,Siddhant Sharma,FALSE,0.058558559,0.058558559,finishing allrounder,56,,151.35135135135135,14,8.893401015228426,151.35135135135135,19.999999999999993,13.999999999999996,11,28.96
19986,Vishamber Kahlon,FALSE,0.058558559,0.058558559,top/middle,0,,0,,,0,,,1,29
19988,Ishaan Gadekar,FALSE,0.112,0.112,opener,242,,160.26490066225165,,,7.909522083549745,4.499999999999996,,7,28.24
19990,Priyesh Patel,FALSE,0.098930481,0.098930481,top/middle,308,,152.47524752475246,,,15.966183522111587,78.66666666666664,,7,24.11
19992,RI Thakur,FALSE,0.039421813,0.039421813,top/middle,16,,84.21052631578948,,,84.21052631578948,,,1,27.95
19993,Aman Kumar,FALSE,0.039421813,0.039421813,finisher,16,,94.11764705882354,1,5.5,94.11764705882354,,,3,25.94
19997,Taranjit Singh,FALSE,0.112,0.0784,finishing allrounder,68,,97.14285714285714,8,7.104294478527607,97.14285714285714,-40,-2,18,38.67
19998,Rajvardhan Hangargekar,FALSE,0.48437499999999994,0.48437499999999994,finishing allrounder,161,,145.04504504504504,33,7.686832740213523,0.9761190266153639,-6.5,2.4999999999999987,28,23.05
19999,Dhanraj Pardeshi,FALSE,0.039421813,0.039421813,finishing allrounder,1,,50,12,8.206451612903226,,,,8,26.83
20000,Ranjeet Nikam,FALSE,0.22535211267605634,0.22535211267605634,finisher,386,,132.1917808219178,,,2.938512723859326,41.99999999999997,,28,26.18
20002,Arpit Gaud,FALSE,0.36,0.36,opener,512,,155.15151515151516,,,2.097649662736618,36.384615384615394,,21,29.4
20003,Shantanu Raghuvanshi,FALSE,0.039421813,0.039421813,finisher,41,,120.58823529411765,0,18,,,,5,25.46
20004,Rakesh Thakur,FALSE,0.112,0.0952,finisher,113,,91.8699187,,,3.400990382505359,2.0285714285714294,,10,34.21
20005,Arshad Khan,TRUE,1,1,finishing allrounder,368,,136.80297397769516,39,8.722689075630251,1.7169003544332844,10.999999999999998,0.4999999999999999,42,27.93
20006,Ramandeep Singh,TRUE,1,1,finishing allrounder,1399,,160.98964326812427,59,7.9566878980891715,1.4607123456213342,89.1,2.7999999999999994,92,28.62
20009,Bharat Sharma,TRUE,0.48437499999999994,0.48437499999999994,opener,125,,128.8659793814433,,,2.145204002093188,-2.333333333,,7,26.3
2001,Yashodha Lanka,FALSE,0.039421813,0.033508541,opener,106,,113.97849462365592,,,113.97849462365592,,,5,33.15
20011,Lakhan Singh,TRUE,0.8904109589041096,0.8904109589041096,batting allrounder,272,,138.77551020408163,5,11.327102803738319,3.2878423828877534,-7,0.49999999999999983,10,27.27
20013,Tushar Saha,FALSE,0.039421813,0.027595269,finishing allrounder,82,,86.31578947,14,4.947867298578199,,,,12,40.19
20014,Subham Ghosh,FALSE,0.098930481,0.098930481,finishing allrounder,23,,71.875,3,8.776119402985074,6.952417171800305,-13,-3,5,27.14
20015,Rajat Dey,FALSE,0.21153846153846154,0.21153846153846154,finisher,171,,127.61194029850746,1,8.5,3.7924528851432484,4.499999999999993,,11,28.91
20017,Parvez Sultan,FALSE,0.058558559,0.058558559,finishing allrounder,19,,95,13,7.816216216216216,95,,2.9999999999999996,9,22.36
20018,Sankar Paul,FALSE,0.112,0.112,finishing allrounder,24,,120,1,6.48,4.703796907313031,3.9999999999999987,-1,5,25.03
20020,Abhishek Goswami,FALSE,0.625,0.625,opener,974,,126.16580310880829,,,4.6675740599289695,-132.5,,34,28.05
20021,Hardeep Singh,FALSE,0.38461538461538464,0.38461538461538464,finisher,671,,183.33333333333334,0,6,4.865904017137908,215.49999999999994,,37,30.43
20022,Nalin Mishra,FALSE,0.039421813,0.039421813,finisher,31,,96.875,,,96.875,2.9999999999999996,,4,29.94
20023,Karan Sharma,FALSE,0.8904109589041096,0.8904109589041096,opener,1495,,126.58763759525826,13,6.795698924731183,2.946720067671804,91.09999999999997,1.1,47,27.07
20024,Nachiket Bhute,FALSE,0.097765363,0.097765363,finishing allrounder,48,,208.69565217391303,6,9.631578947368421,0.7025529648354173,11.999999999999998,1.4999999999999998,7,20.46
20026,Sarbeswar Mohanty,FALSE,0.19491525423728814,0.19491525423728814,finishing allrounder,75,,129.31034482758622,23,7.148936170212766,2.431431742083188,2.6538461538461537,-1,10,30.52
20027,Mickil Jaiswal,TRUE,0.625,0.625,finisher,94,,146.875,1,6.631578947368421,3.5401163168703755,-16,-0.5,6,27.55
20029,Rahul Buddhi,TRUE,0.8904109589041096,0.8904109589041096,top/middle,224,,113.13131313131314,0,12,3.2613619435850336,-6.6,,16,28.19
2003,Bhanuka Rajapaksa,TRUE,1,0.85,top/middle,618,,132.05128205128204,,,2.363783091164735,-39.4,,36,34.09
20030,Prateek Reddy,TRUE,0.112,0.112,finisher,30,,83.33333333333333,,,0.9536111095353831,11.999999999999998,,5,24.99
20032,Sai Reddy,TRUE,0.45901639344262296,0.45901639344262296,batting allrounder,33,,75,2,12.48,0.7935574283618488,-29,,5,25.94
20034,Rakesh Yadav,FALSE,0.039421813,0.039421813,finishing allrounder,133,,162.1951219512195,0,11.52,162.1951219512195,,,5,26.23
20035,Rakshan Readdi,TRUE,0.36,0.36,finishing allrounder,13,,130,13,7.7894736842105265,130,,1.4999999999999998,8,25.16
20036,MSR Charan,TRUE,0.112,0.112,top/middle,0,,0,,,0,,,1,25.98
20041,Karnajit Yumnam,FALSE,0.097765363,0.097765363,opener,18,,45,,,0.9398424968273684,-16,,3,27.92
20042,Langlonyamba Keishangbam,FALSE,0.098930481,0.098930481,top/middle,45,,70.3125,0,5,1.523282718418972,-41,,3,27.98
20045,Nilesh Lamichaney,FALSE,0.098930481,0.084090909,top/middle,81,,60.44776119402985,,,2.0265524778627046,-19.5,,9,34.23
20046,Lee Yong Lepcha,FALSE,0.15625,0.1328125,finishing allrounder,66,,62.857142857142854,17,5.198473282442748,1.191678689602628,4.499999999999998,7.499999999999997,16,34.06
20049,Mandup Bhutia,FALSE,0.039421813,0.039421813,batting allrounder,65,,101.5625,7,7.8311688311688314,101.5625,,,9,30.92
20050,Tashi Bhalla,FALSE,0.039421813,0.027595269,finisher,23,,71.875,,,71.875,,,4,41.41
20054,Sanidhya Hurkat,FALSE,0.3125,0.3125,opener,575,,171.13095238095238,,,3.442159737884092,114.49999999999993,,16,26.33
20055,Techi Doria,FALSE,0.098930481,0.098930481,finishing allrounder,40,,68.96551724137932,1,5.76,68.96551724137932,,,3,31.74
20056,Kamsha Yangfo,FALSE,0.039421813,0.033508541,top/middle,83,,89.24731182795699,,,89.24731182795699,,,7,33.03
20057,Nabam Tempol,FALSE,0.039421813,0.039421813,batting allrounder,69,,104.54545454545455,1,6.3,104.54545454545455,,,6,31.17
20062,Bobby Zothansanga,FALSE,0.098930481,0.069251337,finishing allrounder,5,,33.333333333333336,2,7.540540541,33.333333333333336,0.4999999999999999,0.9999999999999998,5,39.26
20068,Joshua Ozukum,FALSE,0.058558559,0.058558559,opener,124,,91.17647058823529,0,7.5,11.72692554927185,-15.5,,9,25.31
20069,Chopise Hopongkyu,FALSE,0.112,0.112,finishing allrounder,6,,120,7,8.577181208053691,0.7011572645095923,-4,-1,9,24.94
20072,Girish Rauturi,TRUE,0.8904109589041096,0.8904109589041096,finishing allrounder,170,,180.85106382978722,13,7.517241379310345,180.85106382978722,-18,-1,9,28.3
20073,Piyush Joshi,TRUE,0.8904109589041096,0.8904109589041096,top/middle,461,,129.13165266106444,1,7.377049180327869,8.654887015,41.00000000000001,-0.5,14,29.5
20074,Vijay Sharma,TRUE,0.8904109589041096,0.8904109589041096,finisher,272,,135.3233830845771,2,7.6,4.074537636358759,21.799999999999997,,23,27.19
20075,Ashish Chaudhary,FALSE,0.039421813,0.039421813,finishing allrounder,7,,100,0,10.5,100,,,2,27.12
20076,Agrim Tiwari,TRUE,0.8904109589041096,0.8904109589041096,finishing allrounder,30,,115.38461538461539,31,8.666666666666666,3.3052383778105616,10.999999999999998,2.6999999999999993,21,29.62
20077,Yuvraj Chaudhary,TRUE,1,1,batting allrounder,636,,152.8846153846154,17,7.262195121951219,3.784327041974832,42.99999999999998,2.499999999999999,20,24.14
20078,Arslan Khan,FALSE,0.039421813,0.039421813,opener,76,,96.20253164556962,0,5.571428571428571,1.132005660749842,75.99999999999996,,10,26.2
20079,Jagjit Singh,FALSE,0.039421813,0.039421813,finishing allrounder,32,,145.45454545454547,7,7.953488372093023,0.7013211766555143,-12,-3,3,28.83
20080,Prabin Luha,FALSE,0.039421813,0.039421813,finisher,77,,105.47945205479452,,,105.47945205479452,-63,,10,30.55
20081,Gourav Choudhury,FALSE,0.098930481,0.098930481,opener,271,,166.25766871165644,,,7.560504547842444,35.999999999999986,,7,26.43
20083,Ankitkar Jaiswal,FALSE,0.097765363,0.097765363,finishing allrounder,2,,200,4,6.767441860465116,200,,1.333333333333333,4,24.35
20084,Ashish Rai,FALSE,0.039421813,0.039421813,finishing allrounder,1,,33.333333333333336,6,5.297872340425532,33.333333333333336,,,4,28
20085,Sunil Roul,FALSE,0.098930481,0.098930481,finishing allrounder,1,,20,8,8.390243902439025,0.6692483759897145,0.4999999999999999,3.999999999999999,6,27.12
20086,Tarini Sa,FALSE,0.112,0.112,finishing allrounder,8,,66.66666666666667,20,7.3754152823920265,0.69724623,0.7307692307692311,0.6857142857142854,15,29.2
20087,Walter Toppo,FALSE,0.097765363,0.097765363,finisher,8,,100,,,100,,,1,31.15
20088,Denish Das,TRUE,0.8904109589041096,0.8904109589041096,top/middle,313,,116.35687732342008,2,8.318181818181818,1.560724356933949,36.49999999999999,0,14,23.53
20111,Chinta Gandhi,FALSE,0.097765363,0.097765363,finishing allrounder,3,,60,14,6.536170212765957,100,0.33333333333333326,3.333333333333333,15,31.26
20112,Bhanu Pania,FALSE,0.22535211267605634,0.22535211267605634,finisher,236,,128.2608695652174,,,1.4024482562507856,10.600000000000003,,27,29.23
20116,Kaif Ahmed,TRUE,0.8181818181818182,0.8181818181818182,finisher,311,,121.96078431372548,,,121.96078431372548,16.423076923076927,,19,28.56
20118,Mohit Raut,FALSE,0.22535211267605634,0.22535211267605634,finishing allrounder,226,,103.19634703196347,20,7.1020408163265305,3.629861792490738,25,2.9999999999999996,20,27.85
20147,Digvijay Rangi,FALSE,0.058558559,0.058558559,finisher,0,,0,0,4.666666666666667,0,,,2,27.62
20170,Suvankar Bal,FALSE,0.098930481,0.098930481,finisher,103,,97.16981132075472,,,97.16981132075472,3.3076923076923084,,8,30.06
20171,Erik Roy,FALSE,0.22535211267605634,0.22535211267605634,top/middle,357,,124.39024390243902,,,11.412377731264746,29.749999999999986,,16,26.86
20228,Saira Patil,TRUE,0.8904109589041096,0.8904109589041096,finishing allrounder,354,,139.37007874015748,16,6.935064935064935,1.4116354382848104,80.39999999999999,3.999999999999999,17,29.07
20229,Mohammad Ali,FALSE,0.039421813,0.033508541,finishing allrounder,1,,100,8,8.413043478,100,,,5,33.07
20298,Anuj Raj,FALSE,0.098930481,0.098930481,finishing allrounder,112,,186.66666666666666,24,6.6521739130434785,186.66666666666666,,2.884615384615385,12,25.07
20299,Suraj Kashyap,FALSE,0.112,0.112,finishing allrounder,30,,90.90909091,7,7.352941176470588,3.602261480017233,6.4999999999999964,0,4,22.29
20301,Akash Raj,FALSE,0.058558559,0.058558559,top/middle,29,,82.85714285714286,0,12,1.3848367389056027,-5.5,,2,20.51
2031,Sumit Mathur,FALSE,0.057692307692307696,0.057692307692307696,finisher,152,,120.63492063492063,1,8.2,120.63492063492063,27.999999999999993,,12,28.01
20310,Ahmed Daniyal,TRUE,0.098930481,0.098930481,finishing allrounder,41,,178.2608695652174,12,4.773480662983426,5.349010735647173,,9.999999999999996,8,28.4
20327,Usman Khan,FALSE,0.625,0.625,top/middle,849,,136.2760834670947,,,3.3198439906845136,19,,37,30.55
2033,Jalaj Saxena,FALSE,0.36,0.252,finishing allrounder,304,,142.05607476635515,34,6.398286937901499,3.7652741692170864,54.88461538,0.7428571428571428,22,38.95
2037,Aniket Choudhary,TRUE,0.8904109589041096,0.6232876712328766,finishing allrounder,20,,117.6470588235294,20,6.763636363636364,0.9656816416045921,-5,-0.4,12,35.83
2054,Jason Behrendorff,TRUE,1,0.7,finishing allrounder,13,,65,29,8.339393939,3.0698397766072465,1.4999999999999998,2.7142857142857144,22,35.6
20693,Kuldip Yadav,TRUE,0.8904109589041096,0.8904109589041096,finishing allrounder,1,,20,22,8.910569105691057,0.69724623,0.24999999999999994,2.6857142857142855,21,29.11
20694,Bhagath Varma,TRUE,0.38461538461538464,0.38461538461538464,finisher,1,,100,1,5.5,100,,,2,27.18
207,Iqbal Abdulla,TRUE,0.38461538461538464,0.2692307692307692,finishing allrounder,6,,120,2,11.833333333333334,120,,,3,35.98
20702,Tristan Stubbs,TRUE,1,1,finisher,1281,,152.13776722090262,4,12.96,2.4954807508917507,148.9,0.19999999999999987,55,25.28
20704,Salman Mirza,FALSE,0.039421813,0.039421813,finishing allrounder,0,,0,15,5.021052631578947,0,,,7,31.9
20711,Samarpit Joshi,FALSE,0.098930481,0.098930481,top/middle,39,,139.28571428571428,,,139.28571428571428,,,1,26.19
20723,Mohit Avasthi,FALSE,0.19491525423728814,0.1656779661016949,finishing allrounder,14,,100,29,8.523012552301255,1.6861839978734483,11.999999999999998,-0.1,21,33.02
20730,Yash Kshirsagar,FALSE,0.36,0.36,batting allrounder,532,,122.29885057471265,9,6.315789473684211,120.8994708994709,13.999999999999991,1.4999999999999993,30,26.95
20751,Vikas Rawat,TRUE,0.039421813,0.033508541,finishing allrounder,2,,66.66666666666667,4,10.333333333333334,66.66666666666667,,,5,33.1
20754,Ankit Manor,FALSE,0.097765363,0.097765363,finishing allrounder,6,,60,3,7.015384615384615,60,,,4,24.94
20755,Kamal Singh,FALSE,0.098930481,0.098930481,opener,85,,111.84210526315789,1,8.5,111.84210526315789,,,5,24.99
20756,Tanush Gusain,FALSE,0.097765363,0.097765363,opener,176,,129.41176470588235,,,129.41176470588235,,,5,24.8
20757,Vijay Jethi,FALSE,0.097765363,0.097765363,top/middle,29,,103.57142857142857,,,103.57142857142857,,,4,30.99
20760,Manan Hingrajia,FALSE,0.039421813,0.039421813,opener,55,,75.34246575342466,4,7,75.34246575342466,,,5,27.77
20761,Aishwarya Mourya,FALSE,0.098930481,0.098930481,finishing allrounder,138,,126.60550458715596,20,9.295336787564766,2.9116200896934474,-10,13.999999999999996,17,31.76
20762,Shivam Sharma,FALSE,0.38461538461538464,0.38461538461538464,finishing allrounder,240,,131.14754098360655,21,7.414990859232176,8.393848176127499,-17.5,0.9999999999999992,28,30.03
20763,Jasmer Dhankar,FALSE,0.22535211267605634,0.22535211267605634,finishing allrounder,14,,93.33333333333333,22,8.255874673629243,1.8592518403433393,2.9999999999999987,-5.5,27,27.12
20764,Munindra Maurya,FALSE,0.058558559,0.058558559,finishing allrounder,5,,125,0,8.88,125,,0,2,29.19
20766,Fazil Fanoos,FALSE,0.36,0.36,finishing allrounder,107,,117.58241758241758,32,7.325581395348837,4.267969007054426,-27.5,-3,26,28.14
20767,Vathsal Govind,FALSE,0.22535211267605634,0.22535211267605634,top/middle,585,,109.34579439252336,,,9.056058566852961,3.9999999999999982,,27,25.9
20768,Nedumankuzhy Basil,FALSE,0.2,0.2,finishing allrounder,13,,72.22222222222223,22,7.812646370023419,0.9722128005122088,0.9999999999999992,0.9999999999999986,20,29.1
20769,Kalliparambil Rojith Ganesh,FALSE,0.112,0.0952,finisher,115,,136.9047619047619,,,136.9047619047619,,,6,32.04
20797,Pathirikattu Midhun,FALSE,0.2,0.2,finishing allrounder,77,,95.06172839506173,18,6.686567164179104,4.7307906164693785,0.4999999999999977,-2.5,21,31.58
20801,Akshay Manohar,FALSE,0.38461538461538464,0.38461538461538464,batting allrounder,609,,122.28915662650603,4,6.5064935064935066,8.883306561,51.99999999999997,-1,30,25.83
20802,Abdul Basith,FALSE,0.8904109589041096,0.8904109589041096,finishing allrounder,722,,136.48393194706995,28,7.608695652173913,5.669537108637021,80.39999999999998,1.4999999999999982,45,27.13
20804,Alfi John,FALSE,0.22535211267605634,0.22535211267605634,finishing allrounder,319,,152.6315789473684,5,7.738636363636363,27.876805744456732,57.499999999999986,-1.57E-16,26,24.45
20805,Venugopalan Vinod C V,FALSE,0.125,0.0875,finishing allrounder,158,,117.91044776119404,25,6.601156069364162,1.111354200758782,-28,-21,25,38.32
20808,Dheeraj Prem,FALSE,0.039421813,0.039421813,finisher,4,,25,,,25,0,,5,
20810,Riya Basheer,FALSE,0.097765363,0.097765363,top/middle,445,,124.64985994397759,,,20.560708572718145,-151,,23,
20812,Varun Nayanar,FALSE,0.36,0.36,top/middle,655,,121.5213358070501,,,3.4217547147807985,-123,,26,23.09
20813,Bharath M,FALSE,0.112,0.112,top/middle,236,,122.91666666666667,,,25.44244382398758,1.9999999999999984,,13,28.63
20814,Maruthungal Ajinas,FALSE,0.45901639344262296,0.45901639344262296,top/middle,681,,125.87800369685768,,,6.067353274937687,130.99999999999997,,30,28.55
20815,Sachin M S,FALSE,0.058558559,0.058558559,top/middle,173,,94.02173913043478,0,14,94.02173913043478,30.999999999999986,,8,
20816,Akash Pillai,FALSE,0.097765363,0.097765363,opener,120,,114.28571428571429,0,16,13.662929123428015,-27,,6,
20819,Akhil Scaria,FALSE,0.36,0.36,finishing allrounder,604,,123.77049180327869,71,7.297509829619921,5.95142023,130.99999999999994,9.999999999999995,35,
20822,Gowtham Mohan,FALSE,0.057692307692307696,0.057692307692307696,finishing allrounder,49,,89.09090909,1,8.4,89.09090909,40.999999999999986,,8,
20823,Niranjan V Dev,FALSE,0.039421813,0.039421813,finisher,56,,78.87323943661971,,,8.736939232926794,7.999999999999998,,12,
20824,Amal Ramesh,FALSE,0.039421813,0.039421813,finishing allrounder,2,,66.66666666666667,13,6.9397590361445785,66.66666666666667,0,-2,10,
20825,Abhijith K,FALSE,0.039421813,0.039421813,finishing allrounder,13,,81.25,3,8.25,81.25,,,3,
20826,Vinil S,FALSE,0.125,0.125,finishing allrounder,29,,82.85714285714286,25,6.534521158129176,8.565015475719413,-7,2.9999999999999987,25,26.69
20828,Vishnu Raj,FALSE,0.098930481,0.098930481,opener,416,,100,,,6.182123011792491,2.4999999999999947,,22,
20829,Abhishek Nair,FALSE,0.22535211267605634,0.22535211267605634,opener,862,,119.55617198335645,,,24.219767449749156,80.99999999999996,,33,21.47
20830,Albin Alias,FALSE,0.039421813,0.039421813,top/middle,27,,65.85365853658537,,,65.85365853658537,,,5,
20831,Krishna Prasad,FALSE,0.36,0.36,opener,1054,,130.6071871127633,,,7.546872779898689,155.49999999999991,,30,26.41
20832,Harikrishnan K N,FALSE,0.098930481,0.098930481,finishing allrounder,135,,99.26470588235294,6,7.118644068,22.352904177065646,-5,1.9999999999999996,11,
20834,Atul Diamond Sowri,FALSE,0.039421813,0.039421813,finisher,60,,139.53488372093022,,,139.53488372093022,,,5,
20836,Rahul Chandran,FALSE,0.058558559,0.058558559,finishing allrounder,1,,50,17,7.921450151057402,50,,3.499999999999999,15,
20837,Febin Albert,FALSE,0.039421813,0.039421813,finishing allrounder,2,,25,7,6.8354430379746836,25,,,4,
20839,Sreeraj R,FALSE,0.039421813,0.039421813,finishing allrounder,58,,148.71794871794873,17,6.459183673469388,148.71794871794873,,-15,11,
20843,Anand Joseph,FALSE,0.22535211267605634,0.22535211267605634,finishing allrounder,136,,112.39669421487604,26,7.202970297029703,1.3408572998766832,-12,1.9999999999999991,22,30.11
20844,Aadidev T J,FALSE,0.097765363,0.097765363,opener,257,,106.19834710743801,,,106.19834710743801,-21,,11,
20845,Aravind K S,FALSE,0.039421813,0.039421813,top/middle,28,,58.333333333333336,,,58.333333333333336,-28,,5,
20846,Sanju Sanjeev,FALSE,0.098930481,0.098930481,top/middle,125,,135.8695652173913,,,135.8695652173913,,,5,
20848,Kiran Sagar M,FALSE,0.097765363,0.097765363,finishing allrounder,3,,75,15,7.177777777777778,2.062970720135751,-1,0.9999999999999998,16,
20850,Jose Perayil,FALSE,0.112,0.112,finishing allrounder,44,,95.65217391304348,9,7.641025641025641,21.061808198591738,3.999999999999999,-4.71E-16,10,27.67
20854,Prasoon Prasad,FALSE,0.112,0.112,finishing allrounder,154,,205.33333333333334,12,5.869565217391305,0.7023340200218794,111.99999999999997,-4,14,
20855,Monu Krishna,FALSE,0.112,0.112,finishing allrounder,14,,48.275862068965516,24,7.425882352941176,48.275862068965516,,2.9999999999999987,19,25.19
20861,Ashwin Anand,FALSE,0.098930481,0.098930481,batting allrounder,195,,116.76646706586827,1,8.516129032258064,116.76646706586827,56.99999999999997,0.9999999999999998,8,
20862,Ananthakrishnan J,FALSE,0.112,0.112,finishing allrounder,130,,130,8,6,2.060998274328302,-37.5,,11,
20863,Abhishek R Nair,FALSE,0.097765363,0.097765363,top/middle,83,,90.21739130434783,2,7.75,90.21739130434783,48.99999999999999,,7,
20864,Adithya Krishnan K,FALSE,0.058558559,0.058558559,finishing allrounder,13,,50,4,5.503759398496241,50,,,7,
20865,Sreehari Nair,FALSE,0.19491525423728814,0.19491525423728814,finishing allrounder,28,,62.22222222222222,30,6.235714285714286,3.684387138391481,6.499999999999998,1.4999999999999993,27,27.51
20866,Muhammed Sharafuddeen,FALSE,0.36,0.36,finishing allrounder,324,,150.69767441860466,54,7.458715596330276,2.524260055016895,64.49999999999997,-2,33,
20867,Rabin Krishna M,FALSE,0.098930481,0.098930481,finishing allrounder,88,,133.33333333333334,6,4.764705882352941,133.33333333333334,,,5,
20869,Asif Salam,FALSE,0.039421813,0.039421813,finishing allrounder,1,,33.333333333333336,8,7.538461538461538,33.333333333333336,,,7,
20870,Subin S,FALSE,0.097765363,0.097765363,top/middle,173,,98.29545454545455,,,7.921690887548939,-8,,17,
20871,Gireesh P G,FALSE,0.097765363,0.097765363,finisher,110,,104.76190476190476,,,1.5044219774935828,-22,,15,
20874,Anand Krishnan,FALSE,0.21153846153846154,0.21153846153846154,opener,797,,118.07407407407408,0,12,6.698833608439052,103.49999999999999,,28,
20875,Jofin Jose C,FALSE,0.039421813,0.039421813,finishing allrounder,39,,60.9375,4,7.6,60.9375,,,8,
20877,Anuj Jotin,FALSE,0.112,0.112,top/middle,300,,111.52416356877323,0,12,11.834312055162075,-40.5,,16,
20878,Neeraj Kumar M N,FALSE,0.097765363,0.097765363,top/middle,63,,150,,,150,,,2,
20879,Mannembeth Sreeroop,FALSE,0.112,0.112,finishing allrounder,126,,100.8,17,8.903225806451612,5.523779359053082,29.999999999999993,-0.5,15,
20880,Vaisakh Chandran,FALSE,0.097765363,0.097765363,finishing allrounder,5,,71.42857142857143,7,6.4941176470588236,71.42857142857143,,2.4999999999999996,13,
20881,Vishnu P Kumar,FALSE,0.039421813,0.039421813,finishing allrounder,0,,0,3,7.176470588235294,0,,-3,3,
20882,Muhammed Afriedh K T,FALSE,0.058558559,0.058558559,finishing allrounder,5,,166.66666666666666,5,7.135135135135135,166.66666666666666,,,4,
20884,Afrad Reshab P N,FALSE,0.097765363,0.097765363,finishing allrounder,11,,78.57142857142857,11,6.098360655737705,78.57142857142857,,-5,9,
20886,Nikhil Thottath,FALSE,0.22535211267605634,0.22535211267605634,finisher,512,,135.09234828496042,,,15.805696696149559,12.999999999999996,,27,26.02
20887,Sreenath Kodakkadath,FALSE,0.097765363,0.097765363,top/middle,133,,110.83333333333333,,,110.83333333333333,,,6,
20894,Aman Khan,TRUE,1,1,batting allrounder,1154,,157.2207084468665,46,7.461847389558233,2.2672531009785164,125.79999999999998,8.6,51,29.01
20937,Arjun Sharma,FALSE,0.112,0.112,finishing allrounder,14,,175,6,5.506849315068493,0.8210872688791694,,,3,29.51
20985,Raman Bishnoi,FALSE,0.039421813,0.039421813,finishing allrounder,155,,174.1573033707865,12,6.6467065868263475,4.254437926382173,,,10,27.93
20987,Bhagmender Lather,FALSE,0.2,0.2,finishing allrounder,201,,125.625,7,8.095890410958905,2.687404948861055,55.49999999999998,0.9999999999999998,9,28.44
20989,Vivrant Sharma,TRUE,0.8904109589041096,0.8904109589041096,top/middle,97,,107.77777777777777,0,9.714285714285714,2.2907173774459815,-37.5,,6,28.28
20990,Vivek Vashisht,FALSE,0.039421813,0.039421813,finishing allrounder,9,,60,7,7.515789473684211,60,,,6,27.06
21008,Rishav Raj,FALSE,0.039421813,0.039421813,finisher,0,,0,,,0,,,2,29.81
2101,Quinton de Kock,TRUE,1,0.85,opener,2164,,132.4357405140759,,,2.6264116726136124,-143.1,,75,32.94
21026,Kumar Rajnish,FALSE,0.039421813,0.039421813,finisher,27,,84.375,,,84.375,,,2,31.91
21029,Bipin Saurabh,FALSE,0.15625,0.15625,opener,328,,135.53719008264463,,,10.031619338779688,-28.6,,9,26.02
21058,Baljeet Singh Bihari,FALSE,0.027149321266968326,0.027149321266968326,top/middle,21,,105,,,105,,,1,23.2
2119,Kennar Lewis,FALSE,0.098930481,0.084090909,opener,123,,109.82142857142857,,,10.876430758201668,-23.5,,9,34.28
21196,Mohammad Waheed,FALSE,0.027149321266968326,0.027149321266968326,finishing allrounder,1,,100,2,7.75,100,,,1,22.2
21388,Martin Coetzee,FALSE,0.039421813,0.027595269,finisher,37,,160.8695652173913,,,160.8695652173913,,,3,37.12
217,Ben Cutting,FALSE,0.097765363,0.068435754,finisher,38,,86.36363636363636,1,8.8,0.8889947442017071,,,3,38.82
21784,Brad Evans,FALSE,0.039421813,0.039421813,finishing allrounder,8,,47.05882352941177,8,7.836734693877551,2.746343473251906,,,4,28.68
21790,Tashinga Musekiwa,FALSE,0.039421813,0.039421813,finisher,19,,76,,,1.314983175124003,,,4,25.79
2199,Mominul Haque,FALSE,0.098930481,0.084090909,top/middle,69,,82.14285714285714,1,7,1.099764682056677,-34.5,,5,34.16
220,David Warner,TRUE,1,0.7,opener,1812,,134.32171979243884,,,2.6111721856762853,32.20000000000002,,53,39.08
2201,Arafat Sunny,FALSE,0.22535211267605634,0.15774647887323942,finishing allrounder,93,,76.85950413223141,32,6.689127105666156,16.425618496974835,18.999999999999996,1.7999999999999992,34,39.16
2205,Ziaur Rahman,FALSE,0.45901639344262296,0.32131147540983607,finishing allrounder,247,,129.3193717277487,14,8.181818181818182,2.136519334298818,-22.3,0.7999999999999998,24,38.98
2207,Mizanur Rahman,FALSE,0.098930481,0.084090909,top/middle,44,,63.768115942028984,,,2.7516758214805006,-1,,7,34.33
2208,Mukhtar Ali,FALSE,0.19491525423728814,0.13644067796610168,finishing allrounder,29,,80.55555555555556,3,8.736263736263735,3.049856229896219,2.9999999999999996,0.9999999999999998,13,36.13
2210,Sabbir Rahman,FALSE,0.36,0.306,top/middle,347,,119.65517241379311,0,8,2.116294116236056,28.78571428571429,,22,34.01
2212,Ariful Haque,FALSE,0.45901639344262296,0.3901639344262295,finishing allrounder,423,,125.51928783382789,3,9.891089108910892,3.454718607,41.7,0.29999999999999993,39,33.02
2213,Soumya Sarkar,FALSE,0.625,0.53125,top/middle,844,,109.6103896103896,9,8.815789474,5.813482130319726,27.100000000000016,0.10000000000000007,53,32.75
2214,Gulbadin Naib,TRUE,0.8904109589041096,0.7568493150684932,batting allrounder,202,,117.44186046511628,2,6.8478260869565215,1.4828397485541351,9.499999999999986,0.9999999999999998,14,34.48
2216,Amir Hamza Hotak,FALSE,0.112,0.0952,finishing allrounder,17,,48.57142857142857,8,6.5675675675675675,0.5602266054646273,-8.5,-4,10,34.29
2218,Anamul Haque,FALSE,0.8181818181818182,0.6954545454545454,top/middle,1282,,120.0374531835206,,,2.580377356844959,11.999999999999996,,50,32.94
2226,Nasir Hossain,FALSE,0.36,0.306,batting allrounder,366,,115.82278481012658,16,6.502463054187192,5.011832110491366,,,12,33.99
2228,Alauddin Babu,FALSE,0.22535211267605634,0.19154929577464788,finishing allrounder,100,,119.04761904761905,17,8.083969465648854,2.010968991396637,-13.21428571,-0.714285714,13,33.98
2229,Al-Amin Hossain,FALSE,0.22535211267605634,0.19154929577464788,finishing allrounder,38,,62.295081967213115,25,8.681912681912682,0.5637318875148396,-16.5,-7.5,23,32.92
223,Steven Smith,TRUE,1,0.7,top/middle,380,,115.5015197568389,,,4.760585836313142,-48.4,,22,36.48
2230,Kamrull Rabbi,FALSE,0.36,0.306,finishing allrounder,18,,138.46153846153845,26,9.086124401913876,0.917451101,-4.4,-3,24,33.96
2231,Nazmul Islam,FALSE,0.097765363,0.083100559,finishing allrounder,13,,65,17,7.424749163879599,65,-11,-2.3,16,34.69
2232,Sohag Gazi,FALSE,0.112,0.0952,finishing allrounder,23,,56.09756097560975,13,8.041493776,0.690132949,-0.333333333,-2.333333333,12,34.31
2234,Nadif Chowdhury,FALSE,0.098930481,0.069251337,finisher,6,,600,,,600,,,1,38.6
224,Moises Henriques,TRUE,0.8904109589041096,0.6232876712328766,finishing allrounder,166,,103.75,4,4.388059701492537,3.8763463153979205,,,15,38.82
2246,Tom Latham,FALSE,0.22535211267605634,0.19154929577464788,top/middle,353,,107.95107033639144,,,3.3056907198559355,17.499999999999993,,13,33.65
2249,Taijul Islam,FALSE,0.098930481,0.084090909,finishing allrounder,9,,90,12,6.893203883495145,90,-1.714285714,1.4,15,33.8
2250,Colin de Grandhomme,FALSE,0.097765363,0.068435754,batting allrounder,18,,72,1,4.363636363636363,72,,,5,39.35
2254,Rahul Shukla,FALSE,0.097765363,0.068435754,finishing allrounder,1,,100,7,9.096774193548388,100,,-1.5,3,35.25
2255,Sujit Nayak,TRUE,0.8904109589041096,0.6232876712328766,finishing allrounder,135,,128.57142857142858,1,6.571428571428571,1.6423198626512294,0.7499999999999959,-0.5,8,36.43
2256,Apoorv Wankhade,TRUE,0.8904109589041096,0.7568493150684932,top/middle,466,,139.1044776119403,,,4.385330868472775,6.300000000000002,,20,33.7
22565,Waseem Muhammad,TRUE,0.098930481,0.098930481,opener,103,,100,,,1.3002887263049514,100.99999999999999,,4,31.79
22568,Kadeem Alleyne,FALSE,0.039421813,0.039421813,finisher,10,,66.66666666666667,0,8,0.8998533449756817,,,3,24.9
2257,Chirag Jani,FALSE,0.8904109589041096,0.6232876712328766,finishing allrounder,580,,116.70020120724347,61,7.217948717948718,1.7964968014437954,15.3,3,39,36.05
2258,Sanju Samson,TRUE,1,1,top/middle,3666,,145.01582278481013,,,1.8962325818600265,81.19999999999999,,132,31.04
2259,Kuldeep Raval,FALSE,0.112,0.0784,finishing allrounder,75,,127.11864406779661,6,6.068965517241379,127.11864406779661,,,5,39.99
2261,Harshal Patel,TRUE,1,0.7,finishing allrounder,314,,110.95406360424029,149,8.019444444444444,2.0997578559591026,-20.1,-5.9,99,35.01
22862,Aks Swadhin,FALSE,0.097765363,0.097765363,finishing allrounder,1,,100,3,8.426966292134832,100,,,4,23.12
22868,Zahiduzzaman Khan,FALSE,0.097765363,0.097765363,finisher,18,,85.71428571428571,,,85.71428571428571,,,1,29.4
22876,Towfiq Khan,FALSE,0.112,0.0952,top/middle,116,,104.50450450450451,,,2.2690248361974614,29.99999999999999,,7,34.46
22877,Imran Uzzaman,FALSE,0.098930481,0.098930481,top/middle,52,,72.22222222222223,,,2.9781522072369717,-3,,9,31.06
22888,Sajjadul Haque,FALSE,0.039421813,0.027595269,top/middle,0,,0,,,0,,,1,35.88
22889,Sabbir Hossain,FALSE,0.058558559,0.058558559,batting allrounder,79,,103.94736842105263,2,11.16,1.695403023,58.999999999999986,0,11,28.7
22892,Rahmat Ali,FALSE,0.027149321266968326,0.027149321266968326,finishing allrounder,0,,0,1,6,0,,,1,
22896,Pritom Kumar,FALSE,0.039421813,0.039421813,top/middle,12,,57.142857142857146,,,1.2510058939183204,-6,,3,24.02
22920,Jacob Duffy,TRUE,0.8904109589041096,0.8904109589041096,finishing allrounder,24,,82.75862068965517,40,6.449477351916376,1.377797781883062,1.1428571428571426,6.285714285714283,29,31.32
2299,Gurkeerat Singh Mann,FALSE,0.2,0.13999999999999999,batting allrounder,83,,92.22222222222223,0,7.125,1.4711208179887534,2.499999999999999,,7,35.41
23,Piyush Chawla,TRUE,1,0.7,finishing allrounder,155,,104.72972972972973,58,7.756232686980609,1.008097566412043,32.1,9.2,48,36.92
2304,Tymal Mills,TRUE,0.8904109589041096,0.7568493150684932,finishing allrounder,8,,53.333333333333336,11,10.239669421487603,0.6648861638517507,-8,-7,12,33.29
23146,Tahjibul Islam,FALSE,0.039421813,0.039421813,finisher,7,,116.66666666666667,,,116.66666666666667,,,2,21.34
2315,Reece Topley,TRUE,1,1,finishing allrounder,27,,75,37,8.277915632754343,1.6867657840096844,-1.928571429,-4.1,36,31.76
2316,Chris Morris,TRUE,1,0.7,finishing allrounder,67,,126.41509433962264,17,8.152671756,1.116974800889018,,,11,38.58
2320,Trent Boult,TRUE,1,0.7,finishing allrounder,93,,108.13953488372093,91,7.620507399577167,1.7786999867096667,-1.4,0.6,83,36.35
2321,Olly Stone,FALSE,0.097765363,0.083100559,finishing allrounder,0,,0,0,8.4,0,,,1,32.13
23311,Jacob Bethell,TRUE,0.45901639344262296,0.45901639344262296,top/middle,420,,154.98154981549814,4,9.391304347826088,2.6354579679510732,73.99999999999999,3.999999999999999,20,22.09
2334,Dwaine Pretorius,TRUE,1,0.7,finishing allrounder,188,,132.3943661971831,20,7.921182266009852,2.136938729032781,2.000000000000003,-0.6,21,36.66
234,Daniel Christian,TRUE,1,0.7,finishing allrounder,105,,114.1304347826087,8,7.782857142857143,1.286381252397157,,,16,42.57
23423,Ram R,FALSE,0.21153846153846154,0.21153846153846154,top/middle,319,,110.38062283737024,,,2.122554571450236,26.499999999999996,,24,24.8
23426,TD Lokesh Raj,FALSE,0.14285714285714285,0.14285714285714285,finishing allrounder,51,,96.22641509433963,22,6.981412639405204,1.5007007597411666,-4.371428571,1.5428571428571427,15,25.57
23428,S Abhishek,FALSE,0.058558559,0.058558559,top/middle,103,,90.35087719298245,,,90.35087719298245,,,7,25.79
23430,AVR Rathnam,FALSE,0.112,0.112,finisher,12,,150,,,150,,,1,29.71
23431,Kishoor G,FALSE,0.097765363,0.097765363,finishing allrounder,6,,42.857142857142854,12,10.294416243654823,0.6892367681251205,1.9999999999999996,-3,11,
23432,Suganesh M,FALSE,0.039421813,0.039421813,finisher,8,,61.53846153846154,,,61.53846153846154,,,1,
23434,N Mohammed Ashik,FALSE,0.058558559,0.058558559,opener,14,,45.16129032258065,,,45.16129032258065,,,3,27.6
23435,M Rooban Raj,FALSE,0.097765363,0.097765363,finishing allrounder,0,,0,1,4.384615384615385,0,0,,3,27.32
23436,Affan Khader M,FALSE,0.039421813,0.039421813,finisher,0,,0,,,0,,,1,
23440,Karuppusamy A,FALSE,0.15625,0.109375,finishing allrounder,24,,92.30769231,8,7.610738255033557,3.335710074507395,1.5,-1,11,38.63
23441,Sharun Kumar,FALSE,0.097765363,0.097765363,finishing allrounder,2,,40,3,6.72972973,40,,,3,27.35
23443,Arjun Murthy,FALSE,0.112,0.112,top/middle,84,,100,,,2.3794410553813132,-2,,13,23.97
23445,Jitendra Kumar CH,FALSE,0.112,0.112,finisher,162,,120,0,7.666666666666667,3.9774794902941437,13.100000000000001,,18,
23448,Sri Neranjan R,FALSE,0.22535211267605634,0.19154929577464788,batting allrounder,211,,104.97512437810946,6,10.038461538461538,2.852466023351088,43.99999999999998,5.999999999999999,17,33.49
23450,Sai Sudharsan,TRUE,1,1,top/middle,3253,,140.8834993503681,1,6.3,3.9443309889775895,103.10000000000002,,77,24.11
23451,Jayaraman Suresh Kumar,FALSE,0.48437499999999994,0.41171874999999997,top/middle,1066,,136.49167733674776,,,8.244869570978034,-20.4,,40,35
23452,Atheeq Ur Rahman Ma,FALSE,0.36,0.36,finisher,419,,132.17665615141956,4,5.5,7.570691603843327,46.800000000000004,,24,27.96
23457,Yudheeswaran Valliappan,FALSE,0.22535211267605634,0.22535211267605634,finishing allrounder,4,,22.22222222222222,29,8.711009174311927,0.7296211562980123,-0.2,0.3999999999999998,28,27.76
23459,Ganesh R,FALSE,0.039421813,0.039421813,finishing allrounder,0,,0,1,11.538461538461538,0,,,2,
23461,Amith VP,FALSE,0.48437499999999994,0.48437499999999994,opener,1001,,119.59378733572282,,,4.021339734036028,37.89999999999999,,38,23.19
23462,M Mathivannan,FALSE,0.45901639344262296,0.45901639344262296,finishing allrounder,78,,95.12195122,29,6.780748663101604,2.9970103166329376,-6,-0.7,34,24.94
23464,Advaith Sharma,FALSE,0.039421813,0.039421813,finishing allrounder,5,,55.55555555555556,1,2.88,55.55555555555556,,,1,
23467,Gurjapneet Singh,TRUE,1,1,finishing allrounder,99,,139.43661971830986,50,6.682872928176796,2.3266492892038064,12.942857142857141,0.7428571428571423,38,27.05
2347,Colin Ackermann,FALSE,0.097765363,0.083100559,opener,2,,28.571428571428573,1,9.5,28.571428571428573,,,2,34.65
23470,P Praveen Kumar,FALSE,0.058558559,0.058558559,opener,46,,104.54545454545455,,,104.54545454545455,,,3,25.99
23472,Gowtham V,FALSE,0.098930481,0.098930481,finishing allrounder,18,,85.71428571428571,8,6.484848484848484,1.0183429189299054,-16,-1,7,23.38
23473,Rajkumar K,FALSE,0.098930481,0.098930481,top/middle,183,,93.36734693877551,,,4.195625859302237,-5.6,,14,
23474,Saravanan PK,FALSE,0.19491525423728814,0.19491525423728814,finishing allrounder,198,,135.6164383561644,15,7.383233532934132,4.544195842692358,21.2,-0.3,22,
23475,Rocky B,FALSE,0.098930481,0.084090909,finishing allrounder,0,,0,15,6.974729241877256,0,,0.885714286,15,32.72
2351,Danushka Gunathilaka,TRUE,0.9411764705882353,0.7999999999999999,top/middle,241,,103.87931034482759,1,8.689655172413794,1.776947738878183,-4.785714286,0.4999999999999999,21,34.7
2361,Temba Bavuma,TRUE,0.8904109589041096,0.6232876712328766,opener,175,,102.94117647058823,,,1.3228040632341918,-20.5,,15,35.53
2362,William Bosisto,FALSE,0.039421813,0.033508541,top/middle,298,,124.68619246861925,2,5.441860465116279,6.401305719253104,147.99999999999997,,10,32.22
2364,Ashton Agar,FALSE,0.21153846153846154,0.1798076923076923,finishing allrounder,81,,80.1980198,10,5.461538461538462,1.3975796004580412,4.999999999999998,1.9999999999999996,13,32.12
2367,Travis Head,TRUE,1,1,opener,1472,,166.3276836158192,0,13.363636363636363,3.401867996920962,190.60000000000002,0,47,31.91
23686,T Ajith Kumar,FALSE,0.097765363,0.097765363,finishing allrounder,0,,0,4,5.277108434,0,,,3,28.18
2373,Ashton Turner,TRUE,0.8904109589041096,0.7568493150684932,finishing allrounder,74,,77.08333333333333,1,4.304347826086956,3.500916594778485,-12.07142857,,10,32.84
2379,Ben Duckett,TRUE,0.9411764705882353,0.9411764705882353,top/middle,518,,149.71098265895955,,,1.8507801734864957,3.9285714285714266,,19,31.11
2382,Jamie Overton,TRUE,0.3125,0.3125,finishing allrounder,65,,118.18181818181819,15,8.418367346938776,1.3407112499063158,18.99999999999999,6.999999999999998,16,31.63
23857,Tharun J,FALSE,0.097765363,0.097765363,finishing allrounder,11,,91.66666666666667,1,9.9375,91.66666666666667,,,4,24.41
23858,Vignesh E,FALSE,0.097765363,0.097765363,finishing allrounder,5,,83.33333333333333,8,7.125,83.33333333333333,,,5,30.68
23859,Jerish A,FALSE,0.097765363,0.097765363,finisher,55,,114.58333333333333,,,114.58333333333333,,,5,25.88
2386,Niroshan Dickwella,FALSE,0.098930481,0.098930481,top/middle,14,,60.869565217391305,,,2.3613790404232176,,,2,29.43
23860,Logesh P,FALSE,0.112,0.112,top/middle,409,,106.23376623376623,0,2,106.23376623376623,-43.88461538,,30,25.79
23861,Palanisamy P,FALSE,0.097765363,0.097765363,finisher,30,,53.57142857142857,,,53.57142857142857,1.0384615384615385,,15,29.87
23862,Sivamurugan M,FALSE,0.112,0.112,top/middle,199,,118.45238095238095,,,118.45238095238095,-6.5,,15,28.51
23863,Vijith A,FALSE,0.097765363,0.097765363,finishing allrounder,2,,40,6,7.419354838709677,40,,,4,30.43
23864,Vishal Khokhar,FALSE,0.112,0.112,finishing allrounder,53,,94.64285714285714,26,7.798319327731092,94.64285714285714,-15,4.666666666666665,17,26.01
23865,Amarnath AC,FALSE,0.039421813,0.039421813,finishing allrounder,2,,66.66666666666667,0,7.846153846153846,66.66666666666667,,,2,25.49
23866,Gautham Srinivas R B,FALSE,0.097765363,0.097765363,top/middle,69,,75.82417582417582,,,75.82417582417582,-15,,15,27.45
23867,Jay Pandey,FALSE,0.22535211267605634,0.22535211267605634,top/middle,337,,103.37423312883436,2,5.285714285714286,103.37423312883436,24.333333333333325,-0.666666667,17,31.18
23868,Lawrence B,FALSE,0.097765363,0.097765363,finisher,5,,14.705882352941176,0,7.578947368421052,14.705882352941176,,,2,28.03
23869,Mohamed Safeequddin,FALSE,0.19491525423728814,0.19491525423728814,finishing allrounder,143,,111.71875,29,7.191066998,111.71875,-0.653846154,0.5,20,25.26
23870,Sathya Kumar A,FALSE,0.097765363,0.097765363,finishing allrounder,1,,9.090909090909092,5,6.8023255813953485,9.090909090909092,,,9,29.15
23871,Jullian Jacab,FALSE,0.2,0.2,finishing allrounder,159,,111.97183098591549,16,6.759740259740259,111.97183098591549,-6.230769231,1.333333333333333,22,25.98
23872,Madhankumar K,FALSE,0.097765363,0.097765363,finishing allrounder,0,,0,7,6.642857142857143,0,,,6,28.93
23873,Saie Sharan Y,FALSE,0.097765363,0.097765363,finishing allrounder,1,,50,12,7.076086956521739,50,,-1.846153846,9,23.74
23874,Siva Kumar S,FALSE,0.112,0.0952,finishing allrounder,29,,103.57142857142857,14,6.193548387096774,103.57142857142857,,,9,34.24
23875,Vijay Rajaram,FALSE,0.098930481,0.084090909,finishing allrounder,13,,100,8,6.471910112,100,,,5,34.59
23876,Aleti Karthik Reddy,FALSE,0.112,0.112,finishing allrounder,92,,113.58024691358025,2,6.625,113.58024691358025,,,7,27.06
23877,Kumar P,FALSE,0.097765363,0.068435754,top/middle,104,,96.29629629629629,,,96.29629629629629,,,7,41.34
23878,Malladi Subrahmanyam Sarma,FALSE,0.097765363,0.097765363,finishing allrounder,12,,44.44444444444444,6,5.055555555555555,44.44444444444444,,,5,26.36
23879,Sanjay Kansal R,FALSE,0.058558559,0.058558559,finishing allrounder,3,,33.333333333333336,1,8.4,33.333333333333336,,,2,24.07
23880,Ajith Kumar A,FALSE,0.097765363,0.097765363,opener,108,,96.42857142857143,,,96.42857142857143,,,6,28.94
23881,Muhammed Salmanul Faris,FALSE,0.097765363,0.097765363,finisher,12,,80,,,80,,,4,29.11
23882,Murugan P,FALSE,0.112,0.112,finishing allrounder,32,,118.51851851851852,5,6.7368421052631575,118.51851851851852,,,9,28.62
23883,Shreeraj Anant Gharat,FALSE,0.098930481,0.098930481,top/middle,177,,112.0253164556962,,,112.0253164556962,,,9,25.2
2394,Angelo Perera,FALSE,0.039421813,0.027595269,top/middle,17,,85,,,85,,,1,35.76
2399,Dushmantha Chameera,TRUE,1,0.85,finishing allrounder,100,,104.16666666666667,51,7.809782608695652,1.1554301086115097,-4.115384615,-1.6,49,33.88
24017,Brian Bennett,FALSE,0.039421813,0.039421813,opener,141,,128.1818181818182,0,4,18.11743105004819,,,4,22.05
2407,Dhananjaya de Silva,TRUE,0.8904109589041096,0.7568493150684932,batting allrounder,261,,114.97797356828194,2,7.463414634146342,2.5810166698835673,-6.1,0.49999999999999983,17,34.22
2410,Akshdeep Nath,FALSE,0.48437499999999994,0.41171874999999997,top/middle,809,,120.38690476190476,2,9.054545454545455,4.926117084,99.50000000000001,-2,32,32.55
2411,Sandeep Sharma,TRUE,1,0.85,finishing allrounder,34,,70.83333333333333,67,8.012631578947369,1.0383658782691783,1.570092458683775e-16,4.3999999999999995,61,32.53
2412,Smit Patel,FALSE,0.058558559,0.049774775,top/middle,22,,81.48148148148148,,,81.48148148148148,,,3,32.53
2413,Prashant Chopra,FALSE,0.2,0.17,opener,266,,101.52671755725191,1,14,2.7732527956942286,-3.942857143,,12,33.14
2414,Roosh Kalaria,FALSE,0.112,0.0952,finishing allrounder,7,,175,3,7.636363636363637,175,,,3,32.86
2415,Baba Aparajith,TRUE,1,1,batting allrounder,1621,,130.8313155770783,33,6.621359223300971,3.243543846129476,10.200000000000005,-4,48,31.39
2416,Kyle Mayers,TRUE,1,0.85,batting allrounder,1499,,142.2201138519924,14,6.469973890339426,2.6756006288864733,-66.1,1.9999999999999996,58,33.22
2417,Akeal Hosein,TRUE,1,0.85,finishing allrounder,236,,116.25615763546799,62,7.285094066570188,1.8585800742429452,1.7000000000000024,2.9999999999999996,64,32.59
24177,V Manga Satya Sumanth,FALSE,0.097765363,0.068435754,top/middle,44,,102.32558139534883,,,102.32558139534883,,,1,40.65
24178,Sowrrow Singh,FALSE,0.097765363,0.097765363,finishing allrounder,10,,111.11111111111111,6,7.912087912087912,111.11111111111111,,,4,
2418,Justin Greaves,FALSE,0.039421813,0.039421813,top/middle,6,,120,,,120,,,1,31.75
24180,A Angappan,FALSE,0.039421813,0.039421813,opener,31,,134.7826086956522,,,134.7826086956522,,,2,
2420,Ronsford Beaton,FALSE,0.039421813,0.033508541,finishing allrounder,10,,71.42857142857143,1,9,71.42857142857143,,,2,33.19
24204,Sabari Rajasekar,FALSE,0.039421813,0.039421813,finisher,8,,133.33333333333334,,,133.33333333333334,,,3,
24235,Deepak Shetty,TRUE,0.38461538461538464,0.3269230769230769,finishing allrounder,2,,66.66666666666667,11,9.591549295774648,66.66666666666667,,0.4999999999999999,9,34.25
24245,Shoaib Khan,FALSE,0.097765363,0.083100559,finisher,9,,69.23076923076923,0,8.333333333333334,69.23076923076923,,,1,32.97
24247,Unnimon Sabu,FALSE,0.097765363,0.097765363,top/middle,15,,60,0,14,60,,,4,28.03
24253,Ajith V,FALSE,0.112,0.112,finishing allrounder,5,,71.42857142857143,20,6.501070663811563,1.0201464803059765,2.9999999999999996,0.4999999999999998,28,31.52
24254,Unnikrishnan Manukrishnan,FALSE,0.38461538461538464,0.38461538461538464,finishing allrounder,265,,153.17919075144508,27,7.496746203904555,4.259418409983076,-7,-3.5,28,27.15
24256,Sanjay Raj,FALSE,0.19491525423728814,0.19491525423728814,top/middle,255,,127.5,,,57.21615174974709,206.9999999999999,,15,31.29
24259,Neel Sunny,FALSE,0.36,0.36,top/middle,339,,127.44360902255639,0,13,3.1083740042680654,-31,,19,27.32
24260,Rahul Sharma I,FALSE,0.22535211267605634,0.22535211267605634,finisher,253,,116.05504587155963,0,6.6923076923076925,5.214684580101527,5.499999999999994,,31,30.16
24263,Abhishek P Nair,FALSE,0.3125,0.3125,batting allrounder,330,,130.95238095238096,2,8.355555555555556,5.666051921713958,11.500000000000004,1.9999999999999996,25,25.3
24265,Adithya Mohan,FALSE,0.027149321266968326,0.027149321266968326,finisher,3,,75,,,75,,,1,26
24266,Arjun K,FALSE,0.36,0.36,finisher,395,,125,,,2.6425187231533487,60.999999999999986,,33,29.74
24267,Biju Narayanan,FALSE,0.22535211267605634,0.22535211267605634,finishing allrounder,59,,173.52941176470588,36,6.1450777202072535,12.815173083095079,9.999999999999996,-2.5,26,30.65
24273,Anaz Nazeer,FALSE,0.098930481,0.098930481,top/middle,93,,98.93617021276596,,,3.6034881786353736,18.99999999999999,,12,21.79
24278,Renjith Raveendran,FALSE,0.097765363,0.083100559,finishing allrounder,1,,10,5,9.103448276,10,,,4,32.49
24279,Mohmmed Anas EU,FALSE,0.098930481,0.098930481,finisher,78,,121.875,0,20,121.875,,,6,26.46
24282,Sachin PS,FALSE,0.112,0.112,finisher,94,,140.29850746268656,,,2.752587250753918,-14.5,,10,27.86
24283,Midhun PK,FALSE,0.097765363,0.097765363,finishing allrounder,2,,50,6,6.0588235294117645,50,,1.9999999999999996,5,31.58
24285,K Rakesh,FALSE,0.039421813,0.027595269,finishing allrounder,65,,95.58823529411765,1,7.457142857142857,95.58823529411765,,,8,42.54
24287,Rahul P,FALSE,0.19491525423728814,0.1656779661016949,top/middle,153,,161.05263157894737,,,161.05263157894737,,,5,33.81
24289,Devaadithyan S R,FALSE,0.039421813,0.039421813,top/middle,8,,38.095238095238095,,,38.095238095238095,,,2,23.29
24292,Anoop G,FALSE,0.058558559,0.058558559,finishing allrounder,4,,66.66666666666667,11,8.169014084507042,0.6948239136595661,,-7,12,27.22
24297,Balu Babu,FALSE,0.19491525423728814,0.19491525423728814,finishing allrounder,101,,88.59649122807018,15,7.621621621621622,3.384188523340086,-22.5,-2,14,31.04
24301,Preetish Pavan,FALSE,0.039421813,0.039421813,top/middle,29,,67.44186046511628,0,24,67.44186046511628,,,6,21.77
24302,Appu Prakash,FALSE,0.058558559,0.058558559,opener,130,,82.27848101265823,,,0.6954558158626304,-40,,10,21.63
24305,Ameersha SN,FALSE,0.039421813,0.039421813,opener,138,,135.2941176470588,,,21.96871039790597,39.999999999999986,,10,24.35
24307,Afrad Nazar,FALSE,0.039421813,0.039421813,finishing allrounder,3,,75,1,7.3,75,,,3,27.12
24310,Liston Augustine,FALSE,0.039421813,0.039421813,top/middle,39,,105.4054054054054,,,0.6979949602093525,,,3,27.83
24311,Sooraj CS,FALSE,0.097765363,0.097765363,finishing allrounder,3,,60,0,7.6,60,,,2,30.73
24313,Govind Pai,FALSE,0.2,0.2,top/middle,461,,115.82914572864321,,,25.391455053665386,22.49999999999998,,23,21.21
24316,Sanjeev Satheesan,FALSE,0.112,0.112,finisher,248,,151.21951219512195,,,37.348998750903824,85.49999999999999,,15,23.14
24320,Mohammed T,FALSE,0.098930481,0.069251337,top/middle,351,,132.95454545454547,,,5.387078432965733,46.999999999999986,,20,35.46
24321,Muhammed Ashiq,FALSE,0.112,0.112,finisher,103,,114.44444444444444,0,24,114.44444444444444,,,5,28.44
24323,Sivaraj S,FALSE,0.19491525423728814,0.1656779661016949,finishing allrounder,15,,75,15,6.4125,2.016834263669875,-1,10.999999999999998,21,32.83
24326,Amal G,FALSE,0.2,0.2,finishing allrounder,126,,131.25,22,7.414141414141414,4.600491435376688,-20,8.999999999999998,22,29.24
24327,Rohan Nair,FALSE,0.15625,0.15625,top/middle,294,,139.33649289099526,,,1.980142508449973,153.99999999999994,,9,22.88
24328,Anuraj J S,FALSE,0.039421813,0.039421813,finishing allrounder,0,,0,10,7.6,0,,-6,8,22.95
24336,Omar Abubacker,FALSE,0.112,0.112,opener,224,,103.70370370370371,3,8.065573770491802,8.899417613862873,69.99999999999997,,14,23.21
24339,Sreeharsh V Nair,FALSE,0.039421813,0.039421813,top/middle,26,,59.09090909090909,,,59.09090909090909,17.999999999999993,,5,23.99
24344,Saly V Samson,FALSE,0.098930481,0.084090909,finishing allrounder,215,,127.2189349112426,5,6.915254237288136,8.445499448409564,86.99999999999997,4.999999999999998,18,32.9
24345,Mohammed Ishaaq,FALSE,0.039421813,0.039421813,finishing allrounder,1,,20,18,6.6765578635014835,20,,-14,21,25.87
24347,Mashood P P,FALSE,0.057692307692307696,0.057692307692307696,finisher,29,,100,,,100,-11,,7,25.12
2435,Malinda Pushpakumara,FALSE,0.098930481,0.069251337,finishing allrounder,6,,60,4,7.3,60,,,3,38.68
24351,Yadhu Krishnan C,FALSE,0.057692307692307696,0.057692307692307696,finishing allrounder,4,,30.76923076923077,0,8.5,30.76923076923077,,,1,26.06
24354,Bovas M Justin,FALSE,0.098930481,0.098930481,finishing allrounder,14,,66.66666666666667,3,6.2,66.66666666666667,,,4,27.68
24355,Aditya Vinod,FALSE,0.039421813,0.039421813,finishing allrounder,6,,120,11,6.951219512195122,120,,6.999999999999998,8,
24358,Jerin PS,FALSE,0.2,0.2,finishing allrounder,70,,129.62962962962962,37,6.834782608695652,2.354895423323165,-12,6.499999999999998,30,23.88
2436,Dasun Shanaka,TRUE,1,0.85,finishing allrounder,1009,,127.88339670468947,32,7.809917355371901,1.7761539329467355,-24.6,1.2999999999999998,57,34.21
24372,Muzahir Raza,TRUE,0.112,0.112,finishing allrounder,46,,164.28571428571428,5,7.875,0.7012855370614547,45.999999999999986,0.9999999999999998,6,23.56
2439,Akila Dananjaya,TRUE,0.48437499999999994,0.41171874999999997,finishing allrounder,7,,87.5,4,8.097902097902098,0.9055717424953573,0.33333333333333326,0,7,32.15
2442,Lahiru Madushanka,FALSE,0.058558559,0.049774775,finisher,1,,33.333333333333336,,,33.333333333333336,,,1,33.2
2443,Dilshan Munaweera,FALSE,0.098930481,0.069251337,opener,51,,87.93103448275862,0,10.105263157894736,6.9965982953024115,,,3,36.59
24475,Rehan Ahmed,FALSE,0.14285714285714285,0.14285714285714285,finishing allrounder,38,,126.66666666666667,14,9.677419355,1.0375270424533964,-28,-6,10,21.29
24555,Vijayaraj B,FALSE,0.027149321266968326,0.027149321266968326,top/middle,9,,64.28571428571429,,,64.28571428571429,,,2,25.65
24556,Dhwaj Raichura,FALSE,0.098930481,0.084090909,finisher,49,,140,,,140,,,4,32.1
24559,Rohit Kumar,FALSE,0.039421813,0.039421813,finishing allrounder,1,,50,1,9.136363636363637,50,,,3,
24570,Vaibhav Yadav,FALSE,0.039421813,0.039421813,finishing allrounder,1,,50,19,6.410646388,50,0.9999999999999998,-11,12,25.08
24572,Sasank Singh,FALSE,0.039421813,0.039421813,top/middle,145,,106.61764705882354,,,106.61764705882354,32.99999999999999,,8,
24576,Suprodip Debnath,FALSE,0.027149321266968326,0.027149321266968326,opener,1,,20,,,20,,,1,
24578,Avirup Gupta,FALSE,0.039421813,0.033508541,finisher,9,,128.57142857142858,,,128.57142857142858,,,3,34.17
24580,Sumanta Gupta,FALSE,0.039421813,0.033508541,top/middle,260,,127.45098039215686,1,6,127.45098039215686,-68,,13,34.8
24587,Sk Hossain-I,FALSE,0.039421813,0.039421813,opener,157,,149.52380952380952,,,149.52380952380952,,,4,28.21
24590,Ayan Gupta,FALSE,0.039421813,0.039421813,finisher,72,,128.57142857142858,1,3,128.57142857142858,,,4,30.68
24598,Arin Roy,FALSE,0.039421813,0.039421813,finisher,5,,125,,,125,,,1,
24599,Geet Puri,FALSE,0.058558559,0.058558559,finishing allrounder,27,,84.375,22,7.330827067669173,84.375,-25,-6,16,31.06
2460,Ravikant Singh,FALSE,0.039421813,0.039421813,finisher,1,,100,0,7.894736842105263,100,,,2,31.69
24603,Kaushik Maity,FALSE,0.112,0.112,finishing allrounder,71,,94.66666666666667,12,6.949253731343283,8.934379287130998,-6,2.9999999999999996,17,26.12
24605,Akash Ghatak,FALSE,0.039421813,0.039421813,finishing allrounder,18,,150,7,8.756756756756756,150,,,6,29.12
24606,Ronit Ghosh,FALSE,0.039421813,0.039421813,finisher,196,,163.33333333333334,3,3.4285714285714284,163.33333333333334,39.999999999999986,,13,27.25
24610,Yuvraj Deepak Keswani,FALSE,0.039421813,0.039421813,finisher,72,,133.33333333333334,,,133.33333333333334,19.999999999999993,,5,25.09
2463,Ryan Burl,FALSE,0.38461538461538464,0.38461538461538464,finishing allrounder,682,,134.2519685,8,7.980861244019139,14.10801365443266,155.99999999999994,3.999999999999999,30,31.62
24764,Abdullah Al Mamun,FALSE,0.058558559,0.058558559,top/middle,51,,87.93103448275862,,,2.347086869206798,,,3,22
24767,Ripon Mondol,TRUE,0.8904109589041096,0.8904109589041096,finishing allrounder,26,,144.44444444444446,35,7.617511520737327,2.520203233705091,3.499999999999999,8.999999999999995,19,22.69
24768,Md Ashiqur Zaman,FALSE,0.039421813,0.039421813,finishing allrounder,0,,0,0,9.724137931034482,0,,0,3,23.03
24779,Ijaz Ahmadzai,FALSE,0,0,top/middle,12,,42.857142857142854,,,42.857142857142854,,,1,22.43
24808,Avinash Kumar,FALSE,0.039421813,0.039421813,top/middle,7,,41.17647059,,,41.17647059,,,2,
24809,Shuvam Dey,FALSE,0.039421813,0.039421813,top/middle,245,,106.06060606060606,,,106.06060606060606,-47,,15,30.24
24811,Prabhat Maurya,FALSE,0.039421813,0.039421813,finishing allrounder,0,,0,1,8.608695652173912,0,,,2,23.13
2483,Lizaad Williams,TRUE,0.8904109589041096,0.7568493150684932,finishing allrounder,13,,52,23,9.415662651,0.8249317024074659,1.114285714285714,-0.885714286,17,32.15
2485,Babar Azam,TRUE,1,1,top/middle,2024,,128.9993626513703,,,3.1877410942353688,-29.6,,65,31.12
24867,Ompal Boken,FALSE,0.039421813,0.027595269,finisher,10,,41.666666666666664,,,41.666666666666664,,,4,37.11
24888,Nipan Deka,FALSE,0.2,0.2,finishing allrounder,226,,193.16239316239316,14,5.7844311377245505,2.1245210260157537,-19.57142857,0,13,24.03
24889,Akash Sengupta,FALSE,0.19491525423728814,0.19491525423728814,finishing allrounder,59,,155.26315789473685,10,8.359550561797754,1.2223465917055671,-23.5,-4,7,25.08
24890,Ayush Agarwal,TRUE,0.4,0.4,top/middle,127,,113.39285714285714,,,33.354095328225846,-113,,9,24.64
24893,Ishan Ahmed,FALSE,0.112,0.112,batting allrounder,191,,97.94871794871794,7,6.1875,1.4680784814821175,164.99999999999994,-1,10,26.92
24895,Nibir Deka,FALSE,0.039421813,0.039421813,top/middle,218,,127.48538011695906,,,9.982233697,,,8,24.03
24898,Gaurav Talukdar,FALSE,0.039421813,0.039421813,top/middle,0,,0,,,0,,,1,24.1
2490,Mohammad Nawaz,TRUE,1,1,finishing allrounder,827,,127.62345679012346,66,7.262119967132293,3.189395146717588,47.3,4.3,65,31.69
24900,Nihar Deka,TRUE,0.098930481,0.098930481,batting allrounder,112,,107.6923076923077,7,6.452830188679245,107.6923076923077,,,7,24.03
24901,Roshan Basfor,FALSE,0.2,0.17,finisher,252,,90,,,7.601952156826705,-30.5,,17,34.13
24902,Aman Chetry,FALSE,0.19491525423728814,0.19491525423728814,finishing allrounder,196,,97.02970297029702,13,5.7012448132780085,2.671164234288549,12.5,-0.5,17,26.02
24903,Abdul Ajij Khuraishi,FALSE,0.027149321266968326,0.027149321266968326,finishing allrounder,2,,100,1,4.928571428571429,100,,,1,24.23
24905,Dharani Rabha,TRUE,0.8904109589041096,0.8904109589041096,finishing allrounder,132,,141.93548387096774,15,7.902439024390244,5.430004642972724,19.28571428571429,3.214285714285714,15,28.21
24906,Deepak Gohain,TRUE,0.112,0.0952,finishing allrounder,9,,128.57142857142858,22,4.942857142857143,160,,,11,33.79
24908,Sandip Paul Mazumder,FALSE,0.039421813,0.039421813,finisher,2,,66.66666666666667,,,66.66666666666667,,,2,
24913,Nihar Narah,FALSE,0.098930481,0.098930481,top/middle,46,,112.1951219512195,0,5,27.80409415,21.999999999999996,,5,23.13
24914,Danish Das,FALSE,0.058558559,0.058558559,opener,46,,112.1951219512195,,,112.1951219512195,,,3,25.27
24915,Bishal Saha,FALSE,0.125,0.125,top/middle,360,,109.7560975609756,,,5.861629060196625,45.49999999999998,,14,24.46
24916,Kalam Raiza,FALSE,0.058558559,0.058558559,finishing allrounder,128,,113.27433628318585,19,5.335877863,138.0952380952381,-70,-9,14,27.3
24918,Shivam Mittal,FALSE,0.097765363,0.097765363,batting allrounder,20,,47.61904761904762,1,6.947368421052632,47.61904761904762,,,5,22.71
24919,Sekhar Barman,TRUE,0.097765363,0.068435754,finishing allrounder,0,,0,5,7.776699029126213,0,,-3,10,36.96
24920,Nasir Ullah,FALSE,0.039421813,0.039421813,top/middle,107,,107,,,107,,,8,24.47
24921,Manashjyoti Gogoi,TRUE,0.097765363,0.083100559,top/middle,57,,93.44262295081967,,,93.44262295081967,-45,,4,33.07
24922,Sunil Lachit,FALSE,0.15625,0.15625,finishing allrounder,37,,154.16666666666666,26,6.08,3.130841089688586,5.9999999999999964,2.499999999999999,16,25.97
24926,Vikram Rawat,FALSE,0.058558559,0.058558559,batting allrounder,0,,0,1,7.459459459,0,,,2,22.99
24928,Siddarth Sharma,FALSE,0.027149321266968326,0.027149321266968326,batting allrounder,47,,82.45614035087719,14,4.666666666666667,82.45614035087719,,,4,26.97
24929,Raj Agarwal,FALSE,0.039421813,0.039421813,batting allrounder,166,,167.67676767676767,3,6.285714285714286,167.67676767676767,,,4,29.1
24931,Denish Ahmed,FALSE,0.112,0.112,finishing allrounder,73,,110.60606060606061,0,8.712328767123287,5.620708926687373,27.49999999999999,0,10,25.27
24932,Asif Wasimul Haque,FALSE,0.039421813,0.039421813,top/middle,107,,118.88888888888889,0,5.571428571428571,118.88888888888889,,,6,
24934,Dibakar Johori,TRUE,0.098930481,0.098930481,finishing allrounder,6,,150,9,6.545454545454546,150,,,6,
24935,Hridip Deka,FALSE,0.039421813,0.039421813,finishing allrounder,14,,93.33333333333333,6,6.130434782608695,93.33333333333333,,,4,26.13
24937,Rabi Chetri,TRUE,0.38461538461538464,0.38461538461538464,finishing allrounder,13,,65,13,6.7611940298507465,27.52428999478669,8.999999999999996,4.999999999999998,9,22.95
24938,Sahil Ahmed,FALSE,0.039421813,0.039421813,finishing allrounder,14,,41.17647059,2,5.277777777777778,37.5,-8,0,8,
24940,Chanakya Sarma,FALSE,0.112,0.0784,finishing allrounder,47,,138.23529411764707,13,6.174418604651163,1.0979064004995107,20.499999999999993,-4.5,11,37.41
24941,Anurag Talukdar,FALSE,0.2,0.2,finisher,222,,173.4375,,,11.80072371781364,-13,,9,27.93
24943,Gunjan Deka,FALSE,0.039421813,0.039421813,batting allrounder,99,,137.5,16,7.101449275362318,137.5,-93,-6,10,25.1
24945,Nilotpal Das,FALSE,0.039421813,0.039421813,finisher,0,,0,0,8.571428571428571,0,,,1,24.71
24947,Pushparaj Sharma,FALSE,0.112,0.112,finishing allrounder,1,,14.285714285714286,37,5.609756097560975,100,-1,-2,25,31.19
24948,Akash Chetri,FALSE,0.15625,0.15625,finishing allrounder,162,,131.70731707317074,8,6.4945054945054945,98.21428571428571,51.99999999999997,5.999999999999999,15,24.47
24949,Kunal Sarma,FALSE,0.21153846153846154,0.21153846153846154,finishing allrounder,95,,141.7910447761194,7,8.029411764705882,5.085721437545764,-16.5,0.4999999999999999,8,26.81
250,Aaron Finch,TRUE,1,0.7,opener,618,,118.61804222648752,,,2.7382879809125806,363.99999999999994,,27,39.03
25027,Abir Chakraborty,FALSE,0.112,0.112,finishing allrounder,31,,64.58333333333333,12,6.731092437,1.438818901185841,-10.5,0,11,27.02
25030,Zaman Khan,TRUE,0.625,0.625,finishing allrounder,9,,81.81818181818181,11,7.012345679012346,1.1281701807502524,-7,2.9999999999999996,12,24.21
25048,Umran Malik,TRUE,1,1,finishing allrounder,28,,155.55555555555554,48,8.101960784313725,1.003288155540864,19.999999999999993,-2.5,37,26.01
25108,Ayush Singh,FALSE,0.039421813,0.039421813,top/middle,43,,113.15789473684211,,,113.15789473684211,26.999999999999993,,8,22.18
25128,Nqabayomzi Peter,TRUE,0.112,0.112,finishing allrounder,18,,105.88235294117646,7,8.271428571428572,2.451851115784055,,-5,6,23.96
25132,Praful Hinge,FALSE,0.039421813,0.039421813,finishing allrounder,6,,100,8,8.535211267605634,100,,,6,23.85
25133,Kshitiz Dahiya,FALSE,0.039421813,0.039421813,finishing allrounder,62,,105.08474576271186,3,6.4186046511627906,105.08474576271186,,,6,27.68
25136,Adhyan Daga,FALSE,0.039421813,0.039421813,top/middle,178,,167.9245283018868,0,10,167.9245283018868,,,7,26.01
25138,Harsh Dubey,TRUE,0.625,0.625,finishing allrounder,76,,110.14492753623189,11,7.7101449275362315,0.8138127575826875,36.99999999999999,2.6999999999999993,13,23.35
25139,Shubham Dubey,TRUE,1,1,finisher,565,,152.7027027027027,,,1.8443046350149455,46.1,,27,31.25
25148,Aniruddha Choudhari,FALSE,0.039421813,0.039421813,opener,45,,104.65116279069767,0,6,104.65116279069767,,,5,26.39
25150,Akshay Dullarwar,FALSE,0.039421813,0.039421813,finishing allrounder,5,,71.42857142857143,1,7.161290322580645,71.42857142857143,,,5,28.62
25151,Yash Kadam,FALSE,0.039421813,0.039421813,batting allrounder,184,,132.37410071942446,4,6,132.37410071942446,,,7,25.91
25152,Ganesh Bhosle,FALSE,0.039421813,0.039421813,finishing allrounder,4,,40,3,5.1940298507462686,40,,,5,24.15
25155,Tushar Kadu,FALSE,0.027149321266968326,0.027149321266968326,top/middle,10,,90.90909091,,,90.90909091,,,3,19.02
25156,Shivam Deshmukh,FALSE,0.039421813,0.039421813,top/middle,113,,144.87179487179486,,,144.87179487179486,,,7,24.18
25160,Satyam Bhoyar,FALSE,0.039421813,0.039421813,top/middle,28,,87.5,0,10,87.5,,,5,23.71
25162,Sooraj Rai,FALSE,0.039421813,0.039421813,finishing allrounder,23,,115,6,6.605504587155964,115,,,7,29.12
25170,Parth Rekhade,FALSE,0.039421813,0.039421813,batting allrounder,110,,161.76470588235293,2,7.514563106796117,1.3051442909057234,107.99999999999997,1.9999999999999996,6,26.36
25172,Aman Mokhade,FALSE,0.098930481,0.098930481,top/middle,90,,104.65116279069767,0,14,1.9222857317293756,29.333333333333325,,7,24.86
25173,Mandar Mahalle,FALSE,0.039421813,0.039421813,batting allrounder,107,,113.82978723404256,2,7.972602739726027,1.6594171837176666,80.99999999999996,1.9999999999999996,6,
25181,Nayan Chavan,FALSE,0.057692307692307696,0.057692307692307696,finisher,13,,65,,,65,,,2,25.86
25182,Gaurav Dhoble,FALSE,0.039421813,0.039421813,finishing allrounder,16,,61.53846153846154,3,7,61.53846153846154,,,3,
25184,Rahul Dongarwar,FALSE,0.039421813,0.039421813,finishing allrounder,0,,0,2,8.105263157894736,0,,,3,23.58
25187,Shanmesh Deshmukh,FALSE,0.039421813,0.039421813,finishing allrounder,4,,57.142857142857146,13,9.695121951219512,57.142857142857146,,,7,26.48
25213,Dewald Brevis,TRUE,1,1,top/middle,722,,155.93952483801297,1,16,2.206165489500898,104.19999999999997,,24,22.58
25216,Andile Simelane,TRUE,0.112,0.112,finishing allrounder,34,,94.44444444444444,5,9.947368421052632,1.362036133474736,-8,-3,6,22.9
2523,Will Young,FALSE,0.21153846153846154,0.1798076923076923,top/middle,221,,87.6984127,,,4.4105607524132795,-8.642857143,,16,33.01
25231,Samay Shrivastava,TRUE,0.11199999999998415,0.0952,finishing allrounder,15,,53.57142857142857,3,8.088607595,4.166666666666665,10.999999999999998,0.9999999999999998,9,34.71
2526,Ish Sodhi,TRUE,1,0.85,finishing allrounder,103,,88.79310344827586,49,7.897897897897898,1.1506073884172012,4.2,2.6999999999999997,53,33.07
2531,Joe Root,FALSE,0.098930481,0.084090909,top/middle,10,,66.66666666666667,0,7,66.66666666666667,,,3,34.91
2533,Najibullah Zadran,TRUE,0.8904109589041096,0.7568493150684932,finisher,373,,122.69736842105263,,,2.4892670101213374,53.499999999999986,,24,32.74
2534,Rahmat Shah,TRUE,0.039421813,0.033508541,top/middle,3,,50,,,50,,,1,32.39
25341,Mahfuzur Rabby,FALSE,0.039421813,0.039421813,finishing allrounder,20,,58.82352941,2,6.657534246575342,2.708638360175695,-10,-2,5,20.55
25353,Numan Shah,FALSE,0.039421813,0.039421813,top/middle,20,,105.26315789473684,,,105.26315789473684,,,1,19.6
25534,Chad Bowes,FALSE,0.112,0.0952,opener,157,,121.70542635658914,,,2.396036228806976,,,8,33.11
2558,Jayojit Basu,FALSE,0.039421813,0.027595269,opener,141,,106.81818181818181,,,106.81818181818181,,,9,36.2
2561,Sandipan Das Sr,FALSE,0.039421813,0.033508541,finishing allrounder,53,,69.73684210526316,8,9.6,69.73684210526316,-31,-4,12,32.99
2563,Arnab Nandi,TRUE,0.48437499999999994,0.33906249999999993,finishing allrounder,25,,75.75757575757575,6,8,75.75757575757575,6.999999999999999,0,9,38.21
2564,WS Porel,FALSE,0.039421813,0.027595269,top/middle,223,,92.53112033,,,92.53112033,-123,,14,36.24
25662,Jarajapu Durgakumar,FALSE,0.039421813,0.039421813,finishing allrounder,23,,82.14285714285714,1,8.307692307692308,82.14285714285714,4.999999999999998,0.9999999999999998,5,25.19
25663,Mitta Reddy,FALSE,0.039421813,0.039421813,finisher,177,,152.58620689655172,,,152.58620689655172,2.9999999999999996,,12,23.85
25664,Yarragunta Pramod,FALSE,0.039421813,0.039421813,finishing allrounder,4,,40,9,9,40,1.9999999999999996,-3,8,27.08
25665,Uddaraju Varma,FALSE,0.039421813,0.039421813,finishing allrounder,0,,0,4,7.147826086956521,0,,,5,26.32
25666,Sujit Yadav,FALSE,0.057692307692307696,0.049038462,finishing allrounder,90,,100,13,5.558139534883721,100,19.999999999999993,-5,13,34.44
25669,Priyansh Arya,TRUE,1,1,opener,1865,,173.97388059701493,0,9.454545454545455,4.490196422152692,386.4999999999999,0,48,24.86
25670,Samar Dubhashi,FALSE,0.039421813,0.039421813,finisher,6,,54.54545454545455,,,54.54545454545455,,,1,30.18
25671,Umang Kumar,FALSE,0.21153846153846154,0.21153846153846154,top/middle,280,,145.83333333333334,0,10,2.1292435943067938,36.49999999999999,,14,24.96
25672,Abhinav Tandel,FALSE,0.039421813,0.039421813,finisher,4,,50,1,11.1,50,,,1,27.18
25676,Sajeevan Akhil,FALSE,0.45901639344262296,0.3901639344262295,finishing allrounder,475,,110.72261072261072,26,6.824242424242424,7.6156286919675935,34.99999999999998,2.499999999999999,33,34.73
25678,Swapnil Fulpagar,FALSE,0.098930481,0.098930481,top/middle,90,,116.88311688311688,,,116.88311688311688,,,3,27.03
25679,Salil Arora,FALSE,0.22535211267605634,0.22535211267605634,top/middle,673,,147.58771929824562,,,147.58771929824562,25.499999999999982,,28,23.05
25680,Suraj Ahuja,FALSE,0.38461538461538464,0.38461538461538464,finisher,823,,144.13309982486865,,,1.7634583678355606,52.29999999999999,,40,26.18
25683,PS Poonia,TRUE,0.8181818181818182,0.8181818181818182,finishing allrounder,55,,148.64864864864865,8,8.089887640449438,5.051674223757565,18.99999999999999,0,8,30.96
25686,SS Majumder,FALSE,0.097765363,0.068435754,finisher,3,,50,1,8.5,50,,,1,37.94
25687,Bikramkumar Das,FALSE,0.19491525423728814,0.19491525423728814,opener,326,,126.84824902723736,,,1.3670002700369857,-35.4,,11,26.03
25689,Amit Ali,FALSE,0.098930481,0.098930481,finishing allrounder,19,,76,2,11.617021276595745,6.952417171800311,-0.5,0,4,23.09
25692,Bobby Yadav,FALSE,0.22535211267605634,0.22535211267605634,finishing allrounder,98,,98.98989898989899,19,8.693548387096774,3.157306259729148,11.999999999999995,-5.5,20,27.93
25694,Chandan Sahani,TRUE,0.36,0.36,finisher,52,,108.33333333333333,,,108.33333333333333,,,3,27.82
25695,Akshat Pandey,FALSE,0.19491525423728814,0.1656779661016949,finishing allrounder,73,,119.67213114754098,7,9.297520661157025,3.4299013392646476,-2.214285714,1.6428571428571435,15,32.69
25696,Yuvraj Singh,FALSE,0.112,0.112,finishing allrounder,12,,100,15,6.941704035874439,1.2180576879287153,4.999999999999998,-1.5,10,27.26
25697,Aravind Kothandapani,FALSE,0.098930481,0.098930481,top/middle,284,,121.88841201716738,,,121.88841201716738,,,10,
25700,L Singha,FALSE,0.112,0.112,finishing allrounder,16,,80,4,8.113636363636363,1.042235870489349,13.999999999999996,1.9999999999999996,6,28.93
25704,Md Saptulla,FALSE,0.19491525423728814,0.19491525423728814,finishing allrounder,21,,84,12,7.7215189873417724,5.065464394704865,3.499999999999999,3.499999999999999,15,27.46
25705,James Lepcha,FALSE,0.039421813,0.027595269,top/middle,60,,73.17073170731707,,,73.17073170731707,,,6,36.59
25706,Sourabh Majumdar,TRUE,0.8904109589041096,0.8904109589041096,finishing allrounder,21,,105,31,7.678958785249458,0.8615906907766742,2.0999999999999996,6.299999999999998,20,26.81
25708,Nikhil Kohli,FALSE,0.098930481,0.098930481,finishing allrounder,13,,144.44444444444446,8,5.931818181818182,144.44444444444446,,,4,20.48
25710,Amrit Lubana,FALSE,0.039421813,0.039421813,finishing allrounder,123,,101.65289256198348,11,7.282442748091603,7.632490752530564,94.99999999999997,8.999999999999996,10,28.6
25712,bharath sharma,TRUE,1,1,finishing allrounder,188,,108.04597701149426,51,6.996515679442509,1.5542395593383627,-2,-0.8,39,30.03
25715,Pite van Biljon,FALSE,0.098930481,0.069251337,finisher,36,,120,,,120,,,3,39.62
2573,Evin Lewis,TRUE,1,0.85,opener,986,,148.94259818731118,,,2.0984930811559286,-55.2,,42,33.92
25780,Harshit Rathoad,FALSE,0.097765363,0.097765363,finishing allrounder,0,,0,2,8.523364485981308,0,,,5,27.32
25843,Jay Gohil,FALSE,0.38461538461538464,0.38461538461538464,top/middle,764,,139.9267399267399,,,1.8273200765559978,39.6,,30,24.95
25844,Navneet Vora,FALSE,0.097765363,0.097765363,finishing allrounder,0,,0,9,6.917197452229299,0,,-7,8,30.93
25845,Aezaz Kothariya,FALSE,0.125,0.125,top/middle,176,,113.54838709677419,,,113.54838709677419,1.7857142857142858,,12,30.32
26075,Indrajit Orang,FALSE,0.027149321266968326,0.027149321266968326,finisher,111,,94.06779661,,,94.06779661,,,8,26.06
26076,Agniswar Das,FALSE,0.039421813,0.039421813,top/middle,80,,108.10810810810811,,,108.10810810810811,,,5,18.04
2611,Alex Ross,FALSE,0.098930481,0.084090909,top/middle,460,,118.25192802056556,,,9.409444986549252,-244,,19,33.61
26157,Mithilesh Das,FALSE,0.039421813,0.039421813,finishing allrounder,8,,44.44444444444444,1,7.880597014925373,44.44444444444444,,,6,31.98
26159,Anik Nandi,FALSE,0.039421813,0.039421813,finisher,10,,166.66666666666666,1,8,166.66666666666666,,,3,24.67
26161,Chandan Singh,FALSE,0.039421813,0.039421813,finishing allrounder,126,,144.82758620689654,9,6.222222222222222,144.82758620689654,,,7,28.86
26162,Subhankar Das,FALSE,0,0,opener,2,,28.571428571428573,1,7.68,28.571428571428573,,,1,
26165,Ronak Agarwal,FALSE,0.039421813,0.039421813,opener,221,,106.76328502415458,12,4.972222222222222,106.76328502415458,,,10,25.21
26169,Sonu Singh,FALSE,0.039421813,0.039421813,finishing allrounder,104,,160,9,5.640718562874252,160,,,8,29.91
2633,Jason Holder,TRUE,1,0.85,finishing allrounder,664,,131.22529644268775,112,8.058371735791091,1.9215759028334354,10.999999999999998,-2.6,85,34.06
2636,Adam Zampa,TRUE,1,0.85,finishing allrounder,32,,62.745098039215684,68,8.07,0.7498964132067526,-0.6,2.4999999999999996,53,33.66
2639,Marcus Stoinis,TRUE,1,0.7,finishing allrounder,1760,,146.05809128630705,42,8.874015748031496,2.4759006962070265,47.2,0.7000000000000004,97,36.28
26459,Bikash Das,FALSE,0.112,0.112,finisher,213,,85.88709677419355,,,20.621848355143676,7.9999999999999885,,21,25.8
26468,Sourav Dey,FALSE,0.058558559,0.058558559,finishing allrounder,2,,50,0,11.076923076923077,0.6924183694528013,,,3,21.93
26497,Rajkumar Pal,FALSE,0.039421813,0.039421813,finishing allrounder,5,,38.46153846153846,5,8.035714285714286,38.46153846153846,,,6,
26498,Tanmoy Pramanick,FALSE,0.039421813,0.039421813,finishing allrounder,72,,124.13793103448276,2,10,124.13793103448276,23.999999999999996,,7,31.09
2650,Raymon Reifer,FALSE,0.19491525423728814,0.1656779661016949,finishing allrounder,57,,101.78571428571429,4,8.740740741,2.4747640860362567,-4,1.9999999999999996,6,34.55
26514,Nimesh Vimukthi,FALSE,0.039421813,0.039421813,finishing allrounder,23,,121.05263157894737,1,7.747572815533981,121.05263157894737,,,4,28.56
26519,Janith Liyanage,TRUE,0.45901639344262296,0.45901639344262296,top/middle,95,,85.58558558558559,,,3.121049297614631,4.999999999999999,,6,30.38
26530,Treveen Mathew,FALSE,0.039421813,0.039421813,finishing allrounder,4,,28.571428571428573,7,4.909090909090909,28.571428571428573,,,3,21.45
2654,Kesrick Williams,FALSE,0.097765363,0.068435754,finisher,9,,60,0,5,60,,,1,35.88
26543,Kaushik Giri,FALSE,0.112,0.112,batting allrounder,308,,103.70370370370371,11,4.981132075471698,5.032555171003784,79.99999999999997,8.999999999999996,19,29
26557,Abhijeet Bhagat,FALSE,0.039421813,0.039421813,opener,40,,97.56097561,,,97.56097561,,,4,22.13
2657,Rahkeem Cornwall,FALSE,0.039421813,0.033508541,opener,22,,122.22222222222223,4,6.885245901639344,122.22222222222223,,,3,32.82
2661,Shamarh Brooks,TRUE,0.48437499999999994,0.33906249999999993,top/middle,150,,95.54140127388536,,,1.651391049812689,,,8,37.15
26646,Rahul Chopra,TRUE,0.112,0.112,top/middle,108,,93.91304347826087,,,1.1287397427833017,-32,,6,31.05
26663,Kwena Maphaka,TRUE,0.15625,0.15625,finishing allrounder,27,,103.84615384615384,14,9.428571428571429,1.038182184591576,-5,5.999999999999999,12,19.64
2667,Andre McCarthy,FALSE,0.039421813,0.027595269,top/middle,0,,0,,,0,,,1,38.47
26692,Kuldeep Gehi,FALSE,0.097765363,0.097765363,top/middle,45,,97.82608695652173,,,5.155270303044178,-8.5,,5,30.83
26694,Siddharth Mahesh Patidar,FALSE,0.21153846153846154,0.21153846153846154,top/middle,410,,131.4102564102564,,,7.514371048922753,73.85714285714285,,20,28.05
26695,Aman B Bhadoriya,FALSE,0.098930481,0.098930481,finishing allrounder,174,,168.93203883495147,9,7.476923076923077,177.77777777777777,13.999999999999996,2.5714285714285707,15,24.11
26702,Joseph Lalthankhuma,TRUE,0.45901639344262296,0.45901639344262296,batting allrounder,98,,76.5625,2,8.4,2.9823869191787904,5.999999999999997,,9,25.17
26703,Remruatdika Ralte,TRUE,0.45901639344262296,0.45901639344262296,finishing allrounder,7,,53.84615384615385,1,7.578947368421052,53.84615384615385,,,3,27.31
26704,Vikash Kumar,FALSE,0.112,0.112,finisher,24,,104.34782608695652,,,1.2097018711904077,-9.42E-16,,6,28.99
26707,RB Bishnoi,FALSE,0.097765363,0.068435754,finishing allrounder,2,,15.384615384615385,4,7.666666666666667,15.384615384615385,,,3,35.84
26708,Myendung Singpho,FALSE,0.112,0.112,batting allrounder,100,,129.87012987012986,2,9.076923076923077,1.5428238028009573,48.99999999999999,0,5,29.1
2671,Liton Das,TRUE,1,1,opener,2320,,123.93162393162393,,,3.594990589919793,127.60000000000001,,90,31.12
26713,Kumar Nyompu,FALSE,0.058558559,0.049774775,opener,9,,37.5,,,37.5,,,1,33.38
26714,Techi Sonam,FALSE,0.039421813,0.039421813,finisher,43,,97.72727272727273,1,0.75,97.72727272727273,,,9,28.48
26716,Hem Chetri,FALSE,0.039421813,0.039421813,finisher,205,,119.18604651162791,2,10.046511627906977,1.3938140832589485,180.99999999999997,1.9999999999999996,9,25.17
26717,Khrievitso Kense,FALSE,0.058558559,0.058558559,finishing allrounder,3,,30,6,9.246575342465754,0.6517997393095765,2.9999999999999996,0,9,21.72
26722,Rahul Tamang,FALSE,0.039421813,0.039421813,finishing allrounder,23,,121.05263157894737,12,5.4495412844036695,121.05263157894737,,,10,31.84
26734,Ram Gurung,FALSE,0.097765363,0.097765363,finisher,5,,83.33333333333333,0,11,0.69724623,-5,,3,27.62
26735,Riboklang Hynniewta,FALSE,0.039421813,0.039421813,top/middle,0,,0,0,6.5,0,,,2,28.2
2680,Nurul Hasan,FALSE,0.48437499999999994,0.41171874999999997,finisher,936,,118.33122629582806,,,2.964209223409528,46.99999999999999,,73,32.02
2681,Taskin Ahmed,TRUE,1,1,finishing allrounder,218,,117.20430107526882,98,7.3090909090909095,2.245550728753616,18.999999999999996,9.899999999999999,66,30.65
26819,Uday Saharan,FALSE,0.097765363,0.097765363,top/middle,119,,98.34710743801652,0,2,98.34710743801652,10.499999999999996,,9,21.22
26830,Nishant Kumar Sindhu,TRUE,0.8904109589041096,0.8904109589041096,finishing allrounder,162,,136.1344537815126,5,6.4,4.423175430359826,-6.5,0.9999999999999998,9,21.63
26831,Siddarth Yadav,FALSE,0.36,0.36,top/middle,800,,148.9757914,3,10.8,7.612734592,11.500000000000002,,29,22.29
26832,Aneeshwar Gautam Narendra,FALSE,0.48437499999999994,0.48437499999999994,top/middle,484,,109.50226244343891,4,9,3.9520507371728164,53.39999999999998,-1,36,22.86
26833,Dinesh Bana,FALSE,0.058558559,0.058558559,top/middle,17,,106.25,,,106.25,,,1,20.95
26834,Raj Bawa,TRUE,0.8904109589041096,0.8904109589041096,finishing allrounder,245,,125,14,7.226277372262774,3.211011560695931,51.39999999999999,4.999999999999999,20,23.04
26835,Kaushal Tambe,TRUE,0.8904109589041096,0.8904109589041096,finisher,303,,102.71186440677967,2,7.785714285714286,4.069753848817071,-46,7.850462293418875e-17,28,23.12
26836,Vicky Ostwal,FALSE,0.45901639344262296,0.45901639344262296,finishing allrounder,299,,115,26,6.718110236220473,4.005540245979174,82.99999999999997,1.9999999999999991,30,23.24
26837,Ravi Kumar,FALSE,0.039421813,0.039421813,finishing allrounder,6,,66.66666666666667,15,8.890243902439025,66.66666666666667,,2.1428571428571432,9,22.08
26839,Haseebullah Khan,FALSE,0.039421813,0.039421813,top/middle,36,,120,,,1.1281913227370848,,,3,22.69
2684,Sharjeel Khan,FALSE,0.098930481,0.069251337,opener,52,,86.66666666666667,,,3.6020496238167894,-2,,8,36.28
26843,Maaz Sadaqat,TRUE,0.039421813,0.039421813,opener,259,,167.09677419354838,7,4.333333333333333,167.09677419354838,,,5,20.53
26848,Ghazi Ghouri,TRUE,0.039421813,0.039421813,top/middle,64,,112.28070175438596,,,112.28070175438596,,,5,
26854,SM Meherob Hasan,TRUE,0.19491525423728814,0.19491525423728814,finishing allrounder,156,,105.4054054054054,12,6.55,2.1081080154131806,59.99999999999998,11.999999999999998,15,23.33
2687,Roston Chase,TRUE,1,0.85,finishing allrounder,564,,115.57377049180327,32,6.767045454545454,1.070939564403347,104.19999999999997,2.6,39,33.68
26882,Divyansh Joshi,FALSE,0.19491525423728814,0.19491525423728814,finishing allrounder,155,,142.2018348623853,0,10.578947368421053,3.665019234305661,12.499999999999995,0,16,24.17
26885,Bihari Rai,FALSE,0.19491525423728814,0.19491525423728814,finishing allrounder,1,,10,50,7.262711864406779,0.6352378253510408,-1,-2.5,34,26.31
26890,Kunal Tyagi,FALSE,0.097765363,0.097765363,finishing allrounder,0,,0,21,6.796261682,0,,2.9999999999999996,29,
26891,Vishal Pandey,FALSE,0.097765363,0.068435754,top/middle,14,,53.84615384615385,,,2.582535222562419,-12,,5,44.09
26894,Vineet Dubey,FALSE,0.039421813,0.039421813,finisher,3,,60,0,13.384615384615385,60,,,1,
26898,Sahab Sing,FALSE,0.039421813,0.039421813,finisher,24,,92.30769231,1,11.4,92.30769231,,,3,28.19
26899,Kunal Yadav,FALSE,0.058558559,0.058558559,finishing allrounder,2,,100,3,9.027027027027026,100,,-0.5,10,25.93
26901,Anchit Yadav,FALSE,0,0,opener,1,,14.285714285714286,,,14.285714285714286,,,3,23.21
26902,Hannan Rizwan,FALSE,0.039421813,0.039421813,top/middle,45,,86.53846153846153,,,86.53846153846153,,,3,
26906,Angkrish Raghuvanshi,TRUE,0.8904109589041096,0.8904109589041096,top/middle,785,,129.32454695222404,,,4.964497698447029,218.4999999999999,,38,20.44
26908,Aaradhya Yadav,FALSE,0.3125,0.3125,top/middle,704,,117.72575250836121,,,18.088654376304994,114.99999999999997,,30,21.48
26909,Yash Dhull,TRUE,1,1,top/middle,1215,,133.5164835164835,,,3.9098958267667174,77.6,,36,23.04
26910,Ansh Gosai,FALSE,0.112,0.112,top/middle,308,,121.25984251968504,3,6,121.25984251968504,36.50000000000001,,15,21.16
26911,Harnoor Singh Pannu,FALSE,0.112,0.112,opener,791,,143.8181818181818,,,143.8181818181818,-427,,16,22.83
26913,Shaik Rasheed,TRUE,1,1,top/middle,813,,127.2300469483568,0,10.428571428571429,4.361872303075664,114.49999999999997,0,29,21.17
26988,Jitenkumar Ramanandi,TRUE,0.039421813,0.039421813,finishing allrounder,25,,178.57142857142858,6,6.857142857142857,178.57142857142858,,,2,31.2
27,Christopher Gayle,TRUE,1,0.7,top/middle,632,,114.28571428571429,3,5.670329670329671,3.0200950266692277,-150,-1,33,46.18
27004,Hassnain Shah,FALSE,0.039421813,0.033508541,finishing allrounder,1,,20,2,8.930232558139535,0.687656907,,,2,33.11
27059,Karan Sonavale,TRUE,0.098930481,0.098930481,top/middle,73,,115.87301587301587,1,9,9.210833162782627,30.999999999999986,,6,
27069,Utkarsh Sahu,FALSE,0.039421813,0.039421813,finishing allrounder,13,,81.25,2,9,81.25,,,4,25.9
27071,Vinayak Shukla,TRUE,0.039421813,0.039421813,finisher,23,,92,,,2.062970720135751,,,3,31.44
27137,Hammad Mirza,TRUE,0.19491525423728814,0.19491525423728814,top/middle,220,,132.53012048192772,,,5.925515731241666,133.99999999999994,,9,27.55
27196,Rahul Singh,FALSE,0.039421813,0.033508541,finishing allrounder,13,,65,12,5.916666666666667,60,,,9,33.21
27259,Jishan Alam,TRUE,0.14285714285714285,0.14285714285714285,opener,222,,110.44776119402985,7,7.9655172413793105,4.259379486413625,191.99999999999997,4.999999999999998,16,21.05
27279,Pradeep Yadav,FALSE,0.039421813,0.039421813,finishing allrounder,2,,28.571428571428573,6,6.8076923076923075,,,,10,
27283,Karan Umatt,FALSE,0.039421813,0.039421813,finishing allrounder,3,,75,10,8.520710059171599,,,,10,21.35
27285,Amit Bhandari,FALSE,0.027149321266968326,0.019004524886877826,finisher,2,,22.22222222222222,,,,,,3,47.15
27286,Dhairya Pandey,FALSE,0.039421813,0.039421813,finisher,6,,100,,,,,,5,24.5
27287,Parikshit Patidar,FALSE,0.039421813,0.039421813,finisher,32,,133.33333333333334,0,6,,,,10,23.59
27293,Raj Limbani,FALSE,0.039421813,0.039421813,finishing allrounder,23,,135.2941176470588,16,8.970297029702971,80,14.999999999999995,13.999999999999996,15,20.81
27296,Atharva Joshi,FALSE,0.039421813,0.039421813,finishing allrounder,65,,122.64150943396227,2,8.666666666666666,,,,6,21.57
27301,Kartik Bharwad,FALSE,0.039421813,0.039421813,finishing allrounder,1,,33.333333333333336,1,8.384615384615385,,,,9,23.18
27302,Dhruv Patel,FALSE,0.039421813,0.039421813,opener,121,,123.46938775510205,,,,,,11,22.9
27304,Rajveer Jadhav,FALSE,0.039421813,0.039421813,top/middle,143,,128.82882882882882,,,,,,9,
27306,Aayush Rai,FALSE,0.027149321266968326,0.027149321266968326,top/middle,6,,54.54545454545455,,,,,,7,23.21
27310,Yashwardhan Singh,FALSE,0.039421813,0.039421813,finisher,13,,216.66666666666666,1,13.333333333333334,,,,1,23.27
27311,Keyur Kale,FALSE,0.039421813,0.039421813,finishing allrounder,21,,95.45454545454545,9,8.193548387096774,,,,10,21.59
27318,Tasmay Bedade,FALSE,0.039421813,0.039421813,finisher,45,,115.38461538461539,,,,,,4,23.22
27326,Lakshit Toksiya,FALSE,0.039421813,0.039421813,finishing allrounder,5,,166.66666666666666,19,7.824324324324325,,,,11,
27327,Sukirt Pandey,FALSE,0.039421813,0.039421813,top/middle,134,,101.51515151515152,1,6.529411764705882,,,,6,29.7
27328,Lakshy Padhiyar,FALSE,0.039421813,0.039421813,top/middle,121,,153.16455696202533,,,,,,8,24.14
27342,Amit Passi,FALSE,0.039421813,0.039421813,opener,100,,175.43859649122808,,,,,,6,26.25
27343,Kinit Patel,FALSE,0.027149321266968326,0.027149321266968326,finisher,13,,81.25,,,,,,5,24.28
27345,Shlok Desai,FALSE,0.039421813,0.039421813,batting allrounder,77,,110,4,7.457142857142857,,,,11,28.22
27349,Rachesh Tandel,FALSE,0.039421813,0.039421813,finisher,64,,100,,,,,,7,
27364,Simranjeet Kang,TRUE,0.039421813,0.039421813,finishing allrounder,2,,22.22222222222222,3,5.419354838709677,22.22222222222222,,,2,29.35
27373,Muhammad Farooq,TRUE,0.098930481,0.084090909,finishing allrounder,10,,32.25806451612903,7,5.928571428571429,0.6810998247310053,-10,-7,5,33.14
27380,Harshit Kaushik,TRUE,0.039421813,0.039421813,finishing allrounder,26,,108.33333333333333,0,12.48,1.0506835244460817,,,5,29.19
27391,Vishnu Sukumaran,TRUE,0.097765363,0.083100559,top/middle,15,,83.33333333333333,1,2.5714285714285716,83.33333333333333,,,2,34.9
274,Martin Guptill,TRUE,0.8904109589041096,0.6232876712328766,opener,237,,144.5121951219512,,,4.155840018074554,-67,,7,39.16
27452,Hemant Punde,FALSE,0.039421813,0.039421813,finishing allrounder,19,,118.75,3,6.989010989010989,,,,11,27.72
27453,Ram Bharwad,FALSE,0.039421813,0.039421813,finisher,7,,53.84615384615385,2,14.470588235294118,,,,7,26.9
27464,Aayan Khan,TRUE,0.039421813,0.039421813,finishing allrounder,9,,180,2,9.285714285714286,180,,,2,20.03
27465,Nilansh Keswani,TRUE,0.097765363,0.097765363,batting allrounder,24,,88.88888888888889,1,7.75,88.88888888888889,,,2,22.3
27466,Dhruv Parashar,TRUE,0.097765363,0.097765363,finishing allrounder,23,,60.526315789473685,1,6.257142857142857,1.4288839753449085,20.999999999999993,0.9999999999999998,4,20.94
27469,Aryansh Sharma,TRUE,0.039421813,0.039421813,opener,9,,50,,,50,,,2,20.98
27478,Utsav Chaudhary,FALSE,0.039421813,0.039421813,finisher,18,,100,,,,,,11,22.49
27487,Mahesh Pithiya,FALSE,0.098930481,0.098930481,finishing allrounder,30,,115.38461538461539,16,7.447368421052632,300,5.999999999999999,1.9999999999999991,21,23.93
27490,Akshay more,FALSE,0.039421813,0.039421813,top/middle,125,,135.8695652173913,,,,,,7,29.19
2750,Alex Carey,FALSE,0.112,0.0952,top/middle,91,,95.78947368421052,,,3.3238909187655357,-5.75,,11,34.25
27504,Dushan Hemantha,FALSE,0.058558559,0.058558559,finishing allrounder,13,,130,19,6.180722891566265,4.748294398222632,,,7,31.51
27516,Ihsanullah Ihsanullah,FALSE,0.098930481,0.098930481,finishing allrounder,6,,75,7,6.3125,75,,,4,23.13
27517,Yasir Khan,TRUE,0.098930481,0.098930481,top/middle,106,,110.41666666666667,,,6.2305724654942525,-20,,9,23.62
2755,Siddhesh Lad,TRUE,0.8904109589041096,0.7568493150684932,batting allrounder,368,,123.9057239057239,3,6.770642201834862,3.1614183304884267,56.57142857142857,-0.028571429,16,33.51
2756,Shashank Singh,TRUE,1,0.85,finisher,1274,,143.30708661417322,20,9.109311740890687,2.2203317801503117,173.80000000000004,2.5999999999999988,65,34.02
2758,Kevin Almeida,FALSE,0.112,0.112,top/middle,343,,129.92424242424244,0,18,9.974047003591966,150.49999999999994,,9,25.9
2767,Shivam Sharma,FALSE,0.098930481,0.084090909,finishing allrounder,161,,146.36363636363637,14,8.514851485148515,146.36363636363637,34.999999999999986,-2,17,32.21
2772,Abhay negi,TRUE,0.625,0.53125,finishing allrounder,131,,154.11764705882354,7,7.632,21.430518664368204,-21.5,-5,10,33.11
278,Tim Southee,TRUE,1,0.7,finishing allrounder,50,,89.28571428571429,60,7.733041575492341,0.8548052223588523,5,-2,39,36.96
2780,Liyan Khan,FALSE,0.19491525423728814,0.1656779661016949,top/middle,115,,108.49056603773585,,,6.030621946,,,7,34.02
2781,Ravikumar Samarth,TRUE,1,0.85,opener,772,,130.18549747048903,3,7.392857142857143,30.28345583243621,-20,2.9999999999999996,29,32.84
2790,Praveen Dubey,FALSE,0.8904109589041096,0.7568493150684932,finishing allrounder,487,,146.24624624624624,31,7.924324324324324,2.3608371773065784,42.68571428571428,0.9999999999999998,38,32.41
27953,Jyotsnil Singh,FALSE,0.22535211267605634,0.22535211267605634,opener,340,,128.78787878787878,2,3.8181818181818183,7.352578172,10.999999999999998,,18,27.95
27956,Prashant Solanki,TRUE,1,1,finishing allrounder,67,,126.41509433962264,57,8.431654676258994,1.5784697029856047,-6.5,5.8999999999999995,44,25.76
27957,Siddharth Raut,TRUE,0.45901639344262296,0.3901639344262295,finishing allrounder,11,,122.22222222222223,23,7.738515901060071,122.22222222222223,,2.499999999999999,15,32.43
27958,Sachin Yadav,TRUE,0.8904109589041096,0.8904109589041096,top/middle,474,,133.89830508474577,,,2.820878584519137,81.99999999999997,,20,31.64
27959,Hrithik Shokeen,TRUE,1,1,finishing allrounder,447,,122.46575342465754,22,7.5,1.835106620764691,23.699999999999992,0.7999999999999998,38,25.86
27960,Mayank Yadav,TRUE,0.48437499999999994,0.48437499999999994,finishing allrounder,1,,100,19,7.166666666666667,100,,1.1,14,23.45
27961,Dev Lakra,FALSE,0.112,0.112,finishing allrounder,235,,129.12087912087912,2,9.953488372093023,0.8996429654839694,93.99999999999999,1.9999999999999996,19,22.42
27962,Saurav Chauhan,TRUE,1,1,top/middle,446,,135.56231003039514,0,11,2.057335332975956,47.4,,20,25.5
27964,Anshul Kamboj,TRUE,0.8904109589041096,0.8904109589041096,finishing allrounder,34,,85,20,8.279635258358663,1.8814249291955263,1.3999999999999995,1.7999999999999994,19,24.97
27968,Avdhoot Dandekar,FALSE,0.058558559,0.040990991,opener,25,,86.20689655172414,,,86.20689655172414,,,2,35.39
27969,Anubhav Santosh Agarwal,FALSE,0.039421813,0.039421813,finishing allrounder,27,,150,3,9.473684210526315,183.33333333333334,4.999999999999998,0.9999999999999998,7,29.07
27970,Gurnoor Singh,FALSE,0.625,0.625,finishing allrounder,92,,148.38709677419354,32,8.139534884,1.111312493331982,13.999999999999996,13.999999999999996,24,25.51
27971,Prerit Dutta,FALSE,0.48437499999999994,0.48437499999999994,finishing allrounder,435,,138.53503184713375,35,6.949494949,138.53503184713375,-66,-4,29,27.18
27972,Aditya Jadeja,FALSE,0.058558559,0.058558559,finishing allrounder,9,,69.23076923076923,21,7.560975609756097,69.23076923076923,,7.499999999999997,13,23.69
27973,Kevin Jivrajani,FALSE,0.098930481,0.098930481,top/middle,144,,102.12765957446808,,,102.12765957446808,-7,,6,27.28
27976,Rakesh Pattanaik,FALSE,0.22535211267605634,0.19154929577464788,finishing allrounder,154,,122.22222222222223,13,7.113772455,3.784678181478887,-17,0.9999999999999998,15,33.41
27980,Shahbaz Hussain,FALSE,0.039421813,0.039421813,finisher,16,,55.172413793103445,,,4.325916781456764,3.999999999999999,,4,28.96
27981,Vishvas Malik,FALSE,0.039421813,0.039421813,finishing allrounder,9,,100,2,12,100,,,4,28.08
28,Ishant Sharma,TRUE,1,0.7,finishing allrounder,6,,46.15384615384615,43,7.606879606879607,1.1437908496732028,1.4999999999999998,0.7999999999999999,40,37.23
2800,Ganga Sridhar Raju,FALSE,0.625,0.53125,opener,968,,115.65113500597371,13,7.206030150753769,5.257892291739481,-36.6,0.085714286,39,32.59
28018,Ashok Sharma,TRUE,0.039421813,0.039421813,finishing allrounder,0,,0,3,8.024096385542169,0,,,3,23.44
28019,Ramesh Kumar,FALSE,0.039421813,0.039421813,finishing allrounder,11,,137.5,11,6.634615384615385,137.5,,,11,26.9
28020,Shubham Garhwal,FALSE,0.112,0.112,top/middle,35,,116.66666666666667,,,1.7523129598220866,20.999999999999993,,3,30.54
28021,Saurabh Dubey,FALSE,0.098930481,0.098930481,finishing allrounder,11,,55,8,7.608695652173913,55,,,7,27.84
28183,Eden Tom,FALSE,0.098930481,0.098930481,finishing allrounder,109,,137.9746835443038,11,8.112359550561798,2.4841377997831264,-81,-5,19,20.4
2823,Sohrab Dhaliwal,TRUE,1,0.85,finishing allrounder,625,,168.01075268817203,26,7.403389830508474,1.2848042748428539,-78.5,-3.5,35,34.02
28280,Sarvesh Rohilla,TRUE,0.22535211267605634,0.22535211267605634,finisher,45,,125,,,125,,,3,21.97
28353,Saurav Kr Shan,FALSE,0.039421813,0.039421813,opener,54,,83.07692307692308,,,83.07692307692308,35.999999999999986,,7,26.92
28354,Debajit Boruah,FALSE,0.22535211267605634,0.19154929577464788,batting allrounder,305,,94.13580247,16,5.2405063291139244,8.019226001361183,-36.5,0,20,32.85
28355,Nabajeet Ghosh,FALSE,0.098930481,0.098930481,top/middle,46,,97.87234042553192,,,1.3501554210357647,33.99999999999999,,9,31.81
28358,Priyangshu Dutta,FALSE,0.097765363,0.097765363,finisher,49,,104.25531914893617,,,104.25531914893617,,,7,21.59
28359,Arnab Borah,FALSE,0.039421813,0.039421813,top/middle,211,,88.65546218487395,,,98.7012987,-59,,12,20.85
28363,Pranjit Bora,FALSE,0.058558559,0.058558559,finisher,81,,75.70093457943925,0,6,27.400180305547295,-53,,11,
28368,Debraj Shrestha,FALSE,0.097765363,0.097765363,finishing allrounder,43,,110.25641025641026,5,4.188679245283019,110.25641025641026,,,3,
28374,Joges Sarma,FALSE,0.039421813,0.039421813,top/middle,0,,0,,,0,,,3,
28393,Dhruba Jyoti Das,TRUE,0.8904109589041096,0.8904109589041096,finishing allrounder,133,,103.90625,7,5.718120805369128,6.267989323,-35,-3,11,30.9
28394,Bijoy Deb,FALSE,0.058558559,0.058558559,batting allrounder,34,,94.44444444444444,6,6.473684210526316,94.44444444444444,,,3,
28396,Saurav Dey,FALSE,0.098930481,0.098930481,finishing allrounder,76,,102.70270270270271,2,7.9772727272727275,1.1159956464190772,-8,0,8,
28401,Bikash Chetry,FALSE,0.097765363,0.097765363,finishing allrounder,36,,48,21,4.622568093385214,45.45454545454545,15.999999999999996,14.999999999999995,12,
28402,Amanjit Daulagupu,FALSE,0.027149321266968326,0.027149321266968326,finishing allrounder,14,,50,0,4,50,,,2,
28406,Uday Shankar Das,FALSE,0.039421813,0.039421813,finisher,18,,120,,,120,,,3,
28408,Arijit Dutta,FALSE,0.039421813,0.039421813,opener,16,,53.333333333333336,,,53.333333333333336,,,3,
28410,Jogeswar Bhumij,FALSE,0.112,0.0952,finishing allrounder,106,,117.77777777777777,9,4.090909090909091,117.77777777777777,,,5,33.41
28411,Kallol Bhuyan,FALSE,0.039421813,0.039421813,top/middle,18,,78.26086956521739,,,78.26086956521739,,,5,
28412,Siddartha Sankar Baruah,TRUE,0.125,0.125,batting allrounder,237,,158,4,7.151515151515151,158,,,5,
28413,Dibash Hazarika,TRUE,0.625,0.625,top/middle,287,,108.30188679245283,1,6.428571428571429,3.890393872368022,206.9999999999999,-1,20,
28414,Rohit Prasad Rowniar,TRUE,0.36,0.36,finishing allrounder,29,,85.29411764705883,15,6.101694915254237,7.890242523339209,-27,-3,10,
28417,Dipankar Borah,FALSE,0.039421813,0.039421813,top/middle,24,,66.66666666666667,,,66.66666666666667,,,2,
28420,Shraban Kumar Khound,FALSE,0.058558559,0.058558559,top/middle,128,,93.43065693430657,0,4,16.506944830387035,-12,,8,
28421,Daikho Das,FALSE,0.098930481,0.098930481,finishing allrounder,74,,100,3,7.521126761,100,,,5,19.57
28422,Pawan Kr Majhi,FALSE,0.039421813,0.039421813,finishing allrounder,15,,46.875,5,4.561983471,46.875,,,5,
28423,Abinash Rowniar,TRUE,0.19491525423728814,0.19491525423728814,finisher,32,,53.333333333333336,,,0.6891378141418264,-32,,6,
28424,Rahul Rajak,FALSE,0.039421813,0.039421813,finisher,0,,0,,,0,,,1,
28426,Bikash Kurmi,TRUE,0.36,0.36,finishing allrounder,20,,51.282051282051285,10,4.690140845070423,1.8117810415617088,-4,-4,8,
28427,Aamir Noor Ali,TRUE,0.097765363,0.097765363,top/middle,34,,70.83333333333333,1,8.625,70.83333333333333,,,5,
28428,Kishan Rajak,FALSE,0.039421813,0.039421813,finishing allrounder,0,,0,3,7.880597014925373,0,,,4,
28430,Parag Barman,FALSE,0.098930481,0.069251337,finishing allrounder,1,,50,2,7.5,0.69724623,-1,0,5,35.28
28431,Nipujit Kalita,FALSE,0.039421813,0.039421813,finisher,6,,46.15384615384615,,,46.15384615384615,,,4,26.01
28433,Pritish Raha Ray,FALSE,0.039421813,0.039421813,finishing allrounder,0,,0,10,5.389830508474576,0,,7.999999999999998,8,21.9
28437,Ranjan Bikash Das,FALSE,0.039421813,0.039421813,finishing allrounder,2,,50,2,9.627906976744185,50,,1.9999999999999996,7,19.04
28438,Hrishikesh Das,FALSE,0.039421813,0.039421813,finisher,28,,215.3846153846154,,,215.3846153846154,,,3,19.11
28444,Anup Bhujel,FALSE,0.039421813,0.039421813,finishing allrounder,13,,40.625,2,6.821917808219178,,,,6,
28450,Sanjib Barman,FALSE,0.097765363,0.097765363,batting allrounder,311,,92.55952380952381,15,5.977528089887641,111.32075471698113,-193,-13,17,22.87
28458,Rohan Hazarika,TRUE,0.097765363,0.097765363,top/middle,111,,100,,,100,-5,,9,21.4
28460,Tajinder Singh,TRUE,0.125,0.125,finishing allrounder,188,,137.22627737226279,19,4.906882591093117,158.46153846153845,-72,-13,19,
28461,Mit Rajkumar,FALSE,0.039421813,0.039421813,opener,15,,83.33333333333333,,,,,,1,21.03
28464,Angshuman Katoni,FALSE,0.039421813,0.039421813,top/middle,230,,98.71244635193133,,,88.23529411764706,-184,,13,22.7
28465,Mayukh Hazarika,TRUE,0.098930481,0.098930481,finishing allrounder,15,,60,12,7.984962406015038,60,0.9999999999999998,-6,9,21.66
28466,Shuhel Rahman,FALSE,0.039421813,0.039421813,finishing allrounder,24,,80,4,9.875,80,,,5,
2847,Shardul Thakur,TRUE,1,0.85,finishing allrounder,330,,138.65546218487395,82,8.708926261319535,1.4414636748322855,-6.9,-1.6,72,34.11
28472,Om Mahanta,FALSE,0.039421813,0.039421813,finishing allrounder,7,,70,0,10.25,70,,0,2,
28475,Kironjyoti Saikia,FALSE,0.039421813,0.039421813,finishing allrounder,1,,100,2,4.588235294117647,100,,,4,
28476,Sumanta Jha,FALSE,0.058558559,0.058558559,batting allrounder,31,,93.93939393939394,3,7.714285714285714,93.93939393939394,,,2,
28477,Diptesh Saha,FALSE,0.039421813,0.039421813,opener,20,,60.60606060606061,1,9.529411764705882,60.60606060606061,,,4,
28478,Wasim Ahmed,TRUE,0.2,0.2,finisher,8,,40,,,40,3.999999999999999,,5,23.95
28479,Hirok Jyoti Deka,TRUE,0.625,0.625,top/middle,262,,112.44635193133047,1,6.136363636363637,4.280805686514064,73.99999999999999,,17,
28482,Naheen Islam,TRUE,0.058558559,0.058558559,top/middle,33,,82.5,,,82.5,,,4,20.21
28484,Gaurav Saikia,FALSE,0.039421813,0.039421813,opener,23,,63.888888888888886,,,0.6926268857914529,-11.5,,2,
28486,Moina Basfor,FALSE,0.039421813,0.039421813,top/middle,10,,58.82352941,,,1.0461735423507283,7.999999999999998,,4,
28488,Ashim Das,FALSE,0.039421813,0.039421813,finisher,54,,87.09677419354838,,,87.09677419354838,,,4,
28490,Rohit Sen,TRUE,0.625,0.625,top/middle,324,,137.87234042553192,0,9,2.1021786103330338,9.499999999999986,,17,
28492,Samrat Biswas,TRUE,0.2,0.2,finishing allrounder,8,,57.142857142857146,13,4.718181818181818,57.142857142857146,,6.999999999999998,11,
28502,Sujit Nandi,FALSE,0.039421813,0.039421813,finisher,21,,72.41379310344827,,,72.41379310344827,,,2,
28505,Affan Ahmed,TRUE,0.625,0.625,finisher,205,,104.06091370558376,,,3.1755142624436083,106.99999999999997,,20,20.14
28509,Kalyan Gogoi,TRUE,0.112,0.0952,batting allrounder,106,,88.33333333333333,8,6.850393700787402,88.33333333333333,,,5,34.22
28511,Pracheer Changmai,FALSE,0.057692307692307696,0.057692307692307696,finishing allrounder,47,,79.66101694915254,9,4.810344827586207,79.66101694915254,,,5,
28514,Santanu Dhar,TRUE,0.098930481,0.098930481,finishing allrounder,19,,126.66666666666667,8,5.857142857142857,126.66666666666667,,,7,
28515,Ritupan Phatowali,FALSE,0.039421813,0.027595269,finisher,59,,100,,,100,,,4,35.72
28517,Raju Das,TRUE,0.058558559,0.058558559,top/middle,66,,103.125,,,103.125,,,6,
2852,Jagadeesha Suchith,TRUE,1,1,finishing allrounder,583,,131.9004524886878,72,7.044094488188977,1.5275145045661587,28.4,1.1000000000000012,59,31.86
28521,Raihan Jomeel Mazumder,TRUE,0.039421813,0.039421813,finisher,38,,92.68292683,,,92.68292683,,,4,
28523,Prashant Kumar,TRUE,0.098930481,0.098930481,top/middle,154,,115.78947368421052,2,5.052631578947368,115.78947368421052,,,6,
28526,Parvej Musaraf,TRUE,0.112,0.112,opener,247,,166.8918918918919,11,4.771084337349397,166.8918918918919,-247,-9,7,22.04
28530,Himangshu Saraswat,FALSE,0.098930481,0.098930481,finishing allrounder,96,,124.67532467532467,6,5.045454545454546,5.956984715220576,91.99999999999997,5.999999999999999,8,20.14
28539,Bishwajit Sahu das,FALSE,0.039421813,0.039421813,finisher,13,,92.85714285714286,,,92.85714285714286,,,2,22.21
2854,Manisankar Murasingh,FALSE,0.22535211267605634,0.19154929577464788,finishing allrounder,196,,149.61832061068702,12,6.237410071942446,5.222077009950358,8.999999999999998,-0.8,12,32.9
2855,Pritam Das,TRUE,0.48437499999999994,0.33906249999999993,finishing allrounder,6,,300,6,7.868852459016393,300,,,3,37.11
2856,Pallavkumar Das,TRUE,0.9411764705882353,0.6588235294117647,batting allrounder,234,,131.46067415730337,4,9.418604651162791,1.4648432291541942,4.999999999999997,-1,19,35.86
28568,Nzanthung Mozhui,FALSE,0.039421813,0.039421813,opener,5,,27.77777777777778,,,27.77777777777778,,,1,29.99
28569,Yugandhar Singh,FALSE,0.039421813,0.039421813,opener,73,,96.05263157894737,,,96.05263157894737,,,3,20.1
2857,Govind Podder,FALSE,0.22535211267605634,0.19154929577464788,batting allrounder,240,,118.81188118811882,3,8.890909091,1.3718602963156414,25.999999999999986,0.4999999999999999,12,34.21
2858,Sibsankar Roy,FALSE,0.19491525423728814,0.13644067796610168,batting allrounder,96,,117.07317073170732,3,5.3023255813953485,2.715868901676416,-42.5,-0.5,7,35.13
2859,Gokul Sharma,FALSE,0.039421813,0.027595269,batting allrounder,77,,122.22222222222223,2,7.573770491803279,122.22222222222223,,,3,38.02
286,Kane Richardson,TRUE,0.625,0.53125,finishing allrounder,0,,0,18,8.495575221238939,0,,-6.28E-16,10,34.79
2860,Srikar Bharat,TRUE,1,0.85,top/middle,1238,,142.6267281105991,,,1.9252535414956293,46.599999999999994,,40,32.15
2862,Sachin Baby,FALSE,0.8904109589041096,0.6232876712328766,batting allrounder,1579,,146.7472118959108,18,7.415929203539823,3.1687973868533015,109.50000000000003,0.6285714285714283,45,36.94
2863,Sandeep Warrier,TRUE,1,0.85,finishing allrounder,4,,57.142857142857146,57,6.953895071542131,0.9343170232832044,-0.2,0.6000000000000001,58,34.65
2865,Hanuma Vihari,FALSE,0.36,0.306,top/middle,441,,135.27607361963192,8,7.051546391752577,5.196806269915871,106.28571428571432,,14,32.12
28655,Muhammad Rohid,TRUE,0.039421813,0.039421813,finishing allrounder,4,,80,9,8.615384615384615,0.6996854958048256,,,6,23.16
2868,Ishwar Pandey,FALSE,0.097765363,0.068435754,finishing allrounder,3,,37.5,2,6.405405405405405,37.5,,,3,36.28
2869,Ankit Rajpoot,FALSE,0.22535211267605634,0.22535211267605634,finishing allrounder,9,,60,23,6.709677419354839,2.002506232192147,2.9999999999999996,10.999999999999998,16,31.98
2870,RS Paliwal,FALSE,0.19491525423728814,0.1656779661016949,top/middle,169,,146.95652173913044,,,2.8152860040373504,12.285714285714285,,8,33.92
28700,Mohit Goraniya,FALSE,0.058558559,0.049774775,finishing allrounder,1,,50,4,5.814432989690721,50,,,4,33.25
2872,Siddarth Kaul,TRUE,1,0.7,finishing allrounder,173,,142.97520661157026,63,7.900928792569659,1.6531447224912714,24.999999999999996,2.6999999999999993,44,35.52
28741,Anil Sharma,TRUE,0.058558559,0.058558559,top/middle,63,,74.11764705882354,0,9,74.11764705882354,,,5,
2875,Thalaivan Sargunam,FALSE,0.097765363,0.068435754,finisher,3,,37.5,,,37.5,,,1,40.53
28756,Haider Ali,TRUE,0.039421813,0.039421813,finishing allrounder,7,,87.5,2,6.107142857142857,87.5,,,3,31.56
2876,Axar Patel,TRUE,1,1,finishing allrounder,1570,,135.3448275862069,116,7.098591549295775,2.599994399876713,83.80000000000001,1.4043333874306804e-16,127,31.85
2877,Vijay Shankar,TRUE,1,0.85,batting allrounder,1338,,131.9526627218935,28,7.758812615955473,3.1328797419406094,46.99999999999999,0.5999999999999998,69,34.84
2878,Mohit Sharma,TRUE,1,0.7,finishing allrounder,3,,15,51,8.858208955,0.6335627755852632,0.4999999999999998,1.7000000000000002,40,37.19
28788,Tanish Suri,FALSE,0.039421813,0.039421813,top/middle,48,,117.07317073170732,,,117.07317073170732,,,2,20.48
2879,Ravi Karthikeyan,FALSE,0.112,0.0952,finishing allrounder,71,,80.68181818181819,3,6.337078651685394,1.048177854475951,54.99999999999998,2.9999999999999996,10,32.84
2881,Royston Dias,TRUE,0.22535211267605634,0.22535211267605634,finishing allrounder,8,,66.66666666666667,13,8.244094488188976,1.9695553920533262,-2,4.999999999999998,13,25.9
2884,Manan Vohra,FALSE,0.48437499999999994,0.41171874999999997,opener,517,,124.27884615384616,,,5.506090578739974,50.400000000000006,,19,32.36
2888,Chaturanga de Silva,FALSE,0.22535211267605634,0.15774647887323942,finishing allrounder,152,,109.35251798561151,12,6.996805111821086,2.5401622933669854,-37,-2.5,18,35.86
2892,Asif Ali,TRUE,0.8904109589041096,0.7568493150684932,finisher,115,,117.34693877551021,,,1.199059042150389,104.99999999999997,,18,34.15
28967,Tim Robinson,FALSE,0.098930481,0.098930481,opener,455,,136.22754491017963,,,2.953814640012609,178.99999999999994,,21,23.58
28996,Yasar Mustafa,FALSE,0.039421813,0.039421813,finishing allrounder,9,,50,6,7.076923076923077,50,,,4,
29066,Zakary Foulkes,FALSE,0.097765363,0.097765363,finishing allrounder,59,,128.2608695652174,17,7.857142857142857,1.1620749215316706,-9,-1,14,23.48
29178,Khiangte Vanrotlinga,FALSE,0.039421813,0.039421813,finishing allrounder,8,,66.66666666666667,7,10.16326530612245,66.66666666666667,,,4,20.97
29182,Lalhruai Ralte,TRUE,0.45901639344262296,0.3901639344262295,finishing allrounder,5,,71.42857142857143,5,9.467889908,71.42857142857143,,-1,6,33.71
29193,Jehu Anderson,TRUE,0.3125,0.3125,opener,85,,80.95238095238095,,,3.3728326889977462,-5,,7,26.04
2921,Fakhar Zaman,TRUE,1,0.7,top/middle,966,,129.49061662198392,,,2.3322451537031723,55.8,,43,35.63
29220,Lalhriatrenga,TRUE,0.22535211267605634,0.22535211267605634,finishing allrounder,29,,49.152542372881356,0,9.5,7.096077721118812,-5,,7,25.94
29221,F Van Lalmuanzuala,FALSE,0.097765363,0.097765363,finisher,45,,57.69230769230769,,,21.420095339182406,13.999999999999996,,6,27.27
29295,Rosiamliana Ralte Junior,TRUE,0.22535211267605634,0.15774647887323942,finisher,1,,100,1,13.846153846153847,100,,,1,37.94
2930,Rassie van der Dussen,TRUE,1,0.7,top/middle,558,,129.16666666666666,,,2.1433473053094763,-21.3,,27,36.8
2933,Jasprit Bumrah,TRUE,1,1,finishing allrounder,28,,70,95,6.502219403931515,0.989568792,-2,2.1,68,31.97
29454,Anish Charak,FALSE,0.098930481,0.098930481,finishing allrounder,68,,65.38461538461539,4,8.130841121495328,1.0283241576830635,-20,-0.5,7,25.6
2947,Sohaib Maqsood,FALSE,0.2,0.13999999999999999,top/middle,52,,157.57575757575756,,,2.187254819626753,,,6,38.62
295,Wayne Parnell,TRUE,1,0.7,finishing allrounder,103,,92.79279279,21,8.153172866520787,1.793566148895968,0.5000000000000014,0.9999999999999998,20,36.33
29556,Rahul Dev,FALSE,0.098930481,0.084090909,opener,127,,169.33333333333334,,,169.33333333333334,,,4,33.59
29558,Muhammad Irfan,TRUE,0.039421813,0.033508541,finishing allrounder,36,,90,3,8.3,90,,,3,32.57
29673,J Biakthanpuia,TRUE,0.19491525423728814,0.19491525423728814,top/middle,7,,33.333333333333336,,,33.333333333333336,,,1,28
2972,Yasim Murtaza,TRUE,0.8904109589041096,0.7568493150684932,finishing allrounder,172,,108.86075949367088,5,7.631799163179917,2.312500101189644,30.92857142857143,1.214285714285714,11,34.98
29771,Arun Ka,FALSE,0.098930481,0.084090909,top/middle,250,,108.69565217391305,,,4.4891437332048785,-86,,18,32.05
29775,Akhil Sajeev,FALSE,0.112,0.112,finishing allrounder,54,,103.84615384615384,13,8.580310880829016,103.84615384615384,-16,-3.5,9,24.5
29777,Jaganathan M R,FALSE,0.039421813,0.039421813,opener,56,,90.32258065,,,90.32258065,3.999999999999999,,4,22.35
29779,Abhiram V,FALSE,0.058558559,0.058558559,top/middle,83,,94.31818181818181,,,94.31818181818181,-17,,7,23.15
29780,Mohammed Kaif,FALSE,0.039421813,0.027595269,finisher,90,,132.35294117647058,,,132.35294117647058,,,8,44.99
29781,Vyshnav E P,FALSE,0.112,0.112,finishing allrounder,35,,152.17391304347825,3,6.551020408163265,152.17391304347825,0.9999999999999998,-3,8,27.51
29787,Neeraj Prakash,FALSE,0.039421813,0.039421813,finisher,1,,100,,,100,,,1,23.58
29788,Arjun Suresh,FALSE,0.039421813,0.039421813,finisher,35,,100,0,6,100,,,4,24.16
29789,Mohammed Safeer,FALSE,0.098930481,0.098930481,finishing allrounder,7,,140,11,6.440677966101695,140,,4.999999999999998,8,26.45
29790,Mohammed Rizwan,FALSE,0.039421813,0.039421813,finishing allrounder,16,,94.11764705882354,0,7.75,94.11764705882354,,,2,22.81
29793,Kamil Aboobacker,FALSE,0.039421813,0.039421813,top/middle,52,,115.55555555555556,,,115.55555555555556,,,3,22.07
29795,S Anand Sagar,FALSE,0.125,0.125,opener,338,,125.18518518518519,,,45.12069919928865,249.99999999999991,,15,23.5
29796,Harikrishan U,FALSE,0.097765363,0.097765363,finishing allrounder,1,,16.666666666666668,36,6.708971553610503,16.666666666666668,0.9999999999999998,1.4999999999999993,22,23.88
29797,Anandhu Sunil,FALSE,0.039421813,0.039421813,top/middle,59,,103.50877192982456,,,103.50877192982456,,,2,29.52
29798,Vishnu N Babu,FALSE,0.14285714285714285,0.14285714285714285,opener,226,,126.25698324022346,0,6,126.25698324022346,,,5,30.57
29800,Akhil Kg,FALSE,0.112,0.112,finishing allrounder,25,,131.57894736842104,6,10,9.828244467095844,6.9999999999999964,0.9999999999999996,11,28.04
29803,Alwin Philip,FALSE,0.098930481,0.098930481,finishing allrounder,50,,90.90909091,8,5.758389261744966,90.90909091,-16,3.999999999999999,7,25.88
29806,Pavan Sreedhar,FALSE,0.039421813,0.039421813,finisher,31,,93.93939393939394,,,2.1537343478215267,,,6,
29807,Mohit Krishna S,FALSE,0.039421813,0.039421813,finishing allrounder,10,,83.33333333333333,2,8,83.33333333333333,,,2,
29808,Arjun Venugopal,FALSE,0.039421813,0.039421813,finishing allrounder,20,,100,6,8.25,100,,,7,21.51
29809,Ujwal Krishna Ku,FALSE,0.098930481,0.098930481,top/middle,153,,100,,,1.9595056005971034,52.99999999999999,,11,24
29811,Mohammed Enaan,FALSE,0.14285714285714285,0.14285714285714285,finishing allrounder,98,,112.64367816091954,12,7.75,2.7242594097204313,-6.5,-1.5,13,19.03
29812,Shine Jacob,FALSE,0.058558559,0.058558559,finishing allrounder,69,,89.61038961,12,7.486725663716814,1.2126735281782692,-69,-12,14,22.06
29814,Vishnu Tm,FALSE,0.039421813,0.039421813,finishing allrounder,0,,0,3,7.285714285714286,0,,,3,27.81
29815,Akarsh Ak,FALSE,0.039421813,0.039421813,finisher,175,,111.46496815286625,,,111.46496815286625,26.999999999999993,,10,20.74
29816,Vivek Kp,FALSE,0.097765363,0.068435754,finishing allrounder,0,,0,2,6.714285714285714,0,,,2,37.73
29817,Ajinas K,FALSE,0.22535211267605634,0.22535211267605634,finishing allrounder,135,,123.85321100917432,20,8.404040404040405,3.2423210781589646,-29.5,5.499999999999998,17,26.53
29820,Gokul Gopinath,FALSE,0.039421813,0.039421813,finishing allrounder,3,,60,6,8.387096774193548,60,,,6,26.59
29833,Bashir Ahmad,FALSE,0.027149321266968326,0.027149321266968326,finisher,2,,33.333333333333336,0,10.8,33.333333333333336,,,1,20.38
2984,Sikandar Raza,FALSE,0.625,0.4375,finishing allrounder,431,,127.51479289940828,11,7.4297872340425535,3.492090611104807,3.0999999999999988,0.49999999999999983,20,39.59
2985,Mark Wood,TRUE,1,0.7,finishing allrounder,27,,135,32,7.120689655172414,1.0577372804817526,2.499999999999999,-0.7,16,35.87
29888,Harshit Rana,TRUE,1,1,finishing allrounder,155,,118.3206106870229,63,8.563691073219658,1.4579580263388192,54.07142857142859,11.1,51,23.93
2997,Paul Meekeren,FALSE,0.098930481,0.084090909,finishing allrounder,2,,40,5,6.923076923076923,40,,,6,32.86
30199,Akshay Shiv,FALSE,0.15625,0.15625,top/middle,210,,111.70212765957447,,,2.212957624666892,197.9999999999999,,9,26.93
30216,Sharon S,FALSE,0.058558559,0.058558559,finisher,64,,87.67123287671232,,,5.267788419642627,55.999999999999986,,9,22.58
3024,Mohammad Rizwan,TRUE,1,0.85,opener,2163,,121.17647058823529,,,2.680496416919403,-3.5,,64,33.49
3033,Usman Qadir,FALSE,0.22535211267605634,0.19154929577464788,finishing allrounder,37,,102.77777777777777,15,7.878594249201278,0.8856532791279126,1.6428571428571437,-0.214285714,18,32.3
3038,Hussain Talat,TRUE,0.039421813,0.039421813,batting allrounder,89,,104.70588235294117,4,8.441860465,3.805642896889463,,,8,29.79
304,Murali Vijay,FALSE,0.2,0.13999999999999999,top/middle,224,,163.5036496350365,,,6.959231718,,,4,41.65
30470,Gokul Rajan,FALSE,0.039421813,0.039421813,finisher,0,,0,0,13.714285714285714,0,,,1,26.44
30497,Athuljith Anu,FALSE,0.098930481,0.098930481,opener,106,,126.19047619047619,,,126.19047619047619,0,,8,31.54
305,Ravichandran Ashwin,TRUE,1,0.7,finishing allrounder,1041,,132.27445997458705,88,7.0198228595529315,3.3334130329766305,65.4,2.0000000000000004,100,39.2
3056,Iftikhar Ahmed,TRUE,1,0.7,finishing allrounder,1217,,125.72314049586777,16,6.661290322580645,2.8617181715652236,-51.5,1.1999999999999997,60,35.23
30722,Shushruth V S,FALSE,0.039421813,0.039421813,finisher,42,,123.52941176470588,,,123.52941176470588,-38,,4,25.03
30728,J Reddy,FALSE,0.039421813,0.039421813,opener,63,,98.4375,,,98.4375,,,4,27.3
30730,Vinay Pratap Singh,FALSE,0.039421813,0.039421813,finishing allrounder,35,,81.39534884,5,7.777777777777778,81.39534884,,,8,24.88
30740,P Sunil Kumar,FALSE,0.039421813,0.039421813,finisher,29,,126.08695652173913,,,126.08695652173913,22.999999999999993,,3,23.13
30749,Subramaniyan K,FALSE,0.039421813,0.027595269,finishing allrounder,21,,116.66666666666667,8,5.868852459016393,116.66666666666667,,,10,41.54
30759,Nitin Pranav V,FALSE,0.097765363,0.097765363,finishing allrounder,288,,113.38582677165354,3,8.222222222222221,113.38582677165354,133.99999999999994,2.9999999999999996,20,21.81
30762,Siddharth Naidu,FALSE,0.039421813,0.039421813,finisher,25,,73.52941176470588,,,73.52941176470588,,,4,26.1
3077,Usama Mir,FALSE,0.058558559,0.058558559,finishing allrounder,7,,100,5,8.390243902439025,1.0964907540736328,,,5,29.93
30774,Shishir Hr,FALSE,0.039421813,0.039421813,finishing allrounder,0,,0,12,6.966824644549763,0,,-8,11,23.12
30778,Tejveer singh,FALSE,0.039421813,0.039421813,finishing allrounder,1,,50,1,10.046511627906977,50,,,3,23.05
30786,Saurabh Yadav,FALSE,0.039421813,0.033508541,finishing allrounder,10,,100,1,9.046153846153846,100,,,4,32.38
3091,Sahibzada Farhan,TRUE,0.36,0.36,opener,727,,128.90070921985816,,,3.257687945,633.9999999999998,,21,29.72
3097,Shan Masood,FALSE,0.19491525423728814,0.13644067796610168,top/middle,220,,118.91891891891892,,,8.381977476487132,,,12,36.12
31157,Bhagyaraj Chudasama,FALSE,0.098930481,0.098930481,finisher,180,,115.38461538461539,,,115.38461538461539,3.8571428571428585,,14,22.97
31158,Rishi Patel,FALSE,0.097765363,0.097765363,finishing allrounder,49,,96.07843137254902,3,6.909090909090909,96.07843137254902,,,4,26.3
31159,Yuvrajsinh Dodiya,FALSE,0.039421813,0.039421813,finishing allrounder,5,,83.33333333333333,2,8.938775510204081,83.33333333333333,,,8,25.15
31160,Ankur Panvar,FALSE,0.097765363,0.097765363,finishing allrounder,0,,0,23,7.546583850931677,0,,3.499999999999999,15,26.21
31163,Satyajeetsingh Gohil,FALSE,0.058558559,0.058558559,finishing allrounder,13,,65,0,6.5,65,,,2,26.3
31165,Sonu Batham,FALSE,0.112,0.0784,finishing allrounder,14,,200,6,8.117647058823529,200,,-1.714285714,7,36
31166,Siddhant Rana,FALSE,0.112,0.112,top/middle,371,,138.43283582089552,,,138.43283582089552,112.35714285714286,,17,24.77
31167,Abrar Shaikh,FALSE,0.098930481,0.084090909,top/middle,64,,108.47457627118644,,,108.47457627118644,,,3,32.29
31168,Tarang Goel,FALSE,0.36,0.36,opener,600,,141.84397163120568,,,1.3836246613730756,-41.4,,28,26.28
31170,Raxit Mehta,FALSE,0.19491525423728814,0.19491525423728814,top/middle,470,,118.9873417721519,,,118.9873417721519,56.64285714285716,,14,22.02
31171,Nihar Vaghela,FALSE,0.097765363,0.097765363,top/middle,153,,84.06593406593407,,,84.06593406593407,-6.857142857,,16,24.27
31172,Adityarajsinh Rathore,FALSE,0.058558559,0.058558559,finishing allrounder,39,,111.42857142857143,5,8.660869565217391,111.42857142857143,,1.4999999999999998,9,23.31
31177,Kamlesh Makwana,FALSE,0.058558559,0.058558559,finishing allrounder,3,,75,2,7.875,75,,,4,26.3
31178,Aditya H Jadeja,FALSE,0.112,0.112,finishing allrounder,21,,131.25,7,7.519480519,131.25,18.99999999999999,0.9999999999999998,8,26.3
31179,Arjun Rathod,FALSE,0.039421813,0.039421813,finisher,10,,50,,,50,,,3,27.91
31180,Sammar Gajjar,FALSE,0.22535211267605634,0.22535211267605634,finishing allrounder,342,,128.57142857142858,19,6.417827298050139,2.044762178727331,34.99999999999999,-2.1,20,22.29
31181,Suresh Tamil,FALSE,0.098930481,0.098930481,finishing allrounder,13,,144.44444444444446,4,7.2,144.44444444444446,,,4,26.3
31182,Neel Pandya,FALSE,0.058558559,0.058558559,finishing allrounder,1,,33.333333333333336,5,8.739130435,33.333333333333336,,,4,23.8
31183,Pavan Parmar,FALSE,0.112,0.112,finisher,73,,155.31914893617022,1,8,155.31914893617022,11.499999999999996,,7,24.36
31184,Hetvik Kotak,FALSE,0.19491525423728814,0.19491525423728814,top/middle,334,,123.24723247232473,,,1.6340360895057935,53.28571428571429,,15,24.13
31186,Prasham Rajdev,FALSE,0.097765363,0.097765363,top/middle,47,,94,,,94,-8.071428571,,6,23.97
31187,Satyam Khamrai,FALSE,0.097765363,0.097765363,finishing allrounder,22,,88,10,7.656441717791411,88,,2.9999999999999996,12,24.21
31189,Aryandev Jhala,FALSE,0.112,0.112,top/middle,214,,123.69942196531792,,,123.69942196531792,81.99999999999997,,9,31.7
31190,Chirag Sisodiya,FALSE,0.22535211267605634,0.22535211267605634,top/middle,307,,140.8256880733945,,,140.8256880733945,-19.57142857,,16,31.78
31191,Hitendra Jadeja,FALSE,0.112,0.112,finishing allrounder,111,,132.14285714285714,4,8.836363636363636,132.14285714285714,-31,0,9,26.3
31192,Kuldeep Sharma,FALSE,0.058558559,0.040990991,finishing allrounder,0,,0,4,6.1395348837209305,0,,,4,39.17
31193,Niket Joshi,FALSE,0.112,0.112,finisher,48,,129.72972972972974,,,129.72972972972974,,,3,28.06
31194,Pranav Karia,FALSE,0.112,0.112,finishing allrounder,31,,114.81481481481481,10,7.292817679558011,114.81481481481481,-8.5,-2,11,26.96
31198,Pranav Pravin Nandha,FALSE,0.039421813,0.039421813,finisher,0,,0,1,9,0,,,1,
31199,Amit Ranjan,FALSE,0.19491525423728814,0.19491525423728814,finishing allrounder,233,,133.90804597701148,2,7.5,133.90804597701148,30.5,-1,14,25.06
31201,Dev Dand,FALSE,0.098930481,0.098930481,batting allrounder,94,,94.94949494949495,5,8.035087719298245,94.94949494949495,49.999999999999986,0.9999999999999998,8,25.12
31202,Krishnakant Pathak,FALSE,0.2,0.17,opener,354,,135.1145038167939,,,135.1145038167939,9.857142857,,18,33.49
31203,Parswaraj Rana,FALSE,0.21153846153846154,0.21153846153846154,batting allrounder,424,,141.33333333333334,21,6.898876404494382,141.33333333333334,70.99999999999999,-0.5,14,24.93
31205,Ruchit Ahir,FALSE,0.22535211267605634,0.22535211267605634,top/middle,372,,140.37735849056602,,,4.085313235655077,59.19999999999999,,14,25.08
31206,Viharsinh Jadeja,FALSE,0.14285714285714285,0.14285714285714285,finishing allrounder,87,,158.1818181818182,2,11.23943661971831,158.1818181818182,-45,1.9999999999999996,5,30.19
31209,Alok Ranjan,FALSE,0.098930481,0.098930481,top/middle,64,,114.28571428571429,,,114.28571428571429,,,4,27.3
31210,Ramesh Padiyachi,FALSE,0.098930481,0.098930481,finishing allrounder,10,,90.90909091,10,7.8584070796460175,90.90909091,,0.35714285714285726,12,27
31211,Nakul Ayachi,FALSE,0.098930481,0.084090909,finisher,9,,128.57142857142858,,,128.57142857142858,,,1,34.69
31223,Fenil Soni,FALSE,0.058558559,0.058558559,finishing allrounder,5,,45.45454545454545,1,7.2,45.45454545454545,,,4,26.3
31227,Vidhwath Kaverappa,TRUE,1,1,finishing allrounder,12,,46.15384615384615,63,7.62406015,0.7306773541669284,-2.7,-4.5,48,26.75
3125,Nicholas Pooran,TRUE,1,1,top/middle,3243,,146.21280432822363,,,2.535150256138643,28.300000000000004,,134,30.15
3126,Miguel Cummins,FALSE,0.039421813,0.027595269,finisher,8,,53.333333333333336,0,13.846153846153847,53.333333333333336,,,1,35.23
31291,Rohit Karanjkar,FALSE,0.058558559,0.049774775,top/middle,154,,145.28301886792454,,,,,,9,34.86
31293,Advay Shidhaye,FALSE,0.112,0.112,finisher,146,,121.66666666666667,0,19,121.66666666666667,9.999999999999996,,12,27.87
3135,Yannic Cariah,FALSE,0.112,0.0952,finishing allrounder,7,,116.66666666666667,2,7.377049180327869,1.5077837088591797,0.4999999999999999,0,3,33.43
31365,Jyotir Purohit,FALSE,0.057692307692307696,0.057692307692307696,finisher,41,,85.41666666666667,,,85.41666666666667,-33,,5,28.65
314,Ravi Bopara,FALSE,0.19491525423728814,0.13644067796610168,batting allrounder,101,,118.82352941176471,2,7.5,2.667065776394811,,,8,40.56
3144,Thomas Curran,FALSE,0.36,0.36,finishing allrounder,31,,119.23076923076923,7,8.45,1.1929673072057299,,,5,30.71
31513,Ethan Dsouza,FALSE,0,0,top/middle,7,,77.77777777777777,1,9.473684210526315,77.77777777777777,,,1,19.7
31518,Akshat Raghuwanshi,TRUE,0.625,0.625,top/middle,451,,161.64874551971326,,,3.0532748005697314,70.57142857142857,,14,22.2
31520,Suved Parkar,TRUE,0.039421813,0.039421813,top/middle,235,,149.6815286624204,,,1.0473830199394758,,,9,24.64
31529,Robin Minz,TRUE,0.039421813,0.039421813,top/middle,100,,100,,,1.677833250762854,,,7,23.2
31685,Madhan Kumar S,FALSE,0.097765363,0.097765363,finisher,8,,61.53846153846154,,,22.12975335,,,3,29.56
31688,Pranav Kumar,FALSE,0.098930481,0.098930481,finishing allrounder,80,,101.26582278481013,0,7.454545454545454,2.8775276101206977,,,3,26.3
31692,Guruswamy Ajitesh Ajitesh,FALSE,0.48437499999999994,0.48437499999999994,top/middle,754,,143.89312977099237,,,2.551048791595806,-52.4,,37,23.17
31694,Krish Jain,FALSE,0.097765363,0.097765363,finisher,11,,157.14285714285714,,,157.14285714285714,,,2,26.3
31695,K Easwaran,FALSE,0.112,0.112,finishing allrounder,1,,12.5,35,7.205417607223477,0.6517997393095765,0.9999999999999998,0.29999999999999993,21,26.3
31696,Karthick Manikandan V S,FALSE,0.112,0.112,finishing allrounder,41,,136.66666666666666,13,7.885714285714286,1.1199038802628203,3.3571428571428577,-0.9,8,26.3
31697,Akash Kumar,FALSE,0.027149321266968326,0.027149321266968326,finishing allrounder,13,,81.25,0,7.674418604651163,81.25,,,4,22.11
31701,Niranjan N,FALSE,0.058558559,0.058558559,top/middle,28,,87.5,,,15.45898398,,,2,26.3
31702,Gohulmoorthi S,FALSE,0.098930481,0.098930481,finishing allrounder,20,,60.60606060606061,3,7.928571428571429,1.3244908824081685,-1,0,5,26.3
31704,Ajay K Krishna,FALSE,0.112,0.112,finishing allrounder,4,,26.666666666666668,26,7.483695652173913,1.3980141755067628,-0.4,-2.2,18,3.44
31706,Sunny Sandhu,FALSE,0.48437499999999994,0.48437499999999994,finishing allrounder,444,,137.88819875776397,33,7.273743016759776,3.0168253514918697,4.999999999999996,-1.3,28,22.12
31707,Rithik S,FALSE,0.36,0.36,finisher,450,,140.18691588785046,,,5.262803319853455,11.799999999999999,,31,23.78
31708,Vignesh S Iyer,FALSE,0.097765363,0.097765363,top/middle,27,,103.84615384615384,,,1.1289487666663176,,,3,26.3
31712,Balu Surya,FALSE,0.098930481,0.098930481,finishing allrounder,0,,0,13,6.703583061889251,0,,-2.9,17,26.3
31714,Manoj Kumar,FALSE,0.058558559,0.058558559,finishing allrounder,1,,100,2,11.18918918918919,100,,,2,26.3
31715,V P Diran,FALSE,0.112,0.112,finishing allrounder,18,,90,5,9.306122448979592,3.391638855873311,-5,0.5,15,26.3
3174,Matt Henry,TRUE,0.8904109589041096,0.7568493150684932,finishing allrounder,8,,53.333333333333336,25,7.979633401221996,0.8617949126648048,2.9999999999999987,-3.5,24,33.95
321,Fidel Edwards,FALSE,0.097765363,0.068435754,finishing allrounder,0,,0,3,7.392857142857143,0,,,4,43.8
32236,Maddila Vardhan,FALSE,0.039421813,0.039421813,top/middle,155,,126.01626016260163,,,126.01626016260163,46.999999999999986,,12,23.82
32237,Mopada Ravikiran,FALSE,0.039421813,0.039421813,finisher,95,,120.25316455696202,0,14,120.25316455696202,32.99999999999999,,11,23.35
32241,Akula Vijay,FALSE,0.039421813,0.039421813,finisher,83,,127.6923076923077,,,127.6923076923077,,,6,23.93
32244,Tripurana Vijay,FALSE,0.36,0.36,finishing allrounder,106,,102.9126213592233,21,6.923076923076923,3.593064290831654,-1.26E-15,0.4999999999999996,16,24.22
32246,Bendalam Satvi,FALSE,0.039421813,0.039421813,finisher,160,,126.98412698412699,,,126.98412698412699,-44,,14,25.59
32248,Yeddala Kumar Reddy,FALSE,0.039421813,0.039421813,finishing allrounder,3,,33.333333333333336,9,9.219512195,33.333333333333336,,-9,7,25.95
32250,Yadla Vasu,FALSE,0.039421813,0.039421813,finishing allrounder,29,,76.31578947,10,7.012987012987013,76.31578947,-5,-2,14,24.16
32251,M Datta Reddy,FALSE,0.039421813,0.039421813,finisher,114,,152,,,152,61.99999999999997,,12,21.93
32252,Penmetsa Panduranga Raju,FALSE,0.058558559,0.058558559,finisher,213,,148.95104895104896,,,2.151162924895649,80.99999999999996,,13,23.59
32259,Garimella Poorna Teja,FALSE,0.058558559,0.058558559,top/middle,298,,131.27753303964758,0,13,131.27753303964758,71.99999999999997,,15,21.66
32260,Yara Sandeep,FALSE,0.112,0.112,finisher,240,,117.07317073170732,4,6.244897959183674,51.54715755,61.99999999999999,1.9999999999999996,15,26.15
32261,Vamsi Krishna,FALSE,0.058558559,0.058558559,top/middle,251,,133.51063829787233,,,2.2684290466428068,-55,,14,24.36
32262,Kaldhi Kumar,FALSE,0.057692307692307696,0.057692307692307696,finishing allrounder,31,,103.33333333333333,10,6.9655172413793105,103.33333333333333,16.999999999999996,-8,9,27.38
32264,Gutta Rohit,FALSE,0.058558559,0.058558559,finisher,389,,174.4394618834081,,,174.4394618834081,56.99999999999997,,15,24.16
32265,Kothakoona Lakshman,FALSE,0.039421813,0.039421813,top/middle,88,,104.76190476190476,,,104.76190476190476,-72,,5,26.65
32271,Sanaboyina Tarun,FALSE,0.098930481,0.098930481,top/middle,435,,122.53521126760563,,,29.41742378369675,34.999999999999986,,19,26.67
32272,Chennuboina Sandeep Kumar,FALSE,0.039421813,0.039421813,top/middle,89,,117.10526315789474,,,117.10526315789474,72.99999999999999,,6,24.53
32273,Jagarlapudi Ram,FALSE,0.039421813,0.039421813,finishing allrounder,12,,100,19,7.686832740213523,100,-10,-1,14,23.46
32277,P Pavan Kumar,FALSE,0.039421813,0.039421813,top/middle,214,,129.6969696969697,,,129.6969696969697,-154,,11,22.95
32279,Thanneru Krishna,FALSE,0.039421813,0.039421813,top/middle,128,,87.67123287671232,,,87.67123287671232,-74,,8,25.1
32280,Pathuri Manohar,FALSE,0.039421813,0.039421813,finishing allrounder,0,,0,5,7.4,0,,,3,29.11
32282,Kodavandla Sudharsian,FALSE,0.039421813,0.039421813,finishing allrounder,5,,45.45454545454545,29,7.75,45.45454545454545,,-11,17,28.91
32284,Kalidindi Narasimha Raju,FALSE,0.039421813,0.039421813,finishing allrounder,105,,136.36363636363637,7,9.230769231,136.36363636363637,50.999999999999986,4.999999999999998,9,23.08
32285,Munnangi Abhinav,FALSE,0.039421813,0.039421813,top/middle,276,,131.42857142857142,,,131.42857142857142,261.99999999999994,,9,20.79
32289,Pitta Tendulkar,FALSE,0.039421813,0.039421813,top/middle,133,,122.01834862385321,,,122.01834862385321,42.99999999999998,,10,20.3
32291,Chennu Siddhardha,FALSE,0.039421813,0.039421813,finishing allrounder,24,,114.28571428571429,5,6.305084745762712,114.28571428571429,11.999999999999998,2.9999999999999996,10,24.39
32293,Shambu Akhil,FALSE,0.097765363,0.097765363,finishing allrounder,0,,0,9,6.8321167883211675,0,,8.999999999999996,6,27.1
32300,Kavuri Saiteja,FALSE,0.097765363,0.097765363,finishing allrounder,1,,14.285714285714286,10,9,14.285714285714286,0.9999999999999998,-3.93E-17,10,25.83
32302,Joshua Brown,FALSE,0.039421813,0.039421813,opener,133,,135.71428571428572,,,7.170518314175518,,,6,31.92
3241,Ankit Bawane,FALSE,0.45901639344262296,0.3901639344262295,top/middle,1089,,129.95226730310262,,,33.05893567478698,-91.5,,32,32.94
32413,Mohan Doss R,FALSE,0.039421813,0.039421813,top/middle,10,,90.90909091,,,90.90909091,,,2,23.59
3242,Varun Sood,FALSE,0.097765363,0.068435754,finisher,1,,50,1,12.9,50,,,1,35.12
32423,Karthiraja U,FALSE,0.039421813,0.039421813,top/middle,75,,125,,,125,-59,,4,22.38
32426,Sai Hariram K,FALSE,0.039421813,0.039421813,finisher,200,,90.90909091,0,6,90.90909091,-110,,21,20.93
32427,Jashwanth R,FALSE,0.097765363,0.097765363,opener,528,,123.07692307692308,,,123.07692307692308,-26,,18,21.02
3245,Jaen Kotze,FALSE,0.039421813,0.039421813,top/middle,22,,61.111111111111114,,,1.1893558672055726,,,3,31.59
32488,Ragavan Ramamoorthy,FALSE,0.098930481,0.098930481,top/middle,692,,135.95284872298626,,,135.95284872298626,157.99999999999994,,24,19.84
32705,Faridoon Dawoodzai,FALSE,0.039421813,0.039421813,finishing allrounder,1,,100,6,8.076923076923077,100,,-2,4,20
3272,Fabian Allen,TRUE,1,1,finishing allrounder,141,,138.23529411764707,12,8.2,1.5659341411958208,-31.71428571,-2.357142857,25,30.56
3275,Alzarri Joseph,TRUE,1,1,finishing allrounder,128,,90.14084507042253,64,8.815533980582524,1.9044027565655914,-7,-5.8,55,29.02
3276,Gudakesh Moti-Kanhai,FALSE,0.19491525423728814,0.19491525423728814,finishing allrounder,162,,125.5813953488372,29,7.8398637137989775,1.363734852669203,31.49999999999999,-6.28E-16,28,30.66
3280,Nazmul Hossain Shanto,TRUE,1,1,top/middle,1241,,105.25869380831213,4,7.391304347826087,5.177337715808749,-105.1,-1.5,57,27.26
3281,Mosaddek Hossain,FALSE,0.8904109589041096,0.8904109589041096,finishing allrounder,528,,110.69182389937107,24,7.537735849056604,2.2366681022769463,-11.2,0.19999999999999993,48,29.96
3282,Mehidy Hasan Miraz,TRUE,1,1,batting allrounder,1177,,120.10204081632654,57,7.677121771217712,2.8553534141384738,46.69999999999999,1.0999999999999996,67,28.09
3284,Rahatul Ferdous,FALSE,0.039421813,0.039421813,finishing allrounder,26,,173.33333333333334,3,5.884615384615385,4.140176545253254,,,3,30.15
3285,Abu Haider,TRUE,1,1,finishing allrounder,141,,114.63414634146342,43,8.501567398119123,1.2941068129725901,8.099999999999998,6.299999999999998,32,29.78
3286,Mohammad Nihaduzzaman,FALSE,0.2,0.2,finishing allrounder,43,,47.77777777777778,24,6.813380281690141,2.334896071843854,-1,-4,27,27
32862,Allah Ghazanfar,TRUE,0.098930481,0.098930481,finishing allrounder,1,,20,12,5.614973262032086,0.6692483759897145,,0,9,18.37
3287,Jubair Hossain,FALSE,0.097765363,0.097765363,finishing allrounder,1,,50,1,8.363636363636363,50,,-1,5,30.21
3293,Vaibhav Rawal,FALSE,0.098930481,0.084090909,finisher,416,,137.2937293729373,,,137.2937293729373,-18,,18,34.05
3297,Shimron Hetmyer,TRUE,1,1,finisher,1867,,140.37593984962405,,,2.9192458654195126,-17,,107,28.92
3298,Jofra Archer,TRUE,1,1,finishing allrounder,108,,117.3913043478261,37,8.159685863874346,1.0333542036006043,41.99999999999999,7.499999999999998,32,30.66
3299,Andrew Tye,FALSE,0.22535211267605634,0.15774647887323942,finishing allrounder,22,,104.76190476190476,11,7.5375,1.2634926596003677,,-5,7,38.96
3304,Munim Shahriar,FALSE,0.2,0.2,opener,293,,111.83206106870229,,,2.613631951979202,-36.57142857,,17,25.9
33050,Tushar Singh,FALSE,0.21153846153846154,0.21153846153846154,finisher,453,,131.6860465116279,,,59.46614275036203,3.500000000000001,,30,25.9
33051,Akshan Rao,FALSE,0.039421813,0.039421813,finisher,12,,60,,,60,,,1,23.8
33052,Rohan Naveen,FALSE,0.36,0.36,finishing allrounder,325,,128.4584980237154,5,7.675675675675675,3.645325613836273,26.899999999999995,0.5000000000000001,26,24.69
33053,Sagar Solanki,FALSE,0.058558559,0.058558559,finisher,22,,59.45945945945946,,,1.0432446306694951,-10,,5,25.9
33054,Saurabh Srivastava,FALSE,0.112,0.112,finishing allrounder,54,,84.375,11,6.1525423728813555,3.2048907139213014,14.999999999999995,3.499999999999999,12,24.37
33056,Bu Shiva Kumar,FALSE,0.22535211267605634,0.22535211267605634,batting allrounder,232,,108.41121495327103,5,7.333333333333333,3.9539363353789434,-106,-5,10,25.9
33058,Monish Reddy,FALSE,0.21153846153846154,0.21153846153846154,finishing allrounder,17,,121.42857142857143,37,8.25,121.42857142857143,-15,2.5,31,23
33060,Aditya Goyal,FALSE,0.22535211267605634,0.22535211267605634,finishing allrounder,55,,103.77358490566037,28,7.761589404,103.77358490566037,20.999999999999993,-6,25,24.9
33062,Lochan Appanna,FALSE,0.19491525423728814,0.19491525423728814,finishing allrounder,86,,122.85714285714286,1,8.338983050847459,2.830672241713242,11.999999999999998,0.9999999999999998,13,26.98
33063,S Shivaraj,FALSE,0.38461538461538464,0.3269230769230769,finisher,553,,154.46927374301677,0,6,19.274822661351234,3.9000000000000004,,45,32.38
33065,Chaitanya Shankar S,FALSE,0.039421813,0.039421813,finisher,32,,114.28571428571429,,,114.28571428571429,,,3,
33067,Ravichandran Smaran,TRUE,1,1,top/middle,1189,,149.1844416562108,,,2.065315753494493,177.29999999999995,,38,22.56
33068,Rajvir Wadhwa,FALSE,0.098930481,0.098930481,finishing allrounder,31,,73.80952380952381,4,9.292035398,2.9685330857149825,6.9999999999999964,1.570092458683775e-16,11,21.83
33069,Utham Aiyappa,FALSE,0.098930481,0.098930481,finishing allrounder,4,,57.142857142857146,8,7.441558441558442,2.062970720135751,,,8,27.06
33072,Aneesh V,TRUE,0.8904109589041096,0.8904109589041096,top/middle,727,,110.48632218844985,,,9.974880990980896,-16.7,,40,3.32
33074,LR Chethan,FALSE,0.48437499999999994,0.48437499999999994,opener,1434,,151.26582278481013,,,1.3761921746413759,-50.8,,47,25.51
33075,Kumar L R,FALSE,0.45901639344262296,0.45901639344262296,finishing allrounder,99,,89.18918919,43,8.262569832402235,9.815011958679003,-3.3,0.30000000000000004,35,24.85
33076,Rishi Bopanna,FALSE,0.48437499999999994,0.48437499999999994,finishing allrounder,71,,112.6984126984127,26,8.488120950323975,1.9763284560462433,-27,-5,25,28.22
33077,Paras Arya,FALSE,0.098930481,0.098930481,finishing allrounder,0,,0,17,7.466666666666667,0,,-0.1,21,25.9
33078,Lochan Gowda,FALSE,0.19491525423728814,0.19491525423728814,top/middle,481,,138.2183908045977,,,138.2183908045977,108.92857142857142,,21,25.9
33079,Shaun Tristan Joseph,FALSE,0,0,finisher,9,,56.25,,,56.25,,,1,-14.1
3308,Rohan Prem,FALSE,0.039421813,0.027595269,top/middle,16,,59.25925925925926,,,59.25925925925926,,,3,39.2
33080,Tanay Valmik,FALSE,0.097765363,0.097765363,finisher,10,,166.66666666666666,0,7,166.66666666666666,,,1,26.8
33081,Kush Marathe,FALSE,0.039421813,0.039421813,top/middle,24,,77.41935483870968,,,77.41935483870968,,,3,20.49
33083,Bangalore Mohith,FALSE,0.097765363,0.097765363,finisher,171,,99.41860465,,,7.516026924183829,16.9,,18,-14.1
33084,Rohan Patil,FALSE,0.48437499999999994,0.48437499999999994,top/middle,1088,,143.72523117569352,,,1.940763509428543,-30.2,,43,24.27
33085,Mohammed Jawad,FALSE,0.097765363,0.097765363,top/middle,476,,134.8441926345609,,,134.8441926345609,55.999999999999986,,17,25
33088,Kruthik Krishna,FALSE,0.058558559,0.058558559,finisher,29,,65.90909091,,,2.889206968897413,-3.9,,8,23.32
33089,Shashi Kumar Kamble,FALSE,0.21153846153846154,0.21153846153846154,finishing allrounder,61,,152.5,17,8.241935483870968,0.700770628,11.071428571428575,2.214285714285715,24,23.12
33090,Yashovardhan Mithilesh Parantap,FALSE,0.19491525423728814,0.19491525423728814,finishing allrounder,188,,140.29850746268656,11,8.300970873786408,140.29850746268656,33.57142857142858,1.2142857142857142,20,22.98
33093,Sujay Sateri,FALSE,0.098930481,0.098930481,finisher,62,,112.72727272727273,,,5.071986455906759,,,8,25.9
33095,Macneil Noronha,TRUE,1,1,batting allrounder,860,,137.1610845295056,21,8.105263157894736,2.3083677625562617,34.19999999999999,2.6999999999999993,44,24.18
33096,Raghuveer Pavalur,FALSE,0.039421813,0.039421813,opener,6,,50,,,50,,,2,25.9
33098,Dheeraj Gowda,FALSE,0.098930481,0.098930481,finishing allrounder,18,,94.73684210526316,0,12.142857142857142,94.73684210526316,-16,0,4,25.9
331,Mashrafe Mortaza,FALSE,0.38461538461538464,0.2692307692307692,finishing allrounder,95,,101.06382978723404,23,6.983333333333333,1.4812125861542786,1.9999999999999958,-1,23,42.14
33114,Milan Rathnayake,FALSE,0.039421813,0.039421813,finishing allrounder,82,,149.0909090909091,4,8.444444444444445,149.0909090909091,,,4,29.32
33161,Desmond Anthony,FALSE,0.097765363,0.097765363,finisher,8,,53.333333333333336,,,0.8946771241212499,,,4,28.85
3318,Rahul Dalal,FALSE,0.112,0.0952,top/middle,34,,200,,,200,,,1,33.82
332,Angelo Mathews,FALSE,0.039421813,0.027595269,finishing allrounder,52,,157.57575757575756,3,7.666666666666667,157.57575757575756,,,3,38.49
3320,Jayant Yadav,TRUE,1,0.7,finishing allrounder,39,,105.4054054054054,6,7.273972602739726,0.9082648926917751,-14.5,-1.5,14,35.84
3322,SM Shaikh,TRUE,0.38461538461538464,0.3269230769230769,top/middle,101,,142.25352112676057,,,2.063591984406249,32.499999999999986,,8,35
3323,Jimmy Neesham,TRUE,1,0.7,finishing allrounder,670,,135.9026369168357,40,8.525735294117647,1.6017621457452256,33.79999999999999,3.2,52,35.19
3330,Hardik Pandya,TRUE,1,0.85,batting allrounder,2654,,135.47728432873916,85,8.029714285714286,2.9333704802112877,23.500000000000014,5.100000000000002,129,32.13
3331,Babasafi Pathan,FALSE,0.098930481,0.098930481,finishing allrounder,5,,71.42857142857143,11,8.576271186440678,0,1.2499999999999996,0.7499999999999999,11,31.27
33498,Ajay Gouda,FALSE,0.097765363,0.097765363,finishing allrounder,11,,91.66666666666667,2,12.352941176470589,91.66666666666667,,,2,25.2
33504,Dhruv Raj Borah,FALSE,0.039421813,0.039421813,finisher,163,,183.14606741573033,,,183.14606741573033,,,4,22.82
33506,Jacky Ali,FALSE,0.039421813,0.039421813,finishing allrounder,52,,115.55555555555556,8,5.722007722007722,141.1764705882353,43.99999999999999,0,13,22.9
33508,Jitu Ali,FALSE,0.098930481,0.098930481,batting allrounder,174,,95.08196721311475,5,5.8474576271186445,8.751634076129468,-47,-0.5,14,24.98
3351,Sumit Ruikar,FALSE,0.19491525423728814,0.13644067796610168,finishing allrounder,81,,144.64285714285714,12,7.160120846,8.881938387508205,6.642857142857142,1.1999999999999997,15,35.47
33513,Ziyad Zaman,FALSE,0.039421813,0.039421813,finishing allrounder,37,,72.54901960784314,5,7.297297297297297,72.54901960784314,-25,4.999999999999998,8,20.96
33514,Sumit Ghadigarkar,FALSE,0.22535211267605634,0.19154929577464788,top/middle,281,,144.10256410256412,,,1.4304820408894288,-101,,9,33.63
33520,Pradyun Kumar Saikia,FALSE,0.039421813,0.039421813,opener,81,,102.53164556962025,,,88,,,4,22.86
33540,Reshab Dipak,FALSE,0.112,0.112,finishing allrounder,49,,106.52173913043478,10,6.765100671,6.216281181013345,-1,7.999999999999998,9,21.56
33675,Mohammad Naeem,TRUE,0.039421813,0.039421813,opener,42,,116.66666666666667,,,116.66666666666667,,,4,26.63
3373,Aizaz Khan,TRUE,0.625,0.53125,finishing allrounder,47,,65.27777777777777,4,8.385093167701863,1.7340548647550116,3.3571428571428568,0.9285714285714285,10,32.68
3374,Mark Chapman,TRUE,1,1,top/middle,1125,,139.40520446096653,0,4,1.8777661477758876,55.40000000000001,,59,31.42
3377,Babar Hayat,TRUE,0.8904109589041096,0.7568493150684932,top/middle,353,,109.28792569659443,,,1.7119329774403198,39.78571428571429,,11,33.89
33787,Sudhanshu Verma,FALSE,0.039421813,0.027595269,finishing allrounder,4,,33.333333333333336,8,7.580357142857143,0.6829604817887834,3.999999999999999,5.999999999999999,12,38.92
3382,Nizakat Khan,TRUE,0.625,0.53125,top/middle,218,,107.92079207920793,,,2.4952896627507033,29.928571428571416,,11,33.39
3383,Kinchit Shah,TRUE,0.45901639344262296,0.45901639344262296,finishing allrounder,73,,97.33333333333333,2,11.571428571428571,2.2627886687365066,0.33333333333333326,,8,29.97
33969,Tinotenda Maposa,FALSE,0.039421813,0.039421813,finishing allrounder,9,,52.94117647058823,2,6.552631578947368,1.4322511031225271,,,4,22.66
34044,Kuwar Pathak,TRUE,0.9411764705882353,0.9411764705882353,top/middle,569,,155.8904109589041,,,4.2584960589639005,-114.5,,20,27.01
34155,Gagan Vats,FALSE,0.039421813,0.039421813,top/middle,27,,225,,,225,,,4,25.73
344,Sheldon Jackson,TRUE,1,0.7,top/middle,836,,118.41359773371104,,,3.844736590532067,12.228571428571428,,33,39.16
34406,Vivek Yadav,FALSE,0.039421813,0.027595269,finisher,27,,84.375,0,7.846153846153846,84.375,,,3,38.95
34440,Harikrishnan R,FALSE,0.097765363,0.097765363,finisher,101,,95.28301886792453,,,95.28301886792453,8.999999999999996,,8,25.9
34443,Shoun Roger,FALSE,0.22535211267605634,0.22535211267605634,top/middle,534,,121.91780821917808,2,7.421052631578948,2.5996950545555624,124.49999999999994,-1,26,
34444,Vijay Vishwanath,FALSE,0.098930481,0.098930481,finishing allrounder,38,,95,19,7.044534412955466,1.635186982660387,12.999999999999998,-3,14,21.17
34466,Arafat Minhas,TRUE,0.112,0.112,finishing allrounder,107,,135.44303797468353,6,4.434782608695652,3.864611916650254,-57,0,6,20.9
34485,Sufiyan Muqeem,TRUE,0.14285714285714285,0.14285714285714285,finishing allrounder,26,,104,28,5.572649572649572,1.2258010254528728,5.999999999999999,9.999999999999996,14,26.03
3450,Aswin Crist,TRUE,1,1,finishing allrounder,95,,89.62264150943396,26,8.669789227166277,1.3921812479424844,-10.64285714,-1.857142857,24,31.38
3451,Baba Indrajith,FALSE,0.8904109589041096,0.8904109589041096,top/middle,1086,,130.68592057761734,,,2.013965075281015,45.300000000000004,,50,31.39
3452,Umashankar Sushil,FALSE,0.058558559,0.040990991,finisher,55,,98.21428571428571,,,98.21428571428571,,,7,36.32
3453,Rahil S Shah,FALSE,0.36,0.252,finishing allrounder,15,,75,39,7.228021978021978,2.351288821450578,-0.5,-1.2,38,40.1
34546,Aryan Bisht,TRUE,0.039421813,0.039421813,finisher,60,,77.92207792207792,1,6.260869565217392,4.843287453013123,,,5,21.02
3459,Gitmoy Basu,FALSE,0.039421813,0.027595269,top/middle,82,,93.18181818181819,,,93.18181818181819,67.99999999999999,,7,40.73
346,Anustup Mazumder,TRUE,0.8904109589041096,0.6232876712328766,top/middle,329,,106.81818181818181,,,106.81818181818181,0.38461538461538464,,18,41.57
3461,SD Chatterjee,TRUE,0.8904109589041096,0.7568493150684932,top/middle,324,,121.80451127819549,,,2.874626911256138,20.399999999999995,,21,34.04
3462,Writtick Chatterjee,TRUE,1,0.85,batting allrounder,624,,133.90557939914163,28,6.528440366972477,3.0981193409104693,67.29999999999998,2.5000000000000004,31,33.16
3463,Abhimanyu Easwaran,FALSE,0.19491525423728814,0.19491525423728814,opener,246,,129.47368421052633,,,4.337288383370379,129.99999999999994,,8,30.22
3464,Sayan Shekhar Mandal,FALSE,0.039421813,0.027595269,top/middle,124,,105.08474576271186,1,11.625,105.08474576271186,-18,-1,8,36.04
3469,Shreyas Gopal,TRUE,1,0.85,finishing allrounder,804,,119.46508172362556,86,7.726375176304654,1.9057331521325063,3.4000000000000092,4.3,68,32.23
3474,Vinoop Manoharan,FALSE,0.4,0.34,batting allrounder,611,,133.6980306345733,9,6.457831325301205,3.426905756436557,159.99999999999997,-2.5,28,33.46
3479,Chama Milind,TRUE,1,1,finishing allrounder,77,,154,14,7.515789473684211,3.0728647510095217,-6.357142857,0.9999999999999997,13,31.23
348,Cheteshwar Pujara,FALSE,0.2,0.13999999999999999,opener,132,,123.3644859813084,,,7.752539413956877,,,5,37.84
3481,Ravi Kiran,FALSE,0.097765363,0.083100559,finishing allrounder,2,,50,5,5.877551020408164,50,,,1,34.82
34880,Saad Masood,TRUE,0.039421813,0.039421813,finishing allrounder,84,,133.33333333333334,10,6.838709677419355,133.33333333333334,,,4,20.96
3489,Salman Agha,TRUE,0.22535211267605634,0.19154929577464788,top/middle,507,,110.45751633986929,3,8.782608695652174,1.521861449528283,433.9999999999998,,28,32.01
34961,Tunish Sawkar,TRUE,0.625,0.625,finisher,108,,131.70731707317074,,,1.4408869588258595,-80,,6,27.17
34962,Mohit Redkar,TRUE,0.45901639344262296,0.45901639344262296,finishing allrounder,20,,133.33333333333334,13,8.431034482758621,3.8043599083885984,6.4999999999999964,-0.5,12,25.16
34964,Vishal Jayswal,FALSE,0.19491525423728814,0.19491525423728814,finishing allrounder,103,,171.66666666666666,12,8.710659898477157,1.5311489486648084,25.099999999999998,1.9999999999999996,11,27.65
34966,Lone Nasir,FALSE,0.097765363,0.097765363,finishing allrounder,3,,60,2,6.387096774193548,60,,,3,28.22
34967,Ashwin Das,FALSE,0.38461538461538464,0.38461538461538464,finishing allrounder,227,,158.74125874125875,30,8.501457725947521,1.4211158090932952,15.099999999999996,6.1999999999999975,21,29.95
34968,Pukhraj Mann,FALSE,0.36,0.36,top/middle,423,,146.875,,,1.3273521677179563,157.99999999999997,,17,24.47
34969,Manav Suthar,TRUE,0.8904109589041096,0.8904109589041096,finishing allrounder,28,,127.27272727272727,5,6.991304347826087,1.7120505620156563,5.9999999999999964,0.5,7,23.32
34971,Anirudh Singh,FALSE,0.098930481,0.098930481,finisher,7,,233.33333333333334,2,5.333333333333333,233.33333333333334,,,1,23.12
34972,Bikramjit Debnath,FALSE,0.058558559,0.058558559,finisher,3,,100,0,9,100,,,1,26.92
34973,Deepak Khatri,FALSE,0.098930481,0.098930481,finishing allrounder,16,,123.07692307692308,2,5.75,123.07692307692308,,,3,30.98
34974,Sridam Tapan Paul,FALSE,0.098930481,0.098930481,top/middle,149,,175.2941176470588,,,1.141078597387517,3.3571428571428554,,6,23.82
34975,Karthikeya Jaiswal,FALSE,0.097765363,0.097765363,finishing allrounder,0,,0,7,9.661016949152541,0,,,8,27.99
34978,Patkuri Nitish Reddy,TRUE,0.19491525423728814,0.19491525423728814,top/middle,0,,0,,,0,,,1,24.99
34982,Chingakham Bidash,FALSE,0.112,0.112,finishing allrounder,37,,119.35483870967742,0,10.741935483870968,10.084718008764337,10.999999999999998,0,6,24.85
34983,Nabam Hachang,FALSE,0.027149321266968326,0.027149321266968326,finisher,48,,97.95918367346938,,,97.95918367346938,,,7,25.9
34990,Vishal Dangwal,TRUE,0.625,0.625,finisher,101,,142.25352112676057,,,4.9299416683651005,-14.5,,13,29.12
34991,Rajan Kumar,TRUE,0.8904109589041096,0.8904109589041096,finishing allrounder,57,,167.64705882352942,21,6.4822695035460995,2.3876510493393064,54.99999999999998,0.8999999999999999,19,29.39
34993,Avinov Choudhury,FALSE,0.098930481,0.098930481,finishing allrounder,16,,80,4,7.338129496402877,0.96879969,2.9999999999999996,0.2142857142857143,11,25.99
34995,Raghuvendra Singh,FALSE,0.098930481,0.098930481,finishing allrounder,10,,111.11111111111111,2,8.333333333333334,0.6991962783101712,-5,,3,22.32
34998,Piyush Dahiya,FALSE,0.039421813,0.039421813,finisher,7,,63.63636363636363,,,63.63636363636363,,,1,22.34
34999,Yuvraj Singh,FALSE,0.057692307692307696,0.057692307692307696,opener,13,,108.33333333333333,,,108.33333333333333,,,1,21.04
35001,Gaurav Sharma,FALSE,0.039421813,0.039421813,finishing allrounder,4,,50,0,12.727272727272727,50,,,2,31.39
35002,Sushil Barik,FALSE,0.039421813,0.039421813,finishing allrounder,23,,115,9,7.461538461538462,115,6.999999999999998,-3,10,23.09
35003,OT Munde,FALSE,0.039421813,0.039421813,opener,172,,113.90728476821192,1,7.741935483870968,113.90728476821192,73.99999999999999,,9,22.45
35005,Aasirwad Swain,FALSE,0.039421813,0.039421813,top/middle,202,,132.0261437908497,,,132.0261437908497,23.999999999999996,,8,20.73
35007,Anwesh Sharma,FALSE,0.039421813,0.039421813,top/middle,109,,83.84615384615384,,,2.567060721147343,100.99999999999999,,9,24.76
35008,Ankur Malik,FALSE,0.36,0.36,finishing allrounder,459,,121.75066312997347,12,7.564102564102564,2.640996651800426,-41,3.499999999999999,38,22.06
35010,Pankaj Rawat,FALSE,0.112,0.0952,top/middle,219,,93.58974358974359,,,1.8003420170088522,96.49999999999994,,12,32.51
35011,James Rai,FALSE,0.039421813,0.039421813,finishing allrounder,63,,105,8,7.732394366197183,105,,,10,
35013,Gagandeep Singh,TRUE,0.625,0.625,finishing allrounder,227,,123.3695652173913,1,7.279411764705882,3.027912388937864,26.49999999999999,0.4999999999999999,13,28.21
35014,Mayank Yadav,FALSE,0.098930481,0.098930481,finishing allrounder,77,,114.92537313432835,31,6.5588235294117645,3.5420970294071377,50.999999999999986,12.999999999999993,18,23.06
35015,Ayush Pandey,FALSE,0.098930481,0.098930481,opener,665,,145.51422319474835,,,14.562395045679878,80.99999999999996,,15,22.19
35016,Prateek Yadav,FALSE,0.098930481,0.098930481,finisher,424,,172.35772357723576,2,9.551020408163266,13.58369063985803,3.999999999999999,,17,26.78
35018,Yogesh Tiwari,FALSE,0.039421813,0.039421813,opener,198,,105.88235294117646,,,142.30769230769232,-50,,9,28.05
35019,Akshit Rana,FALSE,0.039421813,0.039421813,finisher,21,,100,,,100,,,8,23.8
35020,Rohit Dhanda,FALSE,0.039421813,0.039421813,finishing allrounder,1,,50,14,6.763636363636364,50,,,9,28.02
35067,Harsh Desai,FALSE,0.098930481,0.098930481,top/middle,227,,128.97727272727272,,,1.2554718571784125,44.642857142857146,,15,23.07
35069,Chanchal Rathore,FALSE,0.112,0.112,top/middle,195,,125.80645161290323,,,3.0653726891686137,12.214285714285714,,14,23
35070,Kamal Tripathi,TRUE,0.8904109589041096,0.8904109589041096,finishing allrounder,117,,164.7887323943662,22,7.092936802973978,1.0616246971666485,20.999999999999993,0.28571428571428553,18,27.29
35071,Kunal Rathore,TRUE,0.8181818181818182,0.8181818181818182,finisher,177,,165.42056074766356,,,1.3175848146974505,22.28571428571429,,8,23.13
35072,Ramakrishna Ghosh,FALSE,0.125,0.125,finishing allrounder,226,,136.96969696969697,17,7.716455696202532,7.438304874022569,-58,0.9999999999999998,24,28.25
35074,Yogesh Sharma,FALSE,0.098930481,0.098930481,finishing allrounder,1,,20,3,9.287671232876713,0.69724623,-0.5,0.4999999999999999,9,27.2
35076,Aniketh Reddy,TRUE,0.22535211267605634,0.22535211267605634,finishing allrounder,2,,33.333333333333336,6,7.222222222222222,100,,0.4999999999999999,5,25.08
35102,Zikria Islam,TRUE,0.039421813,0.039421813,finishing allrounder,57,,135.71428571428572,0,9.677419355,0.5717902981153201,,,5,26.14
35120,Saishiv Lingaraju,TRUE,0.039421813403397316,0.039421813403397316,top/middle,48,,97.95918367346938,0,20,97.95918367346938,,,3,26.16
35122,Faisal Shah,TRUE,0.039421813,0.039421813,finishing allrounder,10,,66.66666666666667,5,7.3076923076923075,1.7781260322742038,,,3,28.57
35125,Hashim Sayed,FALSE,0.039421813,0.039421813,finishing allrounder,5,,100,1,7.32,100,,,3,28.91
35133,Sufyan Yousuf,FALSE,0,0,opener,5,,62.5,,,62.5,,,2,25.92
3530,Jagdish Zope,FALSE,0.098930481,0.098930481,finishing allrounder,25,,104.16666666666667,13,6.7384615384615385,36.36363636363637,-17,0.49999999999999895,14,30.22
35317,Aravindaraj Ramasamy,FALSE,0.098930481,0.098930481,finishing allrounder,8,,50,18,8.785714285714286,50,-2,3,17,29.72
35319,Amatea,FALSE,0.039421813,0.039421813,opener,5,,55.55555555555556,,,55.55555555555556,,,1,25.9
35320,Neeraj Singh Rathour,FALSE,0.058558559,0.058558559,top/middle,3,,75,,,75,,,1,27.89
3533,Nikhil Naik,FALSE,0.38461538461538464,0.38461538461538464,finisher,593,,146.0591133004926,,,2.8886149846404137,-1.00E-14,,30,31.05
35388,Bikash Singh,FALSE,0.098930481,0.084090909,finisher,23,,57.5,0,7.846153846153846,1.745014393211572,-3,,4,33.02
3539,Ben McDermott,TRUE,0.625,0.625,top/middle,244,,101.2448132780083,,,1.8060465768434784,3.499999999999998,,13,30.96
3543,Shahidullah Kamal,TRUE,0.039421813,0.039421813,finisher,24,,72.72727272727273,,,72.72727272727273,,,5,26.8
3544,Usman Ghani,FALSE,0.22535211267605634,0.22535211267605634,top/middle,296,,106.85920577617328,,,4.330402938466747,201.99999999999997,,12,29.02
3550,Sharafuddin Ashraf,TRUE,0.45901639344262296,0.45901639344262296,finishing allrounder,40,,125,4,7.036363636363636,2.0896258424087595,-6,0.28571428571428575,9,30.88
35644,J Rajashekar Reddy,FALSE,0.039421813,0.039421813,top/middle,2,,40,,,40,,,1,27.3
35649,Rahul Jayasankar,FALSE,0.039421813,0.039421813,finisher,7,,58.333333333333336,,,58.333333333333336,,,3,22.01
3578,Imad Wasim,FALSE,0.625,0.4375,finishing allrounder,279,,112.95546558704453,29,5.642994241842611,2.391159303,19.071428571428566,1.0000000000000002,25,36.94
35883,Sahil Lotra,FALSE,0.098930481,0.098930481,finishing allrounder,6,,100,1,6.268656716417911,100,,,3,27.08
35884,Musaif Ajaz,FALSE,0.039421813,0.039421813,top/middle,26,,113.04347826086956,,,1.091594089166511,,,2,23.32
35885,Rahul Shivam Chandrol,FALSE,0.039421813,0.039421813,top/middle,84,,137.70491803278688,,,123.52941176470588,41.999999999999986,,10,25.11
35886,Gaurav Chaudhary,FALSE,0.36,0.36,finishing allrounder,278,,144.04145077720207,19,6.918566775,144.04145077720207,-18.5,-1.5,24,27.08
35889,Kartik Biswal,FALSE,0.112,0.112,top/middle,171,,99.41860465,2,5.045454545454546,4.5949892240740455,39.999999999999986,0,10,28.41
35893,Bhavesh Seth,TRUE,0.38461538461538464,0.38461538461538464,finisher,6,,200,,,200,,,3,28.14
35897,Rohan Suresh,FALSE,0.097765363,0.097765363,finishing allrounder,11,,61.111111111111114,8,8.230366492146597,61.111111111111114,,-1.333333333,12,
35899,Aayush Thakur,FALSE,0.112,0.112,finishing allrounder,49,,136.11111111111111,15,8.767527675276753,4.360487557246439,42.99999999999998,3.499999999999998,14,23.01
359,Rangaraj Suthesh,FALSE,0.112,0.0784,finishing allrounder,4,,36.36363636363637,19,6.283185840707965,2.432207367551565,0,-9,15,38.64
35900,Teshi Tiku,FALSE,0.039421813,0.033508541,finisher,47,,146.875,0,10.5,146.875,,,6,33.9
35903,Sylvester Mylliempdah,FALSE,0.097765363,0.083100559,top/middle,33,,58.92857142857143,,,58.92857142857143,,,2,33.2
360,Bhuvneshwar Kumar,TRUE,1,0.7,finishing allrounder,323,,97.58308157099698,164,6.996506827564306,2.5848117172478022,1.8999999999999997,2.3000000000000007,141,35.81
36045,Alok Kumar,FALSE,0.039421813,0.039421813,finisher,5,,250,0,8.307692307692308,250,,,1,31.11
3605,Aiden Markram,TRUE,1,1,top/middle,2350,,137.99177921315325,17,8.690140845070422,2.986217512439725,-9.3,0.3,89,31.15
3613,Shakeel Ahmed,TRUE,0.112,0.0784,finishing allrounder,32,,78.04878048780488,1,7.536585365853658,2.061018558732776,15.999999999999996,-1,4,37.81
36153,Syed Haider,FALSE,0.039421813,0.039421813,top/middle,60,,122.44897959183673,,,122.44897959183673,,,1,24.59
36184,Ansh Yadav,FALSE,0.21153846153846154,0.14807692307692308,top/middle,287,,117.62295081967213,1,7.333333333333333,9.122111597532204,-114.5,-0.5,9,37.61
36188,Nishant Kushwah,FALSE,0.098930481,0.098930481,top/middle,243,,114.62264150943396,,,0.6986896637193616,121.49999999999997,,13,31.11
36189,Shaurya Singh,FALSE,0.19491525423728814,0.19491525423728814,batting allrounder,391,,124.92012779552715,6,6.927835051546392,11.430900836883502,-27.5,-1.5,31,
36192,Jamshed Alam,FALSE,0.097765363,0.097765363,finishing allrounder,1,,100,2,12.375,100,,-2,3,31.39
3622,Hayden Walsh,TRUE,0.8904109589041096,0.7568493150684932,finishing allrounder,22,,91.66666666666667,23,7.246290801186944,0.8483564094366113,-2,-4.857142857,18,33.59
3623,Hasan Ali,FALSE,0.45901639344262296,0.45901639344262296,finishing allrounder,58,,131.8181818181818,27,8.437054631828978,0.9160129038848343,-6.114285714,0.31428571428571456,19,31.4
3627,Andile Phehlukwayo,TRUE,0.8904109589041096,0.8904109589041096,finishing allrounder,60,,103.44827586206897,11,9.620111731843576,1.6507907376953572,-5.4,0.6999999999999997,11,29.73
3628,Kagiso Rabada,TRUE,1,1,finishing allrounder,167,,113.60544217687075,83,8.214499700419413,1.111603725,-6.2,-5.3,71,30.51
3629,Corbin Bosch,TRUE,0.039421813,0.039421813,finishing allrounder,98,,113.95348837209302,17,6.918032786885246,1.2603774262907388,,,8,31.21
36292,Parush Mandal,FALSE,0.039421813,0.039421813,finishing allrounder,1,,14.285714285714286,4,9.363636363636363,0,0.9999999999999998,0,7,23.26
36304,Vandit Joshi,FALSE,0.039421813,0.039421813,batting allrounder,137,,125.68807339449542,6,7.056994819,69.96224105077127,98.99999999999994,5.999999999999999,12,24.59
36328,Mangesh Yadav,FALSE,0.039421813,0.039421813,finishing allrounder,64,,177.77777777777777,16,7.819148936170213,66.66666666666667,55.999999999999986,11.999999999999998,9,24.13
36336,Akhil Yadav,FALSE,0.039421813,0.039421813,finisher,53,,135.89743589743588,,,,,,4,22.71
3635,Jason Smith,FALSE,0.039421813,0.039421813,top/middle,6,,100,,,100,,,1,31.13
36363,Ayush Mankar,FALSE,0.039421813,0.039421813,finishing allrounder,10,,100,2,9.906976744186046,,,,7,25.69
3639,Brandon King,TRUE,1,1,opener,1362,,127.7673545966229,,,2.3031710025871863,-52.8,,61,30.95
3641,Ben Dwarshuis,TRUE,0.625,0.625,finishing allrounder,50,,73.52941176470588,22,8.841059602649006,1.2149224107965404,17.428571428571434,5.714285714285717,11,31.43
3642,Atit Sheth,TRUE,1,1,finishing allrounder,445,,183.1275720164609,56,8.199004975124378,1.0309741221816473,55.6,3.4000000000000004,33,29.81
3643,Monu Kumar Singh,FALSE,0.098930481,0.098930481,finishing allrounder,11,,91.66666666666667,5,8.0625,91.66666666666667,,,3,31.06
3644,Kuldeep Yadav,TRUE,1,1,finishing allrounder,171,,80.28169014084507,104,7.138353765323993,1.1921969613591172,-0.9,5.700000000000002,79,30.95
3645,Sarfaraz Khan,TRUE,1,1,top/middle,388,,116.16766467065868,0,3,1.495627173802206,8.499999999999998,,29,28.08
3646,Karan Kaila,FALSE,0.058558559,0.058558559,finishing allrounder,57,,116.3265306122449,13,5.225,116.3265306122449,,6.4999999999999964,11,31.22
3647,Shreyas Iyer,TRUE,1,1,top/middle,2517,,137.9934210526316,0,6.75,2.4036573840792697,46.9,,94,30.97
3648,Deepak Hooda,TRUE,1,1,batting allrounder,1167,,124.54642475987193,11,7.267605633802817,2.4265231381623202,-65.2,-0.9,79,30.61
3649,Akhil Herwadkar,FALSE,0.2,0.2,opener,314,,145.37037037037038,2,6,3.234309461946009,61.357142857142875,0,11,31.07
365,Rajesh Bishnoi,FALSE,0.097765363,0.068435754,top/middle,48,,88.88888888888889,,,5.784804530427213,-9,,7,38.14
3650,Aamir Gani,TRUE,0.48437499999999994,0.48437499999999994,finishing allrounder,39,,70.90909091,16,6.12,70.90909091,18.99999999999999,1.4999999999999993,19,29.25
3651,Ricky Bhui,TRUE,1,1,top/middle,998,,150.3012048192771,,,2.1615553326172505,43.50000000000001,,28,29.16
3652,Ankush Bains,TRUE,0.48437499999999994,0.48437499999999994,top/middle,123,,109.82142857142857,,,3.0150566937925545,-105,,10,29.95
3653,Avesh Khan,TRUE,1,1,finishing allrounder,73,,140.3846153846154,131,8.179865772,1.4627455239144778,0.6000000000000006,-5.3,101,28.95
3654,Amad Butt,FALSE,0.112,0.112,finishing allrounder,11,,73.33333333333333,5,8.613861386138614,3.219187238511663,,,5,30.55
36553,Jediah Blades,FALSE,0.039421813,0.039421813,finishing allrounder,4,,40,3,9.225,40,,,3,23.62
3659,Dominic Sibley,FALSE,0.027149321266968326,0.027149321266968326,opener,3,,37.5,,,37.5,,,1,30.23
366,Gaurav Dhiman,FALSE,0.112,0.0784,top/middle,43,,102.38095238095238,1,10,102.38095238095238,,,3,38.95
3660,Luke Wood,TRUE,0.8904109589041096,0.8904109589041096,finishing allrounder,32,,133.33333333333334,25,8.778082191780822,1.2919864852180396,25.999999999999986,1.6999999999999995,18,30.32
3661,Minod Bhanuka,TRUE,0.22535211267605634,0.22535211267605634,opener,64,,91.42857142857143,,,91.42857142857143,,,3,30.58
3664,Binura Fernando,TRUE,0.8904109589041096,0.8904109589041096,finishing allrounder,36,,92.30769231,20,6.640167364016737,2.556054516358107,-2.1,2.0999999999999996,22,30.38
3669,Sadeera Samarawickrama,TRUE,0.45901639344262296,0.45901639344262296,top/middle,113,,108.65384615384616,,,1.8126520886546025,28.333333333333332,,5,30.24
36713,Mirzadanish Alam,FALSE,0.039421813,0.033508541,finisher,29,,80.55555555555556,,,80.55555555555556,,,4,33.56
3672,Kusal Mendis,TRUE,1,1,top/middle,1207,,123.54145342886387,,,2.3852470365115725,48.30000000000001,,48,30.81
3673,Ramesh Mendis,TRUE,0.625,0.625,finishing allrounder,75,,102.73972602739725,3,6.133333333333334,1.9123583825463792,8.076923077,-0.115384615,13,30.39
36743,Tadakamalla Mohith,FALSE,0.039421813,0.039421813,finishing allrounder,87,,111.53846153846153,8,7.976470588235294,111.53846153846153,,,7,24.34
36759,Aaryan Chavda,FALSE,0.039421813,0.039421813,finishing allrounder,0,,0,8,7.416666666666667,,,,7,20.4
3697,Kyle Jamieson,TRUE,1,1,finishing allrounder,79,,106.75675675675676,28,8.517560073937153,1.7122014777413073,-12.75,1.7499999999999998,25,30.91
36982,Suyash Sharma,TRUE,1,1,finishing allrounder,3,,42.857142857142854,63,7.812982998454405,1.089494502837968,-1,6.2803698347351e-16,57,22.54
36983,Mohit Rathee,TRUE,0.8904109589041096,0.8904109589041096,finishing allrounder,48,,109.0909090909091,8,7.8133333333333335,45.21591723370395,0.4999999999999977,3.925231146709437e-17,11,26.87
36984,Raghav Goyal,TRUE,0.8181818181818182,0.8181818181818182,finishing allrounder,60,,103.44827586206897,11,6.461538461538462,0.6980574269485763,29.99999999999999,0.4999999999999999,15,24.83
370,Arun Karthik,TRUE,1,0.7,top/middle,1324,,134.96432212028543,,,7.452974505299525,-25.7,,50,39.78
3700,Tim Seifert,TRUE,1,1,top/middle,894,,144.89465153970826,,,2.220809298955936,75.10000000000001,,35,30.95
37036,Priyanshu Moliya,FALSE,0.039421813,0.039421813,batting allrounder,211,,145.51724137931035,4,7.111111111111111,,,,12,20.44
37037,Aanjaneya Suryavanshi,TRUE,0.625,0.625,top/middle,370,,122.51655629139073,,,18.59173643,-4,,18,22.83
37052,Naman Dhir,TRUE,1,1,batting allrounder,1727,,167.66990291262135,26,7.9126637554585155,3.682188203482703,35.49999999999998,1.9999999999999996,69,25.91
37054,Jass Inder Singh,FALSE,0.112,0.112,finishing allrounder,11,,68.75,10,6.8730650154798765,68.75,3.499999999999999,0,16,28.95
37074,R Sibi,FALSE,0.098930481,0.098930481,finisher,31,,110.71428571428571,,,110.71428571428571,,,1,27.96
37103,R K Jayant,FALSE,0.039421813,0.039421813,finisher,43,,95.55555555555556,,,1.614879652867171,,,2,19.94
37114,S Raghavendran,FALSE,0.039421813,0.027595269,finisher,43,,104.8780487804878,,,1.1159201310957918,,,5,37.69
37201,,FALSE,0.027149321266968326,0.027149321266968326,unknown,71,,122.41379310344827,,,122.41379310344827,,,0,
3727,Matthew Short,TRUE,1,1,top/middle,499,,142.16524216524218,8,8.796116505,2.249553412715934,-92,-3.14E-16,27,30.05
37311,Shiv Mathur,FALSE,0.039421813,0.039421813,finisher,62,,114.81481481481481,,,114.81481481481481,,,3,17.85
37319,Etamize Dhileepan,FALSE,0.039421813,0.039421813,top/middle,5,,83.33333333333333,,,83.33333333333333,,,1,28.06
37321,Slakshy Jain,FALSE,0.15625,0.15625,finishing allrounder,23,,63.888888888888886,7,7.226086956521739,1.1688157,-5,-7,15,23.4
37354,G Godson,FALSE,0.112,0.0784,finishing allrounder,15,,83.33333333333333,4,7.408695652173913,1.7077604548357135,,-2,6,36.16
37356,T Saran,FALSE,0.039421813,0.039421813,opener,5,,33.333333333333336,,,0.687656907,,,3,30.13
37360,M Viju Arul,FALSE,0.097765363,0.097765363,finishing allrounder,2,,40,5,12.092307692307692,40,,-0.5,5,31.5
37373,Venkatesh Bhuvaneshwar,FALSE,0.027149321266968326,0.027149321266968326,finishing allrounder,12,,54.54545454545455,3,8.7,54.54545454545455,,,1,24.56
37563,Sagar Gowtham,FALSE,0.039421813,0.039421813,finisher,40,,160,,,160,25.999999999999986,,3,26.48
3757,Jyot Chhaya,FALSE,0.14285714285714285,0.1,finishing allrounder,121,,100.83333333333333,3,6.696428571428571,5.7393933865920035,-31,-0.428571429,14,35.98
37572,Shafiq Jan,TRUE,0.039421813,0.039421813,finishing allrounder,5,,166.66666666666666,4,8.64,166.66666666666666,,,3,31.81
37578,Sj Arunkumar,FALSE,0.098930481,0.098930481,finisher,31,,67.39130435,0,10,1.9127412942573279,-1,,8,21.78
37580,P Bhuvaneswaran,FALSE,0.22535211267605634,0.22535211267605634,finishing allrounder,48,,90.56603773584905,28,7.521739130434782,1.4892098342665974,-16.5,-5,22,31.87
3759,Vishnu Solanki,FALSE,0.48437499999999994,0.41171874999999997,top/middle,526,,135.56701030927834,,,4.675061927436894,0.6999999999999993,,30,33.11
37590,Kta Madhava Prasad,FALSE,0.039421813,0.039421813,finisher,44,,110,,,6.207420503373628,,,4,20.45
37597,S Sanjeevi Kandeepan,FALSE,0.039421813,0.039421813,top/middle,6,,100,,,100,,,1,29.53
376,Ravikant Shukla,TRUE,0.45901639344262296,0.32131147540983607,finisher,55,,177.41935483870967,,,9.674797546554629,,,3,38.39
37604,M Udhayakumar,FALSE,0.039421813,0.039421813,finishing allrounder,1,,50,2,10.5,50,,,2,29.08
37612,Zubair khan,TRUE,0.039421813,0.039421813,finisher,31,,140.9090909090909,,,140.9090909090909,,,2,24.93
37630,Mohamed Ali,FALSE,0.21153846153846154,0.21153846153846154,finishing allrounder,310,,129.7071129707113,13,8.431718061674008,3.0083999155232544,47.499999999999964,0.9999999999999992,20,21.15
37631,P Vignesh,FALSE,0.039421813,0.039421813,finishing allrounder,1,,33.333333333333336,13,7.293103448275862,33.333333333333336,,-9,15,20.64
3768,Hardik Rathod,FALSE,0.097765363,0.068435754,finishing allrounder,2,,40,3,4.266666666666667,40,,,3,37.22
37730,Divij Mehra,FALSE,0.039421813,0.039421813,finishing allrounder,12,,120,5,9.071428571428571,120,,,4,23.17
37731,Musheer Khan,FALSE,0.039421813,0.039421813,batting allrounder,136,,133.33333333333334,7,7.880597014925373,1.433599830196689,,,8,20.74
37732,Prasad Pawar,TRUE,0.8904109589041096,0.8904109589041096,top/middle,564,,147.64397905759162,,,2.848514539017705,225.99999999999994,,23,30.82
37752,Ajay Chetan J,FALSE,0.039421813,0.039421813,finisher,4,,22.22222222222222,,,1.5888600443960386,-2,,5,23.92
37755,Vidyuth P,FALSE,0.097765363,0.097765363,finishing allrounder,9,,150,5,7.591836734693878,0.7026900973385412,,,4,25.19
37757,R Vimal Khumar,FALSE,0.22535211267605634,0.22535211267605634,top/middle,600,,119.28429423459245,,,4.019306971225265,57.99999999999999,,27,22.98
37774,H I Waseem Ahmed,FALSE,0.097765363,0.097765363,opener,368,,121.8543046357616,,,5.504182063353003,-66,,14,24.51
3779,Pritam Chakraborty,FALSE,0.039421813,0.039421813,finishing allrounder,2,,66.66666666666667,10,5.796610169491525,66.66666666666667,,,6,31.2
3780,Vivek Singh,TRUE,1,0.85,top/middle,703,,129.9445471349353,2,6.967741935483871,3.6153385428838845,18.299999999999997,,25,32.07
3781,M Mohammed,TRUE,1,0.85,finishing allrounder,301,,95.55555555555556,71,7.2370517928286855,1.8713268105873502,-11,-2.2,50,33.98
37812,Shyam Sundar,FALSE,0.039421813,0.039421813,top/middle,118,,100,,,3.0608088454022653,-118,,8,25.08
3782,M Shahrukh Khan,TRUE,1,1,finishing allrounder,1943,,156.18971061093248,52,7.405172413793103,3.9839246957895353,2.399999999999998,1.3000000000000005,115,30.51
37870,Sunil Krishna,FALSE,0.039421813,0.039421813,finisher,34,,147.82608695652175,,,1.2888276746489844,,,4,23.72
37871,Athish S R,FALSE,0.039421813,0.039421813,top/middle,37,,97.36842105263158,,,8.004083056487241,,,3,21.36
37879,Khawaja Nafay,FALSE,0.098930481,0.098930481,opener,214,,133.75,,,6.063579737787058,93.99999999999997,,8,
37939,Nahid Rana,FALSE,0.098930481,0.098930481,finishing allrounder,4,,16,14,7.2,0.7454881730188649,-0.5,1.9999999999999991,17,23.15
3798,Karan Shah,TRUE,0.38461538461538464,0.38461538461538464,top/middle,58,,170.58823529411765,,,2.3409808641466716,-1,,4,29.44
3802,Anshuman Rath,FALSE,0.039421813,0.039421813,opener,124,,82.11920529801324,1,7.8,3.453954312517828,107.99999999999997,0.9999999999999998,9,28.06
38050,Isitha Wijesundera,FALSE,0.039421813,0.039421813,finishing allrounder,11,,110,1,10.875,2.423464293084804,0.9999999999999998,0.9999999999999998,2,28.54
3807,Gurinder Singh,FALSE,0.039421813,0.033508541,finishing allrounder,36,,72,3,8.409448818897637,72,,,6,33.38
3808,Jiwanjot Singh,FALSE,0.14285714285714285,0.1,top/middle,129,,122.85714285714286,,,11.935015862733412,-32.5,,3,35.06
38125,Akhil Rawat,TRUE,0.625,0.625,top/middle,496,,163.1578947368421,,,5.932765025248612,-1,,18,
38435,Rajendra Singh,FALSE,0.039421813,0.039421813,batting allrounder,48,,97.95918367346938,3,7.518987341772152,97.95918367346938,,,6,-42.89
38436,Saurav Dihingya,FALSE,0.112,0.112,opener,306,,134.21052631578948,,,3.798407194231765,65.99999999999999,,9,21.91
38438,Rohit Singh,FALSE,0.098930481,0.098930481,finishing allrounder,26,,89.65517241379311,24,6.168,2.177355318093119,10.999999999999998,0,12,20.96
38439,Jay Borah,FALSE,0.098930481,0.098930481,top/middle,223,,126.70454545454545,,,3.972178025190278,96.99999999999997,,10,24.12
38440,Amit Yadav,TRUE,0.112,0.112,finishing allrounder,36,,257.14285714285717,2,7.276595744680851,257.14285714285717,,,6,29.98
38442,Kankan Kalita,TRUE,0.8904109589041096,0.8904109589041096,finishing allrounder,208,,108.33333333333333,21,5.736677115987461,7.057059902970416,-16.5,-3,17,26.63
38443,Shubham Kumar Gupta,FALSE,0.097765363,0.097765363,finishing allrounder,12,,54.54545454545455,7,8.052631578947368,54.54545454545455,,,5,20.33
38444,Bishal Sharma,FALSE,0.039421813,0.039421813,top/middle,270,,103.05343511450381,5,6.346153846153846,142.46575342465752,-62,2.9999999999999996,12,20.94
38445,Tej Khan,FALSE,0.039421813,0.039421813,finishing allrounder,98,,108.88888888888889,8,6.962264150943396,110.71428571428571,-36,0,13,19.9
38446,Palla Karunakar,FALSE,0.039421813,0.039421813,finishing allrounder,81,,75,2,7.384615384615385,88.23529411764706,16.999999999999996,0,8,21.28
38447,Avijit Singha Roy,FALSE,0.112,0.0784,opener,140,,122.80701754385964,0,9.5,122.80701754385964,,,7,38.77
38578,Prashant Chaudhary,FALSE,0.15625,0.15625,finishing allrounder,108,,109.0909090909091,6,8.181818181818182,8.091604508577646,13.499999999999996,-1.5,12,25.9
3858,Jatinder Singh,TRUE,0.112,0.0784,opener,148,,110.44776119402985,0,21,1.8253123278971606,-42,,6,36.73
38617,Tarun Singh,FALSE,0.039421813,0.033508541,batting allrounder,196,,104.81283422459893,9,7.190476190476191,104.81283422459893,,,9,32.12
38618,Arjun Dani,TRUE,0.36,0.36,finishing allrounder,245,,137.64044943820224,7,6.795918367346939,13.890112498080626,,2.499999999999999,15,
38619,Rahul Sawant,TRUE,0.36,0.36,finishing allrounder,31,,193.75,13,7.2485549132947975,1.3632756525862684,,2.499999999999999,9,25.9
38621,Raj Waghela,TRUE,0.21153846153846154,0.21153846153846154,finisher,38,,71.69811320754717,,,2.0797124666084628,14.999999999999995,,8,25.9
38625,Nutan Goel,FALSE,0.097765363,0.097765363,opener,41,,120.58823529411765,,,1.0397978736155462,,,3,25.9
38628,Jayesh Pokhare,FALSE,0.039421813,0.039421813,finisher,4,,80,,,80,,,2,-14.1
38632,Prince Badiani,TRUE,0.19491525423728814,0.19491525423728814,finishing allrounder,0,,0,3,9.4375,0,,0.4999999999999999,6,
38638,Aryan Kiran Badhe,TRUE,0.38461538461538464,0.38461538461538464,finishing allrounder,4,,133.33333333333334,6,8.326530612244898,133.33333333333334,,,2,23.71
38639,Vaibhav Chougalle,TRUE,0.38461538461538464,0.38461538461538464,finishing allrounder,44,,91.66666666666667,3,9.891891891891891,91.66666666666667,5.999999999999999,0.9999999999999998,16,25.9
38640,Sachin Bhosale,TRUE,1,1,finishing allrounder,190,,150.79365079365078,52,7.079837618403247,12.739141950661155,5.4999999999999885,-1,38,27.9
38642,Aditya Rajhans,FALSE,0.058558559,0.058558559,finishing allrounder,4,,33.333333333333336,1,6.7272727272727275,33.333333333333336,,,3,25.9
38643,Suraj Shinde,TRUE,0.48437499999999994,0.48437499999999994,finisher,152,,146.15384615384616,,,1.6225658552021345,-64,,10,25.9
38644,Jay Jain,FALSE,0.039421813,0.039421813,top/middle,47,,87.03703703703704,,,3.5785113515540057,,,5,25.9
38646,Shashwat Jagtap,FALSE,0.039421813,0.039421813,top/middle,98,,98.98989898989899,,,8.364358872374387,,,5,25.9
38648,Prayash Thakur,TRUE,0.625,0.625,finishing allrounder,15,,107.14285714285714,6,9.466666666666667,1.0022197060436164,,,3,25.9
38650,M Krishna,FALSE,0.058558559,0.058558559,opener,4,,50,,,0.6924183694528013,,,2,25.9
38651,Yashovardhan Singh,FALSE,0.22535211267605634,0.22535211267605634,finisher,402,,118.93491124260355,3,4.92,5.376320882889429,-64.5,-3,29,23.27
38652,Nihal Vadera,FALSE,0.098930481,0.098930481,top/middle,52,,118.18181818181819,,,3.0059151689559833,,,3,25.9
38654,Sahil Jadhav,FALSE,0.098930481,0.098930481,finisher,87,,104.81927710843374,,,1.629212648906555,17.499999999999993,,11,25.9
38655,Praful Devkate,FALSE,0.039421813,0.039421813,finisher,7,,350,0,7.636363636363637,350,,,2,25.9
38657,Harshal Jadhav,FALSE,0.19491525423728814,0.19491525423728814,top/middle,186,,157.6271186440678,0,12.5,2.3206372350216244,42.99999999999998,,6,24.11
38658,Yash Dicholkar,TRUE,0.22535211267605634,0.22535211267605634,finishing allrounder,12,,50,10,6.728155339805825,2.603600604113351,3.999999999999999,4.999999999999998,11,-14.1
38659,Adithya Khanvilkar,FALSE,0.039421813,0.039421813,top/middle,12,,85.71428571428571,0,12,85.71428571428571,,,1,25.9
38699,Ninad Kadam,TRUE,0.36,0.306,finisher,108,,168.75,1,9.6,3.9786255413564926,,,5,33.03
38700,Ajay Singh,FALSE,0.057692307692307696,0.057692307692307696,finishing allrounder,1,,100,2,10.032786885245901,100,,0,5,25.9
3871,Aamir Kaleem,TRUE,0.19491525423728814,0.13644067796610168,opener,135,,117.3913043478261,8,7.486238532110092,9.141087176411427,22.999999999999993,1.9999999999999996,6,44.02
3876,Sufyan Mehmood,TRUE,0.112,0.0952,finishing allrounder,22,,70.96774193548387,2,9.648648649,1.1344028481990376,3.999999999999999,-2,6,34.1
3882,Steven Taylor,FALSE,0.039421813,0.033508541,opener,84,,97.67441860465117,,,2.592585321978907,31.999999999999993,,7,32.05
38855,Mohammad Saifuddin,TRUE,1,1,finishing allrounder,305,,119.6078431372549,64,7.002024291497976,1.5950703167386817,36.1,4.3,46,29.88
39011,Jitesh Raut,FALSE,0.039421813,0.039421813,opener,72,,90,,,90,,,7,30
39013,Omkar Chettiar,FALSE,0.039421813,0.039421813,opener,18,,94.73684210526316,,,94.73684210526316,,,3,25.73
39016,Pranav Dhawande,FALSE,0.039421813,0.039421813,top/middle,37,,92.5,,,92.5,,,4,25.54
39018,Siddhant Singh,FALSE,0.039421813,0.039421813,finisher,22,,129.41176470588235,1,11,3.8902372628280606,,,4,25.8
39019,Hrushikesh Pawar,FALSE,0.039421813,0.039421813,batting allrounder,84,,110.52631578947368,2,7.594936708860759,110.52631578947368,,,6,30.22
39023,Pankaj Patil,FALSE,0.039421813,0.027595269,finishing allrounder,9,,150,12,9.496062992125983,,,,6,37.05
39029,Atul Singh,FALSE,0.039421813,0.039421813,finishing allrounder,8,,114.28571428571429,6,8.590909090909092,114.28571428571429,,,7,31.09
39035,Japjeet Singh Randhawa,TRUE,0.36,0.36,top/middle,99,,84.61538461538461,1,4.421052631578948,1.8642698985603137,47.499999999999986,,6,28.04
39038,Yash Singh,FALSE,0.039421813,0.039421813,finishing allrounder,4,,50,18,4.9156626506024095,50,,,7,25.07
39040,Kaushik Kharat,FALSE,0.039421813,0.039421813,finisher,101,,97.11538461538461,,,97.11538461538461,,,5,29.07
39041,Harsh Mogaveera,FALSE,0.098930481,0.098930481,top/middle,401,,168.48739495798318,2,10.325581395348838,121.7948717948718,-211,,15,22.34
39042,Arman Shaikh,FALSE,0.039421813,0.027595269,top/middle,113,,114.14141414141415,,,114.14141414141415,,,8,38.02
39043,Yogesh Patil,FALSE,0.039421813,0.027595269,finishing allrounder,93,,169.0909090909091,4,7.672131147540983,169.0909090909091,,,7,36.89
39044,Ajay Mishra,FALSE,0.039421813,0.039421813,finishing allrounder,39,,105.4054054054054,13,6.915254237288136,1.6739159044953842,,,12,30.41
39047,Aayush Singh,FALSE,0.039421813,0.039421813,finishing allrounder,19,,90.47619047619048,4,6.393442623,90.47619047619048,,,4,22.57
39051,Aryan Kadam,FALSE,0.039421813,0.039421813,finishing allrounder,1,,100,1,5.086956521739131,100,,,5,20.79
39064,Shreyash Gurav,FALSE,0.039421813,0.039421813,finishing allrounder,8,,88.88888888888889,9,5.36,8.364358872,,,6,25.74
39065,Prabhakar Nishad,FALSE,0.039421813,0.039421813,finishing allrounder,3,,75,8,7.077844311377246,75,,,8,26.4
39066,Sahil Phegade,FALSE,0.039421813,0.039421813,finishing allrounder,4,,100,10,4.173913043478261,100,,,5,25.25
39070,Sandesh Koli,FALSE,0.039421813,0.033508541,finishing allrounder,15,,187.5,8,6.382978723404255,187.5,,,4,33.88
39071,Aryaman Thakkar,FALSE,0.027149321266968326,0.027149321266968326,top/middle,50,,71.42857142857143,,,71.42857142857143,,,5,22.96
39074,Aniket Khadpe,FALSE,0.039421813,0.039421813,finishing allrounder,27,,75,12,7.090909090909091,75,,,7,25.9
39081,Vicky Patil,FALSE,0.039421813,0.039421813,opener,197,,99.49494949,,,99.49494949,,,9,29.1
39082,Harsh Shrawage,FALSE,0,0,opener,3,,42.857142857142854,,,42.857142857142854,,,1,25.55
39084,Jay Dhatrak,FALSE,0.027149321266968326,0.027149321266968326,finisher,13,,61.904761904761905,,,61.904761904761905,,,4,22.09
39092,Shreeraj Gharat,TRUE,0.3125,0.3125,top/middle,90,,125,,,2.048164958000461,24.999999999999993,,4,25.2
39094,Dashrath Chavan,FALSE,0.039421813,0.039421813,finishing allrounder,62,,96.875,13,5.625,96.875,,,8,23.06
39095,Omkar Rahate,FALSE,0.027149321266968326,0.027149321266968326,opener,19,,63.333333333333336,,,63.333333333333336,,,1,27.19
39097,Sahil Gode,FALSE,0.039421813,0.039421813,top/middle,30,,90.90909091,,,3.0515849088644025,,,4,23.78
39100,Aditya Yadav,FALSE,0.039421813,0.039421813,finishing allrounder,91,,122.97297297297297,2,8.909090909090908,2.1444437081903915,,,9,29.32
39105,Shubham Yadav,FALSE,0.039421813,0.039421813,finishing allrounder,2,,40,1,9.125,40,,,3,18.98
39107,Aquib Mubin Shaikh,FALSE,0.039421813,0.027595269,finisher,2,,25,,,25,,,3,35.08
39108,Parag Ramchandra Jadhav,FALSE,0.039421813,0.039421813,finishing allrounder,57,,96.61016949152543,3,7.4,96.61016949152543,,,6,28.45
39109,Om Kamat,FALSE,0.098930481,0.098930481,finisher,187,,108.09248554913295,,,2.1510461256910465,82.49999999999997,,11,23.48
39110,Vishwajit Jagdale,FALSE,0.039421813,0.039421813,finisher,163,,139.31623931623932,0,13.666666666666666,139.31623931623932,,,8,24.74
39111,Ravi Vishwakarma,FALSE,0.039421813,0.033508541,batting allrounder,7,,87.5,3,6.48,87.5,,,2,33.93
39113,Kalash Rai,FALSE,0.039421813,0.039421813,finisher,98,,130.66666666666666,,,130.66666666666666,,,3,21.59
39117,Ashwin Shelke,FALSE,0.039421813,0.039421813,finishing allrounder,58,,87.87878787878788,12,5.3076923076923075,87.87878787878788,,,9,27.73
39121,Abhishek Jain,FALSE,0.039421813,0.039421813,finisher,31,,103.33333333333333,,,103.33333333333333,,,3,25.1
39125,Sanket More,FALSE,0.039421813,0.039421813,finishing allrounder,9,,112.5,2,6.8076923076923075,112.5,,,4,30.43
39129,Rugved More,FALSE,0.039421813,0.039421813,top/middle,164,,120.58823529411765,,,4.3973727643125455,,,8,23.75
39130,Jahangir Ansari,FALSE,0.039421813,0.039421813,finisher,20,,100,0,13,100,,,2,26.14
39132,Anil Amit Panday,FALSE,0.039421813,0.039421813,finishing allrounder,27,,128.57142857142858,2,4.75,128.57142857142858,,,2,26.91
39133,Satyalaksh Jain,FALSE,0.039421813,0.039421813,top/middle,153,,93.86503067484662,0,8.25,93.86503067484662,,,9,26.02
39137,Prateet Gotsurve,FALSE,0.027149321266968326,0.027149321266968326,finisher,8,,50,,,50,,,5,23.12
39141,Parth Chandan,FALSE,0.039421813,0.039421813,finishing allrounder,75,,115.38461538461539,10,4.8,115.38461538461539,,,6,25.46
39144,Anurag Divekar,FALSE,0.027149321266968326,0.027149321266968326,finisher,24,,72.72727272727273,,,72.72727272727273,,,3,21.44
39148,Vaibhav Bhardwaj,FALSE,0.039421813,0.039421813,finishing allrounder,97,,142.64705882352942,3,4.105263157894737,142.64705882352942,,,5,22.06
39150,Shashank Shekhar,FALSE,0.039421813,0.039421813,finisher,33,,106.45161290322581,,,106.45161290322581,,,5,31.1
39151,Ajay Pandey,FALSE,0.039421813,0.033508541,top/middle,58,,87.87878787878788,,,87.87878787878788,,,5,32.95
39153,Arun Yadav,FALSE,0.039421813,0.033508541,finishing allrounder,86,,126.47058823529412,6,6.472440945,126.47058823529412,,,8,33.57
39157,Shaun Rodrigues,FALSE,0.039421813,0.039421813,top/middle,314,,136.52173913043478,,,136.52173913043478,,,8,23.76
39158,Ankit Vishwakarma,FALSE,0.039421813,0.039421813,finishing allrounder,16,,43.24324324324324,4,8.457142857142857,43.24324324324324,,,5,25.74
3916,Jitesh Sharma,TRUE,1,0.85,finisher,1626,,152.38987816307403,,,2.954257484633267,96.90000000000002,,93,32.1
39161,Kunal Nawarange,FALSE,0.027149321266968326,0.027149321266968326,finishing allrounder,1,,33.333333333333336,0,8.727272727272727,33.333333333333336,,,4,21.3
39165,Akhilesh Shimpi,FALSE,0.039421813,0.039421813,finishing allrounder,7,,36.84210526,1,9.310344827586206,36.84210526,,,5,25.1
39166,Manoj Yadav,FALSE,0.19491525423728814,0.13644067796610168,finishing allrounder,27,,108,17,8.988326848249027,108,8.999999999999996,-9,14,37.53
3917,Urvesh Patel,FALSE,0.098930481,0.069251337,top/middle,12,,133.33333333333334,,,133.33333333333334,,,1,37.85
39176,Shourya Nilesh Desai,FALSE,0.039421813,0.039421813,top/middle,119,,104.3859649122807,,,104.3859649122807,,,7,19.35
39177,Sagar Jadhav,TRUE,0.8904109589041096,0.8904109589041096,finishing allrounder,75,,159.5744680851064,12,8.238461538461538,1.0962794142037617,23.499999999999993,4.999999999999998,13,29.98
39178,Zaid Patankar,TRUE,0.039421813,0.039421813,finishing allrounder,2,,25,8,8.299065420560748,0.6737574870297706,,,7,
39180,Atharva Dakway,FALSE,0.039421813,0.039421813,finishing allrounder,1,,14.285714285714286,25,8.539325842696629,0,,-21,16,22.42
39181,Ronaki Anilkumar,FALSE,0.039421813,0.039421813,top/middle,66,,74.15730337078652,,,74.15730337078652,,,6,25.9
39182,Shubham Punyarthi,FALSE,0.039421813,0.039421813,opener,208,,130.8176100628931,,,130.8176100628931,,,7,27.65
39183,Meet Jain,FALSE,0.039421813,0.039421813,finisher,28,,82.35294118,0,7,82.35294118,,,5,20.08
39186,Ashitosh Mali,FALSE,0.027149321266968326,0.027149321266968326,finishing allrounder,4,,66.66666666666667,0,6,66.66666666666667,,,3,23.87
39193,Pratik Warang,FALSE,0.039421813,0.039421813,top/middle,97,,100,,,100,,,6,21.2
392,Chidhambaram Gautam,FALSE,0.098930481,0.069251337,top/middle,37,,119.35483870967742,,,119.35483870967742,,,1,39.72
39200,Badrey Alam,TRUE,0.039421813,0.033508541,finishing allrounder,1,,33.333333333333336,6,12.733333333333333,33.333333333333336,,,6,33.56
39201,Nabil Samad,FALSE,0.097765363,0.068435754,finishing allrounder,2,,66.66666666666667,7,5.46875,66.66666666666667,,-1.357142857,9,39.13
39202,Anamul Haque (1),FALSE,0.039421813,0.039421813,finishing allrounder,3,,42.857142857142854,1,7.255813953488372,42.857142857142854,,,2,25.37
39208,Harsh Prakas Gawli,TRUE,0.3125,0.3125,top/middle,616,,131.90578158458243,,,6.889706388047608,-90,,17,27.05
3921,Arpit Vasavada,FALSE,0.22535211267605634,0.15774647887323942,finisher,269,,120.08928571428571,6,7.2727272727272725,9.817167353666088,22.230769230769234,-0.666666667,16,37.08
39210,Aryan Anand Pandey,FALSE,0.039421813,0.039421813,finishing allrounder,22,,122.22222222222223,20,9.268292682926829,,,3.999999999999999,13,21.85
3923,N Gangta,FALSE,0.15625,0.1328125,finisher,179,,130.65693430656935,,,28.78809139407111,-95,,9,33.23
3926,Rahul Tewatia,TRUE,1,0.85,finishing allrounder,943,,131.8881118881119,11,9.065573770491802,2.039921891,-30.7,-3.5,85,32.52
39288,Bhavesh Patel,FALSE,0.039421813,0.027595269,batting allrounder,67,,121.81818181818181,3,7.277777777777778,121.81818181818181,,,7,38.16
393,Kedar Jadhav,TRUE,1,0.7,top/middle,339,,128.4090909090909,1,6,1.8672214088203825,0.6428571428571523,,18,40.67
39355,Vaibhav Mali,TRUE,0.8904109589041096,0.8904109589041096,batting allrounder,263,,133.5025381,11,6.774193548387097,2.6457258751756583,104.49999999999997,3.499999999999999,16,31.43
39357,Awaish Khan,TRUE,0.19491525423728814,0.19491525423728814,finisher,14,,70,,,70,,,2,25.9
39358,Ripal Shah,TRUE,0.45901639344262296,0.45901639344262296,finisher,72,,133.33333333333334,3,7.2631578947368425,133.33333333333334,,,2,25.9
39359,Ravinder Solanki,TRUE,0.22535211267605634,0.22535211267605634,finishing allrounder,0,,0,1,6.461538461538462,0,,,1,25.9
39360,Manan Bhatt,TRUE,0.19491525423728814,0.19491525423728814,finisher,12,,80,,,80,,,1,25.9
39361,Irfan Umair,TRUE,0.45901639344262296,0.45901639344262296,finishing allrounder,16,,177.77777777777777,5,8.170212765957446,177.77777777777777,,2.499999999999999,9,29.33
39362,Chetan Bisht,FALSE,0.039421813,0.039421813,opener,11,,91.66666666666667,,,91.66666666666667,,,1,25.9
39365,S Rakshith,FALSE,0.039421813,0.039421813,top/middle,1,,16.666666666666668,,,16.666666666666668,,,1,25.9
39366,Rajesh Sharma,FALSE,0.039421813,0.039421813,finisher,4,,100,,,100,,,1,25.9
39374,Muhammad Zohaib,TRUE,0.039421813,0.039421813,top/middle,27,,90,,,1.2550432147787411,,,3,27.14
39375,Manjeet Deka,FALSE,0.098930481,0.098930481,finisher,107,,125.88235294117646,1,8,0.6996168726583183,20.999999999999993,,9,21.23
39376,Saidur Rahman,FALSE,0.098930481,0.098930481,finishing allrounder,12,,100,2,6.393442623,100,,,3,29.08
39378,Debo Nath,FALSE,0.097765363,0.068435754,finishing allrounder,0,,0,2,8.382352941176471,0,,,3,52.8
39379,Nichay Sarma,FALSE,0.097765363,0.097765363,finishing allrounder,41,,78.84615384615384,1,6.3428571428571425,78.84615384615384,,,3,21.35
39380,Gaurav Thakuria,FALSE,0.097765363,0.097765363,top/middle,111,,78.16901408450704,,,17.28882002338967,4.499999999999998,,6,24.68
39381,Rohan Jyoti Rabha,FALSE,0.097765363,0.097765363,top/middle,59,,115.68627450980392,,,115.68627450980392,,,3,22.91
39383,Bishal Mogor,FALSE,0.098930481,0.098930481,top/middle,95,,95,0,5.666666666666667,12.082630510264583,15.499999999999993,,7,24.11
39384,Biplob Karmakar,FALSE,0.039421813,0.039421813,batting allrounder,6,,40,1,6.681818181818182,40,,,3,21.43
39385,Chinmoy Rabha,FALSE,0.039421813,0.039421813,finisher,12,,57.142857142857146,0,18,57.142857142857146,,,3,21.64
39386,Anupam Hazarika,FALSE,0.039421813,0.039421813,opener,3,,42.857142857142854,,,42.857142857142854,,,1,30.74
39387,Akshya Deka,FALSE,0.098930481,0.098930481,finishing allrounder,1,,10,22,5.535055350553505,0.643412221,-1,7.999999999999998,12,24.04
39389,Biswajit Chamua,FALSE,0.039421813,0.039421813,top/middle,68,,67.32673267326733,,,67.32673267326733,,,7,20.28
39391,Ankit Gupta,FALSE,0.039421813,0.039421813,opener,20,,74.07407407407408,,,74.07407407407408,,,1,19.31
39392,Abhishek Kumar Ray,FALSE,0.039421813,0.039421813,top/middle,54,,76.05633802816901,,,76.05633802816901,,,4,18.95
39393,Bhargav Bhuyan,FALSE,0.039421813,0.039421813,finisher,1,,10,0,7.5,10,,,2,20.55
39394,Arvind Biswas,TRUE,0.625,0.625,finishing allrounder,82,,210.25641025641025,8,6.348837209302325,26.649578092657293,3.999999999999999,-6,7,28.08
39395,Jugen Das,TRUE,0.8904109589041096,0.8904109589041096,finishing allrounder,123,,111.81818181818181,7,5.868131868131868,4.325875359345138,46.999999999999986,,8,28.09
39396,Imran Seikh,TRUE,0.19491525423728814,0.19491525423728814,finishing allrounder,115,,176.92307692307693,16,6.046875,158.53658536585365,-85,-12,17,23.96
39397,Dinbandhu Payeng,TRUE,0.48437499999999994,0.48437499999999994,finishing allrounder,27,,81.81818181818181,7,5.909090909090909,1.603774269521688,-11,-1,9,21.12
39398,Nipul Nath,TRUE,0.22535211267605634,0.22535211267605634,finishing allrounder,1,,100,6,6.36,100,,1.9999999999999996,10,25.9
39400,Bikiran Das,TRUE,0.8181818181818182,0.8181818181818182,finishing allrounder,162,,148.62385321100916,24,6.149377593360996,1.3028959683673882,41.999999999999986,3.999999999999999,14,25.9
39401,Asif Wasimul  Haque,TRUE,0.625,0.625,batting allrounder,195,,104.83870967741936,6,5.790697674418604,7.038007419805282,56.99999999999997,,11,28.19
39402,Massoor Ali,FALSE,0.097765363,0.068435754,top/middle,86,,89.58333333333333,,,89.58333333333333,,,4,39.9
39403,Subham Das,FALSE,0.097765363,0.097765363,finishing allrounder,3,,75,6,5.923076923076923,75,,,4,25.9
39404,Arun Sonar,FALSE,0.22535211267605634,0.22535211267605634,batting allrounder,311,,113.91941391941391,3,6.861702127659575,7.658646936887519,-4,0.9999999999999998,20,22.8
39405,Abhishek Patel,TRUE,0.058558559,0.058558559,top/middle,37,,69.81132075471699,,,69.81132075471699,,,5,21.2
39406,Ansh Kumar Shah,FALSE,0.039421813,0.039421813,finisher,12,,60,,,60,,,4,19.61
39407,Anshu Pandey,FALSE,0.039421813,0.039421813,finisher,1,,11.11111111111111,,,11.11111111111111,,,4,18.69
39408,Sanjay Singh,FALSE,0.039421813,0.039421813,finisher,269,,121.17117117117117,,,136.8421052631579,-165,,14,22.78
39409,Ayushman Malakar,FALSE,0.098930481,0.098930481,finishing allrounder,34,,178.94736842105263,13,5.621621621621622,1.270680489388135,12.999999999999993,-0.5,12,20.1
39410,Diwiz Pathak,FALSE,0.058558559,0.058558559,opener,210,,86.06557377049181,,,7.911262845513277,-86,,8,19.74
39412,Ankush Mazumder,FALSE,0.097765363,0.097765363,top/middle,144,,98.63013698630137,,,8.834572562343041,-2,,13,24.3
39413,Nishant Singhania,FALSE,0.097765363,0.097765363,finishing allrounder,20,,76.92307692307692,13,5.061224489795919,3.1727033748446116,-5,-6.28E-16,11,20.1
39414,Chirantan Das,FALSE,0.098930481,0.069251337,finishing allrounder,4,,22.22222222222222,1,6.72,0.6670163778515361,-4,-1,4,40.92
39416,Bibek Dutta,TRUE,0.097765363,0.097765363,opener,138,,80.23255813953489,,,80.23255813953489,,,5,19.02
39418,Sushanta Bikash Bharadwaj,FALSE,0.098930481,0.098930481,batting allrounder,54,,65.06024096385542,7,6.6,3.791560769878182,-15,,5,24.83
39419,Dipu Gogoi,FALSE,0.098930481,0.098930481,top/middle,44,,63.768115942028984,0,14,1.975185791778594,4.999999999999998,,7,22.76
39420,Srimanta Tungkhungia,FALSE,0.097765363,0.083100559,finisher,7,,70,,,70,,,2,33.66
39421,Rahul Agrawal,FALSE,0.039421813,0.039421813,top/middle,23,,67.64705882,,,67.64705882,,,2,22.44
39422,Raiyan Rahat Hussain,FALSE,0.097765363,0.097765363,finishing allrounder,20,,166.66666666666666,5,5.04,166.66666666666666,,,4,20.2
39423,Baibhab Bora,FALSE,0.097765363,0.097765363,finishing allrounder,12,,92.30769231,5,7.674418604651163,92.30769231,,,4,20.09
39424,Dhiraj Deka,FALSE,0.057692307692307696,0.057692307692307696,finisher,66,,90.41095890410959,,,90.41095890410959,,,4,20.04
39425,Bargis Hazarika,FALSE,0.097765363,0.097765363,opener,58,,131.8181818181818,0,6,131.8181818181818,,,3,25.91
39426,Deepjyoti Sarma,FALSE,0.097765363,0.097765363,top/middle,44,,122.22222222222223,,,122.22222222222223,,,4,23.55
39427,Deep Nath,FALSE,0.098930481,0.098930481,finishing allrounder,6,,85.71428571428571,2,5.375,85.71428571428571,,,3,29.05
39430,Deepak Gogoi,FALSE,0.039421813,0.033508541,finisher,1,,33.333333333333336,0,12.75,33.333333333333336,,,1,33.48
39431,Sameer Sinha,FALSE,0.097765363,0.097765363,top/middle,92,,72.44094488188976,0,19.5,57.69230769230769,31.999999999999993,,10,21.21
39432,Harsh Kumar,FALSE,0.098930481,0.098930481,finishing allrounder,41,,146.42857142857142,5,4.375,146.42857142857142,,,4,20.08
39433,Samair Sharma,FALSE,0.097765363,0.097765363,finishing allrounder,1,,25,3,6.070588235294117,25,,,4,26.98
39434,Ram Chandra Das,FALSE,0.097765363,0.097765363,batting allrounder,29,,42.64705882352941,2,6.461538461538462,42.64705882352941,,,4,23.38
39435,Biki Roy,FALSE,0.112,0.112,finisher,61,,105.17241379310344,1,7.411764705882353,2.670365140421157,-18.5,,5,25.9
39436,Abhishek Deb,TRUE,0.22535211267605634,0.22535211267605634,top/middle,134,,103.07692307692308,,,15.162005455381886,-50,,6,20.11
39437,Sambhu Roy,FALSE,0.097765363,0.097765363,finishing allrounder,8,,72.72727272727273,8,4.588235294117647,72.72727272727273,,,4,29.9
39438,Amit Baishya,FALSE,0.097765363,0.097765363,finisher,11,,68.75,,,68.75,,,4,29.2
39441,Aditya Gupta,FALSE,0.097765363,0.097765363,finishing allrounder,4,,100,3,4.363636363636363,100,,,5,25.9
39444,Basil Hameed,FALSE,0.039421813,0.033508541,finishing allrounder,45,,132.35294117647058,0,11.6,132.35294117647058,,,1,33.62
39447,Girijashankar Menaria,FALSE,0.039421813,0.039421813,top/middle,0,,0,1,6.5,0,,,1,25.9
39449,Syan Mandal,FALSE,0.112,0.112,opener,68,,119.29824561403508,1,10.32,1.2077901402964564,,,2,25.9
39450,Ali Murtuza,FALSE,0.039421813,0.039421813,finishing allrounder,3,,75,2,7.8,75,,,2,25.9
39454,Iqbal Emmon,FALSE,0.027149321266968326,0.027149321266968326,finishing allrounder,0,,0,2,10.857142857142858,0,,,1,18.98
39455,Maruf Mridha,FALSE,0.027149321266968326,0.027149321266968326,finishing allrounder,2,,100,0,8.4,100,,,1,19.54
39481,Vishal Dubey,FALSE,0.058558559,0.058558559,finisher,11,,50,,,50,,,3,29.93
39490,Aishwary Surve,TRUE,0.625,0.625,finishing allrounder,66,,160.97560975609755,9,9.707865168539326,5.749889466,16.999999999999996,1.4999999999999998,10,25.9
39491,Yash Chavan,TRUE,0.38461538461538464,0.38461538461538464,finishing allrounder,28,,140,6,8.8125,5.529496834716548,,1.9999999999999996,7,25.9
39493,Irfan Ali,TRUE,0.36,0.36,finisher,43,,195.45454545454547,,,195.45454545454547,,,2,25.9
39494,Harshvardhan,TRUE,0.22535211267605634,0.22535211267605634,finisher,13,,216.66666666666666,,,216.66666666666666,,,2,25.9
39495,Milind Ramesh,TRUE,0.21153846153846154,0.21153846153846154,finishing allrounder,4,,80,2,11.806451612903226,80,,0.9999999999999998,4,30.03
39497,Abhimanyu Chavan,FALSE,0.097765363,0.097765363,opener,62,,155,,,10.710848233396543,,,2,25.9
39499,Dhanit Raut,FALSE,0.098930481,0.098930481,finishing allrounder,14,,116.66666666666667,14,8.025974025974026,1.8071309120444008,5.999999999999999,2.9999999999999996,8,25.9
395,Karn Sharma,TRUE,1,0.7,finishing allrounder,292,,152.08333333333334,49,8.550632911392405,2.1158833106963533,45.99999999999999,4.899999999999998,48,38.1
39501,Omkar Jadhav,FALSE,0.039421813,0.039421813,opener,0,,0,,,0,,,1,25.9
39502,Rakesh I,FALSE,0.039421813,0.039421813,finishing allrounder,47,,162.06896551724137,14,5.109375,162.06896551724137,,,6,25.9
39503,Prayag Kumar,FALSE,0.027149321266968326,0.027149321266968326,finishing allrounder,7,,58.333333333333336,4,6.827586206896552,58.333333333333336,,,5,25.9
39504,Pragnesh Kanpillewar,FALSE,0.039421813,0.039421813,batting allrounder,56,,90.32258065,3,7.473684210526316,2.6767999854273956,,,7,24.16
39506,Harsh Sanghvi,FALSE,0.19491525423728814,0.19491525423728814,top/middle,473,,146.8944099378882,,,112.21374045801527,20.499999999999964,,27,25.9
39508,Piyush Salvi,FALSE,0.098930481,0.098930481,finishing allrounder,2,,66.66666666666667,32,7.412698412698413,,,3.999999999999999,21,25.9
39535,Amitava Das,FALSE,0.097765363,0.097765363,finishing allrounder,9,,90,5,7.75,90,,,3,25.9
39536,Anirban Chakraborty,FALSE,0.039421813,0.039421813,finishing allrounder,3,,75,6,3.710526315789474,75,,,3,25.9
39537,Dipu Chetry,FALSE,0.058558559,0.058558559,finisher,5,,27.77777777777778,,,27.77777777777778,,,3,31.78
39539,Nawaz Sharif,FALSE,0.039421813,0.039421813,finishing allrounder,0,,0,2,3.3698630136986303,0,,,3,25.9
3954,Andy Balbernie,FALSE,0.098930481,0.084090909,opener,101,,101,,,5.001376048122765,,,5,34.91
39541,Al Amin Mazumder,FALSE,0.039421813,0.039421813,top/middle,17,,65.38461538461539,,,65.38461538461539,,,3,25.9
39542,Pranjal Saikia,FALSE,0.039421813,0.039421813,finisher,1,,50,,,50,,,2,25.9
39544,Saksham Parashar,TRUE,0.45901639344262296,0.45901639344262296,finishing allrounder,53,,132.5,0,14.076923076923077,1.0989720478720824,23.499999999999993,0,8,25.9
39545,Gaurish Jadhav,TRUE,0.21153846153846154,0.21153846153846154,top/middle,38,,111.76470588235294,,,0.6985279303439083,18.99999999999999,,3,25.9
39548,Vishal Harsh,FALSE,0.039421813,0.039421813,batting allrounder,19,,95,1,8.232558139534884,9.528567380265612,,,2,26.25
39550,Praveen Yallappa Deshetti,TRUE,0.45901639344262296,0.32131147540983607,opener,95,,182.69230769230768,,,3.1666846504229103,24.499999999999996,,3,38.17
39551,Sachin Omprakash Katariya,TRUE,0.38461538461538464,0.38461538461538464,top/middle,22,,91.66666666666667,,,0.6985746264097433,-7,,3,30.62
39553,Neelkanth Shivaji Parab,TRUE,0.22535211267605634,0.19154929577464788,finisher,14,,116.66666666666667,,,1.0532128324214423,,,3,33.84
39558,Ajay Ajay Gignag,TRUE,0.15624999999995057,0.15624999999995057,top/middle,9,,45,,,1.4923210965842562,1.4999999999999998,,3,
39637,Garuka Sanketh,FALSE,0.039421813,0.039421813,finishing allrounder,1,,50,2,7.448275862068965,50,,,4,20.49
39638,Vishen Halambage,FALSE,0.039421813,0.039421813,opener,74,,145.09803921568627,0,6,145.09803921568627,,,4,20.85
39641,Sourav Saha,FALSE,0.097765363,0.097765363,finisher,55,,94.82758620689656,,,18.190031765788635,36.99999999999999,,8,25.9
39642,Pradip Sarkar,TRUE,0.48437499999999994,0.48437499999999994,batting allrounder,115,,89.84375,3,6,4.7041590863442435,80.99999999999996,-1,10,25.9
39657,Eshan Malinga,TRUE,0.112,0.112,finishing allrounder,1,,16.666666666666668,26,7.472584856396867,16.666666666666668,,9.999999999999996,15,24.81
3967,Tom Kohler,FALSE,0.2,0.2,top/middle,69,,94.52054794520548,,,2.9278642980950944,26.999999999999993,,6,31.27
39672,Aarya Desai,FALSE,0.45901639344262296,0.45901639344262296,opener,473,,142.90030211480362,2,8,1.9498982417797686,26.999999999999986,0.49999999999999983,15,22.65
39869,Kalimn Khan,FALSE,0.027149321266968326,0.027149321266968326,finishing allrounder,2,,28.571428571428573,3,8.307692307692308,28.571428571428573,,,2,25.9
4007,Ryan Rickelton,TRUE,0.45901639344262296,0.45901639344262296,opener,657,,135.46391752577318,,,2.1363015758806614,354.9999999999999,,28,29.38
4009,Janneman Malan,FALSE,0.098930481,0.098930481,opener,127,,133.68421052631578,,,8.218774695199752,,,4,29.61
40230,Sangeeth Sagar,FALSE,0.097765363,0.097765363,top/middle,125,,100,,,100,88.99999999999997,,5,25.9
40232,Muhammed C T K,FALSE,0.098930481,0.098930481,finishing allrounder,3,,18.75,7,7.44,0.672247714,-3,0.9999999999999998,11,27.69
40233,Arjun Nambiar,FALSE,0.097765363,0.097765363,finisher,31,,96.875,,,6.489148451693573,6.4999999999999964,,4,25.9
40236,Shaun Pacha,FALSE,0.039421813,0.039421813,top/middle,75,,92.59259259,,,92.59259259,50.999999999999986,,5,25.9
40238,Shabinshad T C,FALSE,0.039421813,0.039421813,finishing allrounder,0,,0,7,6.642857142857143,0,,6.999999999999998,6,25.9
40239,Thejus Vivek,FALSE,0.039421813,0.039421813,finishing allrounder,1,,50,1,6,50,,,4,25.9
40241,Renju Koshy,FALSE,0.039421813,0.039421813,finisher,7,,50,,,50,,,3,25.9
40243,Ajayaghosh S,FALSE,0.097765363,0.097765363,finishing allrounder,0,,0,20,8.935251799,0,,5.999999999999997,18,26.62
40249,Krishnan Narayanan A P,FALSE,0.039421813,0.039421813,opener,90,,83.33333333333333,,,83.33333333333333,,,4,25.9
40250,Nazal P,FALSE,0.098930481,0.098930481,finishing allrounder,21,,58.333333333333336,4,6.6835443037974684,58.333333333333336,-1,-7.85E-17,8,25.9
40252,Muhammed Aslam A P,FALSE,0.098930481,0.098930481,batting allrounder,146,,105.03597122302158,3,5.04,105.03597122302158,-30,,8,25.9
40254,Naveen Kumar J,FALSE,0.058558559,0.058558559,finishing allrounder,1,,50,4,9.243243243243244,50,,,2,25.9
40255,Adarsh Babu,FALSE,0.058558559,0.058558559,finishing allrounder,3,,100,2,6.222222222222222,100,,,3,25.9
40256,Abhiram S,FALSE,0.098930481,0.098930481,finishing allrounder,22,,110,1,10.105263157894736,1.9107657625638068,3.999999999999999,-0.5,4,25.9
40257,Akshay Sajith,FALSE,0.097765363,0.097765363,finisher,63,,76.82926829268293,,,76.82926829268293,-35,,7,25.9
40258,Muhammed Thahasir,FALSE,0.039421813,0.039421813,finisher,0,,0,3,6.4,0,,,3,25.9
40259,Kasinath M,FALSE,0.058558559,0.058558559,opener,74,,121.31147540983606,,,121.31147540983606,-4,,6,25.9
4026,Mohammed Taha,FALSE,0.625,0.53125,opener,1204,,152.21238938053096,,,6.717864966,6.399999999999999,,41,32.07
40260,Sreeyas K V,FALSE,0.22535211267605634,0.22535211267605634,finishing allrounder,186,,139.84962406015038,5,6.979591836734694,1.1485455292453284,71.99999999999997,-1,10,25.9
40263,Rayan Sajan,FALSE,0.098930481,0.098930481,finishing allrounder,57,,87.69230769,0,8.048780487804878,87.69230769,,,4,25.9
40265,Lijo Jose,FALSE,0.039421813,0.039421813,finisher,9,,50,,,50,,,4,25.9
40266,Joffen Jose,FALSE,0.112,0.112,batting allrounder,65,,118.18181818181819,6,6.796460177,118.18181818181819,,,6,25.9
40268,Sibin Gireesh,FALSE,0.22535211267605634,0.22535211267605634,finishing allrounder,64,,106.66666666666667,27,7.402366863905326,2.9944629325761567,1.25607396694702e-15,3.9999999999999987,21,27.1
4027,Melu Kranthi Kumar,FALSE,0.38461538461538464,0.38461538461538464,finishing allrounder,301,,138.70967741935485,57,7.967532467532467,138.70967741935485,-39,8.999999999999998,33,31.93
40270,Ahammed Imran,FALSE,0.22535211267605634,0.22535211267605634,top/middle,718,,131.5018315018315,5,8.195121951219512,4.046309754156912,192.5,-3.14E-16,26,19.52
40272,Abijith Praveen,FALSE,0.19491525423728814,0.19491525423728814,finishing allrounder,231,,120.3125,21,8.988416988416988,30.44931104911886,23.999999999999996,5.499999999999999,28,21.81
40279,Salmon Sebastian,FALSE,0.097765363,0.097765363,top/middle,92,,117.94871794871794,,,117.94871794871794,,,4,25.9
40282,Nikhil M,FALSE,0.38461538461538464,0.38461538461538464,finishing allrounder,376,,137.22627737226279,31,7.928571428571429,12.671819919687687,22.499999999999996,-1.26E-15,29,25.9
40283,Althaf S,FALSE,0.039421813,0.039421813,finisher,19,,82.60869565,,,82.60869565,,,5,25.9
40285,Abdul Raheem T,FALSE,0.039421813,0.039421813,top/middle,3,,42.857142857142854,,,42.857142857142854,,,3,25.9
40286,Sajeed Ajmal N K,FALSE,0.058558559,0.058558559,opener,96,,97.95918367346938,,,97.95918367346938,,,5,25.9
40287,Abdul Ramees P,FALSE,0.112,0.112,finishing allrounder,52,,126.82926829268293,5,5.947368421052632,126.82926829268293,,,6,25.9
40289,Muhammed Riyas U C,FALSE,0.058558559,0.058558559,finishing allrounder,4,,44.44444444444444,13,4.853503184713376,44.44444444444444,1.9999999999999996,-11,8,25.9
40290,Sibin V,FALSE,0.097765363,0.097765363,finishing allrounder,13,,72.22222222222223,2,6.333333333333333,72.22222222222223,,,4,25.9
40292,Nivas P M,FALSE,0.039421813,0.039421813,finisher,1,,100,0,5.666666666666667,100,,,2,25.9
40293,Abhiram B,FALSE,0.039421813,0.039421813,finishing allrounder,3,,60,2,4.551724137931035,60,2.9999999999999996,0,3,25.9
40294,Adinan A T,FALSE,0.098930481,0.098930481,finishing allrounder,33,,150,5,5.669291338582677,150,-5,0.9999999999999998,7,25.9
40296,Aswin G,FALSE,0.039421813,0.039421813,opener,0,,0,,,0,,,2,25.9
40299,Manu Mohan,FALSE,0.057692307692307696,0.057692307692307696,finishing allrounder,21,,58.333333333333336,0,3.942857142857143,58.333333333333336,,,4,24.26
403,Umesh Yadav,TRUE,1,0.7,finishing allrounder,122,,109.90990990990991,38,8.172839506,1.3573842289481897,-33.5,-7.5,37,38.09
40300,Kannan A,FALSE,0.057692307692307696,0.057692307692307696,top/middle,25,,83.33333333333333,,,83.33333333333333,-11,,6,25.9
40301,Adhithya Anil,FALSE,0.039421813,0.039421813,finisher,0,,0,,,0,,,2,25.9
40302,Navaneeth P S,FALSE,0.039421813,0.039421813,finisher,3,,18.75,,,18.75,,,2,25.9
40303,Ananthu B,FALSE,0.112,0.112,batting allrounder,122,,93.12977099236642,7,6.705882352941177,3.8778744180751312,13.999999999999996,-5,9,23.12
40304,Abhijith Nair,FALSE,0.058558559,0.058558559,finishing allrounder,13,,40.625,1,9.25,40.625,-9,,5,24.12
40305,Abhijeeth S,FALSE,0.039421813,0.039421813,finisher,0,,0,0,9.857142857142858,0,,,2,25.9
40306,Anandu Babu,FALSE,0.098930481,0.098930481,top/middle,126,,82.89473684210526,,,82.89473684210526,11.999999999999998,,6,28.11
40307,Gentle Ravi,FALSE,0.039421813,0.039421813,finisher,10,,31.25,,,31.25,,,1,25.9
40309,Aswin Emmanuel,FALSE,0.039421813,0.039421813,finisher,7,,29.166666666666668,,,29.166666666666668,,,1,25.9
40310,Aneesh P S,FALSE,0.039421813,0.039421813,opener,0,,0,,,0,,,2,25.9
40313,Gagan K,FALSE,0.039421813,0.039421813,top/middle,22,,68.75,,,68.75,17.999999999999993,,3,25.9
40314,Albin V J,FALSE,0.098930481,0.098930481,finishing allrounder,90,,91.83673469387755,11,7.552941176470588,91.83673469387755,-20,4.999999999999998,8,25.9
40315,Aneesh C K,FALSE,0.098930481,0.098930481,finisher,50,,121.95121951219512,,,121.95121951219512,,,4,25.9
40317,Sali Samson,FALSE,0.058558559,0.058558559,batting allrounder,40,,83.33333333333333,0,6.666666666666667,83.33333333333333,,,4,25.9
40318,Arjun C S,FALSE,0.039421813,0.039421813,finisher,19,,48.717948717948715,,,48.717948717948715,,,4,25.9
40319,Gireesh E K,FALSE,0.039421813,0.039421813,opener,16,,47.05882352941177,2,6,47.05882352941177,,,4,25.9
40321,Sreejith K S,FALSE,0.039421813,0.039421813,finishing allrounder,0,,0,0,8.8,0,,,2,25.9
40322,Satheesh V R,FALSE,0.097765363,0.097765363,finisher,13,,162.5,0,7.2631578947368425,162.5,,,2,25.9
40323,Rahan Raheem,FALSE,0.098930481,0.098930481,finishing allrounder,32,,82.05128205128206,8,7.1647058823529415,82.05128205128206,-22,7.999999999999998,11,25.9
40326,Vishnu Ranjith,FALSE,0.027149321266968326,0.027149321266968326,finisher,7,,50,,,50,,,4,20.54
40327,Akshay K,FALSE,0.36,0.36,finishing allrounder,505,,117.71561771561771,3,7.647058823529412,4.730387356660977,-15,-3,27,23.94
40328,Abishek Krishna P M,FALSE,0.058558559,0.058558559,top/middle,78,,96.29629629629629,,,96.29629629629629,-54,,5,25.9
40329,Vinod P V,FALSE,0.039421813,0.039421813,top/middle,40,,83.33333333333333,,,83.33333333333333,7.999999999999998,,7,25.9
4033,MB Darshan,FALSE,0.38461538461538464,0.38461538461538464,finishing allrounder,114,,126.66666666666667,19,9.517241379310345,35.08687440799569,4.799999999999999,1.8999999999999995,29,29.85
40330,Vipul V,FALSE,0.058558559,0.058558559,finishing allrounder,1,,50,5,7.605633802816901,50,-1,0.9999999999999998,6,25.9
40331,Jishnu A,FALSE,0.19491525423728814,0.19491525423728814,finishing allrounder,109,,115.95744680851064,1,10.181818181818182,3.615030639916061,4.000000000000001,-0.5,9,25.9
40333,Aksah K,FALSE,0.112,0.112,finishing allrounder,89,,111.25,7,7.419354838709677,111.25,-5,0.9999999999999998,8,25.9
40334,Anandhu C M,FALSE,0.039421813,0.039421813,finisher,1,,50,,,50,,,2,25.9
40336,Ramshad,FALSE,0.097765363,0.097765363,finishing allrounder,8,,80,2,5.311475409836065,80,,,3,25.9
40337,Naufal Naaz,FALSE,0.039421813,0.039421813,finisher,9,,100,,,100,,,3,25.9
40338,Mohammed Ibrahim,FALSE,0.039421813,0.039421813,opener,27,,168.75,,,168.75,,,1,25.9
40340,Sachin S,FALSE,0.112,0.112,top/middle,236,,102.6086956521739,,,5.2037223918585935,26.999999999999993,,15,
40341,Asif Ali,FALSE,0.097765363,0.097765363,top/middle,216,,112.5,,,9.505620339776026,29.99999999999999,,9,
40342,Jaison Peter,FALSE,0.039421813,0.039421813,finishing allrounder,7,,58.333333333333336,0,8.756756756756756,58.333333333333336,2.9999999999999996,0,3,
40343,Albin Binu,FALSE,0.098930481,0.098930481,top/middle,79,,119.6969696969697,,,119.6969696969697,-35,,7,25.9
40344,Promise K Varghese,FALSE,0.098930481,0.098930481,opener,205,,120.58823529411765,,,120.58823529411765,62.99999999999998,,8,25.9
40345,Shan K S,FALSE,0.097765363,0.097765363,finishing allrounder,14,,77.77777777777777,2,6.309278350515464,77.77777777777777,,,4,25.9
40346,Adhi Abhilash,FALSE,0.14285714285714285,0.14285714285714285,finishing allrounder,138,,136.63366336633663,5,8.490566038,1.149674659149726,-29.5,2.9999999999999996,9,25.9
40348,Adithya Baiju,FALSE,0.098930481,0.098930481,finishing allrounder,40,,83.33333333333333,10,8.339449541284404,7.6259779,5.999999999999999,0,13,25.9
40350,Naresh R Nair,FALSE,0.097765363,0.097765363,finishing allrounder,42,,140,2,9.878048780487806,140,,-2,6,25.9
40351,Abhinav K V,FALSE,0.039421813,0.039421813,top/middle,9,,81.81818181818181,,,81.81818181818181,,,1,25.9
40352,Muthu Prasad,FALSE,0.039421813,0.039421813,finisher,0,,0,0,17,0,,,1,25.9
40355,Anand Suresh,FALSE,0.097765363,0.097765363,opener,119,,125.26315789473684,,,125.26315789473684,10.999999999999998,,9,25.9
40357,Anandhu Prasad,FALSE,0.098930481,0.098930481,finishing allrounder,57,,121.27659574468085,4,8.289473684210526,121.27659574468085,30.999999999999986,0,8,25.9
40358,Bovas Binu,FALSE,0.039421813,0.039421813,finisher,15,,55.55555555555556,,,55.55555555555556,14.999999999999995,,4,25.9
40359,Vijth Viswam,FALSE,0.058558559,0.058558559,finishing allrounder,8,,57.142857142857146,2,7.285714285714286,57.142857142857146,,-2,5,25.9
40360,Siva Subash,FALSE,0.039421813,0.039421813,finisher,0,,0,,,0,,,1,25.9
40361,Gokul N Prakash,FALSE,0.039421813,0.039421813,finisher,2,,100,0,6.923076923076923,100,,,3,25.9
40365,Gokul Murali,FALSE,0.039421813,0.039421813,finisher,1,,33.333333333333336,0,7.875,33.333333333333336,,,2,-14.1
40366,Athul P,FALSE,0.097765363,0.097765363,finisher,24,,109.0909090909091,,,109.0909090909091,,,2,25.9
40367,Abdul Farhan Tk,FALSE,0.097765363,0.097765363,top/middle,179,,94.21052631578948,,,94.21052631578948,-37,,8,25.9
40369,Manjunath,FALSE,0.097765363,0.097765363,finisher,54,,108,,,108,-42,,4,25.9
4037,Shishir Bhavane,FALSE,0.097765363,0.083100559,finisher,26,,81.25,,,81.25,,,3,34.17
40370,Mohammed Sabir Sanad,FALSE,0.097765363,0.097765363,finisher,69,,113.11475409836065,,,113.11475409836065,6.999999999999998,,7,25.9
40371,Sreechand Krishnan K,FALSE,0.097765363,0.097765363,finishing allrounder,9,,81.81818181818181,4,8.619718309859154,81.81818181818181,,,4,25.9
40373,Abdul Fahiz,FALSE,0.098930481,0.098930481,finishing allrounder,22,,88,10,7.533834586466165,88,17.999999999999993,0,8,25.9
40374,Mohammed Kaif,FALSE,0.098930481,0.098930481,top/middle,116,,110.47619047619048,,,110.47619047619048,5.999999999999999,,8,25.9
40378,Thushar,FALSE,0.039421813,0.039421813,finisher,7,,63.63636363636363,1,5.5,63.63636363636363,,,2,25.9
40384,Sandeep S,FALSE,0.039421813,0.039421813,finisher,1,,20,0,12.5,20,,,1,25.9
4039,Krishnamurthy Siddharth,FALSE,0.625,0.53125,top/middle,997,,123.08641975308642,,,2.2973759345530698,-67.7,,47,33.01
40390,Akhil M,FALSE,0.097765363,0.097765363,finishing allrounder,1,,14.285714285714286,5,5.831775700934579,14.285714285714286,,-3,6,30.64
40402,Sanoop,FALSE,0.039421813,0.039421813,top/middle,18,,60,,,60,,,3,25.9
40403,Anirudh Pradeep,FALSE,0.039421813,0.039421813,opener,2,,16.666666666666668,,,16.666666666666668,,,1,25.9
4041,SL Akshay,FALSE,0.098930481,0.069251337,finishing allrounder,6,,120,4,4.615384615384615,120,,,1,38.58
4055,Dega Nischal,FALSE,0.22535211267605634,0.22535211267605634,top/middle,319,,117.71217712177122,,,2.2678582162907315,-209,,14,31.1
4056,Ritesh Bhatkal,FALSE,0.625,0.53125,finishing allrounder,210,,140.93959731543623,26,6.823061630218688,4.286965317005473,-14.57142857,-0.285714286,34,32.53
4063,KN Bharath,FALSE,0.19491525423728814,0.19491525423728814,top/middle,154,,93.33333333333333,,,4.527323485735086,-6,,15,30.97
4067,T Pradeep,FALSE,0.36,0.36,finishing allrounder,37,,108.82352941176471,26,8.662251656,11.556385048122053,-7.5,-9,22,30.99
4068,Abhishek Reddy,FALSE,0.2,0.2,top/middle,313,,119.92337164750958,,,4.3605175956083055,25.571428571428562,,13,31.2
4069,Rohan Kadam,FALSE,0.38461538461538464,0.38461538461538464,opener,652,,128.85375494071147,,,10.404663597912414,71.99999999999997,,19,31.39
4071,Stallin Hoover,FALSE,0.2,0.13999999999999999,batting allrounder,166,,130.70866141732284,5,7.588235294117647,65.97605557307725,,,10,37
4072,Prateek Jain,FALSE,0.098930481,0.098930481,finishing allrounder,7,,175,16,8.775862068965518,175,1.6666666666666665,0.19999999999999996,21,25.9
4074,MG Naveen,TRUE,1,1,finishing allrounder,345,,106.48148148148148,45,7.688135593220339,2.4677442172410755,9.1,2.2999999999999994,44,25.9
4076,Dikshanshu Negi,TRUE,0.9411764705882353,0.6588235294117647,finishing allrounder,299,,141.70616113744074,7,7.834951456310679,3.726453673504151,36.49999999999999,1.7857142857142858,17,35.14
4077,KL Shrijith,FALSE,0.8904109589041096,0.8904109589041096,top/middle,1489,,128.4728213977567,1,8,3.4699889062230422,7.300000000000003,,53,29.29
4079,Aditya Somanna,FALSE,0.098930481,0.098930481,finishing allrounder,23,,71.875,6,8.867256637168142,6.124041318,-5,3.999999999999999,7,25.9
408,Abhishek Raut,FALSE,0.039421813,0.027595269,finishing allrounder,102,,137.83783783783784,2,9.428571428571429,137.83783783783784,,,6,38.74
4080,KC Cariappa,TRUE,1,1,finishing allrounder,128,,117.43119266055047,56,6.3708721422523285,4.696290106688383,3.4000000000000004,2.799999999999999,50,31.62
409,Atul Sharma,FALSE,0.039421813,0.027595269,finisher,1,,100,3,5.368421052631579,100,,,2,36.57
40912,M Sebastin,FALSE,0.058558559,0.058558559,finishing allrounder,1,,50,7,7.1020408163265305,50,,-3,9,25.9
40914,Sreejith Sanjeev,FALSE,0.097765363,0.097765363,finisher,81,,89.01098901098901,,,89.01098901098901,-11,,8,25.9
4101,Mitchell Santner,TRUE,1,0.85,finishing allrounder,411,,110.78167115902966,61,6.740909090909091,2.1506927745544364,35.400000000000006,2.6999999999999997,64,33.81
4102,George Munsey,FALSE,0.039421813,0.033508541,top/middle,198,,130.26315789473685,,,6.672072148966672,193.99999999999994,,10,32.76
4106,Daryl Joseph Mitchell,TRUE,1,0.85,top/middle,1270,,133.9662447257384,4,9.771428571428572,2.0671283724641967,81.49999999999999,0.1,64,34.52
4111,Khushdil Shah,TRUE,1,1,finishing allrounder,837,,134.56591639871382,32,6.564417177914111,2.643958231839209,42.1,4.799999999999999,49,30.8
41110,Mayank Kumar,TRUE,0.098930481,0.098930481,opener,46,,90.19607843137256,,,1.4546125377921515,-6,,5,28.8
4117,Ishan Kishan,TRUE,1,1,top/middle,2650,,129.01655306718598,0,24,2.2698546020929395,-59.9,,100,27.36
41175,Naveen Gurung,FALSE,0.039421813,0.039421813,finishing allrounder,2,,22.22222222222222,1,8.27027027,22.22222222222222,,,2,23.57
4118,Virat Singh,TRUE,0.8904109589041096,0.8904109589041096,top/middle,217,,117.29729729729729,,,1.8642871972385946,-40,,9,27.97
4119,Kaushal Singh,TRUE,0.22535211267605634,0.22535211267605634,finisher,24,,120,,,120,,,1,-14.1
4137,D B Kumar,FALSE,0.45901639344262296,0.3901639344262295,top/middle,520,,136.48293963254594,0,10.666666666666666,3.712579962952961,50.73076923076924,0,19,33.95
41373,Ghanashyam A,FALSE,0.039421813,0.039421813,finishing allrounder,53,,160.6060606060606,7,6.489795918367347,160.6060606060606,,,4,25.9
41379,Krishna Narayan A P,FALSE,0.039421813,0.039421813,top/middle,85,,113.33333333333333,,,113.33333333333333,,,3,25.9
41380,Sreerag V K,FALSE,0.039421813,0.039421813,finisher,5,,62.5,0,10,62.5,,,1,25.9
4139,AG Pradeep,FALSE,0.112,0.0784,top/middle,42,,120,,,12.883469096266241,,,5,38.87
41393,Ashik Muhammad,FALSE,0.039421813,0.039421813,finishing allrounder,59,,151.28205128205127,2,9.677419355,151.28205128205127,34.999999999999986,,8,25.9
4149,Amogh Desai,FALSE,0.098930481,0.098930481,top/middle,29,,107.4074074074074,,,107.4074074074074,,,2,32
41509,Yayin Rai,FALSE,0.039421813,0.039421813,finisher,41,,102.5,,,102.5,,,2,16.65
4153,Darshan Misal,TRUE,0.8904109589041096,0.7568493150684932,finishing allrounder,257,,139.67391304347825,16,7.462365591397849,2.1594577567008173,31.699999999999992,0.49999999999999983,14,32.21
4155,Lakshay Garg,TRUE,0.8904109589041096,0.8904109589041096,finishing allrounder,31,,119.23076923076923,13,8.567307692307692,5.770984922660953,-17,-0.5,9,30.13
4161,Gahlaut Rahul Singh,TRUE,0.8904109589041096,0.8904109589041096,top/middle,251,,148.5207100591716,,,1.7444515807488459,-58.14285714,,8,30.19
4173,Vidhyadhar Kamath,TRUE,0.38461538461538464,0.2692307692307692,finishing allrounder,19,,105.55555555555556,1,8.326530612244898,0.698784836,8.499999999999998,0.4999999999999999,3,36.45
41749,T Prathapraj,FALSE,0.039421813,0.039421813,finishing allrounder,16,,69.56521739130434,10,8.234309623430962,69.56521739130434,-14,-8,15,24.76
41765,Kalaiyamudhan P,FALSE,0.039421813,0.039421813,finisher,31,,100,0,8.333333333333334,100,-3,0,4,21.1
41787,Desh Deepak Chauhan,FALSE,0.039421813,0.039421813,finisher,6,,85.71428571428571,,,85.71428571428571,,,1,22.29
41794,Aravind Akash Rs,FALSE,0.097765363,0.097765363,top/middle,50,,64.1025641,,,64.1025641,,,7,30.66
41823,Nadeem Khan,FALSE,0.058558559,0.058558559,finisher,302,,154.87179487179486,,,154.87179487179486,-70,,23,31.3
41825,K Vishnu,FALSE,0.039421813,0.039421813,finisher,58,,126.08695652173913,,,126.08695652173913,-50,,7,21.08
41839,Pankaj Yadav,FALSE,0.039421813,0.039421813,finishing allrounder,27,,122.72727272727273,11,9.377483444,122.72727272727273,,,8,29.05
4201,Fareed Malik,TRUE,0.48437499999999994,0.48437499999999994,finishing allrounder,6,,40,12,9.703125,1.2671189059812944,3.999999999999999,-1,7,30.82
4208,Sirla Srinivas,FALSE,0.039421813,0.033508541,finishing allrounder,67,,95.71428571428571,7,8.093023255813954,95.71428571428571,-65,-7,9,33.25
4209,PM Anfal,FALSE,0.38461538461538464,0.2692307692307692,finishing allrounder,376,,131.01045296167248,29,6.476394849785407,23.15475970981884,58.49999999999997,-0.5,31,35.06
4210,Jafar Jamal,FALSE,0.45901639344262296,0.32131147540983607,finisher,480,,134.45378151260505,,,5.025308638,31.4,,25,35.69
4211,Vishnu Vinod,TRUE,1,1,top/middle,1326,,166.1654135338346,0,13,2.9460949056647023,87.29999999999998,,48,31.98
4219,Krunal Pandya,TRUE,1,0.85,finishing allrounder,1301,,120.35152636447734,69,6.924179104477612,3.9549649373840534,8.200000000000006,3.4000000000000004,94,34.68
4221,Chris Green,TRUE,0.097765363,0.083100559,finishing allrounder,2,,66.66666666666667,0,9,66.66666666666667,,,1,32.15
4223,Rana Dutta,FALSE,0.098930481,0.069251337,finishing allrounder,25,,131.57894736842104,2,7.636363636363637,131.57894736842104,,,3,36.53
4227,Marnus Labuschagne,FALSE,0.058558559,0.058558559,top/middle,2,,40,,,40,,,1,31.43
4229,George Linde,FALSE,0.38461538461538464,0.3269230769230769,finishing allrounder,194,,134.72222222222223,20,6.779005524861878,1.7575647124916967,-3.028571429,-1.142857143,17,33.98
4235,Sisanda Magala,TRUE,0.8904109589041096,0.7568493150684932,finishing allrounder,34,,188.88888888888889,8,9.282352941176471,19.185475866948853,0.9999999999999998,0,8,34.89
4237,Tabraiz Shamsi,TRUE,1,0.7,finishing allrounder,7,,41.17647059,30,7.306620209059234,0.7102286960150849,-0.5,-5.5,27,35.77
4246,Nitish Rana,TRUE,1,1,top/middle,2838,,137.16771387143547,25,7.363166953528399,4.081787525699788,-36,1.3,104,31.92
4250,Baltej Singh,TRUE,1,0.7,finishing allrounder,43,,126.47058823529412,52,7.028151774785802,19.45130081686436,-15,-3.8,36,35.06
4253,Arjit Gupta,FALSE,0.112,0.0784,finisher,107,,109.18367346938776,,,5.111333430291085,-32,,9,36.21
4254,Anand Bais,TRUE,0.9411764705882353,0.7999999999999999,top/middle,636,,130.3278689,0,9,5.224313429139617,184.99999999999994,,22,34.36
42548,Muhammad Jawadullah,TRUE,0.098930481,0.098930481,finishing allrounder,2,,13.333333333333334,5,9.133333333333333,0.9330476606570346,0,-1,5,26.71
4256,Cheepurapalli Stephen,FALSE,0.098930481,0.098930481,finishing allrounder,2,,66.66666666666667,48,7.487922705,66.66666666666667,,4.4571428571428555,28,31.98
4257,Nakul Verma,FALSE,0.098930481,0.084090909,top/middle,51,,71.83098591549296,,,3.783237867,20.499999999999993,,5,34.62
4260,Heinrich Klaasen,TRUE,1,0.85,top/middle,1823,,160.05267778753293,,,3.1306128278444807,112.60000000000001,,68,34.33
42617,Sachin Rathi,FALSE,0.098930481,0.069251337,finishing allrounder,3,,60,6,7.597122302158273,60,,,7,38.58
42618,J Gowrishankar,FALSE,0.097765363,0.097765363,finishing allrounder,28,,66.66666666666667,1,7.75,1.0798423588790156,-3,0.9999999999999998,5,25.33
42626,Emmanuel Cherian,FALSE,0.039421813,0.039421813,finishing allrounder,3,,17.647058823529413,8,6.538461538461538,0.9259259259259259,,0,13,25.26
42631,Sachin B,FALSE,0.22535211267605634,0.22535211267605634,top/middle,588,,128.94736842105263,,,8.443125728384155,44.499999999999986,,16,22.25
42633,Vinod S P,FALSE,0.098930481,0.069251337,finishing allrounder,3,,18.75,1,9.428571428571429,0.9669773921557225,-1,,4,35.95
42634,M Boopathi Vaishna Kumar,FALSE,0.22535211267605634,0.22535211267605634,finisher,332,,127.6923076923077,0,11,3.085035852,-39,,24,23.12
42636,Sri Abisek S,FALSE,0.098930481,0.098930481,finisher,93,,103.33333333333333,,,2.337437145510255,-49,,9,22.81
42637,Sudhan Kandepan,FALSE,0.097765363,0.097765363,finisher,4,,44.44444444444444,,,0.687656907,,,2,30.06
42647,Sawan Paharia,FALSE,0.039421813,0.039421813,finisher,94,,125.33333333333333,,,125.33333333333333,-6,,9,23.29
42649,Binayak Sahoo,FALSE,0.039421813,0.039421813,finisher,51,,104.08163265306122,,,104.08163265306122,4.999999999999998,,7,23.49
4265,T Natarajan,TRUE,1,0.85,finishing allrounder,3,,42.857142857142854,86,7.751004016064257,0.6908239055785356,-3,3.500000000000001,66,34.65
42650,Raghunath Malla,FALSE,0.039421813,0.039421813,opener,70,,127.27272727272727,,,127.27272727272727,,,3,25.11
42652,Sumit Moharana,FALSE,0.039421813,0.039421813,finishing allrounder,0,,0,2,9.8,0,,,3,29.41
42653,Subham Satrajit,FALSE,0.039421813,0.039421813,finishing allrounder,41,,124.24242424242425,3,5.636363636363637,124.24242424242425,,,3,26.21
42655,Amin Khan,FALSE,0.039421813,0.039421813,top/middle,23,,79.31034483,,,79.31034483,,,4,30.38
42658,Milan Samal,FALSE,0.039421813,0.039421813,finishing allrounder,0,,0,4,6.283018867924528,0,,-4,5,24.09
42663,Krishna Palai,FALSE,0.039421813,0.039421813,finishing allrounder,7,,77.77777777777777,3,7.333333333333333,77.77777777777777,,,2,26.05
42665,Akash Mahapatra,FALSE,0.039421813,0.039421813,opener,31,,73.80952380952381,,,73.80952380952381,-25,,3,19.53
42667,Saswat Mohanty,FALSE,0.039421813,0.039421813,top/middle,56,,124.44444444444444,1,9.666666666666666,124.44444444444444,,,3,30.22
42670,Sumit Sharma,FALSE,0.058558559,0.058558559,finishing allrounder,20,,153.84615384615384,16,6.379310344827586,153.84615384615384,-16,5.999999999999999,10,30.22
42672,Kissan Rath,FALSE,0.039421813,0.039421813,top/middle,4,,57.142857142857146,0,5.142857142857143,57.142857142857146,,,1,28.68
42674,Debabrata Jnr,FALSE,0,0,opener,10,,52.63157894736842,,,52.63157894736842,,,3,22.45
42679,Soubhagya Rout,FALSE,0.039421813,0.039421813,finishing allrounder,15,,136.36363636363637,2,8.8125,136.36363636363637,,,6,20.12
42681,Shreyash Bharadwaj,FALSE,0.039421813,0.039421813,top/middle,236,,116.83168316831683,,,116.83168316831683,-104,,10,19.57
42682,Asish Parija,FALSE,0.039421813,0.039421813,top/middle,65,,95.58823529411765,,,95.58823529411765,,,3,27.91
42685,Dinesh Majhi,FALSE,0.039421813,0.039421813,finisher,49,,102.08333333333333,,,102.08333333333333,6.999999999999998,,6,22.66
42686,Satyakam Bharadwaj,FALSE,0.039421813,0.039421813,finishing allrounder,79,,158,0,7.846153846153846,158,76.99999999999997,0,7,25.22
42687,Anil Parida,FALSE,0.039421813,0.039421813,top/middle,133,,113.67521367521367,,,113.67521367521367,108.99999999999994,,9,24.91
42691,Badal Biswal,FALSE,0.039421813,0.039421813,finishing allrounder,7,,46.666666666666664,8,7.445255474452555,46.666666666666664,,3.999999999999999,9,21.32
42695,Bikram Samal,FALSE,0.039421813,0.039421813,finisher,91,,122.97297297297297,,,122.97297297297297,-1,,9,26.61
42696,Binayak Paikray,FALSE,0,0,top/middle,6,,75,,,75,,,1,25.84
42697,Saideep Mohapatra,FALSE,0.039421813,0.039421813,batting allrounder,148,,123.33333333333333,0,9.72972973,123.33333333333333,-34,,6,22.09
42699,Jamala Mohapatra,FALSE,0.039421813,0.027595269,finishing allrounder,2,,100,5,5.651162790697675,100,,,4,35.07
4270,Yogeshsingh Rawat,FALSE,0.097765363,0.083100559,finishing allrounder,1,,100,3,9.619047619047619,100,,,4,32.91
42702,Pankaj Senapati,FALSE,0.039421813,0.039421813,finisher,21,,91.30434782608695,,,91.30434782608695,,,3,24.96
4271,Shubham Sharma,TRUE,1,1,batting allrounder,626,,128.80658436213992,5,9.020408163265307,2.4662695997651425,40.999999999999986,0.7,20,31.92
4274,Puneet Datey,FALSE,0.22535211267605634,0.22535211267605634,finishing allrounder,60,,166.66666666666666,36,8.436734694,3.4585579671165676,15.214285714285712,7.071428571428572,25,31.21
4275,Abhishek Mohan,FALSE,0.098930481,0.084090909,finishing allrounder,19,,82.60869565,6,9.340206186,82.60869565,,,4,32.95
4276,Basil Thampi,TRUE,1,0.85,finishing allrounder,107,,130.4878048780488,48,7.476014760147602,3.4137400895054397,8.999999999999996,3.7,38,32.21
4277,Karaparambil Sathish,FALSE,0.19491525423728814,0.13644067796610168,finishing allrounder,54,,125.5813953488372,6,8.604651162790697,1.124836877059666,-54,-2,8,35.22
4278,Tanmay Agarwal,TRUE,0.625,0.625,opener,290,,111.96911196911196,,,4.606535887177035,7.000000000000002,,13,30.57
42815,Ajay Sanjay Borude,FALSE,0.112,0.112,finishing allrounder,115,,147.43589743589743,1,9.346153846153847,147.43589743589743,29.49999999999999,-0.5,15,23.21
42816,Digvijay Patil,FALSE,0.098930481,0.098930481,top/middle,331,,112.58503401360544,,,3.4903951406982214,-203,,18,20.29
42817,Sohan Jamale,FALSE,0.098930481,0.098930481,finishing allrounder,23,,104.54545454545455,14,7.212121212121212,104.54545454545455,6.999999999999998,2.499999999999999,17,25.9
42820,Rohan Damle,FALSE,0.48437499999999994,0.48437499999999994,batting allrounder,536,,126.41509433962264,20,7.481481481481482,4.213277104120069,52.99999999999998,-3.5,33,25.9
42821,Shubhankar Hardikar,FALSE,0.039421813,0.039421813,top/middle,85,,100,,,,,,10,25.44
42823,Roshan Waghsare,FALSE,0.058558559,0.058558559,finishing allrounder,17,,130.76923076923077,19,7.786046511627907,33.333333333333336,,-7,27,25.9
42826,Shubham Kothari,FALSE,0.097765363,0.097765363,finishing allrounder,2,,66.66666666666667,2,8.186440677966102,66.66666666666667,,-2,5,29.22
42828,Abhimanyu Jadhav,FALSE,0.097765363,0.097765363,finisher,167,,106.36942675159236,,,114.28571428571429,-18,,15,25.9
42829,Shripad Nimbalkar,FALSE,0.039421813,0.039421813,opener,52,,113.04347826086956,,,113.04347826086956,-22,,3,25.9
42830,Adharsh Botara,FALSE,0.039421813,0.039421813,opener,1,,50,,,50,,,1,25.9
42834,Sachin Dhas,TRUE,0.48437499999999994,0.48437499999999994,top/middle,344,,119.03114186851211,,,25.025688930968414,90.49999999999994,,21,20.74
42835,Kirtiraj Wadekar,FALSE,0.039421813,0.039421813,finisher,9,,75,,,75,,,6,25.9
42838,Shreyash Chavan,FALSE,0.112,0.112,finishing allrounder,17,,85,34,7.067615658362989,85,-15,-2,25,25.9
42839,Siddharth Mhatre,FALSE,0.45901639344262296,0.45901639344262296,finisher,629,,139.46784922394679,9,8.106870229007633,5.6368361828259115,4.499999999999986,-1,37,25.24
42840,Nihal Tusamad,FALSE,0.21153846153846154,0.21153846153846154,finishing allrounder,7,,70,29,7.924752475247525,100,4.999999999999998,18.99999999999999,29,25.9
42842,Nikhil Madas,FALSE,0.039421813,0.039421813,finisher,8,,53.333333333333336,,,53.333333333333336,,,1,25.9
42843,Sahil Autade,FALSE,0.098930481,0.098930481,finisher,217,,124,,,124,-39,,18,21.32
42844,Izhaan Sayed,FALSE,0.21153846153846154,0.21153846153846154,finishing allrounder,171,,166.01941747572815,15,8.25,60,158.99999999999994,8.999999999999996,17,27.93
42845,Arshin Kulkarni,TRUE,1,1,opener,969,,142.70986745213548,28,8.715083799,8.432286039457054,51.99999999999997,-0.5,35,20.78
42847,Dhanraj Shinde,FALSE,0.22535211267605634,0.22535211267605634,finisher,636,,189.28571428571428,,,16.704735256649307,-65,,42,26.21
42849,Rishab Karwa,FALSE,0.15625,0.15625,finishing allrounder,80,,129.03225806451613,5,9.157894736842104,100,77.99999999999999,4.999999999999998,10,28.9
42852,Akshay Waikar,FALSE,0.098930481,0.098930481,finishing allrounder,1,,33.333333333333336,23,7.128834355828221,33.333333333333336,0.9999999999999998,2.499999999999999,26,25.9
42853,Siddhant Doshi,FALSE,0.039421813,0.039421813,top/middle,21,,116.66666666666667,,,116.66666666666667,,,1,25.9
42856,Rohit Hadke,FALSE,0.039421813,0.039421813,finisher,48,,94.11764705882354,,,94.11764705882354,,,5,25.9
42857,Shubham Nagawade,FALSE,0.039421813,0.039421813,top/middle,4,,66.66666666666667,,,66.66666666666667,,,1,25.9
42859,Varun Deshpande,FALSE,0.039421813,0.039421813,top/middle,12,,109.0909090909091,,,109.0909090909091,,,1,25.9
42860,Abhishek Anil Pawar,FALSE,0.112,0.112,finisher,267,,131.5270935960591,,,131.5270935960591,33.99999999999998,,20,
42862,Swaraj Yogesh Chavan,FALSE,0.039421813,0.039421813,finisher,2,,33.333333333333336,2,6.705882352941177,33.333333333333336,,,2,20.62
42863,Rameshwar Daud,FALSE,0.097765363,0.097765363,finishing allrounder,1,,100,6,9.510638298,100,,-6,6,24.15
42866,Om Bhosale,FALSE,0.38461538461538464,0.38461538461538464,top/middle,859,,131.74846625766872,,,131.2849162011173,30.49999999999996,,35,26.01
42867,Anand Thenge,FALSE,0.22535211267605634,0.22535211267605634,finishing allrounder,119,,152.56410256410257,26,8.140776699029127,152.56410256410257,27.999999999999986,3.499999999999999,21,27.26
42869,Swapnil Chavan,FALSE,0.039421813,0.039421813,top/middle,31,,86.11111111111111,,,86.11111111111111,,,3,25.9
42870,Harshal Kate,FALSE,0.058558559,0.058558559,top/middle,201,,127.21518987341773,,,127.21518987341773,91.99999999999997,,13,24.12
42871,Omkar Khatpe,FALSE,0.36,0.36,top/middle,564,,112.1272365805169,,,107.39030023094688,10.499999999999984,,28,28.15
42872,Rushikesh Daund,FALSE,0.039421813,0.039421813,top/middle,4,,66.66666666666667,,,66.66666666666667,,,1,25.9
42874,Tanesh Jain,FALSE,0.039421813,0.039421813,finishing allrounder,0,,0,1,6.5,0,,,2,25.9
42876,Tushar Shrivastav,FALSE,0.098930481,0.084090909,top/middle,111,,96.52173913043478,,,88.37209302325581,-41,,13,33.91
42877,Ashkan Kazi,FALSE,0.098930481,0.098930481,finishing allrounder,214,,159.70149253731344,13,8.09375,,,,13,
42878,Akhilesh Pramod Gawale,FALSE,0.039421813,0.039421813,finisher,76,,92.68292683,0,9,,,,13,
42879,Kiran Chormale,FALSE,0.22535211267605634,0.22535211267605634,top/middle,382,,138.9090909090909,3,9.540983606557377,138.9090909090909,14.99999999999999,0.4999999999999999,22,20.05
4288,Navdeep Saini,TRUE,1,0.85,finishing allrounder,37,,88.0952381,23,8.476345840130506,3.074070083289353,3,1.6000000000000003,32,33.01
42880,Krish Shahapurkar,FALSE,0.039421813,0.039421813,top/middle,161,,100.625,,,64.70588235294117,,,14,20.41
42881,Vijay Pawale,FALSE,0.15625,0.15625,finishing allrounder,5,,166.66666666666666,26,8.442148760330578,166.66666666666666,-5,-2,26,30.9
42882,Rohit Patil,FALSE,0.112,0.112,finisher,239,,156.20915032679738,,,102.27272727272727,148.99999999999994,,17,25.9
42884,Dhiraj Phatangare,FALSE,0.36,0.36,opener,790,,135.97246127366608,2,13.92,130.89770354906054,15.499999999999982,,36,25.9
42885,Preetam Patil,FALSE,0.19491525423728814,0.19491525423728814,top/middle,335,,158.76777251184834,,,158.76777251184834,-63,,20,25.9
42886,Kunal Thorat,FALSE,0.098930481,0.098930481,finishing allrounder,4,,57.142857142857146,36,6.501098901098901,,,-4.5,24,25.9
42891,Sahil Churi,FALSE,0.19491525423728814,0.19491525423728814,finishing allrounder,180,,178.21782178217822,14,9.129186602870814,218.6046511627907,6.499999999999992,0.49999999999999895,23,25.9
42893,Samarth Kadam,FALSE,0.039421813,0.039421813,finishing allrounder,6,,150,2,11.30232558139535,,,,3,25.9
42894,Rushikesh Sonavne,FALSE,0.22535211267605634,0.22535211267605634,top/middle,492,,130.15873015873015,,,119.52380952380952,116.49999999999997,,24,25.9
42897,Mehul Patel,FALSE,0.21153846153846154,0.21153846153846154,top/middle,583,,149.48717948717947,1,8.526315789473685,141.1504424778761,-6.5,,32,
42898,Prathamesh Gawade,FALSE,0.097765363,0.097765363,finishing allrounder,2,,40,9,8.23943662,40,0,-2.5,8,25.9
42899,Omkar Rajput,FALSE,0.039421813,0.039421813,finishing allrounder,7,,53.84615384615385,2,7.959183673469388,53.84615384615385,,0,5,25.9
4290,Kuldeep Hooda,FALSE,0.098930481,0.069251337,finisher,9,,128.57142857142858,0,11.666666666666666,128.57142857142858,,,1,36.03
42901,Yash Borkar,FALSE,0.039421813,0.039421813,finishing allrounder,0,,0,1,8.538461538461538,,,-1,3,25.9
42902,Pranay Singh,FALSE,0.14285714285714285,0.14285714285714285,finishing allrounder,41,,107.89473684210526,28,7.620578778135048,2.707766177818801,24.999999999999993,2.499999999999999,27,25.9
42905,Sanket Pharate,FALSE,0.057692307692307696,0.057692307692307696,finishing allrounder,4,,66.66666666666667,0,11.636363636363637,66.66666666666667,,,2,25.9
42906,Pravin Deshety,FALSE,0.039421813,0.039421813,opener,92,,109.52380952380952,,,109.52380952380952,,,3,25.9
42907,Yaasar Shaikh,FALSE,0.039421813,0.039421813,top/middle,15,,78.94736842105263,,,78.94736842105263,,,2,25.9
42909,Rahul,FALSE,0.098930481,0.098930481,opener,21,,175,,,0.9495644788529326,,,2,25.47
4291,Himanshu Rana,TRUE,0.625,0.625,top/middle,173,,106.13496932515338,,,5.438619986902921,13.999999999999998,,10,27.15
4293,CJ Gandhi,FALSE,0.19491525423728814,0.13644067796610168,finisher,159,,140.7079646017699,,,3.6652513325854064,-63,,8,35.44
4295,Kushang Patel,FALSE,0.36,0.306,finishing allrounder,33,,106.45161290322581,29,7.075060532687651,2.1609037485560503,-33,5.9999999999999964,17,34.2
43092,Akshay Kalokhe,FALSE,0.098930481,0.098930481,finishing allrounder,13,,162.5,2,8.8,162.5,,,2,25.9
4320,Krishna Das,TRUE,0.098930481,0.069251337,finishing allrounder,14,,56,6,8.108108108108109,41.666666666666664,,,7,35.12
4321,Arup Das,TRUE,0.48437499999999994,0.41171874999999997,finishing allrounder,22,,122.22222222222223,20,6.2,,,2.0000000000000004,13,34.34
4322,Dhiraj Goswami,FALSE,0.2,0.13999999999999999,finishing allrounder,114,,106.54205607476635,4,5.9491525423728815,4.618704515456301,-19.5,0.9999999999999997,15,40.57
4323,Swarupam Purkayastha,TRUE,0.8904109589041096,0.6232876712328766,batting allrounder,481,,122.70408163265306,13,5.575221238938053,18.16128912500413,32,0.9999999999999998,19,36.2
4324,Kunal Saikia,FALSE,0.039421813,0.027595269,finisher,55,,114.58333333333333,,,114.58333333333333,,,5,37.44
4325,Ashwin Hebbar,FALSE,0.625,0.625,opener,1164,,145.3183520599251,0,13.161290322580646,4.163762526723528,96.29999999999998,,31,30.03
4326,B Ayyappa,FALSE,0.21153846153846154,0.1798076923076923,finishing allrounder,66,,244.44444444444446,19,8.501362397820163,1.0368418398848982,15.857142857142858,1.7857142857142856,16,33.08
43267,Bhanu Pratap Singh,TRUE,0.8904109589041096,0.8904109589041096,batting allrounder,298,,126.80851063829788,8,7.074626865671642,22.01287810184836,4.999999999999997,-1.57E-16,17,27.96
43268,Sagar Rawat,TRUE,0.8904109589041096,0.8904109589041096,top/middle,305,,136.16071428571428,,,7.431901114444562,-41,,16,30.83
43269,Ashutosh Bahuguna,FALSE,0.058558559,0.058558559,opener,30,,111.11111111111111,,,111.11111111111111,,,2,26.29
43270,Sayyam Arora,FALSE,0.098930481,0.098930481,top/middle,41,,110.8108108108108,,,110.8108108108108,-17,,4,27.89
43271,Prabhakar Nainwal,FALSE,0.112,0.112,top/middle,106,,145.2054794520548,,,145.2054794520548,,,3,31.74
43272,Harshit Paliwal,TRUE,0.48437499999999994,0.48437499999999994,finisher,150,,156.25,,,4.676389351079787,52.99999999999999,,8,24.93
43273,Ajay Neg,FALSE,0.098930481,0.098930481,finishing allrounder,27,,117.3913043478261,4,6.6976744186046515,117.3913043478261,,,2,24.93
43275,Pankaj Kandari,FALSE,0.058558559,0.058558559,finisher,7,,100,1,7.2631578947368425,100,,,1,22.34
43276,Nikhil Pundir,TRUE,0.8904109589041096,0.8904109589041096,finishing allrounder,21,,110.52631578947368,21,7.644787644787645,1.9052498743380277,-9.42E-16,-2.36E-16,14,29.21
43277,Manish Gaur,FALSE,0.098930481,0.098930481,top/middle,104,,106.12244897959184,,,10.540221130053569,-23,,6,26.14
43278,Piyush Singh,FALSE,0.098930481,0.098930481,finishing allrounder,1,,25,3,10.054054054054054,0.687656907,0.9999999999999998,0.9999999999999998,3,30.05
43279,Aarush Melkhani,TRUE,0.45901639344262296,0.45901639344262296,finishing allrounder,104,,200,1,7.7727272727272725,6.4118153930956066,12.999999999999993,0.4999999999999999,9,
43280,Ayush Devrani,FALSE,0.039421813,0.039421813,finishing allrounder,0,,0,0,12,0,,,2,24.03
43281,Manas Mehra,FALSE,0.039421813,0.039421813,top/middle,12,,100,,,100,,,2,23.8
43282,Vanshraj Chauhan,FALSE,0.039421813,0.039421813,finisher,0,,0,0,9,0,,,2,21.56
43283,Prateek Pandey,TRUE,0.48437499999999994,0.48437499999999994,finisher,225,,136.36363636363637,,,29.12093806694247,-19.5,,14,23.84
43284,Divyam Rawat,FALSE,0.058558559,0.058558559,opener,99,,137.5,,,137.5,,,3,21.71
43285,Naveen Rana,TRUE,0.22535211267605634,0.22535211267605634,finishing allrounder,3,,42.857142857142854,4,9.688524590163935,42.857142857142854,,0,8,23.27
43286,Vijay Bora,FALSE,0.097765363,0.097765363,opener,66,,194.11764705882354,,,194.11764705882354,,,2,25.81
43287,Devendra Bora,TRUE,0.48437499999999994,0.48437499999999994,finishing allrounder,2,,40,23,7.544554455445544,0.69724623,0.9999999999999998,4.499999999999999,14,24.97
43288,Shashank Krishnamurti,FALSE,0.039421813,0.039421813,top/middle,23,,85.18518518518519,,,85.18518518518519,,,2,22.21
43289,Amol Bhartwal,FALSE,0.058558559,0.058558559,finisher,4,,57.142857142857146,,,57.142857142857146,,,1,29.37
43290,Himanshu Shelly,FALSE,0.097765363,0.083100559,finishing allrounder,2,,33.333333333333336,1,15.6,33.333333333333336,,,2,34
43291,Vinay S Bagari,FALSE,0.039421813,0.039421813,finisher,1,,50,0,10,50,,,1,22.84
43292,Aryan Chaudhary,TRUE,0.48437499999999994,0.48437499999999994,finishing allrounder,53,,117.77777777777777,3,9.164835164835164,117.77777777777777,-45,-1,5,23.18
43293,Kunalveer Singh,TRUE,0.36,0.36,top/middle,138,,127.77777777777777,,,127.77777777777777,-46,,9,
43294,Ishagra Jagoori,TRUE,0.19491525423728814,0.19491525423728814,top/middle,98,,155.55555555555554,,,0.8906469408280571,48.499999999999986,,6,
43295,Aryan Sharma,TRUE,0.8904109589041096,0.8904109589041096,batting allrounder,353,,135.24904214559388,4,7.694117647058824,4.358636620278649,18.499999999999996,1.9999999999999996,16,24.83
43296,Sanjeet Sajwan,FALSE,0.097765363,0.083100559,finisher,9,,64.28571428571429,,,64.28571428571429,,,6,34.08
43298,Sparsh Joshi,TRUE,0.625,0.625,finishing allrounder,80,,114.28571428571429,8,10.02127659574468,1.3552581863631368,-28,-2,8,25.15
43299,Gaurav Negi,TRUE,0.36,0.36,finishing allrounder,9,,42.857142857142854,3,6.193548387096774,1.8424313658327514,-2.5,-1.5,6,24.94
43301,Mukesh Gupta,TRUE,0.36,0.36,top/middle,59,,83.09859154929578,,,4.156420922247731,-15.5,,4,28.12
43303,Jagmohan Nagarkoti,TRUE,0.22535211267605634,0.22535211267605634,finishing allrounder,2,,25,15,8.523076923076923,25,,4.499999999999998,9,25.54
43305,Gurman Singh Dhillon,FALSE,0.098930481,0.098930481,finishing allrounder,20,,142.85714285714286,0,9.483870967741936,142.85714285714286,,,3,21.58
43308,Prashant Chauhan,TRUE,0.8904109589041096,0.8904109589041096,finishing allrounder,74,,105.71428571428571,17,8.496503496503497,1.7992898967288409,2.5,2.9999999999999982,18,24.89
43309,Harjeet Singh,TRUE,0.625,0.625,finishing allrounder,11,,220,14,7.433447098976109,220,,-1,14,28.98
43310,Vishal Rawat,FALSE,0.039421813,0.039421813,finisher,2,,66.66666666666667,,,66.66666666666667,,,1,24.47
43311,Prashant Bhati,TRUE,0.8904109589041096,0.8904109589041096,finishing allrounder,110,,215.68627450980392,15,7.760683760683761,64.04484728422541,-10.5,0.9999999999999998,16,26.11
43312,Shiva Soni,TRUE,0.625,0.625,finishing allrounder,17,,154.54545454545453,6,7.862068965517241,1.6345055565958637,-1.5,-2,7,26.91
43314,Harsh Rana,TRUE,0.48437499999999994,0.48437499999999994,finishing allrounder,108,,111.34020618556701,4,7.6415094339622645,2.1401409964051363,15.999999999999993,1.9999999999999996,15,21.47
43316,Yashvardhan,FALSE,0.097765363,0.097765363,finisher,15,,150,,,150,,,2,22.32
43318,Sunny Kashyap,TRUE,0.8904109589041096,0.8904109589041096,finishing allrounder,111,,168.1818181818182,12,7.605633802816901,3.857811604320056,-22,-3,15,26.96
43319,Aditya Sethi,TRUE,0.625,0.625,finishing allrounder,82,,132.25806451612902,12,7.492957746478873,132.25806451612902,-30,-10,11,28.29
43320,Sameer Rai,FALSE,0.057692307692307696,0.057692307692307696,opener,28,,93.33333333333333,,,93.33333333333333,,,2,24.14
43321,Nitish Joshi,FALSE,0.112,0.112,finishing allrounder,72,,138.46153846153845,1,9,138.46153846153845,,,5,28.56
43322,Rohit Danu,TRUE,0.48437499999999994,0.48437499999999994,top/middle,213,,130.67484662576686,,,14.101582114130698,-1.5,,10,24.55
43323,Mohd Asim,FALSE,0.097765363,0.097765363,finishing allrounder,0,,0,10,8.080645161290322,0,,,5,28.56
43324,Shubham Bisht,FALSE,0.058558559,0.058558559,finisher,41,,85.41666666666667,0,10,85.41666666666667,,,3,22.68
43325,Abhishekh Raturi,FALSE,0.039421813,0.039421813,top/middle,13,,86.66666666666667,,,86.66666666666667,,,2,23.02
43327,Abhishekh Gusain,FALSE,0.058558559,0.058558559,top/middle,10,,71.42857142857143,,,71.42857142857143,,,1,29.11
43328,Jeevan S Mehta,FALSE,0.058558559,0.058558559,finisher,15,,88.23529411764706,,,88.23529411764706,,,2,27.41
43329,Anmol Shah,TRUE,0.48437499999999994,0.48437499999999994,finishing allrounder,40,,72.72727272727273,15,7.072243346007604,2.687534881781005,8.499999999999996,1.5,15,22.75
43330,Vishal Kashyap,TRUE,0.8904109589041096,0.8904109589041096,top/middle,497,,144.47674418604652,0,11,4.4655146492635245,33.49999999999999,,16,25.26
43332,Abhinav Bisht,FALSE,0.097765363,0.097765363,finisher,17,,94.44444444444444,,,94.44444444444444,,,3,28.05
43333,Pradeep Devli,FALSE,0.039421813,0.039421813,finisher,17,,89.47368421052632,,,89.47368421052632,,,2,23.98
43334,Rohit Tomar,FALSE,0.097765363,0.097765363,finisher,31,,163.1578947368421,,,163.1578947368421,,,3,26.21
43336,Shantanu Saini,FALSE,0.039421813,0.039421813,finisher,1,,33.333333333333336,,,33.333333333333336,,,2,26.13
43338,Ravinder Neg,FALSE,0.098930481,0.098930481,finishing allrounder,35,,145.83333333333334,7,5.641025641025641,145.83333333333334,,,5,23.44
43340,Neeraj Rathore,TRUE,0.8904109589041096,0.8904109589041096,top/middle,491,,141.09195402298852,1,9.84,8.391927526,42.499999999999986,0.4999999999999999,17,27.48
43341,Suyash Rawat,FALSE,0.097765363,0.097765363,top/middle,29,,145,,,145,,,2,26.48
43342,Jaskaran Singh,TRUE,0.36,0.36,finisher,10,,142.85714285714286,,,3.4382845335595853,-4,,5,22.18
43343,Gaurav Joshi,FALSE,0.097765363,0.097765363,finisher,72,,112.5,,,112.5,,,4,24.28
43345,Shubham Taiswal,FALSE,0.097765363,0.097765363,top/middle,101,,104.12371134020619,0,7.5,109.0909090909091,-27,,14,25.9
4335,Anurag Sarangi,FALSE,0.039421813,0.033508541,opener,169,,113.42281879194631,1,11.5,113.42281879194631,0.9999999999999998,,9,32.94
4338,Suryakant Pradhan,FALSE,0.2,0.17,finishing allrounder,98,,153.125,10,7.610526315789474,6.116804793607266,-6.192307692,1.4615384615384617,11,32.16
4340,Tukuna Sahoo,FALSE,0.039421813,0.027595269,opener,112,,133.33333333333334,0,10.2,133.33333333333334,,,4,38.89
4342,Divyaraj Chauhan,FALSE,0.112,0.112,finisher,177,,122.91666666666667,,,122.91666666666667,2.142857142857145,,14,31.41
4344,Snell Patel,FALSE,0.112,0.0952,top/middle,203,,131.8181818181818,,,131.8181818181818,-13,,9,32.11
43587,Sunil Bishnoi,FALSE,0.039421813,0.039421813,finisher,240,,157.89473684210526,,,157.89473684210526,,,9,24.08
43591,R Nithiyananda,FALSE,0.039421813,0.039421813,finishing allrounder,3,,42.857142857142854,9,7.386792452830188,42.857142857142854,0.9999999999999998,8.999999999999996,12,20.88
43592,S Pradeep Roshan,FALSE,0.039421813,0.039421813,finisher,8,,50,0,9,50,,,4,22.08
43593,Janmejay Joshi,TRUE,0.22535211267605634,0.22535211267605634,finishing allrounder,1,,25,5,8.648648649,25,,0.4999999999999999,7,24.43
43594,Anup Ahlawat,FALSE,0.039421813,0.039421813,opener,170,,204.81927710843374,,,204.81927710843374,,,4,25.04
4362,Aditya Garhwal,FALSE,0.22535211267605634,0.22535211267605634,top/middle,376,,161.37339055793993,1,13.5,1.1197340523405719,79.49999999999999,,14,29.62
4367,Barinder Sran,FALSE,0.21153846153846154,0.1798076923076923,batting allrounder,160,,144.14414414414415,12,8.219653179190752,144.14414414414415,,,9,32.96
4368,Sagar Trivedi,FALSE,0.098930481,0.084090909,finishing allrounder,18,,112.5,1,12.96774193548387,112.5,,,2,34.11
4369,Shai Hope,TRUE,1,0.85,top/middle,1478,,133.7556561085973,,,2.541425108862294,152.79999999999998,,56,32.04
4372,Rony Talukder,FALSE,0.625,0.4375,opener,1059,,120.75256556442417,,,8.240529481081392,12.300000000000002,,48,35.13
4373,Mustafizur Rahman,TRUE,1,1,finishing allrounder,70,,62.5,166,6.947017413856984,1.7537180075577183,2.4,1.8,121,30.22
43774,Shivam Singh,FALSE,0.8904109589041096,0.8904109589041096,top/middle,1049,,131.9496855345912,0,2.4,1.9572020194594544,86.59999999999997,,29,30.01
43798,Lhuan Pretorius,FALSE,0.039421813,0.039421813,top/middle,52,,123.80952380952381,,,1.2536914343965149,,,5,19.67
43815,Ayudh Sharma,FALSE,0.039421813,0.039421813,top/middle,237,,118.5,,,118.5,-113,,12,27.76
43899,Aryan Anil Bhatia,FALSE,0.112,0.112,finisher,200,,116.95906432748538,1,12.387096774193548,116.95906432748538,89.99999999999997,-1,14,21.15
43900,Ashish Lawrence,FALSE,0.097765363,0.097765363,finishing allrounder,11,,100,5,9.381818181818181,100,8.999999999999996,-3,6,23.22
43901,Jaskirat Singh,FALSE,0.039421813,0.039421813,finisher,5,,50,0,8.823529411764707,50,,,3,21.73
43902,Kawalpreet Singh,FALSE,0.112,0.112,finishing allrounder,59,,131.11111111111111,2,9.801980198019802,131.11111111111111,,,5,24.62
43903,Ansul Chaudhary,FALSE,0.19491525423728814,0.19491525423728814,opener,543,,131.79611650485438,,,131.79611650485438,-132.5,,18,24.97
43904,Manpreet Singh,FALSE,0.112,0.112,batting allrounder,68,,101.49253731343283,1,11.2987013,101.49253731343283,-10,-0.5,9,27.27
43905,Prabhjot Singh,FALSE,0.098930481,0.098930481,top/middle,182,,113.75,,,113.75,,,7,31.13
43906,Vaibhav Sehdev,FALSE,0.098930481,0.098930481,finisher,64,,168.42105263157896,2,11.052631578947368,168.42105263157896,57.99999999999998,0,4,26.58
43907,Mridul Sandal,FALSE,0.098930481,0.098930481,finisher,124,,96.875,,,96.875,5.999999999999993,,22,21.32
43908,Sumit Sharma,FALSE,0.2,0.2,finishing allrounder,123,,111.81818181818181,18,9.090909090909092,111.81818181818181,-11.5,1.4999999999999993,18,25.22
43909,Madhav Pathania,FALSE,0.22535211267605634,0.22535211267605634,finishing allrounder,312,,120,15,8.03125,120,-19,-4.5,25,25.15
4391,Liam Livingstone,TRUE,1,0.85,batting allrounder,1747,,147.42616033755274,35,8.756995582,2.802296296742274,-34.2,0.5000000000000004,83,32.31
43910,Kunwar Kukreja,FALSE,0.097765363,0.097765363,finishing allrounder,0,,0,17,7.956112852664577,0,0,-3,18,25.48
43913,Kunal Vishwa,FALSE,0.098930481,0.098930481,finishing allrounder,9,,128.57142857142858,1,10.285714285714286,128.57142857142858,,,3,26.08
43914,Aryan Sharma,FALSE,0.097765363,0.097765363,top/middle,57,,107.54716981132076,,,107.54716981132076,-45,,7,21.15
43915,Aditya Marshal,FALSE,0.039421813,0.039421813,finisher,0,,0,0,11.538461538461538,0,,,1,20.87
43916,Kamaljit Singh,FALSE,0.097765363,0.097765363,top/middle,64,,123.07692307692308,,,123.07692307692308,,,5,
43917,Krish Ashwani Bhagat,FALSE,0.112,0.112,finishing allrounder,59,,103.50877192982456,20,8.064356435643564,103.50877192982456,-0.5,-2,20,21.05
43918,Varinder Singh,FALSE,0.098930481,0.098930481,batting allrounder,150,,133.92857142857142,7,8.635514019,6.133204135761982,-16,1.4999999999999991,12,19.62
43919,Aryan Yadav,FALSE,0.098930481,0.098930481,top/middle,141,,114.63414634146342,1,7.666666666666667,114.63414634146342,136.99999999999997,,9,17.62
43920,Jaish Jain,FALSE,0.097765363,0.097765363,opener,157,,115.44117647058823,,,115.44117647058823,,,10,24.23
43921,Mandeep Inder Bawa,FALSE,0.098930481,0.098930481,top/middle,51,,110.8695652173913,,,110.8695652173913,,,5,29.16
43922,Anshul Negi,FALSE,0.039421813,0.039421813,finishing allrounder,1,,50,0,10.2,50,,,3,23.49
43923,Sahaj Dhawan,FALSE,0.2,0.2,opener,584,,135.1851851851852,,,135.1851851851852,-144.5,,27,25.88
43924,Sukhdeep Singh Bajwa,FALSE,0.22535211267605634,0.22535211267605634,finishing allrounder,285,,183.8709677419355,18,8.960784314,183.8709677419355,-66,-2,23,25.04
43925,Sukhwinder Manga,FALSE,0.112,0.112,finishing allrounder,17,,73.91304347826087,5,7.837837837837838,73.91304347826087,4.999999999999998,-1,6,30.02
43927,Manish Sheoran,FALSE,0.058558559,0.058558559,finishing allrounder,6,,50,7,7.103448275862069,50,1.9999999999999996,1.9999999999999993,5,23.24
43930,Mayank Gupta,FALSE,0.19491525423728814,0.19491525423728814,top/middle,357,,128.41726618705036,,,0.8452057535465366,-113.5,,19,25.42
43931,Abhy Chaudhary,FALSE,0.22535211267605634,0.22535211267605634,top/middle,567,,133.09859154929578,,,133.09859154929578,322.99999999999994,,17,23.42
43932,Azam Nazar,FALSE,0.039421813,0.039421813,top/middle,56,,78.87323943661971,,,78.87323943661971,23.999999999999996,,5,24.95
43933,Jashanpreet Singh Sidhu,FALSE,0.19491525423728814,0.19491525423728814,top/middle,583,,135.58139534883722,,,135.58139534883722,-26,,26,26.58
43934,Deepin Chitkara,FALSE,0.19491525423728814,0.19491525423728814,finishing allrounder,103,,118.39080459770115,11,7.669902912621359,118.39080459770115,-23.5,-3,24,26.23
43936,Uday Kakkar,FALSE,0.039421813,0.039421813,finisher,0,,0,,,0,,,1,21.1
43937,Simranjeet Singh Gharu,FALSE,0.112,0.112,finishing allrounder,35,,112.90322580645162,19,7.203438395415473,112.90322580645162,3.4999999999999964,0.49999999999999895,20,23.9
4394,Graham Clark,FALSE,0.039421813,0.033508541,top/middle,431,,152.29681978798587,,,11.990189010158344,,,14,32.7
43941,Tejpreet Singh,FALSE,0.19491525423728814,0.19491525423728814,finishing allrounder,54,,114.8936170212766,10,7.830985915492958,114.8936170212766,19.999999999999993,-4,16,25.29
43944,Parkash Singh Saini,FALSE,0.058558559,0.058558559,finishing allrounder,0,,0,2,13.5,0,,1.9999999999999996,4,27.06
43945,Kuljit Singh,FALSE,0.112,0.112,finishing allrounder,10,,52.63157894736842,19,8.391459074733095,52.63157894736842,-4,-5,13,27.31
43946,Abhinav Sharma,TRUE,0.9411764705882353,0.9411764705882353,finishing allrounder,279,,107.3076923076923,18,9.945945945945946,8.274883755043422,-35.5,-1.5,27,27.92
43947,Ridham Satyawan,FALSE,0.112,0.112,top/middle,478,,124.15584415584415,,,124.15584415584415,-129,,24,
43948,Aradhya Shukla,FALSE,0.098930481,0.098930481,finishing allrounder,1,,14.285714285714286,25,8.086956522,14.285714285714286,0.9999999999999998,0.49999999999999895,19,20.97
43949,Eish Rao,FALSE,0.039421813,0.039421813,top/middle,108,,89.25619834710744,,,89.25619834710744,-4,,12,
43950,Aditya Partap Singh,FALSE,0.039421813,0.039421813,opener,78,,98.73417721518987,,,98.73417721518987,-22,,5,23.86
43951,Taranveer Singh,FALSE,0.112,0.112,top/middle,337,,119.9288256227758,,,119.9288256227758,-61,,19,18.33
43952,Vaibhav Karla,FALSE,0.22535211267605634,0.22535211267605634,top/middle,484,,148.46625766871165,0,16,148.46625766871165,-138,,20,24.81
43953,Venus Grag,FALSE,0.097765363,0.097765363,opener,61,,110.9090909090909,,,110.9090909090909,,,2,31.39
43954,Raman Arora,FALSE,0.112,0.0952,top/middle,119,,117.82178217821782,,,117.82178217821782,,,6,33.94
43955,Harjas Singh Tandon,FALSE,0.22535211267605634,0.22535211267605634,finishing allrounder,156,,133.33333333333334,18,7.618768328445748,133.33333333333334,-34,-2.5,23,22.8
43956,Anush Prashar,FALSE,0.039421813,0.039421813,finisher,0,,0,0,11.5,0,,,2,23.71
43957,Prabhkirat Singh,FALSE,0.098930481,0.098930481,finishing allrounder,6,,60,6,7.572815533980583,60,0,1.9999999999999996,11,23.71
43958,Sandeep Singh,FALSE,0.058558559,0.058558559,batting allrounder,1,,16.666666666666668,0,11.75,16.666666666666668,,,2,30.93
43959,Ayush Goyal,FALSE,0.15625,0.15625,finishing allrounder,86,,114.66666666666667,30,8.743801652892563,114.66666666666667,-5,-3.14E-16,17,24.19
43961,Gaurav Bedi,FALSE,0.097765363,0.097765363,finishing allrounder,0,,0,1,11.0625,0,,,3,27.35
43962,Karanvir Singh,FALSE,0.057692307692307696,0.057692307692307696,finisher,20,,83.33333333333333,1,9.473684210526315,83.33333333333333,,,5,23.96
43963,Yuvi Goyal,FALSE,0.039421813,0.039421813,top/middle,219,,114.0625,,,114.0625,58.999999999999986,,8,22.98
43964,Jaskaranvir Paul,FALSE,0.19491525423728814,0.19491525423728814,opener,827,,124.92447129909365,,,124.92447129909365,-131.5,,22,22.9
43965,Emanjot Singh Chahal,FALSE,0.19491525423728814,0.19491525423728814,finishing allrounder,88,,146.66666666666666,38,6.993031358885017,146.66666666666666,-6.5,-10.5,26,21.28
43967,Vishwanath Singh,FALSE,0.48437499999999994,0.48437499999999994,opener,823,,124.3202416918429,4,8.521739130434783,124.3202416918429,-108.5,-0.5,26,27.44
43968,Gaurav Markan,FALSE,0.112,0.112,finisher,264,,124.52830188679245,,,124.52830188679245,6.999999999999996,,24,26.08
43969,Karmanpreet Singh,FALSE,0.027149321266968326,0.027149321266968326,top/middle,12,,80,,,80,,,2,22.96
43970,Aarush Sabharwal,FALSE,0.098930481,0.084090909,finisher,58,,89.23076923076923,,,89.23076923076923,37.99999999999998,,10,33.97
43971,Arun Kalia,FALSE,0.112,0.112,finishing allrounder,103,,113.18681318681318,2,9.461538461538462,113.18681318681318,-38,7.850462293418875e-17,12,23.12
43972,Dushyant Singh Gill,FALSE,0.039421813,0.039421813,top/middle,13,,65,,,65,-9,,2,21.02
43973,Tarun Sareen,FALSE,0.112,0.112,finisher,43,,172,,,172,26.999999999999993,,6,31.13
43974,Hitesh,FALSE,0.097765363,0.097765363,finishing allrounder,4,,80,2,6.8807339449541285,80,,,6,28.51
43975,Aryaman Singh,FALSE,0.098930481,0.098930481,finishing allrounder,20,,111.11111111111111,3,9.92,111.11111111111111,,,4,19.09
43977,Pardeep Grewal,FALSE,0.098930481,0.098930481,finishing allrounder,5,,50,8,8.830188679245284,50,,-8,8,24.45
43978,Aryan Mehra,FALSE,0.097765363,0.097765363,finishing allrounder,10,,71.42857142857143,16,9.476635514018692,71.42857142857143,,0.49999999999999895,15,23.89
43980,Harshdeep Singh,FALSE,0.112,0.112,finishing allrounder,73,,112.3076923076923,23,6.594900849858357,112.3076923076923,-17,-3.5,21,22.33
43981,Jaiveer Bhinder,FALSE,0.097765363,0.097765363,opener,65,,122.64150943396227,,,122.64150943396227,,,3,25.9
43982,Garv Kumar,FALSE,0.097765363,0.097765363,finishing allrounder,14,,73.68421053,10,8.84375,73.68421053,0.9999999999999992,1.570092458683775e-16,11,25.9
43983,Satyam Sharma,FALSE,0.039421813,0.039421813,top/middle,57,,101.78571428571429,,,101.78571428571429,-15,,5,24.98
43984,Akadeep Sandhu,FALSE,0.039421813,0.039421813,finisher,5,,35.714285714285715,0,10,35.714285714285715,4.999999999999998,,2,26.15
43985,Kartik Sharma,FALSE,0.22535211267605634,0.22535211267605634,top/middle,549,,172.10031347962382,,,172.10031347962382,364.99999999999994,,15,24.09
43986,Manav Vashisth,FALSE,0.097765363,0.097765363,finishing allrounder,12,,100,5,9.194805194805195,100,,,5,23.21
43987,Aryaman Singh,FALSE,0.19491525423728814,0.19491525423728814,finishing allrounder,44,,122.22222222222223,25,6.522243713733076,122.22222222222223,-1.26E-15,-5,27,23.58
43989,Lovedeep Singh Kharoud,FALSE,0.039421813,0.039421813,finishing allrounder,6,,85.71428571428571,2,8.275862068965518,85.71428571428571,,1.9999999999999996,7,26.75
43991,Sahil Khan,FALSE,0.15625,0.15625,finishing allrounder,11,,157.14285714285714,26,8.812967581047381,157.14285714285714,-1.5,-3.5,20,24.51
43993,Shiven Rakhcja,FALSE,0.19491525423728814,0.19491525423728814,opener,454,,131.59420289855072,,,131.59420289855072,27.999999999999993,,18,25.72
43994,Tanroop Saini,FALSE,0.039421813,0.039421813,finisher,7,,70,,,70,,,3,25.72
43995,Abir Kohli,FALSE,0.039421813,0.039421813,finishing allrounder,9,,150,2,7.894736842105263,150,,0.9999999999999998,5,21.95
43996,Vihaan Malhotra,FALSE,0.098930481,0.098930481,opener,323,,122.81368821292776,,,122.81368821292776,-101,,12,18.9
4409,Sam Curran,TRUE,1,1,finishing allrounder,1049,,126.84401451027811,69,8.721568627,2.6626666696070203,49.90000000000002,-1.8,80,27.48
4412,Maxwell O Dowd,FALSE,0.098930481,0.098930481,top/middle,162,,101.88679245283019,,,6.484571448386047,,,8,31.73
4413,Mark Deyal,FALSE,0.112,0.0952,finishing allrounder,21,,77.77777777777777,7,8.480769231,4.113924050632911,2.499999999999999,-3.93E-17,7,32.64
44178,Shahbaz Singh Sandhu,FALSE,0.21153846153846154,0.21153846153846154,finishing allrounder,248,,143.35260115606937,6,8.890510949,143.35260115606937,87.99999999999999,-2,16,24.7
44184,Akashdeep Dahri,FALSE,0.039421813,0.039421813,finisher,1,,20,,,20,0.9999999999999998,,2,26.98
44185,Sameer Khan,FALSE,0.058558559,0.058558559,finishing allrounder,4,,133.33333333333334,5,6.327272727272727,133.33333333333334,,-3,9,18.64
44260,Rizu Shrivastava,FALSE,0.039421813,0.039421813,opener,29,,59.183673469387756,,,59.183673469387756,,,2,17.86
443,Paul Stirling,FALSE,0.039421813,0.027595269,top/middle,24,,85.71428571428571,0,19,0.9091104567047561,11.999999999999998,,4,35.23
44476,Harshit Prashar,FALSE,0.039421813,0.039421813,finisher,14,,63.63636363636363,,,63.63636363636363,,,2,21.36
44477,Navjot Sidhu,FALSE,0.039421813,0.039421813,top/middle,11,,78.57142857142857,1,9,78.57142857142857,2.9999999999999996,,2,27.9
44478,Palash Khurana,FALSE,0.058558559,0.058558559,finishing allrounder,0,,0,0,9,0,,,2,29.72
44479,Jatin Sahota,FALSE,0.098930481,0.098930481,finishing allrounder,51,,175.86206896551724,2,9.142857142857142,175.86206896551724,,,2,23.04
44480,Himanshu Satyawan,FALSE,0.112,0.0952,top/middle,84,,133.33333333333334,,,133.33333333333334,,,2,33.85
44482,Gauravjeet Singh Dhaliwal,FALSE,0.098930481,0.098930481,finisher,12,,150,1,3.75,150,,,1,30.9
44483,Harshit Takkar,FALSE,0.039421813,0.039421813,finisher,2,,100,0,12.631578947368421,100,,,1,23.98
44486,Talwinder Singh Brar,FALSE,0.058558559,0.049774775,finishing allrounder,0,,0,5,9,0,,,2,33.1
44491,L Manvanth Kumar,TRUE,1,1,finishing allrounder,324,,135.56485355648536,46,8.556097561,1.9100560749723419,22.999999999999993,-9.5,38,21.88
44492,MB Shivam,FALSE,0.039421813,0.039421813,opener,0,,0,,,0,,,1,19.67
44497,Aditya Mani,FALSE,0.097765363,0.097765363,finishing allrounder,16,,123.07692307692308,1,10.071428571428571,123.07692307692308,,-1,3,23.76
4450,Mehran Khan,FALSE,0.039421813,0.027595269,finishing allrounder,5,,55.55555555555556,2,8.903225806451612,55.55555555555556,,,2,38.62
44501,Deepak Devadiga,FALSE,0.098930481,0.098930481,finishing allrounder,0,,0,9,8.305970149253731,0,,-1.5,17,26.62
44502,EJ Jasper,FALSE,0.039421813,0.039421813,opener,25,,73.52941176470588,,,73.52941176470588,-21,,3,22.32
44503,Mohsin Khan,FALSE,0.098930481,0.098930481,finishing allrounder,18,,128.57142857142858,19,6.972067039106145,128.57142857142858,1.9999999999999991,3.9999999999999987,22,22.15
44504,Aashish Mahesh,FALSE,0.058558559,0.058558559,finisher,67,,104.6875,,,104.6875,-17.5,,6,21.89
44505,Aman Khan,FALSE,0.098930481,0.098930481,finisher,161,,133.05785123966942,,,8.983940768,48.499999999999986,,14,25.7
44508,Hardik Raj,TRUE,0.8904109589041096,0.8904109589041096,finishing allrounder,354,,155.26315789473685,19,7.937704918032787,6.947740955944228,91.49999999999997,-1,30,19.72
44509,Aadarsh Prajwal,FALSE,0.112,0.112,top/middle,299,,117.25490196078431,,,117.25490196078431,-23,,22,25.94
44510,Abul Hasan Khalid,FALSE,0.098930481,0.098930481,finisher,54,,168.75,,,168.75,,,2,27.07
44512,Thippa Reddy,FALSE,0.125,0.125,top/middle,342,,113.24503311258277,,,113.24503311258277,-14.5,,18,22.2
44516,Nirmal Singh,FALSE,0.039421813,0.039421813,top/middle,1,,25,,,25,0.9999999999999998,,2,27.09
4460,Jeffrey Vandersay,TRUE,0.625,0.4375,finishing allrounder,20,,86.95652173913044,2,8.273291925465838,1.909671826678767,3.333333333333333,0,7,35.81
4468,Chiranjeevi G S,FALSE,0.039421813,0.033508541,finisher,3,,60,,,60,,,2,34.47
4470,Nikin Jose,FALSE,0.22535211267605634,0.22535211267605634,top/middle,664,,119.21005385996409,0,3,26.553900102185583,-14.6,,28,25.26
4472,Anand Doddamani,FALSE,0.36,0.36,finishing allrounder,15,,115.38461538461539,23,7.951219512195122,0.8764813038839089,-4.333333333,-0.7,36,30.56
44762,Vashudev Bareth,FALSE,0.097765363,0.097765363,finishing allrounder,133,,184.72222222222223,11,10.179775280898877,5.561708721540313,36.99999999999999,10.999999999999998,11,22.72
44765,Prashant Ahlawat,FALSE,0.039421813,0.039421813,finisher,87,,103.57142857142857,,,103.57142857142857,,,5,23.96
44793,Abhishek Singh,FALSE,0.112,0.112,finisher,149,,169.3181818181818,,,1.573315435559009,72.49999999999997,,7,22.73
44795,Vishu Kashyap,FALSE,0.039421813,0.039421813,finishing allrounder,6,,37.5,7,6.3130434782608695,37.5,,,7,27.92
44797,Abhishek Saini,FALSE,0.039421813,0.039421813,finishing allrounder,6,,600,9,6.776978417266187,600,,,7,26.98
44801,Gurneet Singh,FALSE,0.027149321266968326,0.027149321266968326,opener,29,,70.73170731707317,,,70.73170731707317,,,5,23.3
44804,Aayush Sikka,FALSE,0.039421813,0.039421813,top/middle,90,,86.53846153846153,,,86.53846153846153,,,6,25.34
44807,Sukrant Sharma,FALSE,0.027149321266968326,0.027149321266968326,finishing allrounder,3,,75,4,6.909090909090909,75,,,4,26.5
44810,Hartejassvi Kapoor,FALSE,0.039421813,0.039421813,finishing allrounder,16,,100,9,8.303571428571429,100,,,6,30.2
44814,Taranpreet Singh,FALSE,0.039421813,0.039421813,finishing allrounder,99,,116.47058823529412,14,5.857142857142857,116.47058823529412,,,8,27.46
44815,Arjit Pannu,FALSE,0.039421813,0.039421813,finisher,0,,0,,,0,,,2,29.59
44816,Nikhil Sharma,FALSE,0.039421813,0.039421813,finishing allrounder,52,,78.78787878787878,13,8.626865671641792,2.1365055763046934,7.999999999999998,10.999999999999998,9,26.8
44817,Harshit Singh,FALSE,0.039421813,0.039421813,finishing allrounder,68,,121.42857142857143,8,6.741176470588235,121.42857142857143,,,8,23.95
44818,Nikhil Thakur,FALSE,0.039421813,0.039421813,top/middle,174,,126.08695652173913,,,126.08695652173913,,,9,27.7
44820,Nipun Sharda,FALSE,0.039421813,0.039421813,top/middle,205,,106.21761658031087,0,5,106.21761658031087,,,9,24.4
44822,Aryan Duggal,FALSE,0.039421813,0.039421813,finishing allrounder,0,,0,13,8.25,0,,,7,21.34
44826,Sanchit Sahu,FALSE,0.039421813,0.039421813,opener,147,,109.70149253731343,,,109.70149253731343,,,4,28.87
44832,Chiragvir Dhindsa,FALSE,0.039421813,0.039421813,finishing allrounder,66,,95.65217391304348,7,6.555555555555555,100,,,7,24.82
44834,Jashan Pannu,FALSE,0.039421813,0.039421813,finisher,22,,122.22222222222223,,,122.22222222222223,,,5,23.87
44835,Pardeep Yadhav,FALSE,0.039421813,0.039421813,finisher,137,,155.6818181818182,,,11.383844741260535,82.99999999999999,,8,28.03
44836,Nehal Pajni,FALSE,0.039421813,0.039421813,opener,203,,143.97163120567376,1,8.823529411764707,143.97163120567376,,,6,25
44837,Sanyam Saini,FALSE,0.039421813,0.039421813,finisher,260,,174.49664429530202,,,174.49664429530202,,,9,26.4
44839,Vikas Kumar,FALSE,0.039421813,0.039421813,finishing allrounder,31,,91.17647058823529,1,5.234042553,91.17647058823529,,,6,26.67
44840,Pratham Singh,FALSE,0.039421813,0.039421813,top/middle,13,,40.625,,,1.7286389899051575,,,4,24.53
44842,Amit Shukla,TRUE,0.097765363,0.097765363,finishing allrounder,8,,57.142857142857146,7,6.869565217391305,57.142857142857146,,0.9999999999999998,7,22.91
44843,Sunny Singh,FALSE,0.027149321266968326,0.027149321266968326,finishing allrounder,4,,57.142857142857146,5,7.777777777777778,57.142857142857146,,,3,26.21
44844,Chiraz Singh,FALSE,0.039421813,0.039421813,finishing allrounder,20,,105.26315789473684,6,8.074766355140186,105.26315789473684,,,6,24.35
44846,Arjun Azad,FALSE,0.112,0.112,opener,393,,143.43065693430657,0,6,3.0737950575197206,178.99999999999994,,12,24.3
44847,Mayank Sidhu,FALSE,0.039421813,0.039421813,top/middle,98,,108.88888888888889,,,108.88888888888889,,,6,28.01
44848,Tushar Joshi,FALSE,0.039421813,0.039421813,opener,110,,129.41176470588235,,,129.41176470588235,,,8,25.3
44851,Hardik Choudhary,FALSE,0.039421813,0.039421813,finishing allrounder,36,,120,4,8.031496062992126,120,,,6,25.28
44853,Nipun Pandita,FALSE,0.039421813,0.039421813,finishing allrounder,6,,46.15384615384615,2,7.384615384615385,46.15384615384615,,,4,27.32
44857,Yuvraj Rai,FALSE,0.039421813,0.039421813,opener,38,,111.76470588235294,,,111.76470588235294,,,2,24.2
4486,BR Sharath,FALSE,0.8904109589041096,0.8904109589041096,top/middle,964,,151.57232704402514,,,2.0253223646680842,65.30000000000001,,43,29.16
4487,Vyshak Kumar,TRUE,1,1,finishing allrounder,172,,127.4074074074074,82,7.862508858965273,1.0346134921491785,3.8999999999999995,0.30000000000000027,64,28.82
4488,Likhit Bannur,FALSE,0.039421813,0.039421813,finishing allrounder,3,,75,1,8.594594594594595,75,,,3,27.36
4489,Prasidh Krishna,TRUE,1,1,finishing allrounder,7,,33.333333333333336,75,7.559395248380129,1.2407845593751206,-0.653846154,4.314285714285713,57,29.77
4491,Bharath Dhuri,FALSE,0.19491525423728814,0.1656779661016949,finishing allrounder,145,,100,1,9.692307692307692,100,5.699999999999998,0.071428571,20,32.5
4494,Abhinav Manohar,TRUE,1,1,finisher,1818,,153.41772151898735,,,2.4612515229691376,-52.3,,76,31.2
4499,Saqib Mahmood,TRUE,0.8904109589041096,0.8904109589041096,finishing allrounder,28,,70,19,7.791666666666667,1.5344319280545906,-0.4,0.6999999999999998,13,28.75
4505,Jhye Richardson,TRUE,0.8904109589041096,0.8904109589041096,finishing allrounder,26,,55.319148936170215,10,8.642487046632125,3.9397557806363226,-4.214285714,-1.357142857,8,29.18
45080,Satyam Sangu,FALSE,0.039421813,0.039421813,finisher,40,,90.90909091,1,11.333333333333334,90.90909091,,,7,22.15
45136,Jaskirat Mehra,FALSE,0.039421813,0.039421813,finishing allrounder,65,,132.6530612244898,19,5.783505154639175,132.6530612244898,,,9,23.09
45204,Lankesh H,FALSE,0.15625,0.15625,finisher,265,,112.76595744680851,1,10.5,112.76595744680851,-19,-1,22,23.99
45205,Ashok D,FALSE,0.039421813,0.039421813,finishing allrounder,18,,112.5,6,9,112.5,-18,-6,7,29.9
45207,Bhuvan Raju,FALSE,0.112,0.112,top/middle,197,,87.55555555555556,,,87.55555555555556,27.999999999999993,,21,27.79
45208,Sourabh Muttur,FALSE,0.097765363,0.097765363,finisher,58,,80.55555555555556,,,80.55555555555556,7.999999999999998,,7,27.14
4522,Nithin Bhille,FALSE,0.039421813,0.027595269,opener,14,,73.68421053,,,73.68421053,,,3,36.27
4526,Sharan Gouda,FALSE,0.22535211267605634,0.22535211267605634,finishing allrounder,39,,105.4054054054054,17,8.27027027,105.4054054054054,-27,-1,20,30.07
45268,K Kumar,FALSE,0.19491525423728814,0.19491525423728814,top/middle,295,,94.24920127795527,,,94.24920127795527,2.0000000000000036,,22,24.42
45364,Gourav K,FALSE,0.097765363,0.097765363,finishing allrounder,8,,80,0,9.295081967213115,80,,,7,24.01
45371,Sankalp Shettennava,FALSE,0.098930481,0.098930481,finishing allrounder,23,,121.05263157894737,7,9.243243243243244,121.05263157894737,-10.5,-2.5,10,26.52
45381,PV Satyanarayan Raju,TRUE,0.2,0.2,finishing allrounder,7,,100,37,6.645640074211503,1.1231766650095183,6.999999999999998,7.999999999999998,23,26.38
45383,Gadde Samanvith,FALSE,0.039421813,0.039421813,finishing allrounder,25,,113.63636363636364,3,9.9,113.63636363636364,,,5,23.19
45384,Nimmala Himakar,FALSE,0.039421813,0.039421813,opener,173,,134.10852713178295,0,6,134.10852713178295,162.99999999999994,,7,23.63
45385,Chennupati Teja,FALSE,0.039421813,0.039421813,finishing allrounder,1,,100,5,8.352941176470589,100,,-5,7,24.21
45386,Seeram Rahul,FALSE,0.097765363,0.097765363,top/middle,342,,118.75,0,8.526315789473685,118.75,69.99999999999997,0,15,18.13
45390,SK Kamaruddin,FALSE,0.097765363,0.083100559,finishing allrounder,78,,177.27272727272728,15,8.489082969432314,177.27272727272728,-50,-7,13,33.34
45392,Thota Sai Sravan,FALSE,0.058558559,0.058558559,top/middle,257,,152.97619047619048,2,8.625,152.97619047619048,174.99999999999994,,10,20.87
45393,Kogatam Veera Reddy,FALSE,0.039421813,0.039421813,opener,248,,134.05405405405406,,,134.05405405405406,95.99999999999999,,11,19.09
45395,Allareddi Surya Teja Reddy,FALSE,0.039421813,0.039421813,top/middle,37,,132.14285714285714,,,132.14285714285714,,,3,21.18
45400,Muvvala Yuvan,FALSE,0.039421813,0.039421813,finisher,226,,149.66887417218544,,,149.66887417218544,-52,,15,19.69
45404,Bandaru Sujhan,FALSE,0.039421813,0.039421813,opener,40,,55.55555555555556,0,12,55.55555555555556,,,5,20.83
45416,Sk Abdullah,FALSE,0.039421813,0.033508541,finishing allrounder,20,,71.42857142857143,3,7.6421052631578945,71.42857142857143,,,6,33.42
4543,Jagatheesan Kousik,FALSE,0.625,0.625,batting allrounder,774,,117.45068285280729,16,6.776978417266187,10.687361272566571,12.399999999999999,-3.2,37,30.51
45494,Manav Chothani,FALSE,0.097765363,0.097765363,finisher,59,,147.5,2,10.333333333333334,147.5,16.499999999999996,0.9999999999999998,10,21.87
45497,Ramdev Acharya,FALSE,0.027149321266968326,0.027149321266968326,top/middle,2,,22.22222222222222,,,22.22222222222222,,,1,22.74
45499,Pruthvi Chauhan,FALSE,0.098930481,0.098930481,top/middle,127,,158.75,,,158.75,26.499999999999996,,9,24.04
45500,Suresh Padiyachi,FALSE,0.097765363,0.097765363,finishing allrounder,0,,0,2,8.875,0,,,3,30.94
45501,Maurya Ghoghari,FALSE,0.039421813,0.039421813,finishing allrounder,1,,50,13,7.118181818181818,50,,1.4999999999999998,11,19.93
45507,Abhishek Nimavat,FALSE,0.039421813,0.039421813,finisher,8,,66.66666666666667,,,66.66666666666667,,,2,21.57
45509,Kabir Patel,FALSE,0.039421813,0.039421813,finishing allrounder,0,,0,3,5.625,0,,,2,19.49
45512,Smit Patel,FALSE,0.112,0.112,finishing allrounder,41,,128.125,9,7.147410358565737,128.125,7.499999999999997,0.4999999999999999,12,25.43
45513,Smitraj Zala,FALSE,0.039421813,0.039421813,top/middle,147,,111.36363636363636,,,111.36363636363636,,,9,23.79
45515,Jainik Solanki,FALSE,0.098930481,0.098930481,finishing allrounder,25,,100,1,8.360655737704919,100,,-0.5,8,27.01
45518,Hiten Kanbi,FALSE,0.058558559,0.058558559,finishing allrounder,29,,170.58823529411765,9,8.912280701754385,170.58823529411765,,4.499999999999998,8,21.59
45519,Luckyraj Vaghela,FALSE,0.112,0.112,finisher,227,,165.6934306569343,1,8.88,165.6934306569343,50.49999999999999,-0.5,12,23.62
45520,Dharmaditya Gohil,FALSE,0.058558559,0.058558559,finishing allrounder,1,,25,9,7.173913043478261,25,,1.4999999999999998,10,24.17
45521,Yash Gardharia,FALSE,0.098930481,0.098930481,finisher,69,,156.8181818181818,,,156.8181818181818,,,5,27
45529,Dharam Changela,FALSE,0.039421813,0.039421813,top/middle,35,,76.08695652173913,,,76.08695652173913,4.499999999999998,,4,-14.1
4571,DT Chandrasekar,FALSE,0.14285714285714285,0.12142857142857141,finishing allrounder,15,,100,6,7.166666666666667,1.2341711565763291,1.2499999999999996,1.4999999999999998,10,33.05
45713,SU Karthik,FALSE,0.19491525423728814,0.19491525423728814,opener,781,,140.97472924187727,,,140.97472924187727,60.49999999999996,,24,21.09
4572,Lakshminarayanan Vignesh,FALSE,0.36,0.252,finishing allrounder,58,,95.08196721311475,10,7.154639175257732,1.9815560221115531,-0.5,-3.5,16,36.69
45740,Ritik Sharma,FALSE,0.039421813,0.039421813,batting allrounder,268,,171.7948717948718,14,5.936842105263158,171.7948717948718,,,9,22.06
45752,Savya Gajraj,FALSE,0.039421813,0.039421813,finishing allrounder,52,,110.63829787234043,0,9.782608695652174,110.63829787234043,-20,0,6,25.9
45760,Pradeep Jakar,FALSE,0.039421813,0.039421813,finishing allrounder,1,,50,12,6.662576687116564,50,,,8,25.9
45781,Hemant Joshi,FALSE,0.039421813,0.039421813,batting allrounder,196,,107.6923076923077,13,7.224489795918367,107.6923076923077,,,10,25.9
45785,Pushpendra Rathore,FALSE,0.039421813,0.039421813,batting allrounder,125,,112.61261261261261,1,5.4,112.61261261261261,,,4,22.95
45792,Hitesh Patel,FALSE,0.039421813,0.039421813,finishing allrounder,104,,142.46575342465752,9,10.562874251497005,142.46575342465752,,,9,25.9
45939,Sanjay Ashwin,FALSE,0.039421813,0.039421813,top/middle,19,,79.16666666666667,,,79.16666666666667,-8.5,,4,23.01
45945,Anshuman Pandey,FALSE,0.097765363,0.068435754,top/middle,12,,100,,,100,,,1,50.17
45949,Ankit Rathi,FALSE,0.039421813,0.039421813,opener,4,,36.36363636363637,,,36.36363636363637,,,1,25.9
45950,Rishav Rai,FALSE,0.058558559,0.058558559,finisher,13,,108.33333333333333,,,108.33333333333333,,,2,25.9
45952,Sunil Kumar,FALSE,0.19491525423728814,0.19491525423728814,finishing allrounder,24,,64.86486486486487,41,7.144578313253012,0.6924183694528013,1.4999999999999982,8.499999999999996,28,28.2
45953,Kaartikaya Singh,FALSE,0.097765363,0.097765363,finisher,45,,100,,,100,,,5,25.9
45954,Sumit Kashyap,FALSE,0.039421813,0.039421813,opener,179,,182.6530612244898,8,5.947826086956522,182.6530612244898,,,5,21.63
45959,Bhargav Dutta,FALSE,0.039421813,0.039421813,finishing allrounder,12,,240,12,6,240,,,5,24.07
45962,Vijay Kumar,FALSE,0.112,0.112,finishing allrounder,11,,122.22222222222223,32,7.43,2.7696734778112044,-1.5,5.999999999999999,27,19.92
45963,Abdul Rehman,FALSE,0.19491525423728814,0.19491525423728814,finishing allrounder,27,,96.42857142857143,36,8.585170340681362,17.87553774956047,0.5000000000000006,-0.5,24,25.9
45965,Naman Tiwari,FALSE,0.112,0.112,finishing allrounder,10,,43.47826086956522,34,7.777777777777778,1.5649056310970304,-1,3.999999999999999,25,20.05
45966,Prashant Veer,FALSE,0.38461538461538464,0.38461538461538464,finishing allrounder,655,,135.3305785123967,22,7.080260303687636,1.1391532377758866,82.99999999999999,-1,31,20.01
45969,Arjun Bharadwaj,FALSE,0.039421813,0.039421813,finisher,26,,96.29629629629629,,,96.29629629629629,,,5,
45970,Shiven Malhotra,FALSE,0.097765363,0.097765363,finishing allrounder,4,,100,1,9.84,100,,,1,25.9
45971,Osho Mohan,FALSE,0.098930481,0.098930481,finisher,86,,114.66666666666667,,,8.225799382511553,-8,,13,25.9
45972,Manish Solanki,FALSE,0.098930481,0.069251337,top/middle,21,,131.25,,,131.25,,,2,35.45
45975,Tarun Pawadia,FALSE,0.097765363,0.097765363,finisher,22,,157.14285714285714,,,157.14285714285714,,,2,25.9
45976,Kishan Kumar Singh,FALSE,0.098930481,0.098930481,finishing allrounder,5,,250,16,9.311827956989248,250,,-3.14E-16,16,25.9
45977,Shantanu Shantanu,FALSE,0.097765363,0.097765363,top/middle,109,,94.78260869565217,,,2.195071763813269,84.99999999999997,,8,-14.1
45979,Vineet Panwar,FALSE,0.45901639344262296,0.45901639344262296,finishing allrounder,102,,122.89156626506023,38,7.287630402384501,3.9243354391237517,19.499999999999996,-3.5,33,27.42
45980,Rishabh Rajput,FALSE,0.097765363,0.097765363,finishing allrounder,24,,96,18,8.372623574144487,96,-16,-1.5,20,
45981,Adarsh Singh,FALSE,0.058558559,0.058558559,opener,48,,104.34782608695652,,,104.34782608695652,,,2,25.99
45982,Ajay Kumar,FALSE,0.058558559,0.058558559,finishing allrounder,2,,100,11,9.182320441988951,100,0,0.9999999999999998,10,25.9
45983,Rahul Rajpal,FALSE,0.22535211267605634,0.22535211267605634,top/middle,514,,113.46578366445917,4,7.642857142857143,10.146065039028104,36.49999999999999,,25,25.9
45984,Pranjal Saini,FALSE,0.097765363,0.097765363,finisher,16,,123.07692307692308,,,123.07692307692308,,,7,26.19
45986,Shivam Saraswat,FALSE,0.058558559,0.058558559,top/middle,21,,80.76923076923077,,,2.713311084698648,18.99999999999999,,2,25.9
45988,Shubh Khanna,FALSE,0.039421813,0.039421813,finisher,0,,0,,,0,,,6,25.9
45989,Swastik Chikara,FALSE,0.625,0.625,opener,1388,,152.6952695269527,0,9.555555555555555,3.8517809828528473,-49.5,0,36,25.9
45990,Shoaib Siddiqui,FALSE,0.21153846153846154,0.21153846153846154,top/middle,383,,103.51351351351352,,,9.690352520308162,-54.5,,25,25.9
45991,Vaibhav Chaudhary,FALSE,0.097765363,0.097765363,finishing allrounder,0,,0,4,8.974358974358974,0,,-1.5,12,25.11
45992,Uvaish Ahmed,FALSE,0.36,0.36,top/middle,537,,134.9246231155779,,,5.149808271845595,32.499999999999986,,32,25.9
45993,Rituraj Sharma,FALSE,0.38461538461538464,0.38461538461538464,top/middle,801,,137.15753424657535,1,7.75,5.524444643592028,52.499999999999986,-1,30,25.9
45994,Akshay Sain,FALSE,0.097765363,0.097765363,finishing allrounder,21,,123.52941176470588,19,4.983050847457627,123.52941176470588,,8.499999999999998,10,25.94
45996,Parth Jain,FALSE,0.058558559,0.058558559,opener,18,,138.46153846153845,,,138.46153846153845,,,2,25.9
45997,Rohit Rajpal,FALSE,0.039421813,0.039421813,finisher,12,,75,,,75,,,2,25.9
45999,Rajeev Chaturvedi,FALSE,0.039421813,0.039421813,top/middle,3,,33.333333333333336,,,33.333333333333336,,,1,25.9
46,Jegadeesh Arunkumar,TRUE,0.22535211267605634,0.15774647887323942,finisher,0,,0,0,18.923076923076923,0,,,1,50.86
46002,Yuvraj Yadav,FALSE,0.098930481,0.098930481,finishing allrounder,5,,50,2,8.5,0.6914608091208173,4.999999999999998,-2,3,25.9
46003,Kritagya Singh,FALSE,0.38461538461538464,0.38461538461538464,batting allrounder,517,,128.60696517412936,12,8.881889763779528,18.855500780299813,10.499999999999996,-3,32,25.17
46004,Mohamad Amaan,FALSE,0.097765363,0.097765363,finisher,33,,84.61538461538461,,,1.156700350991265,-15.5,,8,25.9
46005,Vishal Gaur,TRUE,0.38461538461538464,0.38461538461538464,finishing allrounder,9,,56.25,13,9.428571428571429,1.8253340866461376,4.999999999999998,1.4999999999999993,10,25.9
46007,Sawan Singh,FALSE,0.039421813,0.039421813,top/middle,0,,0,0,10.5,0,,,1,25.9
46008,Satya Prakash,FALSE,0.039421813,0.039421813,finisher,24,,82.75862068965517,,,82.75862068965517,,,1,25.9
46009,Sudhanshu Sonkar,FALSE,0.097765363,0.097765363,finisher,21,,77.77777777777777,,,2.5004797782189523,4.999999999999998,,7,26.03
46011,Vikrant Chaudhary,FALSE,0.097765363,0.097765363,finishing allrounder,3,,33.333333333333336,9,10.170731707317072,33.333333333333336,,,6,25.9
46013,Aranav Devendra Baliyan,FALSE,0.097765363,0.097765363,finisher,76,,105.55555555555556,,,1.981277926789791,-10.5,,10,
46014,Kirtivardhan U Upadhyay,FALSE,0.039421813,0.039421813,finisher,1,,100,,,100,,,2,
46015,Kamil Khan,FALSE,0.039421813,0.039421813,finisher,65,,101.5625,,,101.5625,,,7,
46018,B Sachin,FALSE,0.039421813,0.039421813,top/middle,10,,50,,,50,,,2,
46019,Akshay Dubey,FALSE,0.058558559,0.058558559,top/middle,193,,88.12785388127854,,,88.12785388127854,0.9999999999999998,,29,20.12
46020,Priyanshu Pandey,FALSE,0.098930481,0.098930481,top/middle,147,,92.45283018867924,,,7.431254223,26.999999999999993,,15,25.9
46021,Siddharth Chaudhary,FALSE,0.039421813,0.039421813,opener,1,,12.5,,,12.5,,,1,25.9
46023,Siddharth Mishra,FALSE,0.039421813,0.039421813,finisher,3,,75,,,75,,,1,25.9
46026,Shivam Bansal,FALSE,0.3125,0.3125,top/middle,453,,117.35751295336787,,,7.903282172953289,-259,,22,25.9
4604,Mitchell Swepson,FALSE,0.112,0.0952,finishing allrounder,17,,106.25,4,8.173913043478262,2.270082101,-13,-4,4,32.15
46040,Aman Rajendra Singh Shekhawat,FALSE,0.039421813,0.039421813,finishing allrounder,1,,50,5,8.299065420560748,50,,,5,25.14
46050,Harshit Sethi,FALSE,0.098930481,0.098930481,top/middle,88,,95.65217391304348,1,15,16.293977493289994,23.999999999999996,,8,27.2
46051,Aman Verma,FALSE,0.039421813,0.027595269,finisher,2,,40,0,7.384615384615385,40,,,1,44.72
46052,Satyam Surendra Chauhan,FALSE,0.039421813,0.039421813,finishing allrounder,3,,50,3,4.2,50,,,1,
46053,Manu Kashyap,FALSE,0.039421813,0.039421813,finisher,5,,31.25,,,0.6838946277977705,-5,,3,25.9
46054,Saubhagya,FALSE,0.097765363,0.097765363,top/middle,10,,111.11111111111111,,,111.11111111111111,,,1,25.9
46055,Rahul Raj,FALSE,0.039421813,0.033508541,top/middle,0,,0,,,0,0,,3,33.42
46056,Kartik Yadav,FALSE,0.097765363,0.097765363,finishing allrounder,17,,58.62068965517241,22,6.201680672268908,58.62068965517241,8.999999999999996,4.999999999999999,23,19.04
46058,Sandeep Kumar Tomar,FALSE,0.45901639344262296,0.45901639344262296,top/middle,492,,123,0,8.516129032258064,4.486203929556418,-1.5,,25,27.26
46059,Aniket Seth,FALSE,0.039421813,0.039421813,finisher,0,,0,,,0,,,1,25.9
46060,Yash Garg,FALSE,0.48437499999999994,0.48437499999999994,finishing allrounder,200,,133.33333333333334,48,7.446575342465754,3.8064001335423456,10.999999999999998,-1,36,25.07
46062,Divyansh Rajput,FALSE,0.097765363,0.097765363,finisher,194,,135.66433566433565,,,1.7499756519284726,74.99999999999999,,12,24.85
46063,Ansh Dwiwedi,FALSE,0.058558559,0.058558559,finishing allrounder,0,,0,1,7.866666666666666,0,,0.4999999999999999,2,25.84
46064,Puneet Chaudhary,FALSE,0.039421813,0.039421813,finisher,0,,0,1,9.857142857142858,0,,,1,25.9
46065,Ali Zafar,FALSE,0.097765363,0.097765363,finisher,51,,145.71428571428572,,,145.71428571428572,,,3,25.9
46066,Vipraj Nigam,TRUE,1,1,finishing allrounder,452,,145.33762057877814,56,7.710247349823321,1.7096863750293794,44.999999999999986,13.999999999999998,47,21.33
46069,Vikas Singh,FALSE,0.098930481,0.098930481,finishing allrounder,6,,100,0,10.390243902439025,100,,,2,26.12
4607,Abhishek Das,FALSE,0.039421813,0.027595269,opener,107,,108.08080808080808,,,108.08080808080808,-21,,8,35.23
46070,Mohammed Sharim,FALSE,0.22535211267605634,0.22535211267605634,finishing allrounder,172,,145.76271186440678,22,8.394495412844037,8.625682961143847,-11,-3,26,23.04
46071,Shashank Awasthi,FALSE,0.098930481,0.098930481,finishing allrounder,18,,225,3,2.25,225,,,1,25.9
46072,Parv Singh,FALSE,0.19491525423728814,0.19491525423728814,finishing allrounder,84,,105,12,6.962457337883959,3.741680251,-8.5,1.9999999999999991,20,21.12
4608,Pankaj Shaw,FALSE,0.098930481,0.098930481,finisher,309,,149.2753623188406,6,8.360655737704919,18.78236300136964,4.999999999999998,5.999999999999999,19,27.79
46137,Kartik Sharma,TRUE,0.039421813,0.039421813,top/middle,144,,160,,,4.114433474325506,-64,,5,25.9
4614,Mohit Ahlawat,TRUE,0.625,0.625,top/middle,352,,147.89915966386553,0,24,5.2877326051211595,-10.5,,10,29.92
46148,Nikhil Pratap Rao,FALSE,0.039421813,0.039421813,opener,28,,96.55172413793103,,,96.55172413793103,,,1,25.9
46160,Abhigyan Kundu,FALSE,0.039421813,0.039421813,opener,93,,147.61904761904762,,,1.6174086789644238,,,3,25.9
4617,Rahul Dagar,FALSE,0.039421813,0.033508541,finisher,17,,121.42857142857143,0,15.428571428571429,121.42857142857143,,,4,32.4
4618,Chaitanya Bishnoi,FALSE,0.112,0.112,opener,118,,131.11111111111111,,,3.266057506384372,-84,,4,31.26
4624,Rishav Das,TRUE,0.8904109589041096,0.6232876712328766,top/middle,189,,107.38636363636364,,,2.599619767474864,69.99999999999997,,10,35.95
46279,Vasu Vats,FALSE,0.112,0.112,finishing allrounder,11,,61.111111111111114,25,8.436548223350254,11.083799835125022,3.499999999999999,6.499999999999999,19,25.9
46280,Vishal Chaudhary,FALSE,0.22535211267605634,0.22535211267605634,finishing allrounder,13,,130,31,6.544629349470499,1.722238939263241,-4.5,1.4999999999999993,32,29.49
46283,Satnam Singh,FALSE,0.039421813,0.039421813,finisher,3,,75,0,15,75,,,2,25.9
4632,Kukna Singh,FALSE,0.039421813,0.039421813,finishing allrounder,7,,58.333333333333336,4,7.714285714285714,58.333333333333336,,,4,28.95
4633,Tanveer Ul-Haq,FALSE,0.098930481,0.084090909,finishing allrounder,3,,60,1,7.130434782608695,1.3848367389056027,,-1,3,33.98
4636,Bjorn Fortuin,FALSE,0.22535211267605634,0.22535211267605634,finishing allrounder,76,,110.14492753623189,13,8.185714285714285,1.3539530411346359,6.057142857142857,-1.057142857,16,31.1
4639,Wellington Masakadza,FALSE,0.039421813,0.033508541,finishing allrounder,0,,0,0,6.571428571428571,0,,,2,32.15
4641,Lungi Ngidi,TRUE,1,1,finishing allrounder,34,,85,35,9.346733668341708,0.8776130755925446,1.4000000000000006,-1.6,26,29.66
4650,Abu Jayed,FALSE,0.098930481,0.084090909,finishing allrounder,2,,100,10,8.350877192982455,100,,0,8,32.32
4651,Irfan Sukkur,FALSE,0.112,0.0952,finisher,197,,100,,,6.826169440042437,0.1,,21,32.51
46521,Mukul Negi,FALSE,0.097765363,0.097765363,finishing allrounder,0,,0,2,7,0,,,2,28.16
46527,Prashant Tomar,FALSE,0.097765363,0.097765363,finisher,11,,137.5,,,137.5,,,1,25.65
4653,Sunzamul Islam,FALSE,0.112,0.0784,finishing allrounder,50,,98.03921568627452,8,7.729166666666667,5.002250898293062,45.999999999999986,1.1999999999999997,18,35.86
4655,Mehedi Maruf,FALSE,0.112,0.0784,opener,80,,86.95652173913044,,,1.5110806104684267,,,6,37.65
4656,Shari fullah,FALSE,0.039421813,0.039421813,finishing allrounder,2,,66.66666666666667,3,9.666666666666666,66.66666666666667,0,0.9999999999999998,2,
4658,Nasum Ahmed,TRUE,1,1,finishing allrounder,160,,96.38554217,78,6.378787878787879,1.8328048682502949,13.700000000000001,1.2,75,30.98
4662,Cole McConchie,FALSE,0.19491525423728814,0.1656779661016949,finishing allrounder,60,,100,7,6.358974358974359,4.784061898515816,-6,-3.5,10,33.87
4663,Henry Nicholls,FALSE,0.098930481,0.084090909,finisher,81,,95.29411764705883,,,95.29411764705883,,,5,34.03
4665,Thomas Blundell,FALSE,0.112,0.0784,top/middle,74,,98.66666666666667,,,1.9651169410420057,-3.333333333,,6,35.24
467,Ahmed Shehzad,FALSE,0.15625,0.1328125,opener,196,,119.51219512195122,,,2.205484777720687,149.99999999999994,,11,34.01
4681,Al Amin,FALSE,0.098930481,0.084090909,top/middle,18,,81.81818181818181,0,16,0.6956294803228577,,,2,32.15
4685,Tom Bruce,FALSE,0.097765363,0.083100559,top/middle,278,,126.36363636363636,,,15.582266050864154,,,9,34.32
4686,Joshua Clarkson,FALSE,0.058558559,0.058558559,finisher,75,,104.16666666666667,1,8,2.804956684222176,,,8,28.85
4692,Lockie Ferguson,TRUE,1,0.85,finishing allrounder,54,,112.5,68,7.994694960212201,0.948354827,-6.2,-1.3,52,34.46
46982,Shahid Aziz,TRUE,0.039421813,0.039421813,finishing allrounder,16,,106.66666666666667,5,7.928571428571429,106.66666666666667,,,4,22.68
46988,Ashish Chouhan,FALSE,0.097765363,0.097765363,finishing allrounder,3,,25,26,7.757255936675461,0.6752740568684774,2.9999999999999996,-6,16,27.71
46991,Jivesh Butte,TRUE,0.48437499999999994,0.48437499999999994,finishing allrounder,28,,65.11627906976744,7,7.0285714285714285,1.3764376003468906,2.999999999999998,2.4999999999999996,13,27.83
46992,Shashank Tiwari,FALSE,0.097765363,0.097765363,finishing allrounder,74,,105.71428571428571,11,8.37037037,2.7041213611684336,31.999999999999993,2.9999999999999996,16,26.49
46996,Mohammad Faiq,TRUE,0.039421813,0.039421813,top/middle,42,,144.82758620689654,,,144.82758620689654,,,5,28.66
47,Virat Kohli,TRUE,1,0.7,opener,3297,,133.64410214835834,0,6,3.2291222611043713,44.80000000000001,,91,37.06
470,Mohammad Amir,FALSE,0.15625,0.1328125,finishing allrounder,9,,69.23076923076923,19,6.365079365079365,1.4778325123152711,2.9999999999999996,-9,17,33.62
4701,Vikash Singh,TRUE,0.36,0.36,finishing allrounder,7,,87.5,9,6.786885245901639,50,,-0.25,6,31.41
47017,Mohammad Jnr,TRUE,0.112,0.112,finishing allrounder,14,,93.33333333333333,13,7.769230769230769,15.93659772276935,,-13,10,24.85
4703,Rishabh Pant,TRUE,1,1,top/middle,1948,,133.15105946684895,0,6,2.8715736842924375,-52.9,,86,28.15
4704,Suboth Bhati,FALSE,0.45901639344262296,0.32131147540983607,finishing allrounder,117,,137.64705882352942,28,7.203125,4.117899250039258,-59,-12,19,35.16
47050,Shamar Joseph,FALSE,0.098930481,0.098930481,finishing allrounder,28,,147.3684210526316,15,8.213793103448277,6.616054363,17.999999999999993,-5,10,26.24
4707,Shubham Chaubey,FALSE,0.112,0.112,finisher,167,,113.60544217687075,,,2.346494098156572,64.49999999999997,,15,30.12
4708,Rinku Singh,TRUE,1,1,finisher,2638,,152.13379469434832,11,7.610738255033557,2.0167518249183116,53.99999999999998,-7,116,28.12
4709,Saurabh Kumar,FALSE,0.36,0.306,finishing allrounder,89,,130.88235294117646,19,6.301255230125523,3.6666673689296116,-8.5,1.9999999999999996,22,32.57
4710,Mohammad Javed,FALSE,0.058558559,0.058558559,finishing allrounder,1,,50,0,6.620689655172414,50,,,1,31.96
4711,Dhruv Shorey,FALSE,0.2,0.17,opener,242,,130.10752688172042,,,5.360862154742349,-33,,12,33.48
4712,Sumeet Verma,FALSE,0.22535211267605634,0.15774647887323942,top/middle,221,,179.6747967479675,0,7.333333333333333,5.578681770095875,-103,,9,35.02
4714,Raghav Dhawan,FALSE,0.098930481,0.069251337,top/middle,23,,127.77777777777777,,,127.77777777777777,,,1,38.89
4715,Abhimanyu Rana,FALSE,0.098930481,0.084090909,opener,30,,90.90909091,,,1.1964102695065302,-26,,2,34.18
4716,Mayank Dagar,TRUE,0.9411764705882353,0.9411764705882353,finishing allrounder,22,,122.22222222222223,20,6.684782608695652,0.6728392574117393,-2.4,-0.8,18,29.04
4722,Rashid Khan,TRUE,1,1,finishing allrounder,577,,144.25,108,7.222683264,1.9273356905173593,0.8000000000000024,-2.1,92,27.18
47259,Usmani Adeeb,FALSE,0.039421813,0.039421813,top/middle,47,,97.91666666666667,,,14.932384112672013,,,4,28.22
47314,Wafiullah Tarakhil,FALSE,0.039421813,0.039421813,top/middle,12,,63.15789474,,,0.6932183646690327,11.999999999999998,,3,18.66
47335,Amitesh Pandey,FALSE,0.039421813,0.039421813,finishing allrounder,9,,90,7,5.917808219178082,1.394492460865268,,,7,26.03
47336,Anuj Tiwari,FALSE,0.098930481,0.098930481,top/middle,443,,134.65045592705167,,,134.65045592705167,4.999999999999998,,13,28.99
47337,Dev Singh,FALSE,0.039421813,0.039421813,finishing allrounder,15,,78.94736842105263,21,8.079681274900398,0.8961773889391474,,,11,22.06
47339,Utkarsh Tiwari,FALSE,0.039421813,0.039421813,finishing allrounder,8,,57.142857142857146,12,8.115942028985508,1.0301932664458984,,11.999999999999998,12,25.9
47340,Karan Patel,FALSE,0.097765363,0.097765363,finishing allrounder,2,,66.66666666666667,3,7.849624060150376,66.66666666666667,0,0.9999999999999998,7,27.73
4736,Josh Inglis,TRUE,1,1,top/middle,1059,,149.57627118644066,,,1.9551286762445157,81.1,,49,30.73
47364,Pawandeep Singh,FALSE,0.058558559,0.049774775,finishing allrounder,53,,91.37931034482759,7,6.84,1.117634096973556,46.999999999999986,0.9999999999999998,11,33.4
47368,Sagar Solanki,FALSE,0.2,0.2,batting allrounder,261,,160.12269938650306,6,9.238095238095237,1.9962928139680303,63.999999999999986,2.499999999999999,16,25.23
47369,Arpit Khare,FALSE,0.039421813,0.039421813,top/middle,8,,57.142857142857146,,,,,,3,23.09
47370,Aniket Verma,TRUE,0.38461538461538464,0.38461538461538464,top/middle,706,,173.46437346437347,,,1.6787097942680411,150.99999999999997,,28,23.81
47380,Parivesh Pallav Dhar,FALSE,0.039421813,0.039421813,finishing allrounder,16,,64,5,10.584905660377359,0.6948239136595661,,4.999999999999998,6,25.7
47430,Satya Vikas Sharama,FALSE,0.039421813,0.039421813,top/middle,66,,117.85714285714286,,,2.834517857828988,61.99999999999997,,6,26.01
4744,Rohit Sharma P,FALSE,0.19491525423728814,0.1656779661016949,finisher,103,,183.92857142857142,,,3.118427790978972,-1.5,,4,32.41
4745,Shamsher Yadav,TRUE,0.039421813,0.039421813,finisher,6,,75,,,75,,,2,30.96
4746,Fabid Ahmed,FALSE,0.45901639344262296,0.45901639344262296,batting allrounder,382,,116.10942249240122,23,5.970149253731344,2.0989247397373445,26.214285714285708,2.285714285714285,21,30.34
4747,Mohammed Azharuddeen,FALSE,0.6250000000010296,0.6250000000010296,top/middle,1214,,154.8469387755102,,,1.4846353243550432,57.8,,36,31.68
47479,Ravneet Tanwar,FALSE,0.039421813,0.039421813,finisher,44,,258.8235294117647,,,258.8235294117647,,,5,22.34
47483,Shaurya Pratap,FALSE,0.027149321266968326,0.027149321266968326,finisher,15,,88.23529411764706,,,88.23529411764706,,,1,25.9
4751,Rajneesh Gurbani,FALSE,0.039421813,0.033508541,finishing allrounder,3,,60,8,6.852071006,60,,,8,32.83
47511,Ajit Yadav,FALSE,0.058558559,0.058558559,batting allrounder,314,,108.27586206896552,4,7.232432432432432,2.3046437192175016,,,17,23.66
47514,Kashyap Bakhale,FALSE,0.057692307692307696,0.057692307692307696,top/middle,42,,105,,,105,,,5,30.31
47521,Viki Saha,FALSE,0.097765363,0.097765363,finishing allrounder,0,,0,0,9,0,,,2,27.91
47526,Sanvert Kurkalang,FALSE,0.058558559,0.049774775,finisher,0,,0,0,10.285714285714286,0,,,2,33.27
47527,Arien Sangma,FALSE,0.058558559,0.058558559,opener,57,,67.05882352941177,,,1.204777476889466,34.999999999999986,,5,26.82
47528,Mewada Shylla,FALSE,0.039421813,0.039421813,top/middle,0,,0,,,0,,,1,25.45
4753,JG Bista,TRUE,0.8904109589041096,0.8904109589041096,opener,482,,135.3932584269663,6,8.842105263157896,2.101766083358484,204.99999999999994,,14,29.93
47531,Robert Sangma,FALSE,0.039421813,0.039421813,top/middle,12,,92.30769231,,,92.30769231,,,2,25.9
4755,Shivam Dube,TRUE,1,0.85,finishing allrounder,2624,,138.5427666314678,29,8.200308166409862,3.2323643394412938,60.800000000000004,2.1000000000000005,108,32.42
4757,Rahul Hazarika,TRUE,0.45901639344262296,0.3901639344262295,opener,177,,122.91666666666667,,,19.013734407640605,23.499999999999993,,8,32.49
4758,Amit Sinha,FALSE,0.38461538461538464,0.2692307692307692,finishing allrounder,507,,122.16867469879519,15,5.444839857651245,24.16286029382949,118.99999999999994,10.999999999999998,23,37
4759,Saurabh Dubey,FALSE,0.19491525423728814,0.13644067796610168,finishing allrounder,97,,161.66666666666666,7,8.242990654205608,161.66666666666666,,3.499999999999999,14,36.99
4760,Samarth Singh,FALSE,0.45901639344262296,0.3901639344262295,opener,796,,129.01134521880064,,,56.59774015440291,-78,,32,34.21
4767,Raxlee Taylor,FALSE,0.027149321266968326,0.027149321266968326,finisher,1,,25,,,25,,,1,30.69
47694,Omid Rahman,TRUE,0.097765363,0.097765363,finishing allrounder,0,,0,3,10.6,0,,,3,25.9
47703,Bishal Roy,FALSE,0.22535211267605634,0.22535211267605634,batting allrounder,311,,150.97087378640776,16,5.925925925925926,1.5918997997954059,26.49999999999999,1.9999999999999996,16,23.27
47704,Gaurav Joshi,FALSE,0.058558559,0.058558559,finisher,37,,115.625,,,115.625,,,2,26.63
47705,Krishna Yadav,FALSE,0.097765363,0.083100559,top/middle,23,,79.31034483,,,79.31034483,,,1,33.16
47710,Jeetendra Sharma,FALSE,0.098930481,0.098930481,finishing allrounder,6,,42.857142857142854,2,8.85,2.3502337666215403,,,5,28.96
47711,Kishan Karki,FALSE,0.098930481,0.084090909,finishing allrounder,37,,127.58620689655173,5,7.015384615384615,127.58620689655173,,2.499999999999999,8,33.78
47721,Agni Dev Chopra,TRUE,0.625,0.4375,top/middle,309,,140.45454545454547,,,5.1532319941401825,-24.5,,9,37.06
47724,Jahandad Khan,FALSE,0.039421813,0.039421813,finishing allrounder,51,,121.42857142857143,14,8.926829268292684,1.0651614517474337,40.999999999999986,7.999999999999998,12,22.46
4773,Jaker Ali Anik,TRUE,0.9411764705882353,0.9411764705882353,finisher,1015,,123.17961165048544,,,3.698713196162258,161.10000000000002,,68,27.76
47730,Aryan Sahani,FALSE,0.039421813,0.039421813,top/middle,31,,88.57142857142857,,,88.57142857142857,,,3,18.43
47731,Ayush Awasthi,FALSE,0.098930481,0.098930481,batting allrounder,101,,146.3768115942029,0,2.5714285714285716,2.8957424247434247,-32.5,,6,19.02
47732,Sitesh Kumar Das,FALSE,0.098930481,0.098930481,finisher,20,,74.07407407407408,0,15,74.07407407407408,,,1,29.02
47733,Aprameya Vinaykumar Jaiswal,FALSE,0.058558559,0.058558559,top/middle,4,,50,,,50,,,2,29.97
47734,Licha John,FALSE,0.112,0.112,top/middle,234,,113.59223300970874,,,2.216474356475759,94.99999999999997,,8,27.96
47735,Nabam Joshi,FALSE,0.098930481,0.098930481,finishing allrounder,101,,85.59322033898304,11,7.764705882352941,0.6959969914973307,50.49999999999999,,8,27.86
47736,Yorjum Sera,FALSE,0.039421813,0.039421813,finishing allrounder,1,,25,9,5.403141361256544,25,,4.499999999999998,10,23.68
47738,Avinash Thapa,FALSE,0.097765363,0.097765363,finisher,0,,0,1,11.538461538461538,0,,,2,28.91
47739,Divyanshu Yadav,FALSE,0.112,0.112,finishing allrounder,147,,87.5,2,9.966942149,11.873413025830736,17.999999999999993,0.9999999999999998,19,23.32
4774,Mehedi Hasan Rana,FALSE,0.22535211267605634,0.22535211267605634,finishing allrounder,38,,97.43589743589743,19,8.52367688,3.791243126695445,3.285714285714286,-3.285714286,21,28.9
47760,Saksham Chaudhary,FALSE,0.19491525423728814,0.19491525423728814,finishing allrounder,191,,115.06024096385542,30,8.318644068,1.4736071723913717,48.499999999999986,2.9999999999999987,19,26.2
47763,Pradyun Kumar Saikia,FALSE,0.098930481,0.098930481,opener,83,,102.46913580246914,,,2.443898581804392,-12.5,,3,22.86
47768,Nawaz Aftab Khan,FALSE,0.098930481,0.098930481,finishing allrounder,2,,15.384615384615385,4,9.346153846153847,0.9734298414555057,0,1.9999999999999996,5,30.64
47770,Sharman Nigrodh,FALSE,0.039421813,0.039421813,finisher,30,,85.71428571428571,,,25.813297354579433,1.9999999999999996,,2,20.67
47771,Vikash Singh,FALSE,0.058558559,0.058558559,finishing allrounder,69,,132.69230769230768,2,7.108695652173913,132.6086956521739,,-2,7,26.11
47773,Vineet Dhankhar,FALSE,0.112,0.112,top/middle,174,,121.67832167832168,2,8.181818181818182,4.557795334292077,21.999999999999996,1.9999999999999996,7,21.57
47774,Dipesh Parwani,FALSE,0.098930481,0.098930481,finishing allrounder,1,,25,12,7.59375,0.567520525,-0.5,3.999999999999999,10,25.87
47775,Soubhagya Sachikanta Rout,FALSE,0.039421813,0.039421813,finishing allrounder,13,,162.5,5,5.766233766233766,162.5,,,3,26.56
47777,Jyoti Bind,FALSE,0.058558559,0.040990991,opener,15,,83.33333333333333,,,1.4584060228880196,,,3,37.25
47778,Pranesh Chettri,FALSE,0.098930481,0.098930481,top/middle,235,,94.75806451612904,,,2.4264994338874195,72.49999999999997,,14,25.75
47779,Sankar Praad,FALSE,0.097765363,0.097765363,finisher,18,,69.23076923076923,,,2.280089305595115,,,3,26.4
47780,Saurav Prasad,FALSE,0.039421813,0.039421813,finishing allrounder,62,,76.54320987654322,5,5.478260869565218,0.6949017901727044,61.99999999999997,4.999999999999998,10,25.52
47783,Prashant Sai Painkra,TRUE,0.36,0.36,finishing allrounder,1,,50,11,8.459016393442623,50,,-3.14E-16,10,23.22
47787,Prateek Pandey,FALSE,0.039421813,0.039421813,finisher,9,,100,,,100,,,1,23.83
4779,Pieter Willem Mulder,FALSE,0.21153846153846154,0.21153846153846154,finishing allrounder,70,,95.89041095890411,3,8.547945205479452,4.782295654608905,1.2307692307692308,-0.807692308,8,27.77
47793,Milind Mondal,FALSE,0.039421813,0.039421813,opener,273,,114.22594142259415,9,4.404255319148936,114.22594142259415,,,8,
47795,Chandrahas Dash,FALSE,0.039421813,0.039421813,top/middle,220,,110.55276381909547,,,110.55276381909547,71.99999999999997,,11,19.21
47796,Rahul Prasad,FALSE,0.039421813,0.039421813,batting allrounder,59,,113.46153846153847,2,8.181818181818182,113.46153846153847,48.99999999999999,1.9999999999999996,6,21.12
478,Eoin Morgan,TRUE,0.8904109589041096,0.6232876712328766,finisher,212,,93.39207048,,,2.6017480325028504,-152,,24,39.21
4780,Mohammad Saif Hassan,TRUE,1,1,top/middle,863,,116.15074024226111,1,8.869565217391305,5.5948351190556425,245.99999999999991,-1,38,27.07
47801,Ankush Sur,FALSE,0.039421813,0.039421813,finisher,8,,40,,,40,,,6,19.85
47804,Jeet Thakur,FALSE,0.039421813,0.039421813,finishing allrounder,15,,166.66666666666666,4,6.142857142857143,166.66666666666666,,,8,19.24
47805,Ayush Sahai,FALSE,0.039421813,0.039421813,finisher,3,,42.857142857142854,1,7,42.857142857142854,,,3,19.23
47815,Rohit Pradhan,FALSE,0.039421813,0.039421813,finisher,3,,100,,,100,,,1,19.23
47818,Bhoirob De Sarkar,FALSE,0.039421813,0.039421813,finishing allrounder,25,,75.75757575757575,2,5.389830508474576,75.75757575757575,-11,1.9999999999999996,13,19.23
47820,Mayank Jha,FALSE,0.039421813,0.039421813,finisher,3,,42.857142857142854,0,7.384615384615385,42.857142857142854,,,4,19.23
4783,Zakir Hasan,FALSE,0.625,0.625,top/middle,902,,126.68539325842697,,,10.978065975308223,98.99999999999997,,43,27.82
4784,Tony de Zorzi,FALSE,0.039421813,0.039421813,top/middle,40,,142.85714285714286,,,142.85714285714286,,,2,28.25
47848,Jashan Beniwal,FALSE,0.039421813,0.039421813,top/middle,80,,114.28571428571429,,,114.28571428571429,,,4,20.16
47860,Nishunk Birla,FALSE,0.039421813,0.039421813,finishing allrounder,24,,126.3157894736842,10,6.894409937888199,1.2449406484284251,15.999999999999996,9.999999999999996,10,25.9
47863,Devang Kaushik,FALSE,0.039421813,0.039421813,opener,328,,135.53719008264463,1,5,135.53719008264463,,,8,25.9
47864,Aaryan Verma,FALSE,0.039421813,0.039421813,top/middle,10,,125,,,125,,,1,25.9
47872,Anmol Sharma,FALSE,0.098930481,0.098930481,top/middle,424,,141.80602006688963,2,5.769230769230769,0.7002170254757096,277.9999999999999,,20,25.9
47873,Rahul Gupta,FALSE,0.097765363,0.097765363,batting allrounder,190,,130.13698630136986,5,6.72,3.4483667219579712,137.99999999999997,,8,28.92
47886,Mindu Tsering,FALSE,0.039421813,0.039421813,finishing allrounder,0,,0,1,9.636363636363637,0,,,3,20.24
47890,Nabam Tajik,FALSE,0.027149321266968326,0.027149321266968326,finisher,7,,31.818181818181817,,,31.818181818181817,,,4,25.9
479,Adil Rashid,TRUE,1,0.7,finishing allrounder,117,,93.6,67,7.607321131447588,2.6901834722567792,6.100000000000002,0.20000000000000032,58,37.77
4790,Lutho Sipamla,TRUE,0.097765363,0.097765363,finishing allrounder,3,,75,1,11.764705882352942,75,,,2,27.54
47909,Joram Motu,FALSE,0.027149321266968326,0.027149321266968326,finisher,0,,0,,,0,,,1,25.9
47918,Neelam Togum,FALSE,0,0,opener,3,,37.5,,,37.5,,,1,25.9
47919,Sosar Kakum,FALSE,0.039421813,0.039421813,finisher,9,,112.5,0,4.7368421052631575,112.5,,,4,18.32
47922,Abhishek Swaminathan,FALSE,0.027149321266968326,0.027149321266968326,finishing allrounder,9,,90,8,10.272727272727273,,,,6,20.2
47923,Pavan Patel,FALSE,0.039421813,0.039421813,finisher,35,,116.66666666666667,0,15.428571428571429,,,,9,19.88
47924,Nitya Pandya,FALSE,0.039421813,0.039421813,opener,136,,130.76923076923077,,,,,,8,19.64
47929,Aayush Rajgor,FALSE,0.039421813,0.039421813,finisher,95,,150.79365079365078,,,,,,12,25.9
4793,Dean Foxcroft,FALSE,0.039421813,0.039421813,top/middle,78,,109.85915492957747,,,4.697108231013707,,,4,27.6
47933,Henil Patel,FALSE,0.039421813,0.039421813,top/middle,59,,137.2093023255814,1,4.666666666666667,,,,3,18.74
47947,Narayan Kartikey,FALSE,0.039421813,0.039421813,top/middle,31,,147.61904761904762,,,,,,7,21.07
47961,Aditya Chowdhury,FALSE,0.027149321266968326,0.027149321266968326,top/middle,25,,83.33333333333333,,,83.33333333333333,,,2,19.77
47974,Amit Kandaiburu,FALSE,0.039421813,0.039421813,finishing allrounder,11,,57.89473684210526,1,7.384615384615385,57.89473684210526,,,2,19
47977,Sachin Hajari,FALSE,0.039421813,0.039421813,top/middle,100,,75.75757575757575,,,78.94736842105263,-70,,13,20.03
47980,Uttam Shah,TRUE,0.097765363,0.097765363,top/middle,59,,85.50724638,,,85.50724638,,,5,25.9
47983,Dipankar Paul,FALSE,0.039421813,0.039421813,finisher,11,,68.75,,,68.75,,,2,19.05
47986,Ronit Akhter,FALSE,0.039421813,0.039421813,batting allrounder,43,,74.13793103448276,6,7.045454545454546,74.13793103448276,,,8,20.79
47988,Abhishek Gupta,FALSE,0.039421813,0.039421813,finisher,25,,100,,,100,,,2,20.57
47990,Shreeraj Goenka,FALSE,0.039421813,0.039421813,top/middle,25,,86.20689655172414,,,,,,2,19.56
47991,Barunjyoti Malakar,FALSE,0,0,top/middle,5,,71.42857142857143,,,71.42857142857143,,,1,18.93
47992,Bishnu Das,FALSE,0.039421813,0.039421813,finisher,0,,0,0,16,0,,,1,19.96
48019,Anv Lohith,FALSE,0.027149321266968326,0.027149321266968326,finisher,3,,50,,,50,,,1,25.9
4805,Anand Singh,FALSE,0.112,0.0784,batting allrounder,42,,123.52941176470588,0,6.909090909090909,123.52941176470588,,,2,39.03
4806,Sumit Kumar,FALSE,0.36,0.36,finisher,262,,121.29629629629629,,,1.774362630896628,-1.5,,23,29.91
4809,Snehal Kauthankar,TRUE,0.38461538461538464,0.38461538461538464,top/middle,85,,89.47368421052632,,,3.9086708854362278,-19,,6,30.11
4812,Harry Tector,FALSE,0.097765363,0.097765363,opener,146,,107.3529411764706,4,6.141176470588236,1.1365983117788487,,,6,25.97
48142,Shykat Ali,FALSE,0.3125,0.3125,top/middle,311,,121.01167315175097,3,8.415584415584416,1.0818039847606946,18,0.9999999999999998,16,31.94
4816,Khaleel Ahmed,TRUE,1,1,finishing allrounder,6,,28.571428571428573,73,8.160493827160494,0.7637728690098307,-0.692307692,1.5000000000000007,63,27.98
4817,Anmolpreet Singh,TRUE,1,1,top/middle,1756,,142.30145867098867,14,8.076923076923077,2.3406499646560475,220.39999999999995,3.999999999999999,51,27.67
4818,Armaan Jaffer,TRUE,0.48437499999999994,0.48437499999999994,opener,138,,135.2941176470588,,,4.2861019756142404,-1,,5,27.09
4819,Rahul Batham,TRUE,0.8904109589041096,0.8904109589041096,finishing allrounder,232,,138.92215568862275,14,8.489913544668587,3.051525615831413,39.999999999999986,2.9999999999999996,20,27.27
4820,Amandeep Khare,TRUE,0.8904109589041096,0.8904109589041096,opener,679,,136.61971830985917,,,3.614828613565052,108.29999999999998,,17,28.31
4821,Mahipal Lomror,TRUE,1,1,finisher,807,,137.94871794871796,3,7.705882352941177,2.145042276300705,-38.1,-0.1,48,26.03
4823,Washington Sundar,TRUE,1,1,finishing allrounder,687,,125.82417582417582,36,7.814117647058824,2.367682203688976,31.20000000000001,0.8000000000000002,57,26.15
4824,Zeeshan Ansari,TRUE,1,1,finishing allrounder,49,,89.09090909,54,7.978494623655914,2.3070369189394557,14.499999999999998,9.999999999999996,39,25.95
4826,George Garton,FALSE,0.112,0.112,finishing allrounder,4,,50,4,9.049180327868852,1.0894945028379677,0,-2,6,28.7
48278,Ubaid Shah,TRUE,0.039421813,0.039421813,finishing allrounder,0,,0,5,6.814814814814815,0,,,4,19.81
48281,Anant Bharwad,FALSE,0.058558559,0.058558559,opener,208,,136.8421052631579,,,72,85.99999999999996,,13,30.58
4830,Keacy Carty,FALSE,0.039421813,0.039421813,top/middle,4,,30.76923076923077,,,1.0480643130580782,,,1,28.69
48306,Sagar Rana,FALSE,0.039421813,0.039421813,finisher,2,,50,0,10,50,,,1,25.01
48307,Siddharth Balodi,FALSE,0.057692307692307696,0.057692307692307696,finisher,2,,100,0,3.4285714285714284,100,,,1,27.42
4837,Obed McCoy,TRUE,1,1,finishing allrounder,52,,85.24590163934427,69,7.807580174927113,1.364597893983037,3.1428571428571446,-0.1,46,28.89
4838,Keemo Paul,TRUE,0.45901639344262296,0.45901639344262296,finishing allrounder,19,,76,1,8.5,0.6952052651673084,,,3,27.76
4840,Odean Smith,TRUE,1,1,finishing allrounder,177,,121.23287671232876,28,9.304347826086957,1.4601751746399334,-115,-20,25,29.07
4842,Shamar Springer,FALSE,0.097765363,0.097765363,finishing allrounder,55,,148.64864864864865,6,7.875,2.5953076361279654,40.999999999999986,1.9999999999999996,5,28
4847,Finn Allen,TRUE,1,1,opener,889,,157.6241134751773,,,2.6329016102311473,33.99999999999999,,33,26.6
48498,Akash Pawar,FALSE,0.039421813,0.039421813,finishing allrounder,77,,175,19,7.536231884057971,175,,,9,25.9
48499,Kush Kariya,FALSE,0.027149321266968326,0.027149321266968326,finisher,17,,106.25,,,106.25,,,4,25.9
48504,Ayush Mhatre,TRUE,0.097765363,0.097765363,opener,430,,176.2295081967213,3,10.036363636363637,2.427448388740427,,,14,18.37
48505,Aaryaraj Nikam,FALSE,0.039421813,0.039421813,top/middle,21,,75,,,3.167140077,,,4,25.9
48510,Dharsh Murkute,FALSE,0.039421813,0.039421813,finisher,7,,233.33333333333334,1,5.142857142857143,233.33333333333334,,,3,25.9
48520,Aditya Rawat,FALSE,0.039421813,0.039421813,opener,56,,107.6923076923077,,,107.6923076923077,,,4,25.9
48522,Khan Naushad,FALSE,0.039421813,0.033508541,top/middle,88,,131.34328358208955,,,3.950891633860488,,,7,34.78
4853,Glenn Phillips,TRUE,1,1,top/middle,939,,136.8804664723032,8,6.873786408,1.8967483574798023,-14.2,0.20000000000000004,44,28.97
4854,Rachin Ravindra,TRUE,1,1,batting allrounder,779,,133.3904109589041,12,6.514285714285714,2.144422837753244,81.28571428571426,-1.714285714,46,26.02
48545,Ronit Patel,FALSE,0.039421813,0.039421813,top/middle,127,,162.82051282051282,,,162.82051282051282,,,5,25.9
48546,Saumy Pandey,FALSE,0.039421813,0.039421813,finishing allrounder,5,,55.55555555555556,11,8.359832635983263,0,,,12,21.06
48548,Nischith Pai,FALSE,0.039421813,0.039421813,finishing allrounder,1,,25,7,8.661971830985916,25,,-3,7,25.9
48552,Varun Singh Bhuie,FALSE,0.098930481,0.098930481,finishing allrounder,78,,120,20,6.985590778097983,2.9193941113760533,1.9999999999999996,13.999999999999996,17,20.65
48554,Govind Pai,FALSE,0.039421813,0.039421813,finisher,34,,106.25,,,106.25,,,5,25.9
48555,Andre Siddharth,FALSE,0.039421813,0.039421813,top/middle,193,,101.04712041884817,,,10.732619813935585,68.99999999999999,,14,19.25
48556,Vikas Sharma,FALSE,0.039421813,0.039421813,top/middle,142,,149.47368421052633,,,,,,6,24.57
4856,Benjamin Sears,FALSE,0.2,0.2,finishing allrounder,21,,72.41379310344827,18,8.628571428571428,1.7972989816132305,2.9999999999999987,1.3142857142857143,18,27.79
48563,Yashu Pradhan,FALSE,0.039421813,0.039421813,opener,98,,85.96491228070175,,,85.96491228070175,-34,,6,25.9
48564,Pratham Jachak,FALSE,0.039421813,0.039421813,finisher,98,,108.88888888888889,,,2.8036730123294857,77.99999999999999,,13,25.9
48566,Saranu Nishanth,TRUE,0.058558558558558245,0.058558558558558245,finishing allrounder,1,,50,1,7.894736842105263,,,,2,20.73
48569,Rudra Mayur Patel,FALSE,0.039421813,0.039421813,opener,119,,115.53398058252426,0,7.75,115.53398058252426,,,6,19.92
48572,Sreeraj Pattanaik,FALSE,0.039421813,0.039421813,finisher,4,,133.33333333333334,0,15,133.33333333333334,,,1,25.9
48575,Sahil Parakh,FALSE,0.098930481,0.098930481,top/middle,383,,155.06072874493927,,,8.719572875,20.999999999999993,,18,18.47
48616,Abdul Gaffar Saqlain,TRUE,0.039421813,0.039421813,finishing allrounder,16,,106.66666666666667,6,6.578947368421052,106.66666666666667,,,5,27.78
487,Isuru Udana,TRUE,0.8904109589041096,0.6232876712328766,finishing allrounder,50,,111.11111111111111,6,7.92,1.1968869178631165,-13,-1.5,10,37.77
4874,Richard Ngarava,FALSE,0.058558559,0.058558559,finishing allrounder,8,,61.53846153846154,14,7.380753138075314,1.5363483463153336,3.999999999999999,-6,10,27.91
48741,Rakesh Prasad,TRUE,0.097765363,0.097765363,top/middle,47,,127.02702702702703,,,127.02702702702703,,,5,26.02
48766,Pankaj Rai,TRUE,0.098930481,0.098930481,finishing allrounder,48,,75,16,5.403973509933775,47.36842105263158,-40,-14,19,19.63
48767,Pankaj Khadal,FALSE,0.039421813,0.039421813,finishing allrounder,2,,100,13,4.899082569,100,,-11,11,19.97
48768,Himangshu Ramciary,FALSE,0.039421813,0.039421813,finisher,25,,80.64516129032258,,,,,,5,24.57
48769,Atul Singh,FALSE,0.039421813,0.039421813,finisher,8,,42.10526315789474,1,7,,,,5,24.74
48771,Vedant Pandey,TRUE,0.15625,0.15625,finishing allrounder,83,,90.21739130434783,20,6.367346939,101.92307692307692,-11,-14,19,25.92
48780,Aman Singh,FALSE,0.039421813,0.039421813,opener,68,,74.72527472527473,,,,,,5,19.97
48783,Mudit Bajaj,FALSE,0.039421813,0.039421813,finisher,5,,26.31578947368421,,,,,,2,18.06
48794,Yuvraj Tewari,FALSE,0.039421813,0.039421813,batting allrounder,161,,84.73684210526316,8,4.930693069306931,,,,8,21.4
48795,Kangkan Talukdar,FALSE,0.039421813,0.039421813,finishing allrounder,16,,45.714285714285715,13,5.48,,,,7,22.92
48796,Nishchay Sharma,FALSE,0.039421813,0.039421813,finishing allrounder,2,,12.5,19,5.365187713,0,-2,-1,13,21.35
48797,Piyush Kamati,FALSE,0.039421813,0.039421813,finishing allrounder,35,,68.62745098039215,3,4.935483870967742,50,-33,,9,19.17
48799,Victor Kashyap,FALSE,0.039421813,0.039421813,top/middle,170,,82.52427184466019,0,16,,,,10,18.78
48801,Rangajyoti Khargoria,FALSE,0.039421813,0.039421813,finishing allrounder,8,,88.88888888888889,5,4.363636363636363,88.88888888888889,,,4,23.57
48803,Avijit Roy,FALSE,0.039421813,0.027595269,finishing allrounder,36,,70.58823529411765,1,9.142857142857142,70.58823529411765,,,4,38.77
48804,Arpit Bhatewara,FALSE,0.039421813,0.039421813,opener,30,,69.76744186046511,,,69.76744186046511,,,3,31.9
48805,Rajmoon Sarmah,FALSE,0.039421813,0.039421813,finishing allrounder,4,,23.529411764705884,6,5.25,23.529411764705884,,-2,15,27.48
48810,Akash Basfor,FALSE,0.039421813,0.039421813,opener,56,,78.87323943661971,3,6.196721311,,,,3,20.91
48811,Debanuj Goswami,FALSE,0.039421813,0.039421813,top/middle,13,,30.952380952380953,,,42.857142857142854,-7,,5,22.1
48813,Varun Jajodia,FALSE,0.039421813,0.039421813,finisher,10,,40,,,,,,1,19.37
48815,Prince Thakur,FALSE,0.039421813,0.039421813,finishing allrounder,14,,73.68421053,6,6.3076923076923075,,,,10,21.15
48816,Rajib Das,TRUE,0.098930481,0.098930481,finishing allrounder,27,,90,5,6.34375,90,,,13,18.92
48819,Wasim Sahil Saikia,FALSE,0.039421813,0.039421813,finisher,87,,82.85714285714286,4,13,68.18181818181819,-59,,10,21.27
48820,Sameer Dewra,FALSE,0.039421813,0.039421813,finishing allrounder,13,,44.827586206896555,9,5.2105263157894735,,,,8,20.02
48823,Himanshu Saraswati,FALSE,0.039421813,0.039421813,finishing allrounder,122,,119.6078431372549,8,5.639097744360902,119.6078431372549,,,6,20.14
48827,Devraj Sharma,FALSE,0.039421813,0.039421813,top/middle,0,,0,,,,,,2,18.84
48828,Mahadananda Borah,FALSE,0.039421813,0.039421813,finisher,18,,36.734693877551024,,,70,-4,,5,18.83
48829,Prakhar Mundra,FALSE,0.039421813,0.039421813,finisher,45,,52.325581395348834,,,,,,8,18.36
48830,Prithwirup Choudhury,FALSE,0.039421813,0.039421813,opener,45,,56.25,,,,,,7,25.9
48856,Rakesh Das,FALSE,0.039421813,0.039421813,finisher,9,,60,1,7,,,,7,22.92
48892,Arpit Rana,FALSE,0.112,0.112,opener,757,,137.13768115942028,1,9.758241758241759,137.13768115942028,232.99999999999994,0.9999999999999998,21,22.03
48936,Sanjib Dutta,FALSE,0.097765363,0.068435754,finishing allrounder,163,,99.39024390243902,26,7.277108434,106.20689655172414,,,13,36.77
48941,Krishna Karmakar,FALSE,0.039421813,0.039421813,finisher,2,,40,,,,,,2,20.83
48944,Priyangshu Singh,FALSE,0.039421813,0.039421813,top/middle,132,,96.35036496350365,,,93.22033898305085,-22,,9,23.88
48946,,FALSE,0.027149321266968326,0.027149321266968326,bowler,25,,62.5,3,5.419354838709677,62.5,,,0,
48947,Sumit Mathur,FALSE,0.057692307692307696,0.040384615,finishing allrounder,31,,106.89655172413794,1,7.833333333333333,106.89655172413794,,,6,44
48948,Vedant Bhardwaj,FALSE,0.039421813,0.039421813,opener,620,,138.70246085011186,,,138.70246085011186,,,12,27.17
4895,Charith Asalanka,TRUE,1,1,top/middle,745,,115.14683153013911,7,7.733333333333333,2.6750202219484858,5.799999999999999,1.357142857142857,46,28.41
48950,Vikrant Rana,FALSE,0.039421813,0.039421813,finishing allrounder,6,,85.71428571428571,19,8.8,85.71428571428571,1.9999999999999996,-7,13,26.29
48953,Danish Malewar,FALSE,0.039421813,0.039421813,top/middle,318,,157.4257425742574,,,157.4257425742574,,,6,22.14
48954,Devendra Kunwar,FALSE,0.039421813,0.039421813,top/middle,5,,26.31578947368421,0,11,26.31578947368421,,,2,29.99
48956,Bhim Luitel,FALSE,0.039421813,0.039421813,finishing allrounder,2,,25,3,6.065217391304348,25,,2.9999999999999996,10,24.77
48957,Bijay Prasad,FALSE,0.039421813,0.039421813,finishing allrounder,1,,25,7,6.072289156626506,25,,,9,23.23
48959,AK Chettri,FALSE,0.039421813,0.039421813,opener,118,,112.38095238095238,,,112.38095238095238,,,8,23.08
4900,Wanindu Hasaranga,TRUE,1,1,finishing allrounder,516,,118.89400921658986,122,7.675344563552833,1.5418205074931728,1.3000000000000012,0.5,86,28.33
49003,Hasan Nawaz,TRUE,0.097765363,0.097765363,top/middle,364,,149.18032786885246,,,1.0602604679521606,,,17,23.27
4901,Asitha Fernando,TRUE,0.625,0.625,finishing allrounder,11,,183.33333333333334,5,9.870967741935484,1.0532128324214423,-4.5,-0.5,7,28.33
4902,Avishka Fernando,TRUE,0.8904109589041096,0.8904109589041096,top/middle,299,,114.12213740458016,,,1.9060736535670033,7.199999999999999,,20,27.64
49027,Bevon Jacobs,FALSE,0.039421813,0.039421813,finisher,20,,86.95652173913044,,,86.95652173913044,,,1,23.56
4904,Kamindu Mendis,TRUE,1,1,finishing allrounder,426,,118.66295264623956,5,8.013698630136986,1.9131747848809029,53.65384615384615,0.7307692307692308,26,27.16
4908,Lahiru Samarakoon,FALSE,0.039421813,0.039421813,finishing allrounder,0,,0,0,12.72,0,,,2,28.73
492,Andre Fletcher,FALSE,0.625,0.4375,top/middle,583,,122.73684210526316,0,5,1.6655236599783463,-67.7,,27,38
4926,Shadab Khan,TRUE,1,1,finishing allrounder,418,,132.6984126984127,34,7.539823008849558,1.9468632650076847,10.3,-1.1,43,27.15
49265,Ahmed Tariq,TRUE,0.027149321266968326,0.027149321266968326,top/middle,0,,0,,,0,,,2,20.59
49268,Sohaib Khan,TRUE,0.039421813,0.039421813,top/middle,76,,111.76470588235294,,,111.76470588235294,,,3,27.48
49343,Mayank Kumar,FALSE,0.039421813,0.039421813,finishing allrounder,34,,89.47368421052632,2,7.565217391304348,89.47368421052632,,,3,24.1
49369,Mayank Choudhary,FALSE,0.039421813,0.039421813,top/middle,7,,50,,,50,,,2,24.54
494,Kieron Pollard,TRUE,1,0.7,finishing allrounder,591,,121.85567010309278,15,6.918918918918919,2.513707485258013,-101,0.9999999999999998,42,38.54
4947,Kasun Rajitha,TRUE,0.625,0.53125,finishing allrounder,15,,136.36363636363637,4,8.014925373134329,1.7354519708140543,,-4,6,32.49
496,Lendl Simmons,FALSE,0.45901639344262296,0.32131147540983607,opener,461,,120.36553524804178,1,9.677419355,3.8230495326247307,-31,0.9999999999999998,16,40.84
49626,Puneet Rajkumar Tripathy,FALSE,0.039421813,0.033508541,batting allrounder,170,,140.49586776859505,2,6.9818181818181815,2.4461753008834752,,,8,32.75
49665,Prince Choudhary,FALSE,0.039421813,0.039421813,finishing allrounder,1,,50,2,10.772727272727273,50,,,5,26.16
49666,Tarun Bisht,FALSE,0.039421813,0.039421813,finisher,3,,33.333333333333336,,,33.333333333333336,,,3,25.9
49670,Vansh Bedi,FALSE,0.098930481,0.098930481,top/middle,408,,179.73568281938327,,,179.73568281938327,-34,,18,22.93
49674,Shivam Gupta,FALSE,0.039421813,0.039421813,opener,305,,132.03463203463204,,,132.03463203463204,248.9999999999999,,14,25.63
49677,Samarth Seth,FALSE,0.039421813,0.039421813,finisher,79,,117.91044776119404,,,117.91044776119404,,,7,23.88
49682,Ritik Vats,FALSE,0.039421813,0.039421813,finisher,178,,181.6326530612245,,,181.6326530612245,137.99999999999997,,15,23.15
497,Tamim Iqbal,FALSE,0.625,0.4375,opener,1614,,122.64437689969606,,,20.779481565392775,19.4,,48,36.69
4973,Bilal Khan,FALSE,0.057692307692307696,0.040384615,finishing allrounder,2,,40,15,6.605504587155964,0.562730112,,,13,37.63
4974,Mohammad Nadeem,TRUE,0.15625,0.109375,finishing allrounder,69,,85.18518518518519,2,8.4375,1.9555637871372846,-63,0,5,43.23
49803,Mrigen Talukdar,FALSE,0.039421813,0.027595269,finisher,2,,28.571428571428573,,,28.571428571428573,,,3,40.91
49805,Mukut Kalita,FALSE,0.039421813,0.027595269,top/middle,20,,68.96551724137932,,,,,,3,43.99
49811,Fazaruddin Ahmed,FALSE,0.057692307692307696,0.040384615,finishing allrounder,22,,129.41176470588235,6,5.438848920863309,,,,9,38.72
49815,Trilochan Singh,FALSE,0.039421813,0.039421813,finishing allrounder,1,,50,3,6.9818181818181815,50,,,3,25.58
49816,Shaan Singh Rana,TRUE,0.098930481,0.098930481,finisher,88,,103.52941176470588,1,3.4285714285714284,145.45454545454547,,,16,18
49818,Altaf Alam,FALSE,0.039421813,0.039421813,finishing allrounder,24,,109.0909090909091,3,9.12,109.0909090909091,,,4,21.17
49820,Hrishikesh Bharadwaj,FALSE,0.039421813,0.039421813,finishing allrounder,36,,94.73684210526316,11,2.8,,,,7,23.6
49822,Dhruv Bishnoi,FALSE,0.039421813,0.039421813,finisher,9,,45,,,,,,4,18.78
49826,Rajveer Singh,FALSE,0.039421813,0.039421813,top/middle,123,,91.79104478,,,91.79104478,,,6,19.38
49827,Gopal Ghosh,FALSE,0.039421813,0.039421813,finishing allrounder,34,,94.44444444444444,8,5.089887640449438,,,-8,12,19.01
49832,Nadimur Rehman,FALSE,0.039421813,0.039421813,top/middle,110,,70.06369426751593,0,9.428571428571429,76.57657657657657,-30,,14,20.01
49833,Sangeet Das,FALSE,0.039421813,0.039421813,finishing allrounder,2,,50,1,6.315789473684211,,,,3,21.54
49835,Manikarna Sarma,FALSE,0.039421813,0.039421813,top/middle,164,,88.64864864864865,,,82.92682926829268,-96,,13,25.62
49836,Nausad Ali,FALSE,0.039421813,0.027595269,finisher,16,,94.11764705882354,,,,,,3,42.79
4985,Arun Poulose,FALSE,0.14285714285714285,0.1,opener,289,,120.92050209205021,,,6.789698882556971,-57.5,,14,39.35
49850,Hrishiraj Borah,FALSE,0.039421813,0.039421813,finisher,5,,33.333333333333336,,,,,,3,20.44
49851,Akshat Gupta,FALSE,0.039421813,0.039421813,finishing allrounder,43,,76.78571428571429,11,4.299212598425197,67.5,10.999999999999998,-5,10,23.62
4986,Rovman Powell,TRUE,1,0.85,finisher,1913,,141.7037037037037,2,9.6,2.3826051771718486,-99.7,-1.57E-16,92,32.34
499,Shakib Al Hasan,TRUE,1,0.7,batting allrounder,1500,,135.01350135013502,76,6.182539682539683,4.794438188278287,0.7999999999999912,0.19999999999999996,69,38.68
4992,Swapnil Salvi,FALSE,0.097765363,0.068435754,top/middle,37,,115.625,,,0.6988265141712251,18.499999999999996,,4,36.43
4995,Ankit Kaushik,FALSE,0.22535211267605634,0.19154929577464788,top/middle,341,,122.22222222222223,0,4.5,2.688954693343982,80.49999999999999,,11,34.23
500,Shamsur Rahman Shuvo,FALSE,0.112,0.0784,top/middle,56,,107.6923076923077,,,1.323839908416223,0,,5,37.48
5010,Gaurav Jathar,FALSE,0.22535211267605634,0.19154929577464788,finishing allrounder,247,,126.0204081632653,5,8.513513513513514,3.448823564190837,54.49999999999997,,13,34.82
50192,Vikram Kumar,FALSE,0.039421813,0.039421813,finishing allrounder,18,,81.81818181818181,5,9.333333333333334,81.81818181818181,,,4,21.36
50196,Nishank L,FALSE,0.039421813,0.039421813,finisher,7,,43.75,,,43.75,-3,,5,23.35
502,Rubel Hossain,FALSE,0.22535211267605634,0.15774647887323942,finishing allrounder,30,,130.43478260869566,21,8.111111111,130.43478260869566,-9,-3.5,20,35.9
50206,Ujwal S Gowda,FALSE,0.039421813,0.039421813,finisher,28,,155.55555555555554,,,155.55555555555554,,,1,21.23
50250,Sarath Kumar,FALSE,0.38461538461538464,0.3269230769230769,finisher,309,,124.09638554216868,,,3.633486123025517,-28.5,,22,34.4
5028,Deepak Punia,FALSE,0.098930481,0.084090909,finishing allrounder,231,,146.20253164556962,6,7.981900452488688,146.20253164556962,52.99999999999999,-6,19,32.16
50280,Jaskirat Singh Sachdeva,FALSE,0.039421813,0.039421813,top/middle,75,,122.95081967213115,1,6.631578947368421,122.95081967213115,,,2,26.03
50284,Vaibhav Suryavanshi,TRUE,0.097765363,0.097765363,opener,518,,211.42857142857142,,,3.625433282,,,12,14.67
50285,Tishant Pawan Dabla,FALSE,0.097765363,0.097765363,finishing allrounder,157,,148.11320754716982,5,8.35,148.11320754716982,-79,0.9999999999999998,19,27.02
50286,Aditya Patel,FALSE,0.039421813,0.039421813,opener,73,,105.79710144927536,,,105.79710144927536,,,6,30.51
50287,Sunpreet Chandrajeet Bagga,FALSE,0.039421813,0.039421813,top/middle,74,,98.66666666666667,,,98.66666666666667,,,5,25.52
5029,Prerak Mankad,TRUE,1,1,batting allrounder,1057,,142.06989247311827,22,8.493333333333334,1.3823906474707681,21.2,-1.5,37,31.59
50293,Babul Badal Dey,FALSE,0,0,opener,1,,20,,,20,,,1,25.96
50333,Bishal Tamang,FALSE,0.039421813,0.039421813,finishing allrounder,13,,81.25,6,4.9655172413793105,81.25,,,3,25.9
5034,Murugan Ashwin,TRUE,1,0.7,finishing allrounder,356,,97.26775956284153,59,6.9883990719257545,1.131671552775803,-19.2,-2.9,60,35.22
5039,Rajat Patidar,TRUE,1,0.85,top/middle,1771,,151.49700598802394,,,3.7276233118744937,39.400000000000006,,63,32.49
504,Naeem Islam,FALSE,0.19491525423728814,0.13644067796610168,finisher,205,,111.41304347826087,6,4.9787234042553195,15.064971505075603,8.428571428571427,1.333333333333333,13,38.9
5041,Mukesh Kumar,TRUE,1,0.85,finishing allrounder,19,,67.85714285714286,96,8.331360946745562,0.8150762553360895,-0.2,8.8,70,32.12
505,Mushfiqur Rahim,FALSE,0.625,0.4375,top/middle,1245,,117.56373937677054,,,2.1313244133423197,37.00000000000002,,63,38.55
5050,Almas Shaukat,FALSE,0.22535211267605634,0.22535211267605634,top/middle,508,,109.71922246220302,,,4.335727384166108,-166.5,,19,29.96
5053,Ankit Kushwah,FALSE,0.2,0.17,finishing allrounder,38,,126.66666666666667,23,8.794029850746268,4.586490314810867,23.999999999999996,3.1428571428571423,18,33.6
50589,Rinkesh Anil Vaghela,FALSE,0.039421813,0.039421813,finishing allrounder,4,,80,5,6.836065573770492,80,,,5,27.08
506,Mohammad Mithun,FALSE,0.48437499999999994,0.41171874999999997,top/middle,833,,114.42307692307692,,,27.444348870006547,37.9,,45,34.74
5062,Manender Singh,FALSE,0.039421813,0.039421813,opener,12,,100,,,100,,,1,29.9
5065,Udiyan Bose,FALSE,0.027149321266968326,0.027149321266968326,opener,2,,28.571428571428573,,,28.571428571428573,,,2,31.97
5066,Nirupam Sen Chowdhary,FALSE,0.097765363,0.068435754,top/middle,40,,97.56097561,,,97.56097561,,,2,35.09
5068,Abhijit Sarkar,FALSE,0.14285714285714285,0.14285714285714285,finishing allrounder,16,,114.28571428571429,5,9,2.2111456686135127,-12,-3,5,28.93
507,Mohammad Mahmudullah,TRUE,1,0.7,finisher,1291,,116.83257918552036,9,7.321585903,4.025834106717936,-15.8,-0.6,71,39.81
5071,Akash Vasisht,FALSE,0.22535211267605634,0.22535211267605634,finishing allrounder,229,,150.6578947368421,5,4,3.6022121943058205,-203,-3,9,30.94
5073,Mihir Hirwani,TRUE,0.8904109589041096,0.8904109589041096,finishing allrounder,67,,131.37254901960785,18,9.076923076923077,1.4107201103728022,6.428571428571424,1.7714285714285711,18,31.54
51064,M Eshwar,FALSE,0.039421813,0.039421813,finisher,37,,148,,,2.6573370645646253,,,2,26.85
51078,Adarsh Singh,FALSE,0.098930481,0.098930481,top/middle,660,,127.65957446808511,,,127.65957446808511,43.99999999999999,,23,20.45
51083,Arif Ahmed,FALSE,0.039421813,0.039421813,finishing allrounder,10,,62.5,1,9.636363636363637,2.156217844992714,,,3,
51087,Vashish Mehra,FALSE,0.039421813,0.039421813,finishing allrounder,4,,200,4,7.5,200,,,4,22
51263,V Anovankar,FALSE,0.039421813,0.039421813,finisher,28,,186.66666666666666,,,186.66666666666666,,,2,24.1
51290,Kirubakar R,FALSE,0.039421813,0.039421813,finisher,3,,50,0,8.666666666666666,50,,,1,20.57
51293,K Aashiq,FALSE,0.039421813,0.039421813,opener,208,,124.55089820359281,,,3.5277323116218637,,,7,25.2
51346,D Santhosh Kumar,FALSE,0.058558559,0.058558559,opener,335,,127.3764258555133,,,5.510374463824804,-7,,15,22.73
51390,M Karthik Saran,FALSE,0.039421813,0.039421813,finishing allrounder,38,,126.66666666666667,3,8.15625,1.1698540416125773,,,9,29.35
51438,Dinesh H,FALSE,0.039421813,0.039421813,finisher,25,,113.63636363636364,,,2.484778313078464,,,2,25.74
51699,Atul Vitkar,FALSE,0.039421813,0.039421813,opener,24,,120,,,120,,,1,
51707,Rajalingam Rajalingam,FALSE,0.039421813,0.039421813,finishing allrounder,26,,173.33333333333334,3,12.375,1.5000757633347788,,,4,22.96
51864,Amogh Bhatkal,TRUE,0.039421813,0.039421813,top/middle,87,,131.8181818181818,,,1.7006534273637368,,,7,31.58
5189,Faheem Ashraf,TRUE,1,1,finishing allrounder,421,,150.89605734767025,59,7.142496847,2.2829356461452974,38.68571428571428,8.371428571,43,31.86
52040,Aman Iqbal Khan,FALSE,0.039421813,0.039421813,top/middle,50,,100,,,100,,,5,26.96
52048,Ankeet Chavan,FALSE,0.039421813,0.027595269,finishing allrounder,160,,146.78899082568807,9,6.881118881118881,146.78899082568807,,,7,40.08
52050,Akash Malbari,FALSE,0.039421813,0.039421813,finisher,77,,124.19354838709677,,,124.19354838709677,,,4,27.16
52051,Aarush Patankar,FALSE,0.039421813,0.039421813,batting allrounder,42,,95.45454545454545,7,7.702702702702703,95.45454545454545,,,6,19.57
52054,Gautam Sathe,FALSE,0.027149321266968326,0.027149321266968326,top/middle,0,,0,,,0,,,2,19.53
52056,Rahul Magade,FALSE,0.039421813,0.039421813,finisher,107,,116.30434782608695,,,116.30434782608695,,,7,25.5
52059,Tushar Kadam,FALSE,0.039421813,0.039421813,finishing allrounder,9,,128.57142857142858,10,5.694915254237288,128.57142857142858,,,6,23.43
52060,Chandraprakash Bharadwaj,FALSE,0.039421813,0.039421813,finishing allrounder,9,,90,5,7.032258064516129,90,,,5,20.29
52064,Mohd Danish Rianee,FALSE,0.039421813,0.039421813,finishing allrounder,1,,100,2,7.475409836065574,100,,,3,27.84
52070,Akash Anand,FALSE,0.039421813,0.039421813,top/middle,74,,101.36986301369863,,,3.574855187329064,,,6,30.09
52071,Kartike Savla,FALSE,0.027149321266968326,0.027149321266968326,finisher,3,,50,,,50,,,3,25.9
52072,Srujan Athawale,FALSE,0.039421813,0.039421813,opener,228,,134.9112426035503,,,134.9112426035503,,,9,25.9
52073,Ayushman Yadav,FALSE,0.027149321266968326,0.027149321266968326,finisher,0,,0,,,0,,,1,20.03
52074,Rushikesh Jadhav,FALSE,0.039421813,0.039421813,finishing allrounder,14,,51.851851851851855,4,7.573770491803279,59.09090909090909,,,5,27.19
52075,Sreyash Kumar,FALSE,0.039421813,0.039421813,opener,174,,122.53521126760563,,,122.53521126760563,,,6,21.2
52076,Sandeep Saro,FALSE,0.027149321266968326,0.027149321266968326,top/middle,4,,28.571428571428573,,,28.571428571428573,,,3,23.65
52086,Manish Yadav,FALSE,0.039421813,0.039421813,finisher,72,,92.30769231,,,92.30769231,,,6,23.01
52089,Babli Sharma,FALSE,0.039421813,0.039421813,finisher,4,,66.66666666666667,,,66.66666666666667,,,2,30.9
52091,Ajinkya Divekar,FALSE,0.039421813,0.027595269,top/middle,77,,91.66666666666667,,,91.66666666666667,,,5,35.25
52095,Shubham Shinde,FALSE,0.027149321266968326,0.027149321266968326,finisher,19,,86.36363636363636,,,86.36363636363636,,,4,20.32
52099,Aditya Srivastava,FALSE,0.039421813,0.039421813,top/middle,140,,113.82113821138212,,,113.82113821138212,,,7,25.17
52101,Atharva Adhikari,FALSE,0.039421813,0.039421813,opener,46,,124.32432432432432,,,124.32432432432432,,,2,21.79
52102,Uzair Khan,FALSE,0.039421813,0.039421813,finishing allrounder,1,,50,6,6.425806451612903,50,,,7,24.95
52104,Shreyansh Bogar,FALSE,0.039421813,0.039421813,finishing allrounder,5,,100,7,8.096385542168674,100,,,5,24.18
52107,Aashmaan Katyal,FALSE,0.027149321266968326,0.027149321266968326,finisher,2,,16.666666666666668,,,16.666666666666668,,,1,18.93
52109,Amol Tanpure,FALSE,0.039421813,0.039421813,finishing allrounder,4,,28.571428571428573,6,8.464285714285714,28.571428571428573,,,7,25.9
52112,Ashish Kolte,FALSE,0.039421813,0.039421813,finishing allrounder,14,,93.33333333333333,1,10.846153846153847,93.33333333333333,,,2,27.97
52114,Ankush Paswan,FALSE,0.039421813,0.039421813,finishing allrounder,65,,104.83870967741936,1,7.659574468085107,104.83870967741936,,,6,19.24
52115,Arbaaz Shaikh,FALSE,0,0,top/middle,1,,50,,,50,,,1,16.61
52117,Sumedh Nikam,FALSE,0,0,opener,0,,0,,,0,,,1,25.17
52119,Meet Samani,FALSE,0.039421813,0.039421813,top/middle,14,,66.66666666666667,,,66.66666666666667,,,1,29.88
52121,"Aryan Dalal,",FALSE,0.039421813,0.039421813,finisher,137,,109.6,,,109.6,-1,,9,22.81
52124,Yuvraj Dombe,FALSE,0.027149321266968326,0.027149321266968326,finisher,4,,23.529411764705884,,,23.529411764705884,,,1,19.53
52128,Siddhant Addhatrao,FALSE,0.039421813,0.033508541,top/middle,268,,117.03056768558952,,,3.4864779838421773,,,10,33.61
52152,Akhil Chaudhary,FALSE,0.039421813,0.039421813,finishing allrounder,33,,106.45161290322581,18,9.296052631578947,106.45161290322581,26.999999999999993,-2,15,23.37
52346,Karan Singh,FALSE,0.027149321266968326,0.027149321266968326,top/middle,1,,25,,,25,,,2,28.01
52347,Aamir Bhutia,FALSE,0.039421813,0.039421813,top/middle,84,,80.76923076923077,,,80.76923076923077,,,9,27.43
52348,Roshan Kumar Prasad,FALSE,0.039421813,0.039421813,finisher,116,,92.06349206349206,0,9.857142857142858,4.245833139247797,45.999999999999986,0,12,21.43
52358,Md Sahil,FALSE,0.039421813,0.039421813,finishing allrounder,0,,0,1,7.522388059701493,0,,,5,27.39
52359,Ugen Tamang,FALSE,0.027149321266968326,0.027149321266968326,finisher,13,,37.142857142857146,,,37.142857142857146,,,5,17.83
52362,Aadnan Alam,FALSE,0.027149321266968326,0.027149321266968326,finisher,66,,73.33333333333333,,,73.33333333333333,,,9,19.21
52368,Kunal Gupta,FALSE,0,0,finisher,5,,62.5,,,62.5,,,3,20.33
52377,Sahil Chettri,FALSE,0.039421813,0.039421813,finishing allrounder,5,,62.5,2,8.860465116,62.5,,,7,24.76
52378,Avinash Rajak,FALSE,0.027149321266968326,0.027149321266968326,top/middle,39,,58.208955223880594,,,58.208955223880594,,,8,25.84
52379,Abishek Regmi,FALSE,0.039421813,0.039421813,finishing allrounder,19,,135.71428571428572,11,5.368421052631579,135.71428571428572,,,8,22.63
52382,Parvin Kuikel,FALSE,0.039421813,0.039421813,finishing allrounder,5,,166.66666666666666,2,3.75,166.66666666666666,,,6,17.49
52384,Roshan Kumar,FALSE,0.039421813,0.039421813,finishing allrounder,17,,62.96296296296296,5,7.016949152542373,62.96296296296296,,,8,21.2
52390,Adarsh Ramudamu,FALSE,0.039421813,0.039421813,finisher,38,,97.43589743589743,1,15.666666666666666,97.43589743589743,,,5,25.89
52393,Siddharth Prasad,FALSE,0.039421813,0.039421813,finishing allrounder,55,,98.21428571428571,1,8.75,98.21428571428571,,,8,20.27
52394,Mohammed Talim Salim,FALSE,0.039421813,0.039421813,finishing allrounder,6,,66.66666666666667,4,5.639097744360902,66.66666666666667,,,8,23.09
52396,Arnav Gupta,FALSE,0.039421813,0.039421813,top/middle,58,,98.30508474576271,,,98.30508474576271,,,7,19.59
524,Rajagopal Sathish,FALSE,0.36,0.252,finishing allrounder,247,,132.79569892473117,9,5.061224489795919,4.945283538622691,-42.5,-9,25,44.87
52402,Adiv Tamang,FALSE,0.027149321266968326,0.027149321266968326,top/middle,27,,96.42857142857143,,,96.42857142857143,,,1,23.37
52408,Md Emamuddin,FALSE,0.039421813,0.039421813,finishing allrounder,82,,96.47058823529412,5,6.255319149,96.47058823529412,,,8,20.7
52414,Shankar Prasad,FALSE,0.039421813,0.039421813,finisher,5,,62.5,,,62.5,,,1,31.4
52418,Om Gupta,FALSE,0,0,finisher,1,,33.333333333333336,,,33.333333333333336,,,1,18.34
52421,Manoj Chettri,FALSE,0.039421813,0.039421813,finisher,51,,60,0,14,60,,,7,26.03
52422,Robin Limboo,FALSE,0.039421813,0.039421813,finishing allrounder,59,,96.72131147540983,3,7.928571428571429,96.72131147540983,,,7,23.38
52423,Rohit Limboo,FALSE,0.027149321266968326,0.027149321266968326,top/middle,12,,70.58823529411765,,,70.58823529411765,,,4,18.69
52425,Yogen Lepcha,FALSE,0.039421813,0.027595269,finisher,82,,120.58823529411765,0,12.666666666666666,120.58823529411765,,,7,36.41
52426,Ritik Gurung,FALSE,0.027149321266968326,0.027149321266968326,finisher,1,,100,1,12,100,,,1,24.59
52430,Purna Bahadur,FALSE,0.039421813,0.039421813,finishing allrounder,19,,126.66666666666667,9,7.602739726027397,126.66666666666667,,,9,21.94
52431,Sajal Thapa,FALSE,0.039421813,0.039421813,top/middle,58,,78.37837837837837,,,78.37837837837837,,,7,21.95
52432,Sunil Kumar,FALSE,0.027149321266968326,0.027149321266968326,finishing allrounder,0,,0,5,4.2727272727272725,0,,,6,23.52
52433,Tanvir Alam,FALSE,0.027149321266968326,0.027149321266968326,finisher,24,,57.142857142857146,,,57.142857142857146,,,8,24.87
52434,Parichit Rai,FALSE,0.027149321266968326,0.027149321266968326,finisher,1,,50,0,5.142857142857143,50,,,4,22.02
52436,Md Arif,FALSE,0.027149321266968326,0.027149321266968326,opener,131,,78.91566265060241,,,78.91566265060241,,,9,21.73
52438,Tusya Naman Avi Chetrri,FALSE,0.027149321266968326,0.027149321266968326,finishing allrounder,2,,25,4,4.864864864864865,25,,,9,20.06
52443,Tarun Sharma,FALSE,0.039421813,0.039421813,finishing allrounder,29,,96.66666666666667,9,6.515625,96.66666666666667,,,8,22.09
52444,Amit Rajera,FALSE,0.039421813,0.039421813,finishing allrounder,113,,110.7843137254902,6,7.097142857142857,110.7843137254902,,,8,26.87
52446,Ingsho Limboo,FALSE,0.039421813,0.039421813,finishing allrounder,11,,91.66666666666667,2,9,91.66666666666667,,,5,24.17
52455,Ritesh Shakya,FALSE,0.039421813,0.039421813,finishing allrounder,44,,97.77777777777777,11,9.06,69.56521739130434,11.999999999999998,2.9999999999999996,10,27.04
52658,Abhinav Saha,FALSE,0,0,opener,0,,0,,,0,,,1,25.9
52660,Ayush Vartak,FALSE,0.039421813,0.039421813,batting allrounder,83,,93.25842696629213,2,8.888888889,12.503212226985214,,,5,
52675,Apoorve Wankhede,FALSE,0.039421813,0.039421813,top/middle,30,,176.47058823529412,,,1.2522546925117013,,,3,25.9
52678,Maxwell Swaminathan,FALSE,0.039421813,0.039421813,finishing allrounder,38,,79.16666666666667,15,7.247787610619469,4.124838834,,,12,26.86
52679,Vivek Shelar,FALSE,0.039421813,0.039421813,finishing allrounder,17,,100,13,7.405405405405405,100,-11,0.9999999999999998,15,25.71
52682,Ishan Mulchandani,TRUE,0.039421813,0.039421813,top/middle,302,,145.19230769230768,1,8.769230769,3.5699096746239487,,,10,25.9
52683,Sourabh Singh,TRUE,0.039421813,0.039421813,finishing allrounder,37,,112.12121212121212,5,9.381818181818181,112.12121212121212,,,3,28.13
52729,Harsh Tanna,FALSE,0.039421813,0.039421813,finishing allrounder,11,,220,10,9.148936170212766,220,,,8,25.9
53167,Joe Pardesi,FALSE,0.027149321266968326,0.027149321266968326,finisher,21,,84,,,84,,,2,21.2
53174,Sangram Bhalekar,FALSE,0.039421813,0.039421813,batting allrounder,122,,129.7872340425532,1,9.125,,,,11,26.24
53192,Yashraj Jayant Khade,FALSE,0.057692307692307696,0.057692307692307696,top/middle,165,,196.42857142857142,,,,,,7,22.15
53222,Bhavya Atre,FALSE,0.039421813,0.033508541,finishing allrounder,21,,91.30434782608695,7,9.9,91.30434782608695,,,4,34.42
53474,Harsh Rane,FALSE,0,0,opener,0,,0,,,0,,,1,23
535,Ambati Rayudu,TRUE,1,0.7,finisher,789,,132.60504201680672,,,1.958705311740181,-81.5,,52,40.18
53627,Harsh Vaishav,FALSE,0.039421813,0.039421813,finisher,46,,153.33333333333334,0,14,153.33333333333334,,,9,24.55
53630,Hardik Kurangale,FALSE,0.058558559,0.058558559,finishing allrounder,97,,156.4516129032258,6,9.963302752293577,,,,8,25.9
53644,Chinmay Patil,FALSE,0.039421813,0.039421813,top/middle,37,,127.58620689655173,,,127.58620689655173,,,2,25.2
53647,Mahesh Mhaske,FALSE,0.057692307692307696,0.057692307692307696,top/middle,156,,177.27272727272728,,,,,,3,28.04
53675,Faiz Ahmed,FALSE,0.039421813,0.027595269,top/middle,136,,100,,,100,,,7,47.44
53748,Gurala Srikanth,FALSE,0.039421813,0.027595269,opener,59,,190.32258064516128,,,11.877370771606136,,,4,47.59
53776,Ankit Singh,FALSE,0.039421813,0.039421813,finisher,96,,188.23529411764707,,,188.23529411764707,,,8,25.96
53839,Prasurjya Kataki,TRUE,0.098930481,0.098930481,finishing allrounder,34,,188.88888888888889,6,7.407407407407407,188.88888888888889,31.999999999999993,1.9999999999999996,9,19.04
53840,Jayanta Dev,FALSE,0.039421813,0.039421813,top/middle,47,,127.02702702702703,1,7.2,127.02702702702703,,,3,23.78
53842,Anurag Phukon,FALSE,0.039421813,0.039421813,finishing allrounder,9,,45,9,7.181102362204724,45,,,6,20.02
53843,Parash Thakur,FALSE,0.039421813,0.027595269,finisher,10,,45.45454545454545,,,45.45454545454545,,,4,36.8
53844,Suraj Thakur,FALSE,0.039421813,0.033508541,finisher,3,,27.272727272727273,1,11.076923076923077,27.272727272727273,,,2,33.64
53848,Raj Hussain,FALSE,0.027149321266968326,0.027149321266968326,top/middle,0,,0,,,0,,,1,28.23
53851,Rahul Singh Tomor,FALSE,0.039421813,0.039421813,batting allrounder,54,,100,0,8.727272727272727,100,,,2,25.3
53971,Ranjit Sangmai,FALSE,0.039421813,0.027595269,top/middle,107,,112.63157894736842,1,5.5,112.63157894736842,-73,,7,35.72
54140,Deepak Yadav,FALSE,0.039421813,0.039421813,finishing allrounder,57,,158.33333333333334,6,6.466666666666667,158.33333333333334,,,5,22.96
54182,Vivek Yadav,FALSE,0.039421813,0.039421813,finisher,34,,121.42857142857143,,,121.42857142857143,,,5,18.81
542,Alok Kapali,FALSE,0.098930481,0.069251337,finisher,8,,40,0,9,2.198971668003527,,,2,41.9
54228,K Reddy,FALSE,0.039421813,0.039421813,opener,170,,132.8125,,,132.8125,,,7,21.75
54233,Jayveer Singh,FALSE,0.027149321266968326,0.027149321266968326,finisher,41,,95.34883720930233,,,95.34883720930233,,,5,24.74
54409,Nachiket Narendra Thakur,FALSE,0.039421813,0.039421813,finishing allrounder,15,,136.36363636363637,8,7.208955223880597,,,,9,
54410,Siddhesh Deshmukh,FALSE,0.039421813,0.039421813,top/middle,188,,122.07792207792208,,,,,,10,28.22
54413,Sahil Gaikar,FALSE,0.039421813,0.039421813,top/middle,61,,124.48979591836735,,,,,,9,23.63
54414,Niraj Joshi,FALSE,0.039421813,0.039421813,finisher,188,,129.6551724137931,0,13,129.6551724137931,,0,9,20.13
54429,Yash Khaladkar,FALSE,0.058558559,0.058558559,finishing allrounder,56,,169.6969696969697,16,8.179775280898877,100,,,16,
54430,Aniket Porwal,FALSE,0.097765363,0.097765363,top/middle,331,,116.14035087719299,,,118.63117870722434,-73,,25,27.43
54431,Digvijay Jadhav,FALSE,0.039421813,0.039421813,top/middle,221,,103.75586854460094,,,93.54838709677419,,,15,24.61
54432,Umar Shah,FALSE,0.039421813,0.027595269,finishing allrounder,3,,42.857142857142854,9,8.140350877192983,,,,8,35.74
54433,Atish Kumbhar,FALSE,0.058558559,0.058558559,finishing allrounder,52,,120.93023255813954,5,10.112903225806452,,,,8,30.54
54435,Nishant Nagarkar,FALSE,0.057692307692307696,0.057692307692307696,finishing allrounder,92,,170.37037037037038,4,12.872727272727273,,,,6,26.63
54436,Sarish Desai,FALSE,0.039421813,0.039421813,finishing allrounder,26,,63.41463414634146,6,9.471428571428572,,,,9,22.62
54437,Ashwin Shukla,FALSE,0.039421813,0.039421813,finishing allrounder,6,,85.71428571428571,2,10.68,,,,2,30.25
54438,Amit Rathod,FALSE,0.058558559,0.058558559,finishing allrounder,226,,160.2836879432624,10,8.294117647058824,,,,10,22.58
54440,Kunal Kothawade,FALSE,0.097765363,0.097765363,finishing allrounder,214,,136.30573248407643,2,10.191780821917808,,,,12,29.06
54441,Gaurav Khaire,FALSE,0.039421813,0.039421813,finisher,3,,50,0,11,,,,2,21.23
54442,Yash Jagdale,FALSE,0.039421813,0.039421813,opener,197,,133.1081081081081,,,,,,10,23.21
54443,Harshad Halpatrao,FALSE,0.039421813,0.039421813,finisher,14,,155.55555555555554,,,,,,3,28.1
54461,Suraj Shinde,FALSE,0.097765363,0.097765363,finisher,370,,161.57205240174673,,,159.48717948717947,-112,,28,29.19
54462,Rahul Desai,FALSE,0.039421813,0.027595269,finisher,130,,112.06896551724138,0,11.625,117.6470588235294,,,16,37.43
54464,Aaryan Desai,FALSE,0.039421813,0.039421813,top/middle,135,,126.16822429906541,,,,,,11,22.32
54471,Jasvir Sehrawat,FALSE,0.097765363,0.097765363,batting allrounder,356,,145.30612244897958,10,5.464968152866242,3.455879156367414,,,19,30.3
54508,Nimir Joshi,FALSE,0.039421813,0.039421813,finishing allrounder,28,,147.3684210526316,6,6.107142857142857,,,,8,21.03
54519,Ravindra Jadhav,FALSE,0.039421813,0.039421813,finisher,15,,93.75,0,14.571428571428571,93.75,,,2,30.04
54528,Rhuturaj Veerkar,FALSE,0.039421813,0.039421813,opener,60,,105.26315789473684,,,,,,5,26.58
54538,Aniruddha Balasaheb Sabale,FALSE,0.039421813,0.039421813,finisher,17,,121.42857142857143,,,121.42857142857143,,,2,
54541,Deepak Dangi,FALSE,0.058558559,0.058558559,finishing allrounder,44,,112.82051282051282,16,7.430769230769231,119.04761904761905,5.999999999999999,0,18,25.2
54544,Neel Gandhi,FALSE,0.039421813,0.039421813,finishing allrounder,54,,108,4,9.5,35,,,3,19.83
54586,Pankaj Sharma,FALSE,0.039421813,0.039421813,finisher,36,,116.12903225806451,,,,,,4,25.9
54600,Sahil Abhang,FALSE,0.039421813,0.039421813,finisher,52,,123.80952380952381,2,6,,,,3,21.03
5471,Agniv Pan,FALSE,0.2,0.2,finisher,267,,114.5922746781116,,,1.2209831560711901,21.857142857142858,,20,28.9
548,Farhad Reza,FALSE,0.19491525423728814,0.13644067796610168,finishing allrounder,27,,180,9,8.594594594594595,5.695659470835757,14.999999999999995,-9,8,39.45
54811,Aarya Abhijit Jadhav,FALSE,0.039421813,0.039421813,finishing allrounder,5,,55.55555555555556,0,10.821428571428571,,,,3,
54817,Sujit Ubale,FALSE,0.039421813,0.039421813,batting allrounder,41,,205,2,9.913043478,,,,3,31.49
54818,Shubham Maid,FALSE,0.039421813,0.039421813,finishing allrounder,1,,25,5,6.1875,25,,,7,22.02
54831,Kabir Hassan Deshmukh,FALSE,0.039421813,0.039421813,opener,144,,102.12765957446808,,,102.12765957446808,,,5,19.08
54836,Sumit Sen,FALSE,0.039421813,0.039421813,finisher,0,,0,,,0,,,2,19.8
54839,Amit Dutta,TRUE,0.058558559,0.058558559,finisher,26,,118.18181818181819,,,118.18181818181819,,,7,21.16
54842,Sudarshan Sinha,TRUE,0.097765363,0.097765363,finishing allrounder,1,,50,12,4.9655172413793105,,,,10,24.67
54846,Santosh Dhan,TRUE,0.039421813,0.039421813,top/middle,6,,66.66666666666667,,,66.66666666666667,,,3,28.36
54847,Bittu Das,TRUE,0.098930481,0.098930481,finishing allrounder,25,,71.42857142857143,4,6.508474576271187,71.42857142857143,,,5,27.29
54848,Uday Babu Roy,TRUE,0.058558559,0.058558559,finisher,21,,87.5,,,87.5,,,5,19.14
54849,Gobin Yadav,TRUE,0.058558559,0.049774775,finisher,12,,66.66666666666667,,,66.66666666666667,,,3,32.28
54850,Pawan Bhatt,TRUE,0.098930481,0.098930481,batting allrounder,30,,83.33333333333333,3,15.6,83.33333333333333,,,5,29.94
54851,Rahul Dey,TRUE,0.097765363,0.097765363,finisher,30,,120,,,120,,,5,25.95
54852,Faizul Haque Mazumdar,TRUE,0.098930481,0.098930481,finishing allrounder,16,,88.88888888888889,4,7.444444444444445,88.88888888888889,,,5,23.9
54853,Sumit Shill,TRUE,0.097765363,0.097765363,opener,54,,72,,,72,,,5,28.78
54854,Himangshu Saikia,FALSE,0.039421813,0.039421813,finishing allrounder,85,,101.19047619047619,4,6.394736842105263,101.19047619047619,,,4,26.22
54855,Asib Ali,TRUE,0.039421813,0.039421813,finisher,0,,0,,,0,,,5,20.08
54856,Asif Ali,TRUE,0.097765363,0.097765363,finishing allrounder,1,,50,3,6.923076923076923,50,,,5,19.94
54857,Jitu Timung,TRUE,0.112,0.0784,batting allrounder,114,,97.43589743589743,10,6.932038834951456,97.43589743589743,,,5,37
54866,Arabinda Phukan,TRUE,0.098930481,0.084090909,finishing allrounder,7,,77.77777777777777,1,8.068965517241379,77.77777777777777,,,2,32.13
54867,Chirag Jain,TRUE,0.098930481,0.098930481,finisher,44,,110,,,110,,,4,28.74
54869,Sujit Yadav,TRUE,0.039421813,0.039421813,finisher,6,,60,,,60,,,1,19.99
54870,Manthan Upadhyaya,FALSE,0.039421813,0.039421813,finishing allrounder,1,,33.333333333333336,2,7.175257731958763,33.333333333333336,,0,6,19.82
54871,Aniket Sharma,TRUE,0.039421813,0.039421813,finisher,2,,28.571428571428573,,,28.571428571428573,,,5,18.01
54872,Kunal Dhar,TRUE,0.097765363,0.097765363,finishing allrounder,19,,63.333333333333336,0,8.5,63.333333333333336,,,4,25.78
54873,Abhijit Bhadra,TRUE,0.097765363,0.097765363,top/middle,41,,102.5,,,102.5,,,3,18.95
54874,Swaraj Borah,FALSE,0.039421813,0.039421813,top/middle,17,,141.66666666666666,,,141.66666666666666,,,2,21.29
54875,Vastav Basumatar,FALSE,0.039421813,0.039421813,top/middle,18,,138.46153846153845,,,138.46153846153845,,,1,19.23
54877,Izaz Uddin Ahmed,FALSE,0.039421813,0.039421813,finisher,2,,22.22222222222222,,,22.22222222222222,,,2,18.07
54879,Marin Kakoti,FALSE,0.039421813,0.039421813,opener,11,,61.111111111111114,,,61.111111111111114,,,2,25.32
54880,Sushankar Bonia,TRUE,0.098930481,0.098930481,top/middle,82,,134.4262295081967,,,134.4262295081967,,,5,20.22
54881,Hussan Sheikh,TRUE,0.098930481,0.098930481,finisher,38,,158.33333333333334,,,158.33333333333334,,,5,18.91
54884,Pabitra Gorh,FALSE,0.039421813,0.027595269,finisher,0,,0,,,0,,,1,35.07
54887,Ratul Das,FALSE,0.039421813,0.039421813,finisher,66,,103.125,,,103.125,,,5,22.96
54888,Amit Lal,FALSE,0.039421813,0.039421813,finishing allrounder,22,,95.65217391304348,2,6.8076923076923075,95.65217391304348,,,4,23
54889,Rupjyoti Das,FALSE,0.039421813,0.039421813,finishing allrounder,4,,57.142857142857146,4,6.711864406779661,57.142857142857146,,,5,21.98
54892,Sehnewaz Ahemed,FALSE,0.039421813,0.039421813,opener,15,,65.21739130434783,,,65.21739130434783,,,2,21.51
54893,Tanishq Baruah Saxena,FALSE,0.039421813,0.039421813,opener,1,,25,,,25,,,1,18.97
54894,Aryan Kashyap,FALSE,0.039421813,0.039421813,top/middle,57,,72.15189873417721,0,14.571428571428571,72.15189873417721,,,3,20.73
54895,Dweep Jyoti Kalita,FALSE,0.039421813,0.039421813,top/middle,107,,107,,,107,,,5,23.91
54896,Md. Habibullah,FALSE,0.039421813,0.039421813,top/middle,223,,103.24074074074075,,,91.66666666666667,,,12,22.45
54897,Gresilex Baro,FALSE,0.039421813,0.039421813,finishing allrounder,0,,0,5,5.8125,0,,,2,20.86
54898,Sunil Meghwal,FALSE,0.039421813,0.039421813,opener,21,,91.30434782608695,,,91.30434782608695,,,3,26.9
54899,Debajit Das,FALSE,0.039421813,0.027595269,finishing allrounder,18,,78.26086956521739,4,6.688524590163935,78.26086956521739,,,5,36.08
54901,Bhargab Das,FALSE,0.039421813,0.039421813,top/middle,73,,74.48979591836735,,,74.48979591836735,,,5,18.6
54902,Akhtar Ali,FALSE,0.039421813,0.039421813,batting allrounder,26,,100,1,10.25,100,,,3,27.63
54907,Imtaz Hussain,FALSE,0.039421813,0.027595269,finishing allrounder,13,,52,5,5.464285714285714,52,,,5,41.91
54908,Vivek Dauka,FALSE,0.039421813,0.039421813,top/middle,109,,123.86363636363636,,,123.86363636363636,18.99999999999999,,8,19.91
54909,Sadek Imran Choudhury,FALSE,0.039421813,0.039421813,finishing allrounder,44,,107.3170731707317,2,6.277777777777778,107.3170731707317,,,5,27.54
54910,Simanta Neogi,FALSE,0.039421813,0.027595269,top/middle,32,,84.21052631578948,,,84.21052631578948,,,4,47.38
54911,Rahul Sing Tomar,FALSE,0.039421813,0.039421813,opener,115,,106.48148148148148,,,106.48148148148148,,,5,25.3
54912,Rahul Kalita,FALSE,0.039421813,0.039421813,finishing allrounder,15,,75,2,7.846153846153846,75,,,5,19.39
54913,Ajit Biswas,FALSE,0.039421813,0.039421813,finisher,3,,30,,,30,,,3,19.89
54914,Shahanur Alom,FALSE,0.039421813,0.039421813,finisher,15,,107.14285714285714,1,11,107.14285714285714,,,3,20.38
54915,Tutumoni Medhi,FALSE,0.039421813,0.039421813,finishing allrounder,5,,100,3,10.10126582278481,100,,,4,20.6
54916,Bintu Moni Nath,FALSE,0.039421813,0.039421813,finisher,5,,45.45454545454545,,,45.45454545454545,,,2,24.12
54921,Sumit Choudhury,FALSE,0.039421813,0.039421813,top/middle,6,,60,,,60,,,1,23.06
54924,Hirak Choudhury,FALSE,0.039421813,0.039421813,finishing allrounder,19,,126.66666666666667,3,7.333333333333333,126.66666666666667,,,3,25.9
54925,Dipjyoti Saikia,FALSE,0.039421813,0.039421813,finishing allrounder,8,,61.53846153846154,4,6.566037735849057,61.53846153846154,,,3,25.9
54926,Aditya Borah,FALSE,0.039421813,0.039421813,finisher,49,,125.64102564102564,,,125.64102564102564,,,7,19.66
54930,Neelabh Sarma,FALSE,0.039421813,0.039421813,finishing allrounder,15,,68.18181818181819,9,4.634146341463414,68.18181818181819,,,5,29.83
55390,Vignesh Kg,FALSE,0.039421813,0.039421813,top/middle,7,,38.888888888888886,,,38.888888888888886,,,2,24.65
55392,Vipul Shakti,FALSE,0.039421813,0.039421813,top/middle,128,,106.66666666666667,,,106.66666666666667,41.999999999999986,,6,21.42
55393,Rahul Sashi,FALSE,0.039421813,0.027595269,top/middle,11,,73.33333333333333,,,73.33333333333333,,,1,35.7
55401,Alan Abdulla,FALSE,0.039421813,0.039421813,top/middle,0,,0,,,0,,,1,18.71
55402,Akhil Dev,FALSE,0.097765363,0.097765363,finishing allrounder,6,,46.15384615384615,29,8.298165138,5.575470439468293,-2,-19,22,30.1
55403,Akash Kp,FALSE,0.039421813,0.039421813,top/middle,4,,33.333333333333336,,,33.333333333333336,,,3,23.93
55408,Adarsh Babu,FALSE,0.039421813,0.039421813,finishing allrounder,21,,70,5,8.666666666666666,70,,,3,25.9
55409,Nidhin Kumar Na,FALSE,0.039421813,0.039421813,top/middle,31,,110.71428571428571,,,110.71428571428571,,,3,30.84
55410,Agasthya Rama Chathurvedi,FALSE,0.039421813,0.039421813,finisher,0,,0,,,0,,,2,19.79
55411,Adarsh Rp,FALSE,0.039421813,0.039421813,finisher,16,,123.07692307692308,0,3.6,123.07692307692308,,,2,22.69
55414,Vishnu Raj,FALSE,0.039421813,0.027595269,finisher,5,,71.42857142857143,,,71.42857142857143,,,1,36.73
55418,Karthik Krishna,FALSE,0.039421813,0.039421813,finishing allrounder,0,,0,5,7.62962963,0,,,4,22.94
55419,Rehan Sai Ps,FALSE,0.039421813,0.039421813,opener,132,,111.86440677966101,,,6.492009664056175,,,5,24.14
55420,Arun Ganesh,FALSE,0.039421813,0.039421813,finishing allrounder,2,,40,1,7.2,40,,,3,21.8
55422,Edwin Joseph,FALSE,0.039421813,0.039421813,finisher,2,,50,,,50,,,1,20.81
55424,Afsal Sa,FALSE,0.039421813,0.039421813,finishing allrounder,16,,100,2,9.069767441860465,100,,,3,22.92
55425,Anil Kumar,FALSE,0.039421813,0.033508541,finisher,50,,185.1851851851852,,,185.1851851851852,,,4,33.65
55426,Akshay Ns,FALSE,0.027149321266968326,0.027149321266968326,finisher,0,,0,,,0,,,2,20.29
55430,Krishna Devan,FALSE,0.039421813,0.039421813,finisher,171,,206.02409638554218,,,8.163548367623171,90.99999999999999,,11,26.31
55434,Karthik C,FALSE,0.039421813,0.033508541,top/middle,19,,90.47619047619048,,,90.47619047619048,,,2,32.9
55437,Ajmal A,FALSE,0.039421813,0.039421813,finishing allrounder,55,,144.73684210526315,3,6.391304347826087,144.73684210526315,,,4,22.84
55439,Goutham Krishna G,FALSE,0.039421813,0.039421813,top/middle,56,,105.66037735849056,,,105.66037735849056,,,3,23.82
55445,Kashinath S,FALSE,0,0,opener,0,,0,,,0,,,1,18.73
55446,Sonu Tomy,FALSE,0.039421813,0.039421813,finisher,6,,150,,,150,,,1,19.37
55448,Jithu G Abraham,FALSE,0.039421813,0.039421813,finishing allrounder,3,,100,1,8.459016393442623,100,,,4,28.01
55451,Jobin Joby,FALSE,0.112,0.112,batting allrounder,369,,118.26923076923077,11,8.891891891891891,14.88788415192689,-223,8.999999999999996,22,19.13
55452,Rohith Kj,FALSE,0.039421813,0.039421813,finisher,0,,0,,,0,,,1,17
55454,Sree Hari Anish,FALSE,0.039421813,0.039421813,finisher,0,,0,,,0,,,1,19.63
55457,Rakesh Babu,FALSE,0.039421813,0.039421813,finisher,7,,50,,,50,,,2,28.21
55459,Mohammed Jaseel Tm,FALSE,0.039421813,0.039421813,finishing allrounder,1,,16.666666666666668,2,8.086956522,16.666666666666668,,,4,20.01
55460,Isthiaq Hussain Poyakkara,FALSE,0.039421813,0.027595269,opener,111,,116.84210526315789,,,116.84210526315789,,,4,41.81
55461,Azad Kr,FALSE,0.039421813,0.039421813,finisher,18,,94.73684210526316,,,94.73684210526316,,,1,21.28
55463,Nidheesh B,FALSE,0.039421813,0.039421813,finishing allrounder,12,,171.42857142857142,2,9.5,171.42857142857142,,,4,25.9
55464,Gokul M,FALSE,0.039421813,0.039421813,finisher,0,,0,0,10.8,0,,,2,25.9
5553,Philip Salt,TRUE,1,1,opener,2280,,167.03296703296704,,,3.2566537645565066,155.39999999999995,,72,29.25
55538,Vishnu Dutt,FALSE,0.039421813,0.039421813,finishing allrounder,2,,66.66666666666667,2,7.636363636363637,66.66666666666667,,,2,-14.1
55539,Abijith Praveen,FALSE,0.039421813,0.039421813,finishing allrounder,40,,148.14814814814815,7,6.340909090909091,148.14814814814815,,,5,25.9
5557,Tom Moores,FALSE,0.097765363,0.097765363,finisher,67,,100,,,1.6271371849743603,-17,,6,29.23
5562,Richard Gleeson,TRUE,0.8904109589041096,0.6232876712328766,finishing allrounder,4,,66.66666666666667,11,8.512315271,1.0700736224343295,0,-2.857142857,9,37.98
55672,Sudeesh Mohan,FALSE,0.039421813,0.039421813,opener,17,,48.57142857142857,,,48.57142857142857,,,3,31.52
55683,Ravinder Singh Brar,FALSE,0.039421813,0.039421813,finishing allrounder,1,,50,4,6.327272727272727,50,,,5,31.83
55742,Vaisakh Chandran,FALSE,0.039421813,0.027595269,top/middle,13,,72.22222222222223,0,14.4,2.7133110846986472,,,3,38.81
55744,Vishnu A,FALSE,0.039421813,0.039421813,finisher,0,,0,0,6,0,,,1,29.72
5575,Antony Dhas,FALSE,0.48437499999999994,0.33906249999999993,finishing allrounder,190,,97.43589743589743,13,8.852173913043478,1.8572874036658162,-25.8,0.10000000000000007,26,37.12
55753,Sangeerth S Nair,FALSE,0.039421813,0.039421813,finishing allrounder,11,,122.22222222222223,5,6.327272727272727,122.22222222222223,,,4,20.02
5576,K Hari Gopinath,FALSE,0.125,0.0875,opener,198,,123.75,,,3.460106740090104,93.99999999999997,,11,37.45
5577,Sai Kishore,TRUE,1,1,finishing allrounder,503,,123.2843137254902,102,6.68074834,2.232866863230037,10.000000000000002,2.4999999999999996,77,29.06
5578,Sasidev Uthirasamy,FALSE,0.45901639344262296,0.3901639344262295,finisher,651,,125.91876208897486,,,4.413367901971182,-21.1,,41,32.58
5581,Ramadoss Alexandar,FALSE,0.19491525423728814,0.19491525423728814,finishing allrounder,5,,71.42857142857143,21,7.2639593908629445,3.391638855873311,2.9999999999999996,-2,25,30.55
5585,Karthik Sukumaran,FALSE,0.22535211267605634,0.15774647887323942,opener,323,,129.71887550200802,,,1.7267542167653476,-156.5,,14,35.73
5596,Shijit Chandran,FALSE,0.19491525423728814,0.13644067796610168,finisher,107,,93.04347826086956,,,2.8549398192221385,-22.5,,16,39.04
5598,P Francis Rokins,FALSE,0.098930481,0.098930481,finisher,219,,86.22047244094489,,,5.445885224647496,-47,,14,
5599,Maan Bafna,FALSE,0.22535211267605634,0.22535211267605634,top/middle,607,,110.16333938294011,1,9.044776119402986,6.518745458188042,-23.6,-1,31,
5601,Andrew Subikshan,FALSE,0.2,0.2,finishing allrounder,223,,135.97560975609755,4,6.666666666666667,135.97560975609755,,,11,27.89
5607,Sanjay M Srinath,FALSE,0.039421813,0.039421813,finishing allrounder,7,,24.137931034482758,2,7.343283582089552,1.2243119272376943,0.9999999999999998,1.9999999999999996,4,
5608,Narayan Jagadeesan,TRUE,1,1,top/middle,1826,,128.50105559465166,,,2.907813023469342,-83.7,,63,29.93
5611,Mukunth Karunakaran,FALSE,0.039421813,0.039421813,top/middle,19,,47.5,,,0.6871595067321096,-19,,4,
5615,Dinesh Sampathkumar,FALSE,0.039421813,0.039421813,opener,71,,97.26027397260275,,,97.26027397260275,,,6,
5616,Yazh Arunmozhi,FALSE,0.039421813,0.039421813,finishing allrounder,1,,25,5,6.541666666666667,25,,-0.071428571,8,
56172,Aayush Raktade,FALSE,0.039421813,0.039421813,finisher,28,,133.33333333333334,1,11,,,,2,25.9
56174,Yogesh Dongare,FALSE,0.097765363,0.097765363,finishing allrounder,210,,160.3053435114504,7,8.695652173913043,167.85714285714286,-204,-3,24,25.9
56176,Atharva Dharmadhikari,FALSE,0.039421813,0.039421813,opener,68,,109.6774193548387,,,109.6774193548387,,,4,23.7
56177,Hari Sawant,FALSE,0.039421813,0.039421813,finishing allrounder,39,,88.63636363636364,7,7.133858267716535,88.63636363636364,,,9,-14.1
56180,Piyush Kamal,FALSE,0.039421813,0.039421813,finishing allrounder,52,,208,4,6.54,,,,6,25.9
56181,Yogesh Chavan,FALSE,0.098930481,0.098930481,finishing allrounder,147,,141.34615384615384,16,7.354085603,128.57142857142858,,-16,18,25.9
56183,Vedant Patil,FALSE,0.039421813,0.039421813,finisher,7,,35,,,35,,,4,-14.1
56184,Vaibhav Agam,FALSE,0.039421813,0.039421813,finisher,1,,33.333333333333336,,,33.333333333333336,,,1,25.9
56185,Tanay Sanghvi,FALSE,0.097765363,0.097765363,finishing allrounder,86,,102.38095238095238,52,7.6,100,1.9999999999999996,-6,25,25.9
56186,Nikhil Kadam,FALSE,0.097765363,0.097765363,finishing allrounder,14,,107.6923076923077,29,8.197752808988763,107.6923076923077,13.999999999999996,2.9999999999999996,22,25.9
56187,Rohan Marwa,FALSE,0.039421813,0.039421813,top/middle,48,,82.75862068965517,,,82.75862068965517,,,6,25.9
5621,M Silambarasan,FALSE,0.19491525423728814,0.19491525423728814,finishing allrounder,29,,76.31578947,40,6.4534412955465585,1.4667617430007092,-2.257142857,0.20000000000000018,36,
56237,Manav Vashisht,FALSE,0.039421813,0.039421813,finishing allrounder,37,,142.30769230769232,17,7.927007299270073,142.30769230769232,-33,-1,14,23.13
56238,Saurabh Singh,FALSE,0.039421813,0.039421813,finisher,106,,112.76595744680851,0,9,112.76595744680851,-100,,12,25.9
5626,Adithya Ganesh,FALSE,0.36,0.306,top/middle,547,,108.74751491053678,,,6.460822586204839,-27,,24,34.13
5627,Siddharth Sivasubramani,FALSE,0.058558559,0.058558559,opener,104,,102.97029702970298,,,1.2800687589124795,-74,,8,
5630,Pradosh Paul,FALSE,0.4,0.4,top/middle,667,,109.52380952380952,1,0,6.7161538049192115,25.099999999999998,,34,24.93
56325,Vikas Singh,FALSE,0.039421813,0.039421813,finishing allrounder,3,,33.333333333333336,20,5.896848137535817,33.333333333333336,0.9999999999999998,1.9999999999999996,16,-14.1
56330,Badal Balyan,FALSE,0.039421813,0.039421813,finisher,205,,137.58389261744966,,,137.58389261744966,-117,,13,26.19
5634,Anand Subramanian,FALSE,0.36,0.252,top/middle,317,,122.86821705426357,,,3.8051959626952576,-209,,14,39.87
56340,Anuj Singh,FALSE,0.027149321266968326,0.027149321266968326,finisher,24,,114.28571428571429,,,114.28571428571429,,,2,23.99
56343,Akhil,FALSE,0.097765363,0.097765363,finishing allrounder,202,,121.6867469879518,19,6.361204013377926,121.6867469879518,-68,-5,16,25.9
56346,Avilin Ghosh,FALSE,0.097765363,0.068435754,finishing allrounder,172,,103.6144578313253,2,6.888888888888889,103.6144578313253,-22,,15,35.18
5635,Akash Sumra,FALSE,0.112,0.112,finishing allrounder,63,,94.02985074626865,5,6.96,2.1020883703157245,29.999999999999993,7.850462293418875e-17,13,
56350,Vishvajeet Mishra,FALSE,0.039421813,0.039421813,finisher,9,,64.28571428571429,,,64.28571428571429,,,3,24.18
56359,Sukhmeet Singh,FALSE,0.039421813,0.039421813,finishing allrounder,14,,82.35294118,16,7.475409836065574,82.35294118,-8,-4,12,22.05
56360,Sayed Irfan-Aftab,FALSE,0.039421813,0.039421813,finishing allrounder,19,,86.36363636363636,21,6.420233463,86.36363636363636,14.999999999999995,0.9999999999999998,14,22.02
56362,Aditya Purohit,FALSE,0.039421813,0.039421813,opener,321,,134.30962343096235,0,13,134.30962343096235,-3,,14,31.03
56364,Ankit Chatterjee,FALSE,0.039421813,0.039421813,opener,37,,100,,,100,36.99999999999999,,3,16.83
56365,Nitin Verma,FALSE,0.039421813,0.039421813,finishing allrounder,2,,100,13,6.44,100,,,7,-14.1
56366,Rishabh Chaudhary,FALSE,0.039421813,0.039421813,top/middle,198,,128.57142857142858,2,4.75,128.57142857142858,,,9,23.48
56369,Priyam Sarkar,FALSE,0.039421813,0.039421813,finisher,47,,106.81818181818181,,,106.81818181818181,-9,,11,31.93
5637,M Ganesh Moorthi,FALSE,0.112,0.112,finishing allrounder,21,,65.625,15,6.877358490566038,1.0442305287103035,-11,-0.9,22,
56370,Akshay Ramani,FALSE,0.039421813,0.039421813,finisher,0,,0,,,0,,,1,24.18
5638,Athisayaraj Davidson,FALSE,0.38461538461538464,0.3269230769230769,finishing allrounder,13,,118.18181818181819,48,7.618915159944367,0.572771488,2,1,31,33.47
56380,Priyanshu Gaurav Srivastav,FALSE,0.097765363,0.097765363,top/middle,513,,136.43617021276594,,,136.43617021276594,-177,,13,25.45
56384,Ayush Ghosh,FALSE,0.027149321266968326,0.027149321266968326,finishing allrounder,1,,100,0,8.88,100,,,5,18.1
56386,Akash Biswas,FALSE,0.039421813,0.033508541,finisher,1,,50,0,6,50,,,2,32.04
56387,Deepak Kumar Mahato,FALSE,0.039421813,0.039421813,finishing allrounder,84,,105,1,5.294117647058823,14.131697255959539,47.99999999999999,,9,24.99
56391,Saksham Sharma,FALSE,0.039421813,0.039421813,finishing allrounder,31,,182.35294117647058,15,7.0144927536231885,182.35294117647058,,8.999999999999996,11,28.75
56393,Harsimar Singh Patheja,FALSE,0.027149321266968326,0.027149321266968326,opener,4,,50,,,50,,,1,30.13
56395,Nuruddin Mandal,FALSE,0.039421813,0.039421813,finishing allrounder,2,,66.66666666666667,18,6.4,66.66666666666667,,,8,21.78
5645,Laxmesha Suryaprakash,FALSE,0.45901639344262296,0.32131147540983607,top/middle,492,,113.88888888888889,,,9.983937271652012,-35.8,,27,36.16
56463,Nikhil Singh,FALSE,0.039421813,0.027595269,finishing allrounder,13,,54.166666666666664,3,7,54.166666666666664,,,7,35.2
56465,Deepak Kumar,FALSE,0.039421813,0.039421813,finishing allrounder,2,,100,12,8.287128712871286,100,,-6,10,25.05
56467,Arjun Singh,FALSE,0.039421813,0.039421813,finishing allrounder,56,,94.91525423728814,0,7.5,94.91525423728814,41.999999999999986,,14,18.03
5648,Anirudh Sita Ram,FALSE,0.48437499999999994,0.48437499999999994,top/middle,758,,115.90214067278288,,,6.965720789744746,-8.9,,37,31.24
5649,Ajith Ram,FALSE,0.45901639344262296,0.45901639344262296,finishing allrounder,53,,80.3030303,35,6.677551020408163,2.413223718975522,1.2999999999999998,-1,35,27.23
5650,S Harish Kumar,FALSE,0.45901639344262296,0.45901639344262296,finishing allrounder,446,,129.2753623188406,32,8.990066225165563,6.285197510096162,-2,-1,40,
5651,Akshay V Srinivasan,FALSE,0.112,0.112,top/middle,79,,84.94623655913979,0,5,0.8496110216362514,-24.5,,13,31.49
56516,Vishal Bhati,FALSE,0.039421813,0.039421813,batting allrounder,161,,123.84615384615384,12,5.846938775510204,123.84615384615384,92.99999999999999,5.999999999999999,14,20.03
56517,Ashutosh Kumar,FALSE,0.039421813,0.039421813,finishing allrounder,13,,61.904761904761905,1,6.865979381443299,61.904761904761905,2.9999999999999996,0.9999999999999998,12,17.18
56538,Vivek Singh,FALSE,0.039421813,0.039421813,finisher,41,,87.23404255319149,,,87.23404255319149,,,4,20.11
56541,Manvir Singh Heer,FALSE,0.039421813,0.039421813,opener,1,,12.5,,,12.5,,,2,19.05
56543,Kunwarjeet Singh Ballagan,FALSE,0.039421813,0.039421813,top/middle,68,,130.76923076923077,,,130.76923076923077,,,7,26.18
56544,Gurmehar Singh Sra,FALSE,0.039421813,0.039421813,top/middle,164,,145.13274336283186,,,145.13274336283186,87.99999999999999,,11,24.59
56548,Rahul Kumar,FALSE,0.039421813,0.039421813,top/middle,142,,110.9375,,,110.9375,,,8,18.57
56550,Arjun Rajput,FALSE,0.039421813,0.039421813,finishing allrounder,17,,70.83333333333333,0,7.875,70.83333333333333,,,6,18.17
56554,Abhishek Kumar,FALSE,0.097765363,0.097765363,finishing allrounder,195,,110.79545454545455,7,6.56,3.6502319942855412,-45,4.999999999999998,15,28.03
56555,Krish Nanda,FALSE,0.039421813,0.039421813,finishing allrounder,0,,0,0,8.571428571428571,0,,0,2,20.25
56556,Aseem Kohli,FALSE,0.039421813,0.039421813,finishing allrounder,7,,87.5,0,5.25,87.5,,,3,23.98
56559,Kartik Chadha,FALSE,0.039421813,0.039421813,finishing allrounder,26,,108.33333333333333,23,7.335616438356165,108.33333333333333,-12,4.999999999999998,14,21.32
56560,Parvjot Singh,FALSE,0.039421813,0.039421813,finisher,24,,126.3157894736842,,,126.3157894736842,21.999999999999996,,2,20.09
56561,Parmish Kumar,FALSE,0.039421813,0.039421813,top/middle,10,,90.90909091,,,90.90909091,,,1,19.18
56562,Sahil Chander,FALSE,0.039421813,0.039421813,top/middle,13,,76.47058823529412,,,76.47058823529412,,,5,25.9
56563,Jovanpreet Singh,FALSE,0.039421813,0.039421813,opener,9,,75,,,75,,,1,21.81
56565,Jeevanjot Singh Bajwa,FALSE,0.039421813,0.039421813,finisher,22,,137.5,,,137.5,,,1,20.2
56567,Chintan Randhan,FALSE,0.039421813,0.039421813,finishing allrounder,15,,125,0,15,125,,,1,25.9
56571,Sahil Sharma,FALSE,0.097765363,0.097765363,finishing allrounder,198,,154.6875,3,9.375,154.6875,-98,,17,23.31
56573,Inderpreet Singh,FALSE,0.039421813,0.039421813,finishing allrounder,17,,100,2,9,100,-5,1.9999999999999996,7,26.57
56575,Jass Inder Singh Baidwan,FALSE,0.039421813,0.039421813,finishing allrounder,13,,72.22222222222223,6,8.878612716763005,72.22222222222223,,,12,28.95
56578,Shubham Rana,FALSE,0.039421813,0.039421813,finishing allrounder,1,,16.666666666666668,13,6.898550724637682,16.666666666666668,,-3,12,19.5
5658,Gowtham Kannan,FALSE,0.19491525423728814,0.19491525423728814,finishing allrounder,6,,200,22,7.447876447876448,1.6345055565958637,,0.9000000000000002,28,
56581,Anil Yadav,FALSE,0.039421813,0.039421813,finisher,157,,130.83333333333334,,,130.83333333333334,56.99999999999997,,9,28.12
56583,Lovekirat Singh,FALSE,0,0,finisher,0,,0,1,5,0,,,1,25.02
56584,Sarthak Sharma,FALSE,0.039421813,0.039421813,top/middle,24,,68.57142857142857,,,68.57142857142857,,,3,24.1
5659,Abhishek Tanwar,FALSE,0.8904109589041096,0.7568493150684932,finishing allrounder,323,,156.03864734299518,61,7.674418604651163,2.6628725760164333,-13.1,0.3000000000000003,40,34.11
56592,Abhijeet Tah,FALSE,0.097765363,0.097765363,opener,390,,148.85496183206106,0,19,5.464767864049278,1.9999999999999996,,13,24.9
56593,Shobit Sharma,FALSE,0.039421813,0.039421813,top/middle,78,,91.76470588235294,,,91.76470588235294,,,7,24.9
56594,Harsh Sahu,FALSE,0.039421813,0.039421813,top/middle,162,,132.78688524590163,,,4.175730889792017,105.99999999999999,,13,24.9
56595,Mohammad Irfan,FALSE,0.098930481,0.098930481,finishing allrounder,439,,130.6547619047619,14,7.5524475524475525,9.142157619033679,130.99999999999997,-2,19,24.9
56596,Rudra Pratap,FALSE,0.039421813,0.039421813,finishing allrounder,1,,50,14,8.015444015444016,50,0.9999999999999998,0,12,24.9
56598,Harsh Sharma,FALSE,0.097765363,0.097765363,top/middle,280,,113.36032388663968,2,6.7894736842105265,5.563652808344432,-14,,16,24.9
56599,Vaibhav Sahu,FALSE,0.058558559,0.058558559,finishing allrounder,267,,136.22448979591837,3,7.9714285714285715,5.889084002778259,174.99999999999994,,15,24.9
5660,Kavin Ravi,FALSE,0.19491525423728814,0.19491525423728814,top/middle,419,,105.54156171284635,,,3.001545278187845,16.700000000000003,,22,
56600,Om Vaishnav,FALSE,0.039421813,0.039421813,finishing allrounder,21,,91.30434782608695,6,7.1891891891891895,12.850217672594276,,5.999999999999999,5,24.9
56603,Vijay Yadav,FALSE,0.097765363,0.097765363,finishing allrounder,122,,158.44155844155844,16,8.043956043956044,4.055455996192894,67.99999999999999,-6,10,-41.3
56604,Abdul Anas Khan,FALSE,0.058558559,0.058558559,finishing allrounder,133,,158.33333333333334,6,8.503311258278146,158.33333333333334,52.99999999999999,3.999999999999999,9,25.9
56605,Prabhat Anand,FALSE,0.039421813,0.039421813,top/middle,45,,128.57142857142858,0,6.461538461538462,128.57142857142858,,,2,25.9
56608,Naman Dhruw,FALSE,0.039421813,0.039421813,finishing allrounder,9,,69.23076923076923,11,8.231155778894472,3.0951137282417216,,10.999999999999998,11,25.9
56609,Sangeet Soni,FALSE,0.098930481,0.098930481,opener,514,,146.85714285714286,,,9.077020712761971,165.99999999999997,,16,25.9
5661,Chaturved Sarangarajan,FALSE,0.625,0.4375,top/middle,646,,128.94211576846308,,,3.8144169429521693,-28.3,,36,35.06
56610,Altmash Khan,FALSE,0.039421813,0.039421813,finisher,26,,61.904761904761905,3,8,3.7924074639417165,15.999999999999996,2.9999999999999996,3,25.9
56611,Rishi Sharma,FALSE,0.039421813,0.039421813,batting allrounder,161,,100.625,2,7.868852459016393,9.868901595175204,92.99999999999999,,11,25.9
56612,Prabhash Shukla,FALSE,0,0,finisher,1,,33.333333333333336,2,7.666666666666667,33.333333333333336,,,2,25.9
56613,Rahul Pradhan,FALSE,0.097765363,0.097765363,top/middle,345,,124.10071942446044,,,5.194290184,122.99999999999997,,15,25.9
56615,Anand Rao,FALSE,0.112,0.112,batting allrounder,359,,143.6,21,8.419354838709678,7.086490724373083,224.99999999999994,4.999999999999998,17,20.46
56618,Shashwat Sharda,FALSE,0.039421813,0.039421813,top/middle,122,,120.79207920792079,,,6.351123273365281,,,8,25.9
56619,Rohan Taank,FALSE,0.039421813,0.039421813,finishing allrounder,12,,100,9,8.285714285714286,100,9.999999999999996,6.999999999999998,8,25.9
5662,Rohit Ramalingam,FALSE,0.36,0.306,finishing allrounder,72,,114.28571428571429,17,8.005617978,2.233571206021527,2.285714285714285,-0.828571429,21,33.57
56620,Snehil Chadda,FALSE,0.097765363,0.097765363,finishing allrounder,24,,126.3157894736842,21,8.028776978417266,3.0387146118785595,15.999999999999996,-7,15,25.9
56621,Imtiyaj Khan,FALSE,0.058558559,0.058558559,finishing allrounder,170,,139.34426229508196,10,9.492537313432836,1.9435721219834807,,5.999999999999999,13,25.9
56622,Darvansh Bhuppal,FALSE,0.027149321266968326,0.027149321266968326,finisher,2,,100,0,17,100,,,1,25.9
56623,Harsh Yadav,FALSE,0.097765363,0.097765363,finishing allrounder,95,,211.11111111111111,22,8.78,0.9977631273481646,78.99999999999997,-6,15,25.9
56624,Md Faiz,FALSE,0.039421813,0.039421813,opener,272,,135.3233830845771,,,135.3233830845771,,,7,22.2
56625,Mayank Verma,FALSE,0.039421813,0.039421813,top/middle,164,,123.30827067669173,,,4.167764933014802,,,9,22.1
56626,Aditya Singh,FALSE,0.039421813,0.039421813,opener,179,,154.31034482758622,,,154.31034482758622,,,5,25.9
56627,Anurag Sahu,FALSE,0.039421813,0.039421813,finisher,215,,127.2189349112426,,,8.114155783446297,48.99999999999999,,12,25.9
5663,RS Sinivas,FALSE,0.19491525423728814,0.19491525423728814,finishing allrounder,128,,128,10,7.614213197969543,2.789485920284303,13.999999999999998,3.999999999999999,14,
56630,Nitant Singh,FALSE,0.027149321266968326,0.027149321266968326,finisher,2,,50,1,7.578947368421052,50,,,4,25.9
56631,Aditya Agarwal,FALSE,0.039421813,0.027595269,finishing allrounder,2,,100,2,6.489795918367347,100,,,4,46.89
56632,Hamid Raza,FALSE,0.058558559,0.058558559,finishing allrounder,65,,144.44444444444446,8,8.769230769,3.575712256798071,34.999999999999986,-4,9,25.9
56633,Ravi Roshan Singh,FALSE,0.039421813,0.039421813,finishing allrounder,5,,125,7,7.282051282051282,125,,,8,25.9
56634,Dzu Kivnoor Singh,FALSE,0.039421813,0.039421813,finisher,92,,127.77777777777777,,,127.77777777777777,,,4,25.9
56635,Dzv Ashish Pandey,FALSE,0.057692307692307696,0.057692307692307696,top/middle,190,,120.25316455696202,1,10.857142857142858,3.9371950160858695,111.99999999999997,0.9999999999999998,11,25.9
56637,Abhishek Khare,FALSE,0.039421813,0.039421813,finishing allrounder,9,,150,5,6.411764705882353,150,,,5,
56638,Garv Singh,FALSE,0,0,top/middle,0,,0,,,0,,,1,22.68
56639,Shreyam Sundram,FALSE,0.039421813,0.039421813,finishing allrounder,69,,146.80851063829786,14,5.9781818181818185,1.881407583479108,,13.999999999999996,13,25.9
5664,Vignesh G Venkatesh,FALSE,0.039421813,0.039421813,opener,0,,0,,,0,,,1,
56640,Mohammad Sohail,FALSE,0.039421813,0.039421813,finishing allrounder,3,,100,13,8.043956043956044,100,,,5,25.9
56641,Daksh Kumar Parakh,FALSE,0.039421813,0.039421813,top/middle,111,,121.97802197802197,,,13.64707518880802,22.999999999999993,,10,25.9
56643,Arin Dwivedi,FALSE,0.039421813,0.039421813,finishing allrounder,3,,60,6,7.465116279069767,2.062970720135751,-1,1.9999999999999996,7,25.9
56646,Anurag Mishra,FALSE,0.039421813,0.039421813,finisher,119,,136.7816091954023,,,3.5955940176336565,48.99999999999999,,5,25.9
56647,Deepak Singh Baghel,FALSE,0.039421813,0.039421813,finishing allrounder,0,,0,1,7.714285714285714,0,,,2,25.9
56648,Jitesh Chouhan,FALSE,0.039421813,0.039421813,finishing allrounder,4,,28.571428571428573,0,9.483870967741936,2.2925059986757863,,,4,25.9
56649,Jitesh Verma,FALSE,0.057692307692307696,0.057692307692307696,finishing allrounder,54,,96.42857142857143,8,7.836734693877551,1.4464903222881265,47.99999999999999,1.9999999999999996,11,25.9
5665,Sanjay Yadav,TRUE,1,1,batting allrounder,1115,,139.8996235884567,26,6.7542857142857144,1.556686460438582,-8.6,-1.3,41,30.55
56650,Bharat Gondwani,FALSE,0.058558559,0.058558559,finishing allrounder,39,,130,6,9.439490445859873,4.302724965591948,-19,0,8,25.9
56651,Vaibhav Pandey,FALSE,0.039421813,0.039421813,finisher,5,,50,,,50,,,3,25.9
56652,Shubham Maurya,FALSE,0.039421813,0.039421813,top/middle,218,,124.57142857142857,7,5.571428571428571,7.531635952135555,,,8,25.9
56654,Alok Sahu,FALSE,0.039421813,0.027595269,finisher,160,,111.8881118881119,,,6.833693800457563,-60,,11,36.06
56655,Satyam Dubey,FALSE,0.039421813,0.039421813,finishing allrounder,8,,66.66666666666667,16,10.142857142857142,66.66666666666667,-8,1.9999999999999996,14,23.19
56656,Kritesh Sahu,FALSE,0.039421813,0.039421813,top/middle,168,,137.70491803278688,,,3.558937129060802,23.999999999999996,,8,25.9
56657,Pawan Parnate,FALSE,0.098930481,0.098930481,top/middle,346,,130.56603773584905,,,3.7480411462421195,53.999999999999986,,18,25.9
56659,Ayush Sharma,FALSE,0.039421813,0.039421813,top/middle,35,,94.59459459,1,11.142857142857142,4.468234509411872,,,4,31.53
5666,Arun S,FALSE,0.098930481,0.098930481,batting allrounder,68,,78.16091954022988,2,8.222222222222221,4.761393662470153,-31,0.9999999999999998,9,25.46
56661,Abhyuday Singh,FALSE,0.039421813,0.039421813,finishing allrounder,5,,250,12,7.188679245283019,250,,11.999999999999998,11,25.9
56662,Dhananjay Nayak,FALSE,0.039421813,0.039421813,finishing allrounder,23,,100,6,8.364705882352942,100,-21,-2,10,25.9
56664,Akash Sharma,FALSE,0.039421813,0.033508541,finishing allrounder,1,,14.285714285714286,1,10.340425531914894,14.285714285714286,,,4,33.13
56665,Shivam Verma,FALSE,0.039421813,0.039421813,finishing allrounder,1,,100,1,9.692307692307692,100,,,1,18.45
56666,Ian Singh,FALSE,0.039421813,0.039421813,finisher,0,,0,1,10,0,,,1,25.9
56668,Mohammad Hussain,FALSE,0.039421813,0.027595269,finisher,25,,113.63636363636364,,,113.63636363636364,,,5,49.13
56669,Daksh Parakh,FALSE,0.039421813,0.039421813,top/middle,55,,177.41935483870967,,,177.41935483870967,,,3,25.9
56676,Dev Singh,FALSE,0.039421813,0.039421813,finishing allrounder,18,,94.73684210526316,4,8.444444444444445,94.73684210526316,,,5,25.9
5668,Hari Nishaanth,TRUE,1,1,opener,1380,,121.90812720848056,5,7.928571428571429,6.066499606001432,-91.9,0.4000000000000001,50,29.28
56685,Abdullah Ahmadzai,FALSE,0.039421813,0.039421813,finishing allrounder,1,,16.666666666666668,3,9.402985074626866,0.6604088253131131,,,4,
56693,Gautam Shastry,FALSE,0.039421813,0.039421813,top/middle,136,,87.17948717948718,,,87.17948717948718,-24,,15,24.12
56697,P Shailesh Vaithianathan,FALSE,0.039421813,0.039421813,finisher,140,,116.66666666666667,,,116.66666666666667,137.99999999999997,,11,16.41
5670,R Silambarasan,FALSE,0.625,0.53125,finishing allrounder,35,,92.10526315789474,47,7.181434599156118,1.7832308262149208,0.8000000000000007,0.5,34,32.72
56705,Ritesh Gudge,FALSE,0.097765363,0.083100559,top/middle,250,,132.27513227513228,2,9,132.27513227513228,,,12,33.48
56712,Sabhay Chadha,FALSE,0.098930481,0.098930481,finishing allrounder,133,,154.65116279069767,29,7.964601769911504,154.65116279069767,-91,-7,19,27.56
56715,Samarth Saxena,FALSE,0.039421813,0.039421813,opener,16,,61.53846153846154,,,61.53846153846154,,,2,26.21
56716,Mohammed Waseef Mukadam,FALSE,0.039421813,0.033508541,finisher,235,,126.34408602150538,,,126.34408602150538,-67,,14,32.26
56722,K Sai Satwik,FALSE,0.039421813,0.039421813,top/middle,220,,112.24489795918367,,,112.24489795918367,,,10,20.23
56732,Bharat Rawat,FALSE,0.027149321266968326,0.027149321266968326,finisher,11,,91.66666666666667,,,91.66666666666667,,,1,22.78
56733,Anishvishagan G P,FALSE,0.039421813,0.039421813,finisher,31,,67.39130435,,,67.39130435,,,4,20.4
5674,S Santosh Shiv,FALSE,0.098930481,0.098930481,opener,252,,113.51351351351352,,,6.929782579881277,-18.74285714,,14,
56756,Sunny Pandey,FALSE,0.039421813,0.039421813,finisher,66,,160.97560975609755,,,0.7013957075135288,,,5,25.9
5676,Suresh Lokeshwar,FALSE,0.36,0.36,top/middle,560,,122.5382932166302,,,3.929071734219712,37.71428571,,24,27.73
56763,Indrajeet Kumar,FALSE,0.039421813,0.039421813,finishing allrounder,5,,29.41176470588235,8,7.328571428571428,29.41176470588235,,,8,26.12
56767,Akshant Baghel,FALSE,0.039421813,0.039421813,finishing allrounder,61,,124.48979591836735,3,8.228571428571428,124.48979591836735,,,2,25.02
5678,Shoaib Md Khan,FALSE,0.112,0.0952,finishing allrounder,16,,133.33333333333334,2,6.967741935483871,133.33333333333334,,,2,34.24
5679,Vishal Vaidhya,FALSE,0.21153846153846154,0.21153846153846154,top/middle,452,,111.05651105651106,,,3.833956167873725,-32.4,,18,
56795,Vikrant Bhadoriya,FALSE,0.039421813,0.039421813,batting allrounder,86,,130.3030303030303,2,8.783505154639176,127.58620689655173,11.999999999999998,-2,9,25
56797,Himanshu Shinde,FALSE,0.039421813,0.039421813,finishing allrounder,105,,111.70212765957447,3,6.244897959183674,91.30434782608695,62.99999999999998,0.9999999999999998,10,
56799,Prithviraj Raghvendra Singh Tomar,FALSE,0.039421813,0.039421813,opener,379,,155.96707818930042,0,9.333333333333334,160.31746031746033,176.99999999999991,0,11,23.2
5680,R Sonu Yadav,FALSE,0.9411764705882353,0.9411764705882353,finishing allrounder,537,,129.3975903614458,80,6.9209039548022595,4.856860288200398,16.2,-0.6,49,26.04
56800,Shivam Shukla,FALSE,0.097765363,0.097765363,finishing allrounder,8,,66.66666666666667,27,6.774193548387097,1.3848367389056027,-6,-2,16,25.9
56801,Parth Goswami,FALSE,0.039421813,0.039421813,top/middle,18,,105.88235294117646,,,105.88235294117646,,,1,25.9
56802,Harsh Dixit,FALSE,0.039421813,0.039421813,top/middle,218,,139.74358974358975,0,6,136.1904761904762,-68,,11,25.9
56803,Shubham Rathore,FALSE,0.039421813,0.039421813,finisher,32,,96.96969696969697,,,96.96969696969697,,,4,25.9
56805,Parth Chaudhary,FALSE,0.039421813,0.039421813,opener,214,,168.50393700787401,,,,,,7,25.9
56806,Kanishk Dubey,FALSE,0.039421813,0.039421813,finisher,163,,142.98245614035088,,,130.76923076923077,26.999999999999993,,13,25.9
56807,Aryan Rakesh Deshmukh,FALSE,0.039421813,0.039421813,finisher,36,,163.63636363636363,1,4,163.63636363636363,,,2,22.89
56809,Ankur Singh Chauhan,FALSE,0.039421813,0.039421813,finishing allrounder,88,,179.59183673469389,2,11.1,120,75.99999999999996,0,10,25.9
5681,Rajkumar Ravichandran,FALSE,0.4,0.4,finishing allrounder,554,,157.83475783475782,18,7.162055336,5.351808317442134,36.400000000000006,0.29999999999999993,34,
56810,Abhishek Pathak,FALSE,0.112,0.112,opener,566,,219.3798449612403,2,9.789473684210526,56.774789421796775,-26,-2,14,28.77
56811,Tripuresh Singh,FALSE,0.098930481,0.098930481,finishing allrounder,138,,172.5,35,7.834123222748815,1.135041051,108.99999999999994,-11,19,25.9
56812,Ishan Afridi,FALSE,0.039421813,0.039421813,finishing allrounder,18,,138.46153846153845,4,11.125,138.46153846153845,,,4,24.11
56815,Arpit Patel,FALSE,0.039421813,0.039421813,finishing allrounder,99,,125.31645569620254,9,7.136094674556213,122.85714285714286,12.999999999999993,4.999999999999998,12,25.9
56816,Sanjoy Singh Nijjer,FALSE,0.039421813,0.039421813,finisher,98,,171.9298245614035,,,162.16216216216216,-22,,11,25.9
56817,Shivang Kumar,FALSE,0.039421813,0.039421813,batting allrounder,235,,155.6291390728477,9,6.879310344827586,125.60975609756098,16.999999999999996,5.999999999999999,13,25.9
56818,Apurve Dwivedi,FALSE,0.039421813,0.039421813,opener,262,,157.83132530120483,,,126.92307692307692,63.999999999999986,,12,25.9
56819,Ramveer Singh Gurjar,FALSE,0.039421813,0.039421813,finishing allrounder,1,,50,11,8.544,,,,7,25.9
5682,S Mohan Prasath,FALSE,0.36,0.36,finishing allrounder,11,,44,33,7.060382916053019,1.2555505419391773,1.0999999999999999,2.808666774861361e-16,34,27.41
56820,Vishnu Bhardwaj,FALSE,0.039421813,0.039421813,finishing allrounder,1,,50,11,8.360655737704919,50,,-7,10,25.9
56822,Aman Singh Solanki,FALSE,0.039421813,0.039421813,finisher,5,,71.42857142857143,,,71.42857142857143,,,2,25.9
56823,Devansh Vishwakarma,FALSE,0.039421813,0.039421813,finisher,13,,61.904761904761905,,,61.904761904761905,,,3,25.9
56824,Lucky Mishra,FALSE,0.039421813,0.039421813,finishing allrounder,17,,100,2,10.054054054054054,100,,,3,25.9
56825,Goutam Joshi,FALSE,0.039421813,0.039421813,finisher,71,,154.34782608695653,0,10.285714285714286,,,,5,25.9
56826,Kartik Parihar,FALSE,0.039421813,0.039421813,top/middle,46,,124.32432432432432,,,124.32432432432432,,,4,25.9
56827,Akshay Singh,FALSE,0.039421813,0.039421813,finishing allrounder,5,,35.714285714285715,2,10.181818181818182,41.666666666666664,-5,-2,7,29.22
56828,Harshvardhan Singh,FALSE,0.039421813,0.039421813,finishing allrounder,4,,100,6,9.842105263157896,100,,-4,6,25.9
56830,Madhav Tiwari,TRUE,0.36,0.36,finishing allrounder,207,,162.99212598425197,6,10.343558282208589,1.4545689302041096,60.999999999999986,-2,18,25.16
56834,Priyanshu Shukla,FALSE,0.039421813,0.039421813,finishing allrounder,21,,262.5,11,10.5,262.5,,,5,25.9
5684,Abhinav Mohan,FALSE,0.097765363,0.097765363,finishing allrounder,2,,28.571428571428573,2,8.947368421052632,4.231618068683929,0,-2,5,30.75
5686,Rajhamany Srinivasan,FALSE,0.098930481,0.069251337,top/middle,125,,105.04201680672269,,,105.04201680672269,,,7,40.19
5687,L Kiran Akash,FALSE,0.112,0.112,finishing allrounder,26,,72.22222222222223,23,7.364485981308412,4.065216841513516,-3.785714286,-2.9,16,
5689,Swaminathan Shankar,FALSE,0.098930481,0.098930481,finishing allrounder,42,,107.6923076923077,6,6.512820512820513,107.6923076923077,,,9,
5690,Shajahan Mohamed,FALSE,0.098930481,0.098930481,finisher,87,,90.625,1,8.142857142857142,2.5813194985308345,-13.1,,16,
5691,Kaushik Gandhi,FALSE,0.48437499999999994,0.33906249999999993,opener,574,,111.89083820662768,3,7.2,6.866895131932624,-34,0,26,35.76
5692,Aushik Srinivas,FALSE,0.125,0.10625,finishing allrounder,2,,100,13,7.086206896551724,100,,-0.3,22,32.7
5699,Santha Moorthy,FALSE,0.098930481,0.069251337,finishing allrounder,17,,80.95238095238095,16,8.136986301369863,80.95238095238095,,-2.461538462,11,46.21
57003,Akram Khan M,FALSE,0.039421813,0.039421813,finisher,12,,75,,,1.2117321465424022,,,2,25.9
57004,Sachin Rathi,FALSE,0.039421813,0.039421813,finishing allrounder,3,,15.789473684210526,10,8.204819277108435,0.7590419585691863,,7.999999999999998,8,22.06
57007,Pankaj Sharma,FALSE,0.039421813,0.039421813,top/middle,80,,190.47619047619048,,,190.47619047619048,,,1,25.9
57064,B Rilasa Reddy,FALSE,0.039421813,0.039421813,top/middle,0,,0,,,0,,,2,19.99
57070,S D N V Prasad,FALSE,0.039421813,0.039421813,finisher,258,,135.78947368421052,,,6.185244538134302,-102,,19,22.07
57081,P Manikanta Gangadhar,FALSE,0.039421813,0.039421813,finishing allrounder,1,,100,7,9.36,100,,-1,4,26.07
571,Parvez Aziz,FALSE,0.112,0.0784,finishing allrounder,108,,121.34831460674157,10,5.55,9.896641742293436,-15,5.999999999999999,14,37.97
5737,Ashwin Venkataraman,FALSE,0.097765363,0.068435754,top/middle,59,,73.75,,,2.5773726051171186,-47,,8,36.41
57373,P Nirmal Kumar,FALSE,0.058558559,0.058558559,finishing allrounder,123,,105.12820512820512,1,9.9,2.653885976453364,24.999999999999993,0.9999999999999998,11,23.73
5738,Xavier Bartlett,TRUE,0.22535211267605634,0.22535211267605634,finishing allrounder,29,,67.44186046511628,20,7.834862385321101,0.8842435060227735,18.99999999999999,3.999999999999999,18,26.94
57383,Arunraj S,FALSE,0.039421813,0.039421813,finisher,3,,60,,,60,,,2,23.28
5739,R Vivek,FALSE,0.625,0.53125,batting allrounder,637,,141.8708240534521,10,7.949238578680203,11.413011091468618,-32.4,-1.142857143,37,34.46
57431,Arasada Kishore,FALSE,0.039421813,0.039421813,top/middle,18,,46.15384615384615,,,46.15384615384615,,,2,28.31
57432,Sayed Izharuddin,FALSE,0.039421813,0.039421813,finisher,27,,69.23076923076923,,,69.23076923076923,,,3,25.9
57433,S Dinesh Raj,FALSE,0.058558559,0.058558559,finisher,68,,144.68085106382978,,,1.2985720838509578,-12,,17,23.06
57435,Gaurav Choudhary,FALSE,0.039421813,0.027595269,opener,78,,165.95744680851064,,,165.95744680851064,,,4,36.1
57437,Soumya Biswal,FALSE,0.039421813,0.039421813,finisher,6,,60,,,60,,,3,
57438,Biki Nag,FALSE,0.039421813,0.039421813,finishing allrounder,7,,100,3,6,100,,,3,
57441,Asutosh Marndi,FALSE,0.039421813,0.039421813,finishing allrounder,11,,50,2,6.285714285714286,50,,,3,
57442,Prasanta Rana,FALSE,0.039421813,0.039421813,finishing allrounder,0,,0,12,7.014084507042254,0,,0,8,
57443,Sujal Singh,FALSE,0.039421813,0.039421813,finisher,216,,113.08900523560209,,,113.08900523560209,31.999999999999993,,9,
57444,Subham Biswal,FALSE,0.039421813,0.039421813,opener,14,,100,,,100,,,1,
57445,Liladhar Pradhan,FALSE,0.039421813,0.039421813,finisher,36,,124.13793103448276,,,124.13793103448276,,,4,
57447,Hemanta Nayak,FALSE,0.039421813,0.039421813,finisher,11,,68.75,,,68.75,,,1,
57448,S Mohanty,FALSE,0.039421813,0.039421813,top/middle,37,,78.72340425531915,,,78.72340425531915,,,3,
57450,Aryashree Bhatta,FALSE,0.039421813,0.039421813,finisher,57,,90.47619047619048,,,90.47619047619048,16.999999999999996,,9,
57452,Swayam Routray,FALSE,0.039421813,0.039421813,finishing allrounder,4,,57.142857142857146,2,7.297297297297297,57.142857142857146,,0,6,
57455,Soubhagya Mishra,FALSE,0.039421813,0.039421813,opener,41,,75.92592592592592,,,75.92592592592592,,,3,
57456,Gurudipan Jena,FALSE,0.039421813,0.039421813,finisher,17,,77.27272727272727,,,77.27272727272727,,,2,
57457,Subhasis Mirdha,FALSE,0.039421813,0.039421813,finisher,8,,72.72727272727273,,,72.72727272727273,,,2,
57458,Venkatesh Vande,FALSE,0.039421813,0.039421813,opener,11,,91.66666666666667,,,91.66666666666667,,,2,
57459,Sambit Baral,FALSE,0.039421813,0.039421813,finishing allrounder,153,,131.89655172413794,7,9.19047619,131.89655172413794,-13,-1,8,
57461,Nitish Samantaray,FALSE,0.039421813,0.039421813,opener,21,,100,,,100,,,1,
57463,Raghvendra Tripathy,FALSE,0.039421813,0.039421813,top/middle,22,,73.33333333333333,,,73.33333333333333,,,2,
57465,Vimal Kumar,FALSE,0.039421813,0.039421813,finishing allrounder,5,,125,14,7.341614906832298,125,,7.999999999999998,9,
57466,Girija Barik,FALSE,0.039421813,0.039421813,top/middle,43,,95.55555555555556,,,95.55555555555556,,,2,
57468,Ayaskant Sahu,FALSE,0.039421813,0.039421813,finishing allrounder,0,,0,2,6.9,0,,,3,
57470,Sambit Beja,FALSE,0.039421813,0.039421813,finishing allrounder,41,,80.39215686,2,7.591836734693878,80.39215686,28.99999999999999,,6,
57471,Sarthak Panda,FALSE,0.039421813,0.039421813,top/middle,1,,8.333333333333334,,,0.6783277711746619,,,2,
57472,Sk Ajharudin,FALSE,0.039421813,0.039421813,finishing allrounder,1,,100,0,7.666666666666667,100,,,4,
5750,Ehsan Khan,TRUE,0.625,0.4375,finishing allrounder,40,,133.33333333333334,10,6.817120622568093,1.100691846243697,8.428571428571427,0.5000000000000001,11,40.91
5769,Codanda Karthik,FALSE,0.8904109589041096,0.7568493150684932,batting allrounder,552,,132.37410071942446,49,8.068322981,4.555410796744522,9.799999999999995,-2.5,36,32.13
5785,Pranav Bhatia,FALSE,0.38461538461538464,0.38461538461538464,finishing allrounder,169,,131.0077519379845,17,7.707446808510638,23.18732462267375,-4.5,-5,23,28.75
5787,Prithviraj Shekhawat,FALSE,0.057692307692307696,0.057692307692307696,finishing allrounder,166,,102.46913580246914,19,7.073047858942066,102.46913580246914,-44,4.999999999999998,21,
5792,Kushal Wadhwani,FALSE,0.112,0.112,finishing allrounder,3,,33.333333333333336,16,8.305970149253731,33.333333333333336,,-1.357142857,13,29.07
5795,Vinay Sagar,FALSE,0.098930481,0.098930481,top/middle,99,,99,,,3.885700481,-9,,11,28.24
5799,Srinivas Sharath,FALSE,0.112,0.112,finisher,245,,94.96124031007751,,,6.243622462,-8.7,,23,29.9
57992,Madhav Prakash Bajaj,FALSE,0.039421813,0.039421813,finishing allrounder,47,,111.9047619047619,11,7.065989847715736,111.9047619047619,40.999999999999986,0.9999999999999998,11,25.56
57994,Dheeraj Mohan,FALSE,0.039421813,0.039421813,opener,40,,97.56097561,,,97.56097561,,,4,25.69
57995,Aadithya Vishwa Karma,FALSE,0.039421813,0.039421813,opener,1,,6.25,,,6.25,,,1,19.06
57996,Wahid Faizan Khan,FALSE,0.039421813,0.039421813,finisher,56,,98.24561403508773,,,98.24561403508773,,,7,22.38
57997,Abhishek Prabhakar,FALSE,0.039421813,0.039421813,finishing allrounder,0,,0,15,7.2,0,,,8,27.06
57999,Suchith Jagadeesh,FALSE,0.039421813,0.039421813,finishing allrounder,20,,166.66666666666666,3,10.333333333333334,1.200060610667823,,,2,31.86
58000,Harshil Dharmani,FALSE,0.039421813,0.039421813,finisher,247,,126.66666666666667,,,126.66666666666667,102.99999999999997,,19,20.64
58001,Samit Dravid,FALSE,0.039421813,0.039421813,top/middle,68,,121.42857142857143,,,121.42857142857143,,,5,20.04
58006,Niranjan Naik,FALSE,0.039421813,0.039421813,finisher,45,,88.23529411764706,,,88.23529411764706,,,5,23.02
58009,Shikhar Shetty,FALSE,0.039421813,0.039421813,finishing allrounder,9,,60,5,7.457142857142857,60,,4.999999999999998,11,20.25
58010,Dhruv Prabhakar,FALSE,0.039421813,0.039421813,batting allrounder,203,,109.72972972972973,6,7.544117647058823,109.72972972972973,56.99999999999997,3.999999999999999,15,20.68
58013,Karthikeya P,FALSE,0.097765363,0.097765363,top/middle,308,,126.74897119341564,1,7.333333333333333,126.74897119341564,21.999999999999996,,19,20.1
58014,Samarth Nagaraj,FALSE,0.039421813,0.039421813,finishing allrounder,15,,100,2,9.6,100,8.999999999999996,0,7,20.1
58036,Biswajit K Mohapatra,FALSE,0.039421813,0.039421813,finishing allrounder,20,,111.11111111111111,6,6.909090909090909,111.11111111111111,,,3,
58037,Manav Bhattacharya,FALSE,0.039421813,0.039421813,top/middle,28,,54.90196078431372,,,54.90196078431372,,,3,
5805,Shivkumar Rakshith,FALSE,0.36,0.36,finisher,494,,124.74747474747475,,,8.321922900016048,-10.8,,43,30.99
5808,Karim Janat,TRUE,1,1,finishing allrounder,548,,126.55889145496536,26,8.340659340659341,2.4938158222797195,-35.4,-2.8,45,27.29
58085,Faizan Riaz,FALSE,0.039421813,0.039421813,finisher,13,,185.71428571428572,,,185.71428571428572,,,1,23.78
5809,Naveen ul Haq,TRUE,1,1,finishing allrounder,26,,57.77777777777778,39,8.866187050359713,1.8812166249016677,3.9999999999999982,6.499999999999999,31,26.18
5810,Jeswanth Acharya,FALSE,0.112,0.112,top/middle,372,,132.38434163701066,,,17.930647088336723,-194,,18,
5811,Sachin Shinde,FALSE,0.039421813,0.027595269,finishing allrounder,10,,90.90909091,13,5.9375,90.90909091,,,11,38.16
58134,Digvesh Rathi,TRUE,0.38461538461538464,0.38461538461538464,finishing allrounder,28,,77.77777777777777,32,7.817671809256662,1.272261963266291,-20,3.999999999999999,33,25.95
58135,Tejasvi Dahiya,FALSE,0.098930481,0.098930481,top/middle,547,,173.65079365079364,,,173.65079365079364,130.99999999999997,,20,23.61
58136,Raghav Singh,FALSE,0.039421813,0.039421813,finishing allrounder,3,,27.272727272727273,9,8.081632653061224,27.272727272727273,,,4,25.9
58137,Sarthak Ray,FALSE,0.039421813,0.039421813,opener,170,,118.05555555555556,,,118.05555555555556,-88,,8,
58138,Saurabh Deswal,FALSE,0.039421813,0.039421813,top/middle,16,,123.07692307692308,,,123.07692307692308,,,2,
58143,Anshuman Hooda,FALSE,0.039421813,0.039421813,finishing allrounder,5,,166.66666666666666,12,8.963855421686747,166.66666666666666,,3.999999999999999,11,
58144,Deepanshu Gulia,FALSE,0.039421813,0.039421813,finishing allrounder,5,,50,9,8.979591836734693,50,,4.999999999999998,9,
58149,Pranav Pant,FALSE,0.039421813,0.039421813,finisher,232,,118.97435897435898,0,9.157894736842104,118.97435897435898,193.99999999999994,0,18,
58151,Sujal Singh,FALSE,0.097765363,0.097765363,top/middle,473,,130.3030303030303,,,130.3030303030303,-97,,20,
58152,Raunak Waghela,FALSE,0.039421813,0.039421813,finishing allrounder,61,,110.9090909090909,20,7.564469914040115,110.9090909090909,,1.9999999999999996,21,17.97
58155,Bhagwan Singh,FALSE,0.039421813,0.039421813,finishing allrounder,3,,150,13,8.242622950819673,150,,-9,16,
58159,Keshav Dabas,FALSE,0.097765363,0.097765363,finishing allrounder,277,,121.49122807017544,8,9.95,121.49122807017544,114.99999999999996,-2,18,
58160,Shaurya Malik,FALSE,0.039421813,0.039421813,finishing allrounder,14,,140,11,8.271428571428572,140,,4.999999999999998,8,
58161,Sourav Dagar,FALSE,0.027149321266968326,0.027149321266968326,top/middle,2,,40,,,40,,,1,
58162,Aryan Rana,FALSE,0.039421813,0.039421813,top/middle,247,,149.6969696969697,,,149.6969696969697,-89,,12,
58163,Siddhant Bansal,FALSE,0.039421813,0.039421813,finishing allrounder,20,,95.23809523809524,1,8.307692307692308,95.23809523809524,-8,-1,11,
58164,Rajneesh Dadar,FALSE,0.039421813,0.039421813,finishing allrounder,30,,69.76744186046511,33,7.767441860465116,69.76744186046511,,6.999999999999998,18,
58165,Kaushal Suman,FALSE,0.039421813,0.039421813,top/middle,52,,94.54545454545455,,,94.54545454545455,49.999999999999986,,6,
58166,Deepesh Balyan,FALSE,0.039421813,0.039421813,opener,12,,57.142857142857146,0,16,57.142857142857146,,,2,
58167,Vishant Bhati,FALSE,0.039421813,0.039421813,top/middle,56,,116.66666666666667,,,116.66666666666667,,,2,
58168,Harish Dagar,FALSE,0.039421813,0.039421813,finisher,4,,50,2,10.666666666666666,50,,,3,
58169,Dhruv Kaushik,FALSE,0.098930481,0.098930481,top/middle,447,,145.6026058631922,1,11.837837837837839,145.6026058631922,-141,-1,19,
58171,Pranav Rajvanshi,FALSE,0.039421813,0.039421813,finisher,110,,111.11111111111111,,,111.11111111111111,-8,,17,
58172,Manan Bhardwaj,FALSE,0.039421813,0.039421813,finishing allrounder,44,,141.93548387096774,19,7.080745341614906,141.93548387096774,-14,8.999999999999996,19,
58173,Yajas Sharma,FALSE,0.039421813,0.039421813,top/middle,218,,155.71428571428572,,,155.71428571428572,-124,,12,
58178,Ayush Doseja,FALSE,0.039421813,0.039421813,top/middle,334,,127.96934865900383,0,6.857142857142857,127.96934865900383,265.99999999999994,,13,
58179,Yugal Saini,FALSE,0.039421813,0.039421813,top/middle,339,,129.38931297709922,,,129.38931297709922,286.9999999999999,,14,
58181,Ekansh Dobal,FALSE,0.039421813,0.039421813,finisher,250,,123.76237623762377,,,123.76237623762377,-68,,16,
58182,Suryakant Chauhan,FALSE,0.039421813,0.039421813,finishing allrounder,6,,120,1,8.75,120,,,3,
58184,Mayank Gusain,FALSE,0.058558559,0.058558559,finishing allrounder,212,,115.84699453551913,7,8.806451612903226,115.84699453551913,-4,6.999999999999998,21,
58185,Sanat Sangwan,FALSE,0.039421813,0.039421813,top/middle,265,,123.83177570093459,,,123.83177570093459,20.999999999999993,,12,25.23
58187,Keshav Dalal,FALSE,0.039421813,0.039421813,top/middle,216,,142.10526315789474,,,142.10526315789474,-140,,16,
58188,Kush Nagpal,FALSE,0.027149321266968326,0.027149321266968326,finisher,2,,22.22222222222222,,,22.22222222222222,0,,2,
58189,Sumit Chhikara,FALSE,0.039421813,0.039421813,finisher,27,,135,,,135,-11,,5,
58190,Arnav Bugga,FALSE,0.058558559,0.058558559,top/middle,352,,129.41176470588235,0,16,129.41176470588235,59.99999999999998,0,17,
58192,Sambhav Sharma,FALSE,0.027149321266968326,0.027149321266968326,finisher,0,,0,,,0,,,2,
58214,Sunil Roul,FALSE,0.039421813,0.039421813,finishing allrounder,1,,50,1,9.833333333333334,50,,,2,27.78
58232,Chandra Tejas,FALSE,0.039421813,0.027595269,opener,4,,80,,,80,,,1,41.05
58239,Yash Dabas,FALSE,0.097765363,0.097765363,top/middle,215,,142.3841059602649,,,3.977118782072989,-145,,15,25.9
58240,Yash Bhatia,FALSE,0.039421813,0.039421813,finisher,171,,114.76510067114094,,,114.76510067114094,-107,,13,25.9
58241,Yatish Singh,FALSE,0.039421813,0.039421813,finishing allrounder,5,,71.42857142857143,5,8.195121951219512,71.42857142857143,,,6,25.9
58243,Shivam,FALSE,0.027149321266968326,0.027149321266968326,finisher,1,,50,,,50,,,1,
58246,Prince Yadav,TRUE,0.36,0.36,finishing allrounder,11,,57.89473684210526,36,8.262711864,1.2002449734638656,10.999999999999998,-1,29,23.96
58253,A Ganapathy,FALSE,0.039421813,0.039421813,finisher,10,,83.33333333333333,,,83.33333333333333,,,5,31.42
58258,Ranjan Sarkar,FALSE,0.039421813,0.039421813,finishing allrounder,38,,90.47619047619048,15,5.896551724137931,0,-38,-13,13,21.19
58260,Sobhraj Pathak,FALSE,0.039421813,0.033508541,finisher,114,,79.16666666666667,,,50,-112,,11,32.36
58268,Parthiv Kashyap Sharma,FALSE,0.039421813,0.033508541,finisher,10,,90.90909091,,,90.90909091,,,2,33.17
58270,Manish Das,FALSE,0.039421813,0.027595269,top/middle,4,,50,,,50,,,1,41.77
58282,Dipankar Gogoi,FALSE,0.039421813,0.039421813,finishing allrounder,103,,111.95652173913044,11,5.358139534883721,207.69230769230768,-49,-7,10,23.01
58293,Abhishek Anand,FALSE,0.027149321266968326,0.027149321266968326,finishing allrounder,27,,90,3,12,90,,,3,
58295,Abhijit Singha Roy,FALSE,0.039421813,0.027595269,finishing allrounder,31,,79.48717948717949,2,8.4,,,,6,38.77
58299,Pattayraj Das,FALSE,0.027149321266968326,0.027149321266968326,finishing allrounder,3,,50,1,3.25,50,,,1,21.21
58328,Akshay Deka,FALSE,0.039421813,0.039421813,finishing allrounder,4,,50,7,7.78125,50,,,3,22.04
58329,Dilip Singh,FALSE,0,0,finisher,1,,16.666666666666668,,,16.666666666666668,,,1,
58338,Samar Khan,FALSE,0.097765363,0.097765363,finishing allrounder,137,,107.03125,21,7.380191693290735,107.03125,-69,-9,20,20.05
58360,Sagar Chhetri,FALSE,0.039421813,0.039421813,finishing allrounder,1,,50,2,5,,,,1,26.35
58362,Md Khan,FALSE,0.039421813,0.039421813,finishing allrounder,118,,134.0909090909091,9,5.478260869565218,134.0909090909091,,,7,22
58367,Venkata Vamsi Krishna,FALSE,0.039421813,0.039421813,finisher,10,,111.11111111111111,,,111.11111111111111,,,2,24.85
5837,Mahedi Hasan,TRUE,1,1,finishing allrounder,827,,113.75515818431911,88,6.4176755447941884,2.7163277596081326,15.800000000000013,4.8999999999999995,83,30.96
5838,Shohidul Islam,FALSE,0.21153846153846154,0.21153846153846154,finishing allrounder,54,,81.81818181818181,28,7.970588235294118,2.374873076913769,19.999999999999993,-2,19,30.89
5839,Yasir Ali Chowdhury,TRUE,1,1,finisher,948,,131.66666666666666,0,10.153846153846153,7.802988245676084,-6.2,0,50,29.72
58393,Manjeet Manjeet,FALSE,0.039421813,0.039421813,opener,72,,107.46268656716418,2,7.674418604651163,107.46268656716418,-72,,7,
58396,Dhruv Singh,FALSE,0.058558559,0.058558559,finisher,321,,132.09876543209876,,,132.09876543209876,-13,,18,23.9
58398,Shubham Dubey,FALSE,0.039421813,0.039421813,finishing allrounder,0,,0,15,9.100371747211897,0,,8.999999999999996,15,
58404,Harish Dagar,FALSE,0.039421813,0.039421813,finishing allrounder,24,,133.33333333333334,3,8.068965517241379,133.33333333333334,,,5,
5841,Nahidul Islam,FALSE,0.625,0.53125,finishing allrounder,176,,100,33,6.736572890025576,5.447691329832904,1.400000000000002,-1.9,38,32.36
58416,Kokil Gogoi,FALSE,0.039421813,0.039421813,finisher,19,,126.66666666666667,0,5.5,126.66666666666667,,,2,23.28
58418,Vision Panchal,FALSE,0.098930481,0.098930481,finishing allrounder,207,,169.6721311,5,9.222857142857142,169.6721311,-9,-3,20,31.92
58420,Hardik Sharma,FALSE,0.058558559,0.058558559,top/middle,257,,120.09345794392523,,,120.09345794392523,4.999999999999998,,21,25.9
58421,Shivam Tripathi,FALSE,0.039421813,0.039421813,top/middle,0,,0,,,0,,,1,30.46
58422,Money Grewal,FALSE,0.097765363,0.097765363,finishing allrounder,15,,107.14285714285714,33,7.623059866962306,107.14285714285714,-13,8.999999999999996,21,25.14
58423,Ankit Kumar,FALSE,0.097765363,0.097765363,opener,481,,164.16382252559728,,,164.16382252559728,-35,,21,25.9
58424,Krish Yadav,FALSE,0.098930481,0.098930481,opener,631,,130.64182194616978,,,130.64182194616978,148.99999999999994,,19,25.9
58425,Vivek Yadav,FALSE,0.039421813,0.039421813,top/middle,21,,70,0,10,70,-11,,4,25.9
58426,Aayush Singh,FALSE,0.039421813,0.039421813,finishing allrounder,11,,44,26,8.666666666666666,44,8.999999999999996,-12,14,24.01
58427,Yug Gupta,FALSE,0.097765363,0.097765363,finishing allrounder,186,,145.3125,5,6.971830985915493,145.3125,-72,-3,16,25.9
5844,Ebadot Hossain,FALSE,0.15625,0.15625,finishing allrounder,2,,66.66666666666667,20,7.757869249394673,66.66666666666667,0,-2.5,18,31.89
5845,Mohammad Salman Hossain Emon,FALSE,0.15625,0.15625,finisher,33,,106.45161290322581,0,8,1.068998178455652,32.99999999999999,,5,30.44
58619,Sanjit Basfore,FALSE,0.039421813,0.039421813,finishing allrounder,20,,142.85714285714286,1,5.538461538461538,142.85714285714286,,,3,31.52
58634,Mohammed Aashiyan,FALSE,0.039421813,0.039421813,opener,42,,87.5,,,87.5,31.999999999999993,,4,
58636,Inzamam Hussain,FALSE,0.039421813,0.039421813,top/middle,40,,81.63265306122449,,,81.63265306122449,-30,,5,
58637,Shubham Mishra,FALSE,0.039421813,0.039421813,finishing allrounder,79,,65.83333333333333,23,7.3768115942028984,65.83333333333333,-1,2.9999999999999996,21,
58638,Kavya Teotia,FALSE,0.039421813,0.039421813,top/middle,208,,106.12244897959184,,,106.12244897959184,-204,,10,20.07
58639,Rahul Raj Namala,TRUE,0.039421813,0.039421813,top/middle,111,,124.71910112359551,,,124.71910112359551,,,6,
58642,Shubhanker Shukla,FALSE,0.027149321266968326,0.027149321266968326,top/middle,15,,55.55555555555556,,,55.55555555555556,,,3,
58644,Mohamed Shavaz,FALSE,0.039421813,0.039421813,finisher,1,,25,,,25,,,2,
5866,Patrick Kruger,TRUE,0.15625,0.15625,finishing allrounder,67,,115.51724137931035,3,8.538461538461538,2.3871556205731643,,,5,30.81
5871,Fazle Mahmud,FALSE,0.098930481,0.069251337,finisher,91,,112.34567901234568,,,9.280051607206573,-3,,7,37.91
5872,Habibur Rahman,FALSE,0.14285714285714285,0.1,top/middle,40,,148.14814814814815,0,13,0.9724358765563941,,,3,38.36
58726,Faiz Ahmad,FALSE,0.039421813,0.039421813,top/middle,36,,92.30769231,,,92.30769231,,,3,
58727,Abhinandan Singh,FALSE,0.112,0.112,finishing allrounder,18,,138.46153846153845,27,6.559652928416486,1.4861728591779575,9.999999999999996,-7,21,28.73
58729,Abhay Chauhan,FALSE,0.039421813,0.039421813,opener,119,,116.66666666666667,,,116.66666666666667,16.999999999999996,,7,
58731,Mantu Kr Yadav,FALSE,0.039421813,0.039421813,finishing allrounder,62,,95.38461538461539,17,6.603174603174603,80.95238095238095,-28,-3,13,22.95
58734,Pankaj Kumar,FALSE,0.039421813,0.039421813,finishing allrounder,17,,100,8,6.801980198019802,100,-5,-6,13,
58735,Manav Sindhu,FALSE,0.039421813,0.039421813,opener,8,,66.66666666666667,,,66.66666666666667,,,1,21.21
58743,Akshu Bajwa,FALSE,0.057692307692307696,0.057692307692307696,finishing allrounder,71,,118.33333333333333,16,6.752186588921282,118.33333333333333,-1,1.9999999999999996,22,19.94
58744,Parth Palawat,FALSE,0.039421813,0.039421813,top/middle,79,,90.80459770114942,2,2.16,4.7630920465596125,,,9,
58746,Harsh Patel,FALSE,0.039421813,0.033508541,opener,8,,61.53846153846154,0,13,61.53846153846154,,,1,34.07
58749,Ziabur Rahman,FALSE,0.039421813,0.039421813,top/middle,9,,27.272727272727273,,,,,,4,21.96
58750,Md Saif Ali,FALSE,0.039421813,0.039421813,finishing allrounder,0,,0,6,5.925,,,,7,20.05
58751,Ghanshyam Upadhyay,FALSE,0.039421813,0.039421813,finisher,56,,77.77777777777777,,,77.77777777777777,,,5,
5882,Afif Hossain,FALSE,0.625,0.625,top/middle,1533,,116.4009111617312,4,8.627737226277372,2.537531540343742,-8.5,-8.78E-18,77,26.18
58859,Amar Chaudhary,FALSE,0.039421813,0.039421813,finishing allrounder,104,,130,11,6.838235294117647,2.841171222334973,81.99999999999997,8.999999999999996,9,
58865,Vijay Yadav,FALSE,0.039421813,0.039421813,finishing allrounder,35,,100,10,7.790322580645161,100,-9,-4,15,
58912,Sushant,FALSE,0.039421813,0.039421813,finisher,3,,100,,,100,,,1,25.9
5892,Blair Tickner,TRUE,0.625,0.53125,finishing allrounder,6,,35.294117647058826,9,9.493150684931507,1.8892224967359719,-2,1.9999999999999996,9,32.12
59064,Chandradeep Das,FALSE,0.039421813,0.027595269,finishing allrounder,0,,0,10,6.148760330578512,,,,6,36.82
59067,Abhilash Kumar Maurya,FALSE,0.039421813,0.039421813,batting allrounder,208,,99.52153110047847,6,6.549618320610687,105.17241379310344,35.999999999999986,5.999999999999999,12,24.94
59068,Ramen Arya,FALSE,0.039421813,0.039421813,finisher,10,,50,,,,,,2,20.94
59070,Bhaskar Kalita,FALSE,0.039421813,0.027595269,finishing allrounder,51,,65.38461538461539,9,4.387096774193548,,,,12,43.9
59071,Siddhant Bordoloi,FALSE,0.039421813,0.039421813,finishing allrounder,6,,46.15384615384615,1,6.6923076923076925,,,,2,18.47
59080,Mudassir Alam,FALSE,0.039421813,0.039421813,batting allrounder,196,,93.33333333333333,11,3.9735099337748343,,,,8,21.92
59084,Saksham Gahlot,FALSE,0.039421813,0.039421813,finishing allrounder,1,,33.333333333333336,5,8.752941176,33.333333333333336,,,4,20.21
59085,Rahul Gahlot,FALSE,0.039421813,0.039421813,finishing allrounder,0,,0,2,7.714285714285714,0,,,3,
59086,Aditya Bhandari,FALSE,0.039421813,0.039421813,finisher,143,,133.6448598130841,,,133.6448598130841,130.99999999999997,,13,
59116,Nikhil Kumar,FALSE,0.039421813,0.039421813,batting allrounder,82,,113.88888888888889,6,7.011235955,113.88888888888889,,,6,19.31
5912,Ashish Kumar,FALSE,0.039421813,0.027595269,opener,224,,155.55555555555554,,,155.55555555555554,,,6,36.96
5913,Shubham Rohilla,TRUE,0.625,0.625,opener,116,,126.08695652173913,,,1.9290018110716796,-112,,6,27.72
5915,Shivam Chauhan,FALSE,0.112,0.112,top/middle,126,,136.95652173913044,,,7.448770259050721,,,3,28.12
59153,Makarand Patil,FALSE,0.039421813,0.039421813,finisher,16,,133.33333333333334,,,1.0513673098509033,,,5,29.4
59154,Aditya Kumar,FALSE,0.039421813,0.039421813,opener,3,,33.333333333333336,,,33.333333333333336,,,1,
59155,Anivesh Chaudhary,FALSE,0.039421813,0.039421813,opener,285,,113.0952380952381,,,113.0952380952381,102.99999999999997,,15,
59162,Deepak Rana,FALSE,0.039421813,0.039421813,top/middle,148,,105.71428571428571,,,105.71428571428571,103.99999999999994,,7,
59163,Priyanshu Gautam,FALSE,0.039421813,0.039421813,finishing allrounder,42,,107.6923076923077,4,9.154639175257731,107.6923076923077,39.999999999999986,-4,8,
59211,Abhishek Pandey,FALSE,0.039421813,0.039421813,finisher,62,,119.23076923076923,,,119.23076923076923,15.999999999999996,,12,26.13
59216,Subham Das,FALSE,0.039421813,0.039421813,finishing allrounder,38,,76,4,6.64,,,,7,21.44
5922,Vijay Gohil,TRUE,0.38461538461538464,0.38461538461538464,finishing allrounder,28,,155.55555555555554,21,5.717277486910994,155.55555555555554,,7.499999999999997,9,30.12
59271,Simanta Roy,FALSE,0.039421813,0.039421813,finishing allrounder,47,,85.45454545454545,1,6.979591836734694,,,,7,19.79
59279,Kavya Gupta,FALSE,0.039421813,0.039421813,finisher,71,,114.51612903225806,,,114.51612903225806,-11,,9,
5928,Prithvi Shaw,TRUE,1,1,opener,1762,,158.02690582959642,,,2.1823264054703677,-51.9,,66,26.05
59287,Pranjal Bharali,FALSE,0.039421813,0.039421813,finishing allrounder,3,,60,4,3.107142857142857,,,,4,22.01
59288,Vikash Yadav,FALSE,0.039421813,0.039421813,top/middle,166,,105.73248407643312,0,4.5,,,,8,16.95
59299,Rakshit Rohi,TRUE,0.112,0.112,finishing allrounder,55,,107.84313725490196,6,8.61038961,16.83833371161354,20.999999999999993,5.999999999999999,11,20.68
5930,Ajaz Patel,FALSE,0.097765363,0.068435754,finishing allrounder,7,,50,10,3.4146341463414633,50,,,5,37.1
59300,Ashar Khan,TRUE,0.039421813,0.039421813,finisher,70,,111.11111111111111,0,6,111.11111111111111,,,3,21.12
59302,Rajya Vardhan Singh,FALSE,0.039421813,0.039421813,finisher,15,,107.14285714285714,,,107.14285714285714,,,6,20.21
59304,Himanshu Sony,TRUE,0.112,0.112,top/middle,97,,190.19607843137254,,,7.385137450737446,70.99999999999999,,7,24.68
59305,Pramod Rawat,FALSE,0.039421813,0.039421813,finishing allrounder,0,,0,2,8.459016393442623,0,,,3,29.16
59306,Daksh Awana,TRUE,0.057692307692307696,0.057692307692307696,opener,120,,84.50704225352112,,,14.074174140108845,57.99999999999998,,7,19.67
59307,Kartik Bhatt,TRUE,0.097765363,0.097765363,top/middle,79,,112.85714285714286,,,112.85714285714286,,,6,23.83
59308,Abhyuday Bhatnagar,TRUE,0.039421813,0.039421813,opener,101,,131.16883116883116,,,131.16883116883116,,,6,20.26
59311,Sachin Bhati,TRUE,0.098930481,0.098930481,top/middle,95,,103.26086956521739,0,6.48,1.2709581286235883,86.99999999999997,,7,
59313,Anay Basant Chettri,TRUE,0.098930481,0.098930481,finishing allrounder,64,,103.2258064516129,6,8.888888889,0.6978544509142472,63.999999999999986,3.999999999999999,11,
59317,Hitesh Naula,TRUE,0.097765363,0.097765363,top/middle,74,,112.12121212121212,,,112.12121212121212,,,4,24.1
59318,Aditya Naithani,TRUE,0.097765363,0.097765363,top/middle,63,,110.52631578947368,,,11.17520881,-49,,7,19.07
59320,Parmender Chadda,TRUE,0.098930481,0.098930481,finisher,58,,120.83333333333333,,,120.83333333333333,,,4,23.06
59321,Nikhil Harsh,FALSE,0.039421813,0.039421813,opener,37,,123.33333333333333,,,123.33333333333333,,,1,23.4
5933,Chintan Gaja,FALSE,0.22535211267605634,0.22535211267605634,finishing allrounder,70,,125,24,8.853868194842407,1.2790563747464305,20.999999999999993,0.19999999999999996,17,31.04
59330,Aarav Mahajan,TRUE,0.112,0.112,opener,252,,131.9371727748691,,,4.4263397580088935,-22,,13,19.42
59332,Harman Singh,TRUE,0.097765363,0.097765363,finishing allrounder,2,,25,5,7.166666666666667,25,,,4,25.52
59333,Shashwat Dangwal,TRUE,0.22535211267605634,0.22535211267605634,top/middle,521,,151.89504373177843,4,7.2272727272727275,45.49345116812041,308.9999999999999,1.9999999999999996,12,22.12
59335,Poorvansh Dhruv,TRUE,0.097765363,0.097765363,top/middle,199,,153.07692307692307,,,153.07692307692307,,,8,20.45
59336,Sanskar Rawat,TRUE,0.21153846153846154,0.21153846153846154,opener,504,,159.49367088607596,,,2.7001114589803135,89.99999999999997,,12,20.45
59343,Shivam Gupta,TRUE,0.098930481,0.098930481,finishing allrounder,9,,56.25,9,8,2.255013620080363,-7,-3,7,
59344,Deepak Kumar,TRUE,0.112,0.112,finishing allrounder,6,,300,6,9.264705882352942,300,,,4,30.3
59346,Saurav Chauhan,TRUE,0.19491525423728814,0.19491525423728814,finisher,227,,148.36601307189542,,,7.868228893,46.999999999999986,,11,28.1
59351,Shashank Shekhar Pant,TRUE,0.098930481,0.098930481,finishing allrounder,22,,95.65217391304348,2,8,95.65217391304348,,,5,20.08
5939,Cameron Green,TRUE,1,1,batting allrounder,1127,,151.68236877523555,25,8.317725753,2.2532213475225715,19.499999999999996,3.999999999999999,44,26.48
5940,Riley Meredith,TRUE,0.8904109589041096,0.8904109589041096,finishing allrounder,0,,0,25,8.646680942184155,0,0,-0.5,20,29.43
59417,Priyank Singh,FALSE,0.039421813,0.039421813,finishing allrounder,30,,250,2,7.090909090909091,250,,,3,
5944,Mohammed Siraj,TRUE,1,1,finishing allrounder,73,,86.9047619,81,7.470927187008905,1.2395236494555237,-5.7,0.8000000000000005,83,31.71
5949,Shubham Ranjane,FALSE,0.125,0.125,finishing allrounder,48,,126.3157894736842,3,9.826086956521738,1.2781964180297813,4.999999999999998,0.7499999999999999,4,31.67
5953,Lakshan Sandakan,FALSE,0.058558559,0.049774775,finishing allrounder,3,,25,0,7,25,,,1,34.46
5956,Vinod Kumar,FALSE,0.22535211267605634,0.15774647887323942,finishing allrounder,114,,156.16438356164383,21,6.285714285714286,1.650036748624678,,,13,38.32
5957,Rohan Kunnummal,FALSE,0.625,0.625,opener,1401,,154.63576158940398,,,5.224950003589459,150.7,,41,27.55
59580,Himanshu Singh,FALSE,0.027149321266968326,0.027149321266968326,finisher,3,,75,0,8.526315789473685,75,,,3,22.34
5959,Girinath Reddy,FALSE,0.22535211267605634,0.22535211267605634,finishing allrounder,170,,114.09395973154362,14,7.693379790940766,3.6607652488136577,16.2,2,17,27.13
59590,Saurabh Darekar,FALSE,0.039421813,0.039421813,top/middle,42,,77.77777777777777,,,,,,6,25.32
59591,Soham Sarwade,FALSE,0.039421813,0.039421813,finishing allrounder,4,,80,8,7.779310344827586,,,,10,22.86
59593,Omkar Mohol,FALSE,0.039421813,0.039421813,finisher,79,,100,,,,,,6,25.02
59594,Sagar Pawar,FALSE,0.039421813,0.039421813,top/middle,191,,169.02654867256638,0,15,,,,6,21.14
59596,Sagar Hogade,FALSE,0.039421813,0.039421813,finishing allrounder,7,,77.77777777777777,4,8.735294117647058,,,,3,28.45
59597,Soham Lele,FALSE,0.039421813,0.039421813,finishing allrounder,10,,62.5,4,9.306122448979592,,,,4,25.62
5960,Karthik Raman,FALSE,0.058558559,0.058558559,finishing allrounder,44,,200,10,9.071428571428571,200,-6,-4,8,28.64
59600,Akash Borade,FALSE,0.039421813,0.039421813,opener,74,,101.36986301369863,2,8.235294117647058,,,,9,24.76
59601,Vinay Shetty,FALSE,0.039421813,0.039421813,finishing allrounder,18,,94.73684210526316,3,10,,,,5,22.86
59603,,FALSE,0.039421813,0.039421813,bowler,22,,104.76190476190476,1,8.666666666666666,3.4082117462249553,,,0,
59605,Aadarsh Jain,FALSE,0.039421813,0.039421813,finisher,22,,95.65217391304348,1,10.666666666666666,,,,4,
59607,Kartik Pillay,FALSE,0.039421813,0.039421813,finishing allrounder,0,,0,2,10.097560975609756,,,,3,
59608,Jay Patil,FALSE,0.039421813,0.039421813,finishing allrounder,3,,33.333333333333336,2,7.741935483870968,,,,6,
5961,KV Sasikanth,FALSE,0.48437499999999994,0.48437499999999994,finishing allrounder,371,,170.1834862385321,47,8.445,1.2362571069395865,33.6,5.5,34,30.36
59611,Ubed Khatik,FALSE,0.039421813,0.039421813,finisher,0,,0,0,18,,,,2,
59612,Sai Banait,FALSE,0.039421813,0.039421813,finisher,8,,66.66666666666667,,,,,,3,
59613,Shubham Velankar,FALSE,0.039421813,0.039421813,finishing allrounder,5,,83.33333333333333,1,7.818181818181818,,,,2,27.58
59620,Krishna Martand,FALSE,0.039421813,0.039421813,finishing allrounder,0,,0,10,8.176991150442477,,,,8,23.93
59622,Sambit Sahoo,FALSE,0.027149321266968326,0.027149321266968326,top/middle,18,,78.26086956521739,,,78.26086956521739,,,3,
59652,Ashutosh Chhuria,FALSE,0.039421813,0.039421813,finishing allrounder,1,,50,6,7.212765957446808,50,,,6,22.85
5966,Himalay Agarwal,TRUE,0.48437499999999994,0.41171874999999997,finisher,86,,108.86075949367088,,,2.6885895311012895,,,4,32.13
59688,Limar Dabi,FALSE,0.039421813,0.033508541,finishing allrounder,7,,350,4,6.405405405405405,350,,,4,34.05
5969,Telukupalli Ravi Teja,TRUE,0.8904109589041096,0.8904109589041096,finishing allrounder,56,,93.33333333333333,25,6.339622641509434,1.5364347229780841,-11.5,-0.1,13,31.1
5971,Kolla Sumanth,TRUE,0.38461538461538464,0.3269230769230769,top/middle,17,,130.76923076923077,,,130.76923076923077,,,1,33.59
5972,Deepraj Gaonkar,TRUE,0.8904109589041096,0.8904109589041096,finishing allrounder,206,,136.42384105960264,7,7.321428571428571,10.098584508984032,3.6000000000000014,0.42857142857142844,13,27.65
59724,Jaymeet Manishbhai Patel,FALSE,0.039421813,0.039421813,batting allrounder,84,,120,7,8.810126582278482,120,,,5,23.53
59728,Roshan Kesari Warbah,FALSE,0.027149321266968326,0.027149321266968326,top/middle,17,,56.666666666666664,0,18,56.666666666666664,,,3,25.82
59729,Aditya Verma,FALSE,0,0,top/middle,5,,38.46153846153846,,,38.46153846153846,,,2,25.34
59730,Biki Kumar,FALSE,0.039421813,0.039421813,top/middle,66,,82.5,,,82.5,,,7,24.46
59732,Mibum Mosu,FALSE,0.039421813,0.039421813,finishing allrounder,43,,113.15789473684211,11,5.215686274509804,113.15789473684211,,,8,23
59734,Nabam Dol,FALSE,0.039421813,0.039421813,finishing allrounder,141,,134.28571428571428,2,5.751724137931035,134.28571428571428,,,8,24.9
59735,Prince Yadav,FALSE,0.039421813,0.039421813,batting allrounder,164,,174.46808510638297,5,6.409090909090909,174.46808510638297,,,5,24.54
59737,Hardik Himanshu Varma,FALSE,0.039421813,0.039421813,batting allrounder,152,,99.34640522875817,13,7.242603550295858,99.34640522875817,,,7,24.95
5977,Khary Pierre,FALSE,0.039421813,0.033508541,finishing allrounder,0,,0,3,8.04,0,,,3,34.01
5979,Abrar Ahmed,TRUE,0.625,0.625,finishing allrounder,4,,33.333333333333336,25,6.766423357664234,1.263922533,,8.999999999999996,25,27.21
59848,Arun Kumar,FALSE,0.039421813,0.039421813,finisher,42,,131.25,,,131.25,,,3,22.97
5985,Shubham Shubham Agarwal,TRUE,0.8904109589041096,0.7568493150684932,finishing allrounder,187,,109.35672514619883,13,7.6875,4.485007944870005,43.499999999999986,3.999999999999999,18,32.01
59873,Gaurav Jotshi,FALSE,0.039421813,0.039421813,finishing allrounder,4,,33.333333333333336,3,6.617647058823529,,,,3,
59876,Siddhesh Wargante,FALSE,0.057692307692307696,0.057692307692307696,finishing allrounder,58,,156.75675675675674,5,11.225806451612904,,,,6,26.93
5988,Sayan Ghosh,FALSE,0.14285714285714285,0.12142857142857141,finishing allrounder,26,,70.27027027027027,38,6.53030303,0.8922868653084601,-11,-4,22,33.19
59881,Vaibhav Darkunde,FALSE,0.039421813,0.039421813,finishing allrounder,12,,133.33333333333334,8,7.822222222222222,,,,8,22.47
59883,Akash Benali,FALSE,0.039421813,0.039421813,finishing allrounder,53,,94.64285714285714,8,9.888888889,,,,7,
599,Avinash Yadav,FALSE,0.098930481,0.069251337,finishing allrounder,19,,100,2,6,100,,,2,39.15
5990,Amit Pachhara,FALSE,0.039421813,0.039421813,finisher,14,,63.63636363636363,,,63.63636363636363,,,3,30.22
5991,Dharmendrasinh Jadeja,FALSE,0.625,0.4375,finishing allrounder,184,,126.89655172413794,35,6.5244215938303345,3.8597862013895905,6.000000000000001,0.6000000000000004,37,35.31
59925,Vinay Patil,FALSE,0.039421813,0.039421813,top/middle,50,,90.90909091,,,,,,5,
59926,Paradym Mohajain,FALSE,0.039421813,0.039421813,finisher,1,,50,,,,,,4,
59934,Ajay Godse,FALSE,0.039421813,0.039421813,finishing allrounder,14,,87.5,7,7.1891891891891895,,,,6,29.19
60114,,FALSE,0.039421813,0.039421813,bowler,144,,146.9387755102041,0,12,,,,0,
60115,Abhay Kamal Choudhary,FALSE,0.039421813,0.039421813,opener,142,,133.96226415094338,,,5.162495540739949,,,7,23.75
60119,Tejasvi Jaiswal,FALSE,0.039421813,0.039421813,top/middle,1,,50,,,50,,,1,28.74
60121,Ayush Loharuka,FALSE,0.039421813,0.039421813,top/middle,85,,107.59493670886076,,,3.013560892184738,-23,,4,22.42
6025,Henry Shipley,FALSE,0.098930481,0.098930481,finishing allrounder,2,,100,2,9.831325301204819,100,,,5,29.55
6038,Pratham Sing,FALSE,0.21153846153846154,0.1798076923076923,opener,114,,126.66666666666667,,,1.6093928698371898,95.99999999999999,,8,33.24
6046,Kanishk Seth,TRUE,0.22535211267605634,0.22535211267605634,finishing allrounder,49,,90.74074074074075,24,8.421524664,1.5910784473639494,-19,-4,22,28.06
6047,Abhishek Raman,FALSE,0.097765363,0.083100559,top/middle,259,,124.51923076923077,1,8.727272727272727,124.51923076923077,22.999999999999993,,14,32.22
605,Abu Nechim,FALSE,0.039421813,0.027595269,top/middle,57,,103.63636363636364,,,103.63636363636364,,,3,37.06
60502,Sagar Chabria,TRUE,0.039421813,0.039421813,batting allrounder,207,,140.81632653061226,7,7.285714285714286,2.357998648117511,,,11,25.87
60504,Dip Borah,FALSE,0.039421813,0.039421813,finishing allrounder,0,,0,3,9.677419355,0,,,4,21.78
6054,Satyajeet Bachhav,FALSE,0.36,0.306,finishing allrounder,71,,142,39,7.057591623036649,3.4511036133619686,16.499999999999993,1.4999999999999982,29,32.99
60542,Afzal Hussain,FALSE,0,0,top/middle,10,,52.63157894736842,,,60,,,2,24.41
60543,Vishal Yadav,FALSE,0.039421813,0.039421813,finishing allrounder,6,,100,2,10.5,,,,1,25.9
6058,Nikit Dhumal,FALSE,0.19491525423728814,0.1656779661016949,finishing allrounder,9,,75,35,8.188888888888888,66.66666666666667,-4.71E-16,5.499999999999997,33,34.4
6059,Ruturaj Gaikwad,TRUE,1,1,top/middle,3267,,141.12311015118792,,,2.562891953857081,-63.4,,96,28.82
6060,Shamshuzama Kazi,FALSE,0.21153846153846154,0.21153846153846154,finishing allrounder,134,,103.07692307692308,17,7.7164179104477615,103.07692307692308,-1.5,-1,24,31.04
6061,Naushad Shaikh,TRUE,0.8904109589041096,0.7568493150684932,top/middle,449,,136.06060606060606,,,4.386658509799342,-122.5,,23,34.12
60634,Gaurav Kochar,FALSE,0.039421813,0.033508541,top/middle,6,,85.71428571428571,,,85.71428571428571,,,1,33.19
60635,Abhishek Desai,FALSE,0.039421813,0.039421813,opener,177,,108.58895705521472,,,30.87978526136871,72.99999999999999,,7,27.12
60637,Smit Patel,FALSE,0.039421813,0.033508541,opener,201,,139.58333333333334,,,139.58333333333334,,,7,32.53
60638,Samrat Sutradhar,FALSE,0.027149321266968326,0.027149321266968326,opener,1,,20,,,20,,,2,28.96
60639,Riaz Uddain,FALSE,0,0,top/middle,4,,36.36363636363637,,,36.36363636363637,,,1,25.04
60664,Subham Satrujit,FALSE,0.039421813,0.039421813,top/middle,152,,143.39622641509433,,,151.04166666666666,,,6,26.21
60666,,FALSE,0,0,bowler,15,,88.23529411764706,0,10.736842105263158,,,,0,
60667,Ibitlang Thabah,FALSE,0,0,top/middle,4,,66.66666666666667,,,66.66666666666667,,,1,
60674,Shamphri Terang,FALSE,0.039421813,0.039421813,opener,114,,83.21167883211679,,,81.18811881188118,,,4,25.09
60681,Kara Hakap,FALSE,0.039421813,0.039421813,opener,207,,127.77777777777777,,,127.77777777777777,,,6,31.89
60688,Azizul Hakim Tamin,FALSE,0.039421813,0.039421813,top/middle,5,,20.833333333333332,,,0.6783277711746619,,,4,
60689,Zawad Abrar,TRUE,0.039421813,0.039421813,top/middle,66,,79.51807228915662,,,1.3977959082423042,,,5,
60700,Ravi Singh,FALSE,0.039421813,0.039421813,top/middle,234,,151.94805194805195,,,151.94805194805195,,,11,24.51
60796,Nitin Yadav,TRUE,0.039421813,0.039421813,finishing allrounder,2,,100,2,6.230769230769231,100,,,1,21.61
60798,,FALSE,0,0,unknown,12,,85.71428571428571,,,85.71428571428571,,,0,
60799,Azaan Thota,FALSE,0.039421813,0.039421813,opener,56,,109.80392156862744,,,109.80392156862744,,,3,
6097,Brydon Carse,TRUE,0.8904109589041096,0.8904109589041096,finishing allrounder,46,,124.32432432432432,20,8.416961130742049,1.0259805476742834,22.999999999999993,4.999999999999999,14,25.9
61443,Surya Pratap Singh,FALSE,0.027149321266968326,0.027149321266968326,finisher,11,,110,,,110,,,2,20.33
61502,Hridyanand Singh,FALSE,0,0,top/middle,10,,52.63157894736842,,,52.63157894736842,,,1,
6160,Chamika Karunaratne,TRUE,1,1,finishing allrounder,257,,104.47154471544715,15,8.103092783505154,1.3413026773179104,-20.2,-1.057142857,30,29.49
6161,Rahul Chahar,TRUE,1,1,finishing allrounder,160,,105.26315789473684,62,7.434875444839857,1.569226484030072,-5.6,-5,64,26.31
6162,Kulwant Khejroliya,TRUE,0.8904109589041096,0.7568493150684932,finishing allrounder,27,,103.84615384615384,17,9.678018575851393,140,-1,1.6999999999999997,16,33.71
6172,Lasith Croospulle,FALSE,0.039421813,0.039421813,top/middle,113,,121.50537634408602,,,1.1107238215953052,-13,,8,27.13
6176,Ashen Bandara,TRUE,0.2,0.2,top/middle,9,,45,,,45,,,1,27.01
6179,Nipun Ransika,FALSE,0.039421813,0.039421813,finishing allrounder,6,,85.71428571428571,6,7.108695652173913,85.71428571428571,,,5,26.49
6180,Praveen Jayawickrama,TRUE,0.36,0.36,finishing allrounder,0,,0,2,8.962025316455696,0,,1.9999999999999996,5,27.16
61889,Gedak Ete,FALSE,0.039421813,0.039421813,top/middle,112,,105.66037735849056,,,105.66037735849056,,,7,27.92
61890,Namam Tatang,FALSE,0.039421813,0.039421813,top/middle,22,,64.70588235294117,,,64.70588235294117,,,3,28.38
62028,Honey Khari,FALSE,0.039421813,0.039421813,opener,94,,89.52380952380952,4,5.659090909090909,89.52380952380952,,,4,
62036,Amit Yadav,FALSE,0.039421813,0.039421813,opener,274,,135.64356435643563,,,135.64356435643563,,,8,23.24
6235,Sundararaman Radhakrishnan,FALSE,0.36,0.36,top/middle,557,,109.43025540275049,,,5.918259904991843,-28.6,,28,26.37
62358,Sasidharan R,FALSE,0.039421813,0.039421813,finishing allrounder,4,,44.44444444444444,5,9.405405405405405,44.44444444444444,,,2,27.32
6236,Manish Ravi,FALSE,0.098930481,0.098930481,finishing allrounder,4,,50,3,9.6,50,,,4,29.95
6237,Manimaran Siddharth,FALSE,0.625,0.625,finishing allrounder,48,,92.30769231,52,5.6680851063829785,2.1696999494218514,-0.2,-1.5,51,27.4
6238,K Deeban Lingesh,FALSE,0.097765363,0.097765363,finisher,38,,79.16666666666667,1,5.625,2.2416834382941335,,,7,
6240,M Poiyamozhi,FALSE,0.36,0.36,finishing allrounder,62,,96.875,60,7.192592592592592,1.320319011414177,-1.7,1.0000000000000002,34,
6243,K Mani Bharathi,FALSE,0.21153846153846154,0.21153846153846154,top/middle,408,,110.5691056910569,,,5.352299175968652,-48.5,,22,
6245,Kannan Vignesh,FALSE,0.15625,0.1328125,finishing allrounder,20,,54.054054054054056,30,7.460122699386503,1.1107022429509152,-1.807692308,-0.346153846,23,32.11
6247,RS Hariharan,FALSE,0.36,0.36,top/middle,476,,105.77777777777777,5,7.967213114754099,6.929223372663399,10.5,0.14285714285714282,34,25.17
62473,Sharad Chahar,FALSE,0.039421813,0.039421813,finishing allrounder,6,,46.15384615384615,1,9.551020408163266,46.15384615384615,,,3,21.15
62475,Jitesh Singh,FALSE,0.039421813,0.039421813,finisher,6,,60,,,60,,,2,26.95
6250,R Rajan,FALSE,0.039421813,0.039421813,finisher,53,,132.5,,,132.5,,,2,
62505,Lindum Kamte,FALSE,0.039421813,0.039421813,finisher,59,,105.35714285714286,,,105.35714285714286,,,7,31.73
6252,S Kishan Kumar,FALSE,0.039421813,0.039421813,finishing allrounder,8,,100,1,5,100,,,1,
62525,Nabam Natung,FALSE,0.039421813,0.039421813,batting allrounder,113,,109.70873786407768,2,7.454545454545454,109.70873786407768,,,8,25.89
62526,Krains Fuletra,FALSE,0.039421813,0.039421813,finishing allrounder,1,,100,10,7.555555555555555,100,,,10,21.44
6256,Varun Chakravarthy,TRUE,1,0.85,finishing allrounder,98,,84.48275862068965,193,7.065176908752328,1.075136542559095,5.9,11,138,34.25
6263,Aaditya AVaradarajan,FALSE,0.098930481,0.098930481,top/middle,177,,104.11764705882354,,,1.1336436958012124,70.99999999999999,,9,
6264,S Aravind,FALSE,0.098930481,0.098930481,top/middle,197,,93.36492890995261,2,5.833333333333333,5.121733208472952,1.9999999999999933,,14,
6265,S Sujay,FALSE,0.19491525423728814,0.19491525423728814,top/middle,491,,104.46808510638297,,,8.137691717405168,30.400000000000006,,27,
62650,Roshan Madhav,FALSE,0.039421813,0.039421813,opener,140,,102.94117647058823,10,7.785123966942149,102.94117647058823,,,7,28.44
62679,Ritesh Paul,FALSE,0.039421813,0.027595269,opener,79,,105.33333333333333,,,105.33333333333333,,,7,41.6
6268,Stephen Eskinazi,FALSE,0.039421813,0.039421813,top/middle,68,,103.03030303030303,,,1.2771180189999833,33.99999999999999,,4,31.67
62680,Jubin Doley,FALSE,0.027149321266968326,0.027149321266968326,batting allrounder,11,,25.58139534883721,1,6.5625,25.58139534883721,,,3,25.9
62681,Saibal Ghose,FALSE,0.039421813,0.039421813,finisher,15,,57.69230769230769,0,10.5,57.69230769230769,,,3,28.76
62686,Jayesh Halakr,FALSE,0,0,opener,6,,60,,,60,,,2,20.13
62693,Damian Sereng,FALSE,0.027149321266968326,0.027149321266968326,batting allrounder,4,,21.05263157894737,4,9.826086956521738,21.05263157894737,,,3,25.85
62694,Khalid Alam,FALSE,0.039421813,0.039421813,batting allrounder,76,,101.33333333333333,6,7.0212765957446805,5.198377367389835,,,7,26
62695,Abhishant Bakshi,FALSE,0.039421813,0.039421813,finishing allrounder,84,,101.20481927710843,6,5.731343283582089,101.20481927710843,,,5,29.23
62708,Shreevathsa R Acharya,FALSE,0.039421813,0.039421813,finishing allrounder,2,,100,7,8.086956522,100,,,10,23.7
6272,William Jacks,TRUE,1,1,top/middle,1419,,147.50519750519751,13,7.592727272727273,3.051884370608425,-17.9,2.2999999999999994,61,27.01
6273,Tom Banton,FALSE,0.22535211267605634,0.22535211267605634,top/middle,224,,151.35135135135135,,,2.3867230481637938,-20,,14,27.04
62781,Utpal Gayari,FALSE,0.039421813,0.027595269,batting allrounder,3,,75,1,12.75,75,,,1,43.73
62783,,FALSE,0,0,bowler,0,,0,4,8.294117647058824,0,,,0,
6280,Harry Brook,TRUE,1,1,top/middle,1001,,144.02877697841726,,,1.8952687408273954,-37.7,,49,26.76
6281,Abhishek Sharma,TRUE,1,1,opener,3517,,166.20982986767487,45,6.908700322234157,3.8117089488781692,268.8,1.3,122,25.23
6282,Salman Khan,FALSE,0.098930481,0.098930481,top/middle,119,,121.42857142857143,,,121.42857142857143,,,3,26.92
6283,Het Patel,FALSE,0.098930481,0.098930481,top/middle,164,,98.79518072289157,,,2.749527403333216,27.999999999999996,,10,27.12
6284,Anukul Roy,TRUE,1,1,finishing allrounder,221,,154.54545454545453,12,7.010989010989011,1.3072062303633503,-5.9,0.20000000000000004,17,26.99
6285,Kamlesh Nagarkoti,TRUE,0.625,0.625,finishing allrounder,3,,33.333333333333336,7,9.171974522292993,0.6845188127826887,-0.214285714,1.6428571428571435,8,25.91
62852,Aditya Anand,FALSE,0.039421813,0.039421813,batting allrounder,64,,95.52238806,3,5.529411764705882,95.52238806,,,4,20.83
62853,Badal Kanaujiya,FALSE,0.039421813,0.039421813,finishing allrounder,25,,51.02040816326531,2,5.714285714285714,51.02040816326531,,,3,
62854,Aakash Kumar,FALSE,0.027149321266968326,0.027149321266968326,finisher,25,,49.01960784313726,2,6.3,49.01960784313726,,,2,21
62856,Pramod Yadav,FALSE,0.039421813,0.039421813,top/middle,69,,135.2941176470588,,,135.2941176470588,,,7,21.99
62857,Pankaj Vishwakarma,FALSE,0.027149321266968326,0.027149321266968326,finisher,34,,55.73770491803279,0,13.714285714285714,55.73770491803279,,,4,23.77
6286,Shivam Mavi,TRUE,1,1,finishing allrounder,277,,156.49717514124293,62,7.646302250803859,1.4167217245226356,26.200000000000003,2.3,44,27
62861,Saurabh Tripathi,FALSE,0.039421813,0.039421813,finishing allrounder,78,,102.63157894736842,6,6.578313253012048,102.63157894736842,,,5,27.04
62862,Vaibhav Pal,FALSE,0.039421813,0.039421813,finishing allrounder,26,,89.65517241379311,10,6,89.65517241379311,,,7,19.92
62867,Rajnish Pandit,FALSE,0.039421813,0.039421813,top/middle,61,,132.6086956521739,,,132.6086956521739,,,4,
62868,,FALSE,0,0,bowler,15,,68.18181818181819,4,4.894736842105263,68.18181818181819,,,0,
6287,Yash Thakur,TRUE,1,1,finishing allrounder,45,,109.7560975609756,59,8.491646778,1.7650235397311294,5.749999999999998,0.6000000000000001,38,26.91
62870,Aarmand Zuffri,FALSE,0.027149321266968326,0.027149321266968326,finisher,42,,85.71428571428571,,,85.71428571428571,,,4,19.03
62871,Jay Singh,FALSE,0.039421813,0.039421813,batting allrounder,110,,94.82758620689656,2,4.604651162790698,94.82758620689656,,,5,23.28
62874,Rohit Shah,FALSE,0.027149321266968326,0.027149321266968326,finishing allrounder,0,,0,1,7.333333333333333,0,,,2,19.84
62875,Divya Jyoti Sharma,FALSE,0.039421813,0.039421813,finishing allrounder,38,,115.15151515151516,1,8.884615384615385,115.15151515151516,,,3,21.61
62876,Bhargav Jyoti Kalita,FALSE,0.039421813,0.039421813,finisher,10,,125,,,125,,,1,21.4
62877,Akash Kumar Shah,FALSE,0,0,finisher,1,,33.333333333333336,,,33.333333333333336,,,1,24.97
62879,Yash Sharma,FALSE,0,0,top/middle,19,,79.16666666666667,,,79.16666666666667,,,2,18.98
6288,Shubman Gill,TRUE,1,1,opener,3833,,140.35151958989383,,,2.853564681,66.20000000000002,,110,26.22
62881,Ashutosh Kumar,FALSE,0.039421813,0.039421813,finishing allrounder,58,,111.53846153846153,6,6.233766233766234,111.53846153846153,,,3,21
62882,Ranjan Jyoti Khataniar,FALSE,0.039421813,0.039421813,batting allrounder,11,,91.66666666666667,1,9.428571428571429,91.66666666666667,,,1,27.77
62883,Ikramul Ali,FALSE,0.039421813,0.033508541,finishing allrounder,15,,71.42857142857143,1,6.428571428571429,71.42857142857143,,,2,33.82
62884,Hirakjyoti Mahanta,FALSE,0,0,finisher,0,,0,,,0,,,3,21.17
62888,Nilim Gogoi,FALSE,0.039421813,0.027595269,finisher,3,,60,,,60,,,1,36.24
62889,Sunil Ranjan Gogoi,FALSE,0.039421813,0.027595269,opener,70,,145.83333333333334,3,8.555555555555555,145.83333333333334,,,3,35.85
62898,Mashaikh Faraz,FALSE,0.027149321266968326,0.019004524886877826,top/middle,1,,25,,,25,,,2,35.9
62900,Kanhaiya Wadhawan,FALSE,0.039421813,0.039421813,finisher,19,,172.72727272727272,,,172.72727272727272,,,1,24.16
62901,Rahul Romauld,FALSE,0.027149321266968326,0.027149321266968326,batting allrounder,6,,35.294117647058826,1,5.076923076923077,35.294117647058826,,,3,23.65
62902,Aman Kumar,FALSE,0.039421813,0.039421813,finishing allrounder,8,,47.05882352941177,1,11.35135135135135,47.05882352941177,,,6,20.23
62904,Abhay Kumar,FALSE,0.027149321266968326,0.027149321266968326,finishing allrounder,3,,37.5,5,6.083333333333333,37.5,,,4,17.91
62906,Kumar Prabhuji,FALSE,0.027149321266968326,0.027149321266968326,top/middle,8,,42.10526315789474,,,42.10526315789474,,,1,18.06
62907,Yuvraj Singh,FALSE,0.039421813,0.039421813,batting allrounder,118,,147.5,4,6.422535211267606,147.5,,,5,26.59
62908,Anukul Singh,FALSE,0.027149321266968326,0.027149321266968326,finishing allrounder,0,,0,3,8.129032258064516,0,,,3,22.98
62909,Nikhil Singh,FALSE,0,0,finisher,14,,66.66666666666667,,,66.66666666666667,,,3,23.78
62912,Mohammad Habib,FALSE,0.039421813,0.039421813,top/middle,91,,102.24719101123596,,,102.24719101123596,,,7,25.11
62916,Ranjeesh Kumar,FALSE,0.039421813,0.039421813,finishing allrounder,2,,50,2,7.111111111111111,50,,,3,27.4
62918,Anuj Parihar,FALSE,0.039421813,0.039421813,finisher,62,,112.72727272727273,1,4.8,112.72727272727273,,,7,
62922,Divya Singh,FALSE,0.039421813,0.039421813,finishing allrounder,131,,122.42990654205607,10,7.9171597633136095,5.8271850686791815,,,13,
62923,Mandeep Boora,FALSE,0.039421813,0.039421813,batting allrounder,45,,128.57142857142858,0,7.0476190476190474,128.57142857142858,,,4,29.03
62925,Gaurab,FALSE,0.039421813,0.039421813,finishing allrounder,5,,83.33333333333333,4,6.846153846153846,83.33333333333333,,,4,22.24
62926,Tarique Jameel,FALSE,0.039421813,0.039421813,finishing allrounder,49,,116.66666666666667,6,6.666666666666667,116.66666666666667,,,3,26.15
62928,,FALSE,0.039421813,0.039421813,bowler,53,,100,1,7.953488372093023,100,,,0,
62930,Yusuf Nadeem,FALSE,0.027149321266968326,0.027149321266968326,top/middle,13,,54.166666666666664,,,54.166666666666664,,,2,22.15
62932,Gokul Prasad Dewangan,FALSE,0.039421813,0.039421813,finisher,50,,151.5151515151515,,,151.5151515151515,,,2,24.68
6297,Matthew Parkinson,TRUE,0.625,0.625,finishing allrounder,5,,41.666666666666664,2,9.068181818181818,0.49212598425196846,-5,0,4,29.09
63019,Aditya Raj,FALSE,0.027149321266968326,0.027149321266968326,finishing allrounder,10,,43.47826086956522,4,5.5,43.47826086956522,,,3,21.34
63042,Dilip Singh,FALSE,0.039421813,0.039421813,finishing allrounder,41,,113.88888888888889,6,4.823529411764706,113.88888888888889,,,5,27.78
63044,Arnav Bansal,FALSE,0,0,top/middle,6,,37.5,,,37.5,,,3,21.95
63049,Mohit Soni,FALSE,0.027149321266968326,0.027149321266968326,finishing allrounder,1,,50,2,5.857142857142857,50,,,2,25.92
63050,Ajai Jain,FALSE,0.027149321266968326,0.027149321266968326,top/middle,15,,75,,,75,,,1,20.96
63052,Gurtaj Singh Bains,FALSE,0.039421813,0.039421813,top/middle,181,,126.57342657342657,,,126.57342657342657,,,8,21.43
63053,Ritik Sandhu,FALSE,0.039421813,0.039421813,finishing allrounder,1,,100,1,8.75,100,,,3,19.23
63059,Ivraj Ranauta,FALSE,0.039421813,0.039421813,finishing allrounder,15,,166.66666666666666,7,6.634146341463414,166.66666666666666,,,6,25.58
63062,Karan Singh,FALSE,0.039421813,0.039421813,finishing allrounder,56,,100,2,9.578947368421053,100,,,6,29.94
63065,Markanday Panchal,FALSE,0.039421813,0.039421813,top/middle,80,,109.58904109589041,2,7.578947368421052,109.58904109589041,,,7,17.83
63066,Arjit Singh,FALSE,0.039421813,0.039421813,finisher,160,,133.33333333333334,,,133.33333333333334,,,9,29.59
63067,Dhananjay Sharma,FALSE,0.039421813,0.039421813,finishing allrounder,15,,71.42857142857143,1,10.857142857142858,71.42857142857143,,,5,23.02
63068,Dushyant Thamman,FALSE,0.039421813,0.039421813,opener,94,,116.04938271604938,,,116.04938271604938,,,6,22.03
63069,Awanish Raghuvanshi,FALSE,0.027149321266968326,0.027149321266968326,finisher,0,,0,,,0,,,1,23.84
63070,Ishaan Ishaan,FALSE,0.039421813,0.039421813,finishing allrounder,7,,233.33333333333334,7,7.081967213114754,233.33333333333334,,,7,18.92
63071,Yuvraj Singh,FALSE,0.027149321266968326,0.027149321266968326,finishing allrounder,4,,57.142857142857146,1,9.84,57.142857142857146,,,2,18.86
63073,Aarush Bhandari,FALSE,0.039421813,0.039421813,opener,197,,139.7163120567376,,,139.7163120567376,,,9,20.35
63074,Paras Kumar,FALSE,0.039421813,0.039421813,finishing allrounder,31,,83.78378378378379,3,7.741935483870968,83.78378378378379,,,5,21.05
63075,Rupesh Yadav,FALSE,0.039421813,0.039421813,top/middle,46,,117.94871794871794,,,117.94871794871794,,,5,17.68
63076,Meet Dahiya,FALSE,0.027149321266968326,0.027149321266968326,finisher,8,,100,,,100,,,2,17.62
63077,Sahil Kumar,FALSE,0.039421813,0.039421813,finishing allrounder,13,,76.47058823529412,10,5.746031746031746,76.47058823529412,,,9,22.03
63086,Ashish Dahariya,FALSE,0.039421813,0.039421813,opener,337,,143.40425531914894,4,4.378378378378378,1.1409891947335085,,,10,21.11
63087,Jagjot Sasan,FALSE,0.039421813,0.039421813,top/middle,202,,113.48314606741573,2,8.285714285714286,113.48314606741573,,,5,21.35
63088,Ashit Singh,FALSE,0.039421813,0.039421813,finishing allrounder,47,,117.5,6,7.164179104477612,117.5,,,6,21.62
63089,Vedant Dighade,FALSE,0.039421813,0.039421813,top/middle,174,,129.8507462686567,,,129.8507462686567,,,7,19.87
63091,Aditya Ahuja,FALSE,0.039421813,0.039421813,top/middle,119,,143.3734939759036,,,143.3734939759036,,,7,20.57
63092,Sanskar Chavate,FALSE,0.039421813,0.039421813,finishing allrounder,6,,150,0,8.526315789473685,150,,,4,19.81
63093,Varun Bisht,FALSE,0.039421813,0.039421813,finishing allrounder,138,,209.0909090909091,3,5.830985915492958,209.0909090909091,,,6,21.89
63094,Vishesh Tiwari,FALSE,0.039421813,0.039421813,finisher,91,,128.16901408450704,,,128.16901408450704,,,7,21.97
63095,Tejas Soni,FALSE,0.039421813,0.039421813,finishing allrounder,34,,136,1,10.071428571428571,136,,,5,22.38
63096,Akash Kombe,FALSE,0.039421813,0.039421813,finisher,38,,108.57142857142857,,,108.57142857142857,,,7,30.22
63102,Ashutosh Marandi,FALSE,0.027149321266968326,0.027149321266968326,finishing allrounder,2,,33.333333333333336,3,6.571428571428571,33.333333333333336,,,2,22.19
63104,Dipender Kush,FALSE,0.039421813,0.039421813,top/middle,56,,96.55172413793103,,,96.55172413793103,,,5,
63109,Abhishek Yadav,FALSE,0.039421813,0.039421813,top/middle,215,,153.57142857142858,,,2.6348386252499796,,,8,27.94
63112,,FALSE,0,0,bowler,2,,25,8,6.666666666666667,25,,,0,
63125,Pushpak Gujar,FALSE,0.039421813,0.039421813,finishing allrounder,31,,72.09302325581395,5,6.605504587155964,72.09302325581395,,,6,27.33
63131,Kartik Naidu,FALSE,0.039421813,0.039421813,finishing allrounder,138,,158.6206896551724,7,5.611510791366906,5.361555330063909,,,8,
6314,Devdutt Padikkal,TRUE,1,1,top/middle,2583,,124.1826923076923,,,2.7388702454464635,-1.8,,100,25.39
63166,Gaurav Mishra,FALSE,0.039421813,0.039421813,finisher,27,,142.10526315789474,,,1.1040656524528594,,,3,21.91
63167,Yash Thakur,FALSE,0.039421813,0.039421813,top/middle,0,,0,,,0,,,1,27.44
6319,Swapnil Yelave,FALSE,0.098930481,0.098930481,finishing allrounder,58,,113.72549019607843,1,6.6923076923076925,4.563330560310183,,,7,
6321,Shubhang Hegde,FALSE,0.8904109589041096,0.8904109589041096,finishing allrounder,683,,122.1824686940966,59,6.316666666666666,1.3433674581231148,3.699999999999999,0.6999999999999997,50,24.66
6322,D Avinash,FALSE,0.36,0.36,finishing allrounder,374,,119.87179487179488,25,9.176470588235293,6.703736807675285,-7.4,-2.9,37,
6323,SH Ashraf,FALSE,0.098930481,0.069251337,finishing allrounder,27,,71.05263157894737,11,6.803827751196172,71.05263157894737,,-11,10,36.07
63271,Prabal Chokhande,FALSE,0.039421813,0.039421813,finisher,32,,84.21052631578948,,,84.21052631578948,,,4,21.21
6328,Lavish Kaushal,FALSE,0.15625,0.15625,finishing allrounder,122,,169.44444444444446,41,6.996978851963746,169.44444444444446,41.999999999999986,-1.5,30,
63387,Monu Paswan,FALSE,0.039421813,0.039421813,finishing allrounder,20,,95.23809523809524,4,6.461538461538462,95.23809523809524,,,2,23.93
6342,Matthew Breetzke,TRUE,0.625,0.625,top/middle,102,,107.36842105263158,,,2.193634375645083,-2,,12,27.06
63496,Hunny Saini,FALSE,0.039421813,0.039421813,top/middle,193,,166.3793103448276,,,2.4034252232296733,,,11,21.06
63501,Pradheep Vishal,FALSE,0.027149321266968326,0.027149321266968326,finisher,18,,72,,,72,,,2,22.06
63503,Prabanjan S,FALSE,0.039421813,0.039421813,finisher,13,,130,,,2.091738691297902,,,2,17.5
6351,Yarra Prithviraj,FALSE,0.098930481,0.098930481,finishing allrounder,22,,115.78947368421052,28,6.552631578947368,23.239816808147523,-2,6.499999999999998,14,27.76
63513,Sahibjit Singh Billing,FALSE,0.039421813,0.039421813,finishing allrounder,10,,100,1,7.285714285714286,100,,,2,22.93
6352,Kishan Parmar,FALSE,0.098930481,0.084090909,top/middle,159,,108.16326530612245,,,108.16326530612245,-7,,8,33.63
63523,,FALSE,0,0,unknown,0,,0,,,0,,,0,
63526,Atchayan,FALSE,0.027149321266968326,0.027149321266968326,finishing allrounder,0,,0,0,9.25,0,,,1,19.26
63536,Shobhit Shaudhary,FALSE,0.039421813,0.039421813,finishing allrounder,130,,128.7128712871287,1,10.64516129032258,128.7128712871287,,,10,21.02
63538,Praveen Kumar S,FALSE,0.039421813,0.039421813,finishing allrounder,5,,83.33333333333333,3,9.241379310344827,83.33333333333333,,,6,27.76
6354,Spencer Johnson,TRUE,0.8904109589041096,0.8904109589041096,finishing allrounder,8,,66.66666666666667,19,8.676384839650146,1.085390747368927,-4,-0.5,17,29.95
63545,Rohit Chouhan,FALSE,0.027149321266968326,0.027149321266968326,top/middle,11,,73.33333333333333,,,73.33333333333333,,,1,19.84
63547,Aahil Kachru,FALSE,0.039421813,0.039421813,opener,87,,112.98701298701299,,,112.98701298701299,,,6,16.47
63548,Shrikaran A,FALSE,0.039421813,0.039421813,finisher,275,,143.97905759162305,,,143.97905759162305,,,12,29.06
6355,Shaheen Afridi,TRUE,1,1,finishing allrounder,253,,116.58986175115207,66,7.764084507042254,1.3437364424544345,34.50000000000001,5.6000000000000005,51,25.64
6356,Khaled Ahmed,FALSE,0.45901639344262296,0.3901639344262295,finishing allrounder,73,,121.66666666666667,54,8.075294118,21.15243343843777,13.899999999999997,3.1999999999999993,39,33.18
63564,Mohit Kumar,TRUE,0.039421813,0.039421813,finishing allrounder,4,,57.142857142857146,1,8.625,0.6924183694528013,,,2,
63565,Arun Arun,TRUE,0.039421813,0.039421813,finisher,6,,200,3,11.052631578947368,200,,,3,
63567,Shubham Shubham,TRUE,0.039421813,0.039421813,top/middle,187,,178.0952380952381,,,15.09727851,,,4,
63568,Suraj Vashishi,TRUE,0.039421813,0.039421813,top/middle,130,,136.8421052631579,,,5.359180303851423,,,4,
63569,Varun Varun,TRUE,0.039421813,0.039421813,finishing allrounder,0,,0,6,7.26,0,,,4,
63570,Aaryan Aaryan,TRUE,0.039421813,0.039421813,opener,22,,115.78947368421052,0,8.571428571428571,115.78947368421052,,,2,
63575,Yaseen Saudagar,FALSE,0.039421813,0.039421813,finisher,34,,125.92592592592592,,,65.09410305006067,,,3,
63580,Prithvi Rajan Khanna,FALSE,0.039421813,0.039421813,finisher,174,,125.17985611510791,,,125.17985611510791,,,10,19.43
63586,Eshaan Goyal,FALSE,0.039421813,0.039421813,finisher,47,,97.91666666666667,,,3.875200046094323,,,2,
6359,Raghu Sharma,FALSE,0.36,0.306,finishing allrounder,23,,104.54545454545455,19,6.675,1.3066477197076054,2.249999999999999,-3.384615385,15,32.71
6360,Raghunath Sanjay,FALSE,0.22535211267605634,0.22535211267605634,batting allrounder,282,,128.76712328767124,10,6.46875,2.6663729943697687,13.285714285714288,,12,30.66
63600,Vikrant Auty,FALSE,0.039421813,0.039421813,top/middle,18,,100,,,2.521408657943696,,,2,
6362,Lalit Yadav,FALSE,0.098930481,0.098930481,finishing allrounder,23,,115,16,7.435582822085889,115,,4.666666666666665,8,29.95
63662,Karthick Saran,FALSE,0.039421813,0.039421813,finishing allrounder,94,,174.07407407407408,1,12.285714285714286,22.867150062570722,,,3,
63663,Atul Atul,FALSE,0.039421813,0.039421813,finisher,51,,110.8695652173913,0,16,1.393762020166497,,,3,
63664,Dinesh Dinesh,FALSE,0.039421813,0.039421813,finisher,47,,117.5,,,4.932542673763629,,,3,
63665,Rajesh Kannan,FALSE,0.039421813,0.039421813,finisher,7,,116.66666666666667,0,15.23076923076923,116.66666666666667,,,1,
63666,Rajwinder Singh,FALSE,0.039421813,0.039421813,finishing allrounder,17,,113.33333333333333,0,10.75,113.33333333333333,,,1,
63667,Ravi Teja,FALSE,0.039421813,0.039421813,batting allrounder,77,,120.3125,1,9.777777777777779,2.6820345945850645,,,3,
63669,Thanarai Selwan,FALSE,0.027149321266968326,0.027149321266968326,top/middle,0,,0,,,0,,,3,
6369,Wasiqur Rahman,TRUE,0.625,0.625,opener,336,,100.59880239520957,,,1.9992770611675454,42.64285714285714,,26,30.91
63703,Harshal Gajanan Waghmare,FALSE,0.039421813,0.039421813,finishing allrounder,19,,135.71428571428572,5,5.816326530612245,135.71428571428572,,,5,21.26
63705,Amitsingh Awadheshsingh Rathore,FALSE,0.039421813,0.039421813,batting allrounder,91,,146.7741935483871,2,2.25,146.7741935483871,,,4,29.5
63706,Ritesh Rajaram Chikane,FALSE,0,0,opener,0,,0,,,0,,,1,23.58
63707,Suhail Ahmad Ansari,FALSE,0.039421813,0.039421813,finisher,70,,102.94117647058823,,,102.94117647058823,,,4,22.4
6371,Aditya Singh,FALSE,0.039421813,0.027595269,top/middle,10,,62.5,,,62.5,,,3,35.96
63712,Dildar Khan,FALSE,0.039421813,0.039421813,finisher,7,,140,,,140,,,2,25.02
63716,Aryan Mhase,FALSE,0,0,finisher,0,,0,,,0,,,1,19.21
63718,Harsh Ubale,FALSE,0.039421813,0.039421813,finishing allrounder,58,,95.08196721311475,1,7.6,95.08196721311475,,,5,25.69
63720,Rahul Jadhav,FALSE,0.027149321266968326,0.027149321266968326,top/middle,15,,65.21739130434783,,,65.21739130434783,,,2,22.11
63721,Yogesh Shinde,FALSE,0.039421813,0.039421813,finishing allrounder,84,,140,1,7.181818181818182,140,,,6,26.94
63722,Soham Bende,FALSE,0.039421813,0.039421813,top/middle,92,,124.32432432432432,2,6.571428571428571,124.32432432432432,,,6,21.31
63723,Indal Patel,FALSE,0.027149321266968326,0.027149321266968326,finishing allrounder,21,,70,1,10.8,70,,,3,19.31
63725,Ganesh Bhoi,FALSE,0.039421813,0.027595269,finishing allrounder,14,,87.5,0,8.25,87.5,,,2,38.4
63726,Shivam Gupta,FALSE,0.027149321266968326,0.027149321266968326,finisher,4,,80,1,5.666666666666667,80,,,2,19.99
63727,Akhilesh Barai,FALSE,0.039421813,0.039421813,finisher,63,,118.86792452830188,0,4.285714285714286,118.86792452830188,,,5,18.37
63729,Sunny Kahar,FALSE,0.027149321266968326,0.027149321266968326,finisher,0,,0,0,12.5,0,,,1,21.92
63730,Piyush Kanojiya,FALSE,0.039421813,0.039421813,finishing allrounder,2,,66.66666666666667,7,6.394160583941606,66.66666666666667,,,6,20.64
63731,Dhruv Gothi,FALSE,0.039421813,0.039421813,finishing allrounder,7,,175,4,6.895522388059701,175,,,5,24.69
63732,Jaineel Nandha,FALSE,0,0,finisher,4,,66.66666666666667,,,66.66666666666667,,,3,18.55
63735,Tushar Singh,FALSE,0.039421813,0.039421813,finisher,17,,113.33333333333333,,,8.473396611,,,3,19.09
63737,Aryan Deshmuk,FALSE,0.039421813,0.039421813,top/middle,36,,85.71428571428571,,,85.71428571428571,,,3,19.1
63738,Suraj Shirsat,FALSE,0.039421813,0.039421813,finishing allrounder,4,,80,7,5.6875,80,,,5,19.26
63739,Suchit Deavli,FALSE,0.039421813,0.039421813,finishing allrounder,92,,124.32432432432432,6,8.571428571428571,124.32432432432432,,,7,
63740,Alim Shaikh,FALSE,0.039421813,0.039421813,finishing allrounder,4,,57.142857142857146,5,6.873786408,0.6948239136595661,,,8,27.47
63741,Mairaj Khan,FALSE,0.039421813,0.039421813,finishing allrounder,0,,0,0,10,0,,,2,31.96
63742,Vidyadhar Kamath,FALSE,0.039421813,0.027595269,finishing allrounder,26,,89.65517241379311,9,5.314285714285714,89.65517241379311,,,5,42.45
63743,Pratik Tare,FALSE,0,0,finisher,3,,60,,,60,,,1,17.23
63745,Ketan Kharat,FALSE,0.039421813,0.027595269,finishing allrounder,19,,51.351351351351354,10,5,51.351351351351354,,,7,36.11
63748,Anirudh Ghag,FALSE,0.027149321266968326,0.027149321266968326,finisher,1,,50,0,2.6666666666666665,50,,,1,21.75
63749,Aryaveer Rakesh,FALSE,0,0,top/middle,0,,0,,,0,,,1,19.18
63750,Ashaz Shah,FALSE,0.039421813,0.039421813,finisher,8,,66.66666666666667,,,66.66666666666667,,,1,18.07
63751,Omkar Joshi,FALSE,0,0,finisher,2,,40,,,40,,,1,21.22
63754,Aadarsh Patil,FALSE,0.039421813,0.039421813,top/middle,15,,107.14285714285714,,,107.14285714285714,,,1,24.28
63768,Ajinkya Patil,FALSE,0.039421813,0.039421813,opener,11,,73.33333333333333,,,0.5692827780450513,,,3,
63769,Vinay Kunwar,FALSE,0.039421813,0.039421813,finisher,191,,129.05405405405406,1,6.461538461538462,2.938976933253082,,,9,
6377,Shubham Khajuria,FALSE,0.098930481,0.098930481,top/middle,138,,105.34351145038168,,,6.540793108,-43,,5,30.2
63770,Maninder Singh,FALSE,0.039421813,0.039421813,finisher,21,,116.66666666666667,,,0.9951502820794905,,,3,
63772,Vedanth Bharadwaj,FALSE,0,0,finisher,2,,50,,,50,,,1,
63780,Abhinav Tiwari,TRUE,0.039421813,0.039421813,finisher,12,,133.33333333333334,,,133.33333333333334,,,1,
63788,Shubham Sharma,FALSE,0.039421813,0.039421813,opener,49,,140,,,7.524171446049998,,,3,
63793,Mittansh N,FALSE,0,0,finisher,3,,60,,,60,,,1,
63794,Rohan Tambe,FALSE,0.039421813,0.039421813,finisher,10,,125,,,125,,,1,
63803,Yash Gadia,FALSE,0.039421813,0.039421813,finishing allrounder,27,,135,1,7,135,,,2,
63804,Bhavin Thakkar,FALSE,0.039421813,0.027595269,finisher,17,,106.25,2,12.375,106.25,,,1,43.84
63806,Aayush Zimre,FALSE,0.039421813,0.039421813,top/middle,12,,200,,,200,,,1,
63807,Anish Chaudhary,FALSE,0.039421813,0.039421813,top/middle,140,,122.80701754385964,,,4.047800030117666,,,7,
63809,Gautam Waghela,FALSE,0,0,finisher,3,,75,,,75,,,1,
63812,Rohith K R,FALSE,0.039421813,0.039421813,opener,30,,100,,,100,,,2,17.05
63833,Ayush Vartar,FALSE,0,0,top/middle,3,,60,1,11.076923076923077,60,,,1,
63837,Samek Jagtap,FALSE,0.027149321266968326,0.027149321266968326,finishing allrounder,32,,64,1,6.333333333333333,64,,,2,
6384,Ashutosh Singh,FALSE,0.098930481,0.098930481,opener,561,,155.83333333333334,,,155.83333333333334,-157,,11,31.89
63853,Sourabh Singh,FALSE,0.039421813,0.039421813,finishing allrounder,161,,164.28571428571428,5,7.521126761,2.880494083383412,,,9,23.01
63868,Akshanth Jain,FALSE,0.039421813,0.039421813,finisher,70,,112.90322580645162,,,112.90322580645162,,,5,24.07
63869,Ayush Kaudare,FALSE,0.039421813,0.039421813,top/middle,106,,99.06542056074767,,,99.06542056074767,,,7,22.47
6387,Anshul Gupta,TRUE,0.625,0.4375,top/middle,179,,130.65693430656935,,,3.469339093,27.74999999999999,,8,36.18
6389,Tanvir Islam,FALSE,0.45901639344262296,0.45901639344262296,finishing allrounder,64,,108.47457627118644,59,7.053481331987891,1.8898190536169086,-5.2,-2.9,51,29.09
6392,Vishal Kushwah,FALSE,0.039421813,0.033508541,finisher,105,,175,,,175,,,5,34.99
63945,KN Ajeesh,FALSE,0.039421813,0.039421813,finishing allrounder,105,,128.0487804878049,2,6.580645161290323,128.0487804878049,,,6,27.23
6395,Josh Philippe,TRUE,0.48437499999999994,0.48437499999999994,top/middle,55,,85.9375,,,4.172858531393928,-5.75,,10,28.49
6396,Tim David,TRUE,1,1,finisher,1762,,165.6015037593985,,,1.7003936186311825,127.60000000000001,,90,29.7
6398,Aaron Hardie,TRUE,0.9411764705882353,0.9411764705882353,finishing allrounder,169,,118.18181818181819,11,8.152466367713005,2.570213786,-0.5,-1.57E-16,14,26.89
64046,Ajay Singh Janu,FALSE,0.027149321266968326,0.027149321266968326,finisher,1,,33.333333333333336,0,13.384615384615385,33.333333333333336,,,3,
6406,Akash Parkar,TRUE,1,1,finishing allrounder,349,,135.7976653696498,21,8.167741935483871,4.0512128716256965,63.249999999999986,4.249999999999999,20,31.52
6407,Sandeep Pattnaik,FALSE,0.21153846153846154,0.21153846153846154,top/middle,365,,129.8932384341637,,,1.7468962840012923,-7.5,,14,27.53
6408,Subhranshu Senapati,TRUE,1,1,top/middle,513,,139.40217391304347,,,2.4149351499446357,20.542857142857137,,20,28.91
6409,Shantanu Mishra,FALSE,0.039421813,0.039421813,opener,192,,107.26256983240224,,,107.26256983240224,63.999999999999986,,8,31.49
6410,Saurabh Rawat,TRUE,0.625,0.625,finisher,374,,146.09375,,,17.47885702084361,34.49999999999999,,15,27.93
6411,Koushik Ghosh,FALSE,0.039421813,0.033508541,opener,106,,89.83050847457628,,,89.83050847457628,-92,,7,33.1
6412,Pradipta Pramanik,TRUE,0.9411764705882353,0.9411764705882353,finishing allrounder,182,,136.8421052631579,13,8.083601286173634,2.0265296723979622,22.599999999999994,0.1,23,27.13
6413,Siddhesh Wath,FALSE,0.112,0.112,opener,192,,126.3157894736842,,,5.695080333,9.999999999999996,,8,28.4
6414,Aditya Dhumal,TRUE,0.8904109589041096,0.8904109589041096,finishing allrounder,84,,109.0909090909091,14,7.116719242902208,3.0492887958659374,19.999999999999993,2.9999999999999996,15,25.9
6415,Eknath Kerkar,TRUE,0.8181818181818182,0.6954545454545454,top/middle,277,,124.2152466367713,,,5.999123749681507,-13.22857143,,15,32.21
6418,Mitesh Patel,FALSE,0.15625,0.15625,top/middle,397,,147.03703703703704,,,134.3065693430657,27.71428571428571,,18,28.53
6419,Kartik Kakade,FALSE,0.22535211267605634,0.22535211267605634,finishing allrounder,93,,124,9,6.8059701492537314,3.630068091509552,-6.485714286,0.6000000000000001,18,30.34
6422,Rajjakuddin Ahmed,TRUE,1,1,finishing allrounder,394,,151.53846153846155,17,6.666666666666667,6.293303144897819,24.7,1.2,21,30.23
6423,Riyan Parag,TRUE,1,1,batting allrounder,1929,,142.67751479289942,21,8.160427807,2.4885441035644935,68.30000000000001,0.1,85,24.05
6424,Rajat Khan,FALSE,0.125,0.125,finishing allrounder,110,,129.41176470588235,8,5.625,0.6995520049707966,109.99999999999996,7.999999999999998,10,28.93
6426,Shivam Chaudhary,FALSE,0.38461538461538464,0.38461538461538464,opener,526,,120.91954022988506,4,6.082758620689655,11.027369792844286,33.57142857142858,0.3571428571428572,19,28.31
6427,Mohammad Saif,FALSE,0.3125,0.3125,top/middle,424,,123.61516034985422,0,12.857142857142858,2.1314640664931233,127.00000000000001,0,17,29.24
6428,Upendra Yadav,TRUE,1,1,top/middle,487,,133.0601092896175,,,6.526322004050796,17.099999999999998,,20,29.13
6429,Dhruv Singh,TRUE,0.8904109589041096,0.8904109589041096,finishing allrounder,131,,107.37704918032787,23,7.348623853211009,1.4225895815974117,64.49999999999997,6.4999999999999964,22,28.04
6433,Darwish Rasooli,TRUE,0.8904109589041096,0.8904109589041096,top/middle,394,,105.63002680965147,,,4.067618028582114,44.79999999999998,,24,25.96
6436,Qais Ahmad,TRUE,0.8904109589041096,0.8904109589041096,finishing allrounder,56,,93.33333333333333,17,7.405940594059406,3.524364314797505,3.142857142857142,-1.571428571,16,25.28
6440,Omair Yousuf,TRUE,0.112,0.112,top/middle,123,,124.24242424242425,,,1.7736072048532732,-109,,5,26.92
6441,Abdullah Shafique,FALSE,0.097765363,0.097765363,top/middle,23,,143.75,,,143.75,,,3,26.02
6443,Rohail Nazir,FALSE,0.039421813,0.039421813,finisher,41,,195.23809523809524,,,195.23809523809524,,,1,24.13
6448,Ibrahim Zadran,TRUE,0.8904109589041096,0.8904109589041096,top/middle,785,,104.24966799468791,,,4.519948564902849,-39.9,,34,23.96
6450,Mujeeb Ur Rahman,TRUE,1,1,finishing allrounder,98,,127.27272727272727,35,6.009724473257698,2.141197568401048,1.3000000000000012,-1.1,27,24.67
6452,Harsh Tyagi,FALSE,0.625,0.625,batting allrounder,540,,119.73392461197339,24,7.492822966507177,3.163890000637332,29,3.1999999999999993,43,25.9
6455,Ninad Rathva,FALSE,0.36,0.36,batting allrounder,412,,135.52631578947367,17,6.778761061946903,2.302881196386096,38.8,0.9999999999999998,29,26.72
6457,Urvil Patel,FALSE,0.45901639344262296,0.45901639344262296,opener,722,,200.55555555555554,,,2.074175844979547,75.6,,27,27.11
6460,Ayush Badoni,TRUE,1,1,finisher,2078,,145.01046755059315,19,7.758354755784062,3.8738117941249843,135.5,2.099999999999999,94,25.98
64604,Kalhan Challu,FALSE,0.027149321266968326,0.027149321266968326,finisher,8,,72.72727272727273,,,72.72727272727273,,,2,22.84
6461,Mayank Rawat,FALSE,0.2,0.2,finishing allrounder,638,,157.14285714285714,19,6.938547486,1.6732853447161127,11.999999999999998,-3,28,25.98
6462,U Mukilesh,FALSE,0.3125,0.3125,finishing allrounder,630,,117.97752808988764,11,7.225806451612903,8.861338824885262,8.100000000000001,-0.1,43,
6463,Shiva Singh,FALSE,0.625,0.625,finishing allrounder,358,,129.71014492753622,24,6.361809045,4.376000247469436,23.799999999999986,1.1999999999999997,41,26.11
6464,Arshdeep Singh,TRUE,1,1,finishing allrounder,124,,105.08474576271186,189,7.790257104194858,1.4637463041148733,3.7000000000000006,3.100000000000001,134,26.81
6465,Vivekanand Tiwari,TRUE,0.36,0.36,finishing allrounder,1,,50,3,7.953488372093023,50,,,2,27.14
6466,Atharva Taide,TRUE,1,1,opener,939,,148.10725552050474,2,12.23076923076923,2.7905762530875196,34.8,0.38461538461538464,29,25.59
6467,Anuj Rawat,TRUE,1,1,top/middle,1617,,132.86770747740346,0,10,1.7795547262471234,106.70000000000002,,69,26.11
6468,Rajesh Dhuper,FALSE,0.21153846153846154,0.21153846153846154,top/middle,281,,129.49308755760367,,,4.0265947221915095,12.771428571428565,,15,25.98
6470,Subham Nayak,FALSE,0.039421813,0.039421813,finishing allrounder,20,,95.23809523809524,3,5.52,95.23809523809524,,,3,27.09
64726,Dibakar Goala,FALSE,0.039421813,0.039421813,finisher,59,,125.53191489361703,0,6,125.53191489361703,,,4,26.35
6473,M K Fernando,FALSE,0.039421813,0.039421813,top/middle,214,,122.98850574712644,,,46.843255710659754,-2,,9,26.12
6481,Nayeem Hasan,FALSE,0.112,0.112,finishing allrounder,14,,82.35294118,10,7.491525423728813,1.1252398618974686,6.499999999999999,-1.5,8,25.79
6483,Nishan Madushka,FALSE,0.039421813,0.039421813,opener,55,,119.56521739130434,,,119.56521739130434,,,4,26.21
6486,Tanush Kotian,TRUE,1,1,finishing allrounder,172,,116.21621621621621,27,7.144736842105263,1.5165040146528357,6.999999999999997,-0.5,27,27.11
6487,Priyam Garg,TRUE,1,1,top/middle,1131,,131.8181818181818,,,3.1676021209171354,103.30000000000001,,47,24.99
6488,Harvik Desai,FALSE,0.48437499999999994,0.48437499999999994,opener,725,,136.79245283018867,,,6.162566512300966,44.60000000000001,,26,26.15
64887,Vipin Chandra,FALSE,0.039421813,0.039421813,finishing allrounder,24,,82.75862068965517,2,7.76,82.75862068965517,,,8,25.9
6489,Darshan Nalkande,TRUE,1,1,finishing allrounder,188,,118.23899371069183,22,9.050632911392405,1.6754328265187317,7.399999999999999,-0.1,26,27.15
6491,Mohit jangra,TRUE,0.8904109589041096,0.8904109589041096,batting allrounder,189,,128.57142857142858,9,8.2875,5.356096298,112.99999999999997,4.999999999999998,7,26.17
6492,Aryan Juyal,FALSE,0.38461538461538464,0.38461538461538464,top/middle,401,,126.1006289308176,,,3.027267566856815,50.92857142857143,,12,24.04
6493,Ankush Singh,FALSE,0.039421813,0.039421813,opener,287,,176.07361963190183,,,155.84415584415584,21.999999999999996,,13,27.12
6494,Manoj Bhandage,FALSE,0.8904109589041153,0.8904109589041153,finishing allrounder,603,,171.3068181818182,35,8.810408921933085,3.100982940324242,-54.1,1.4999999999999998,43,27.14
6506,Mohammad Imran Randhawa,FALSE,0.098930481,0.098930481,finishing allrounder,8,,72.72727272727273,1,8.769230769,72.72727272727273,,,3,28.92
6509,Utkarsh Singh,TRUE,0.8904109589041096,0.8904109589041096,batting allrounder,99,,139.43661971830986,4,6.185567010309279,89.48123396636544,-11.75,0,5,27.56
6512,Michael Bracewell,TRUE,1,0.85,finishing allrounder,369,,115.3125,33,7.046979865771812,1.9089799714540416,44.49999999999999,-2.7,41,34.78
6515,Benjamin Lister,TRUE,0.48437499999999994,0.48437499999999994,finishing allrounder,1,,16.666666666666668,8,7.92,0.5580198930612994,0.9999999999999998,-6,9,29.9
6516,Karsh Kothari,FALSE,0.039421813,0.039421813,finishing allrounder,2,,40,7,9.272727272727273,0.687656907,,,9,29.74
6518,Daniel Sams,TRUE,1,0.85,finishing allrounder,96,,109.0909090909091,18,7.546987951807229,3.3636356275980988,83.99999999999997,15.999999999999996,19,33.08
6522,Akshay Wadkar,FALSE,0.112,0.112,top/middle,170,,101.19047619047619,,,2.4531516339637216,-2.457142857,,11,31.38
6525,Kunal Chandela,TRUE,1,1,top/middle,635,,146.31336405529953,4,6.3428571428571425,3.417887966104812,117.5,-2,18,31.39
6526,Himmat Singh,FALSE,0.8904109589041096,0.8904109589041096,top/middle,1038,,145.3781512605042,9,9.664429530201343,3.2424351204060384,94.30000000000001,4.999999999999998,41,29.05
6527,Pulkit Narang,FALSE,0.125,0.125,finishing allrounder,16,,106.66666666666667,13,4.926829268292683,2.8154385010913425,3.999999999999999,1.7857142857142856,7,31.44
65304,Poras Yadav,FALSE,0.039421813,0.039421813,top/middle,56,,109.80392156862744,,,9.180435302325426,,,3,
65307,Arpit Shrivastava,FALSE,0,0,top/middle,10,,83.33333333333333,,,83.33333333333333,,,1,
65313,Shivam Yadav,FALSE,0.039421813,0.039421813,finishing allrounder,5,,83.33333333333333,5,10.556962025316455,2.062970720135751,,,5,
65316,Akanshu Kaiwart,FALSE,0.039421813,0.039421813,finisher,16,,69.56521739130434,,,1.2603157170760593,,,4,
65319,Akash Singh,FALSE,0.039421813,0.039421813,finisher,39,,185.71428571428572,,,0.7020154999505159,,,4,
65320,Sourabh Solanki,FALSE,0.039421813,0.039421813,finishing allrounder,40,,160,5,7.870967741935484,28.684015199561095,,,4,
65323,Ashutosh Pandey,FALSE,0,0,top/middle,2,,33.333333333333336,,,33.333333333333336,,,2,
65331,Ian Coster,FALSE,0.039421813,0.039421813,top/middle,84,,88.42105263157895,,,2.3859070912151368,,,4,
65332,Krishna Gandhi,FALSE,0.027149321266968326,0.027149321266968326,top/middle,19,,105.55555555555556,,,105.55555555555556,,,1,
65333,P Ashutosh,FALSE,0.027149321266968326,0.027149321266968326,top/middle,14,,77.77777777777777,,,77.77777777777777,,,1,
65336,Shobhit Sharma,FALSE,0.039421813,0.039421813,top/middle,38,,74.50980392156863,,,1.401599556579004,,,5,
65338,Kivnoor Singh Chhabra,FALSE,0.039421813,0.039421813,top/middle,195,,119.6319018404908,,,4.086000411719839,,,8,
65346,Tripesh Kumar Sahu,FALSE,0.027149321266968326,0.027149321266968326,finisher,11,,57.89473684210526,,,57.89473684210526,,,2,
65347,Chandrakant Devangan,FALSE,0.039421813,0.039421813,finisher,13,,48.148148148148145,0,11.142857142857142,19.27844166677295,,,4,
65348,Deovrat Rai,FALSE,0.039421813,0.039421813,finishing allrounder,12,,120,4,8.232558139534884,120,,,3,
65354,Shivam Chandrakar,FALSE,0.039421813,0.039421813,finishing allrounder,10,,83.33333333333333,0,11.5,83.33333333333333,,,4,
65355,Umang Soni,FALSE,0.039421813,0.039421813,finisher,3,,100,0,12,100,,,1,
65356,Manish Sharma,FALSE,0.039421813,0.039421813,finisher,57,,100,,,4.152363437970411,,,4,
65358,Tushar Chandrakar,FALSE,0.039421813,0.039421813,batting allrounder,45,,93.75,1,8.6,0.6968143627102243,,,4,
65362,Omkar Deshmukh,FALSE,0.039421813,0.039421813,top/middle,56,,105.66037735849056,,,4.250187321990524,,,4,
65365,Ambrish Kumar Singh,FALSE,0.039421813,0.039421813,finisher,132,,106.45161290322581,,,25.434814101248357,,,11,
65366,Ninad Pathania,FALSE,0,0,opener,0,,0,,,0,,,1,
65368,M Binny Samuel,FALSE,0.039421813,0.039421813,finisher,12,,120,,,1.491128540202083,,,2,
65371,Sahil Rajat Shariff,FALSE,0.039421813,0.039421813,top/middle,60,,113.20754716981132,,,4.338631451927862,,,8,
65373,Diwakar Tamrakar,FALSE,0.039421813,0.039421813,finishing allrounder,3,,100,11,7.561643835616438,100,,,7,
65379,V Vaibhav,FALSE,0.027149321266968326,0.027149321266968326,finisher,31,,100,1,11,100,,,4,
65391,Abhishek Sohgaura,FALSE,0.039421813,0.039421813,finisher,33,,94.28571428571429,,,2.6242715097726874,,,6,
65393,Syed Naved Ali,FALSE,0.039421813,0.039421813,opener,53,,115.21739130434783,,,0.699270079,,,3,
65402,Rohit Netani,FALSE,0.039421813,0.039421813,finisher,49,,84.48275862068965,,,1.4885488891810192,,,6,
65403,Aryan Jaiswal,FALSE,0.027149321266968326,0.027149321266968326,finisher,2,,66.66666666666667,0,7,66.66666666666667,,,5,
65405,Atul Pal,FALSE,0.039421813,0.039421813,top/middle,35,,152.17391304347825,,,152.17391304347825,,,2,30.17
65406,Upendra Kumar Yadav,FALSE,0.027149321266968326,0.027149321266968326,top/middle,11,,73.33333333333333,,,4.255367950763337,,,2,
65407,Harsh Rathore,FALSE,0.039421813,0.039421813,finishing allrounder,12,,100,6,9.022222222222222,1.0053914994110809,,,8,
65410,Praveen Kumar Kewat,FALSE,0.039421813,0.039421813,opener,43,,84.31372549019608,,,0.9702993885547325,,,4,
65411,Lovyum Rajput,FALSE,0.039421813,0.039421813,finishing allrounder,40,,68.96551724137932,6,7.478873239,3.3933454193035715,,,7,
65412,Devashish Singh,FALSE,0.039421813,0.039421813,finisher,10,,66.66666666666667,0,12,66.66666666666667,,,1,
65413,Janendra Sidar,FALSE,0.039421813,0.039421813,top/middle,107,,117.58241758241758,,,2.1137446200699825,,,5,
65414,Sourabh Jaiswal,FALSE,0.039421813,0.039421813,top/middle,91,,149.18032786885246,,,3.6166322873848653,,,4,
65415,Himanshu Jogi,FALSE,0.039421813,0.039421813,finisher,11,,110,,,110,,,1,
65417,Digvijay Singh,FALSE,0.039421813,0.039421813,finisher,35,,97.22222222222223,,,2.290649323328371,,,3,27.98
65418,Murli Mohan Sharma,FALSE,0.027149321266968326,0.027149321266968326,finishing allrounder,4,,50,0,11.837837837837839,50,,,2,
65420,Sudhanshu Tiwari,FALSE,0.039421813,0.039421813,finisher,19,,70.37037037037037,,,2.2310494553956834,,,2,
65421,Sanjeev Singh Singh,FALSE,0.027149321266968326,0.027149321266968326,finisher,4,,50,,,50,,,3,22.97
65422,Krish Chopra,FALSE,0.039421813,0.039421813,finisher,186,,152.45901639344262,,,1.3844682767512155,,,8,
65423,Amit Kunwar,FALSE,0.027149321266968326,0.027149321266968326,top/middle,4,,80,,,80,,,1,
65450,Amit Kumar Yadav,FALSE,0.039421813,0.039421813,opener,376,,181.6425120772947,13,6.818181818181818,9.688066431840907,,,9,17.04
65451,Rahul Naik,FALSE,0.039421813,0.039421813,top/middle,170,,140.49586776859505,,,4.102581926455453,,,9,
65453,Digvijay Patel,FALSE,0.039421813,0.039421813,finisher,10,,52.63157894736842,,,2.595742660342536,,,3,
6554,Salman Nizar,FALSE,0.625,0.625,top/middle,1458,,145.36390827517448,1,4.615384615384615,3.209794099585199,113.42857142857142,,44,28.41
65562,Md Faiz Khan,FALSE,0.027149321266968326,0.027149321266968326,finisher,3,,23.076923076923077,0,13,23.076923076923077,,,2,18.13
6560,Harishankar Reddy,FALSE,0.3125,0.3125,finishing allrounder,10,,71.42857142857143,23,9.078534031413612,0.9091104567047561,-0.057142857,0.7999999999999997,16,27.49
6561,Sudhesan Midhun,FALSE,0.19491525423728814,0.19491525423728814,finishing allrounder,33,,110,29,7.554702495201536,122.22222222222223,8.999999999999996,3.0999999999999996,27,31.14
6574,Alick Athanaze,FALSE,0.097765363,0.097765363,opener,326,,123.95437262357414,0,12.857142857142858,2.4688265830576404,175.99999999999997,,12,26.97
6591,KM Asif,FALSE,0.48437499999999994,0.41171874999999997,finishing allrounder,18,,105.88235294117646,52,7.448840381991815,0.698870513,17.999999999999993,3.6,34,32.34
6592,Daryl Ferrario,FALSE,0.45901639344262296,0.45901639344262296,batting allrounder,500,,113.63636363636364,10,7.59375,7.413284442827828,-30.3,0.1999999999999999,32,27.56
66103,Noor Rahman,FALSE,0,0,opener,1,,33.333333333333336,,,33.333333333333336,,,1,24.9
66153,Aju Paulose,FALSE,0.039421813,0.039421813,top/middle,44,,125.71428571428571,,,125.71428571428571,,,2,29.88
6628,Gerald Coetzee,TRUE,1,1,finishing allrounder,112,,116.66666666666667,27,8.863117870722434,1.2449836110771282,-4,-2,24,25.15
66311,Rahul Chaudhary,FALSE,0.039421813,0.039421813,finishing allrounder,1,,100,3,10.08,100,,,3,24.2
6643,Hasan Mahmud,FALSE,0.625,0.625,finishing allrounder,50,,83.33333333333333,64,7.364093959731544,2.0102280493055558,9.999999999999996,3.9999999999999987,54,28.79
6644,Mahidul Ankon,TRUE,0.8904109589041096,0.8904109589041096,finisher,558,,133.81294964028777,,,3.3840133201316007,81.21428571,,35,26.57
6645,Mohammad Sheikh,FALSE,0.45901639344262296,0.45901639344262296,opener,1358,,109.42788074133763,,,3.4139529772134316,94.09999999999998,,64,26.27
6647,Robiul Haque,FALSE,0.112,0.112,finishing allrounder,31,,147.61904761904762,7,7.64,2.4271731905703926,,,7,26.08
66491,Shikhar Thakur,FALSE,0,0,opener,11,,78.57142857142857,,,78.57142857142857,,,1,
66492,Shivam Nirupam,FALSE,0.027149321266968326,0.027149321266968326,finisher,0,,0,,,0,,,1,
66493,Parth Naik,FALSE,0.027149321266968326,0.027149321266968326,finisher,1,,100,0,19,100,,,1,
66494,Atharva Poojari,FALSE,0.039421813,0.039421813,finishing allrounder,10,,111.11111111111111,2,9.6,1.0978597294166523,,,4,26.2
66495,Parth Ankolekar,FALSE,0.027149321266968326,0.027149321266968326,finishing allrounder,3,,50,0,7.741935483870968,50,,,5,
66496,Tatsat Singh,FALSE,0.039421813,0.039421813,top/middle,17,,70.83333333333333,,,5.9564708706736775,,,3,
66500,Harsh Aghav,FALSE,0.039421813,0.039421813,batting allrounder,149,,158.51063829787233,4,6.4411764705882355,17.87418553665442,,,7,
66501,Nikhil Giri,FALSE,0.039421813,0.039421813,finishing allrounder,1,,16.666666666666668,6,8.842105263157896,16.666666666666668,,,4,
66502,Mayuresh Tandel,FALSE,0.039421813,0.039421813,top/middle,50,,151.5151515151515,0,11,151.5151515151515,,,1,
66503,Shreyanssh Rai,FALSE,0.027149321266968326,0.027149321266968326,finisher,9,,81.81818181818181,,,81.81818181818181,,,5,
66505,Raza Mirza,FALSE,0.039421813,0.039421813,top/middle,18,,100,,,0.698870513,,,3,
66506,Siddid Tiwari,FALSE,0.039421813,0.039421813,finisher,14,,107.6923076923077,,,107.6923076923077,,,1,21.76
66508,Monil Soni,FALSE,0.039421813,0.039421813,finisher,34,,106.25,1,6,106.25,,,3,
66509,Onkar Jadhav,FALSE,0.039421813,0.039421813,finisher,30,,115.38461538461539,,,3.1539588263296827,,,5,
6651,Towhid Hridoy,TRUE,1,1,top/middle,1945,,123.41370558375634,0,6,3.545365373868349,153.09999999999994,0,82,24.98
66511,Aryan Chauhan,FALSE,0.027149321266968326,0.027149321266968326,finishing allrounder,5,,83.33333333333333,2,5.555555555555555,83.33333333333333,,,5,
66514,Ayaz Ahmed,FALSE,0.039421813,0.039421813,finisher,17,,121.42857142857143,,,6.440664937568826,,,2,
6654,Tanay Thyagarajan,TRUE,1,1,finishing allrounder,127,,147.67441860465115,8,6.632653061,2.627335321559553,1,0.3999999999999999,13,30.03
6664,Dion Myers,FALSE,0.027149321266968326,0.027149321266968326,top/middle,6,,85.71428571428571,,,85.71428571428571,,,1,23.69
6669,Mohsin Khan,TRUE,1,1,finishing allrounder,75,,100,55,7.039908779931585,1.4918278608911593,14.499999999999998,7.499999999999997,41,27.37
6670,Pramod Chandila,FALSE,0.112,0.0952,top/middle,552,,131.74224343675417,2,3.5,3.0501201357796157,299.9999999999999,,22,32.36
6671,Lalit Yadav,TRUE,1,1,finishing allrounder,991,,126.24203821656052,49,7.607142857142857,2.1515357227021545,18.3,1.5999999999999999,68,28.9
6673,Dhruv B Patel,FALSE,0.21153846153846154,0.21153846153846154,finishing allrounder,182,,129.07801418439718,5,8.795454545454545,1.3895292384697189,51.50000000000002,1.1428571428571432,17,28.21
6674,Rahmanullah Gurbaz,TRUE,1,1,opener,1017,,130.8880308880309,,,2.4126521424328113,1.5000000000000009,,45,23.99
6676,Azmatullah Omarzai,TRUE,1,1,finishing allrounder,662,,128.79377431906616,63,7.548746518105849,1.7983507221413435,50.800000000000004,1.6999999999999995,60,25.68
6677,Mohammad Hasnain,TRUE,0.8904109589041096,0.8904109589041096,finishing allrounder,19,,135.71428571428572,15,8.738675958188153,1.4504029464363937,18.99999999999999,2.9999999999999996,13,25.56
66773,Yashraj Joshi,FALSE,0.039421813,0.039421813,finishing allrounder,96,,137.14285714285714,5,6.688524590163935,137.14285714285714,,,9,27.24
6680,Kshitiz Sharma,FALSE,0.039421813,0.027595269,top/middle,26,,113.04347826086956,,,113.04347826086956,,,4,35.6
66816,Shekar Sirohi,FALSE,0.039421813,0.039421813,batting allrounder,249,,152.76073619631902,15,4.356687898089172,152.76073619631902,,,9,25.19
66824,Jigar Surendra Rana,FALSE,0.039421813,0.039421813,opener,86,,103.6144578313253,,,8.141951926197684,,,4,26.1
6683,Mayank Markande,TRUE,1,1,finishing allrounder,94,,123.6842105263158,56,7.794392523364486,2.092733495713848,8.057142857142855,0.9000000000000005,58,28.04
66831,Vasim Khan,FALSE,0.039421813,0.039421813,finisher,70,,170.73170731707316,1,8.5,1.222725943356307,,,5,19.16
6684,MD Nidheesh,FALSE,0.22535211267605634,0.19154929577464788,finishing allrounder,72,,130.9090909090909,35,7.502407704654896,0.8648513100391924,5.499999999999994,2.542857142857142,29,34.56
6691,Parikshit Valsangkar,FALSE,0.22535211267605634,0.22535211267605634,batting allrounder,262,,123.00469483568075,17,6.5,5.294737795587892,123.99999999999994,8.499999999999998,17,30.75
6692,Dhrumil Matkar,TRUE,0.8904109589041096,0.8904109589041096,finishing allrounder,213,,121.02272727272727,20,6.879765395894428,5.856815670536569,100.49999999999999,7.999999999999998,17,29.48
6693,Chetan Bist,FALSE,0.112,0.0784,finisher,240,,113.74407582938389,,,6.426926701526379,14.999999999999995,,9,36.23
66934,Tushar Suryavanshi,FALSE,0.039421813,0.039421813,finisher,43,,143.33333333333334,1,1,143.33333333333334,,,6,20.22
66935,Rohit Binkar,FALSE,0.039421813,0.039421813,opener,271,,141.14583333333334,0,12,141.14583333333334,,,6,22.02
66936,Mohit Nachankar,FALSE,0,0,finisher,21,,67.74193548387096,,,67.74193548387096,,,5,22.17
66937,Vikram Patel,FALSE,0.039421813,0.039421813,finishing allrounder,0,,0,2,8.5,0,,,5,27.81
66938,Minar Sahare,FALSE,0.039421813,0.039421813,finishing allrounder,10,,58.82352941,4,6.576923076923077,58.82352941,,,5,23.13
66948,Aryam Meshram,FALSE,0.039421813,0.039421813,opener,358,,138.75968992248062,,,138.75968992248062,,,7,23.78
6695,Chandrapal Singh,FALSE,0.097765363,0.097765363,finishing allrounder,2,,40,2,7.32,40,,,2,31.22
66959,Piyush Sawarkar,FALSE,0.039421813,0.039421813,finishing allrounder,6,,100,1,9.36,100,,,5,23.99
6696,Ankit Lamba,FALSE,0.098930481,0.084090909,opener,131,,103.96825396825396,,,6.570345515,,,4,33.98
66960,Shree Choudhary,FALSE,0.039421813,0.039421813,top/middle,66,,106.45161290322581,0,15.75,106.45161290322581,,,6,20.18
66961,Updesh Rajput,FALSE,0.039421813,0.039421813,top/middle,130,,118.18181818181819,,,118.18181818181819,,,6,27.81
66962,Alok Wadkar,FALSE,0,0,finisher,7,,46.666666666666664,,,46.666666666666664,,,1,21.3
66963,Malhar Dosi,FALSE,0.039421813,0.039421813,finishing allrounder,29,,80.55555555555556,5,8.775,80.55555555555556,,,5,18.78
66964,Manan Agrawal,FALSE,0.039421813,0.039421813,finishing allrounder,45,,125,4,7.479452055,125,,,6,22.55
66967,Gaurav Farde,FALSE,0.027149321266968326,0.027149321266968326,finishing allrounder,5,,62.5,2,5.925925925925926,62.5,,,6,21.19
66968,Neel Athaley,FALSE,0.039421813,0.039421813,top/middle,80,,125,,,125,,,4,22.08
6697,Shams Mulani,TRUE,1,1,finishing allrounder,382,,134.50704225352112,41,6.8515625,2.2143059510716867,53.00000000000001,1.2000000000000008,37,28.71
66970,Vaibhav Chouksey,FALSE,0.039421813,0.039421813,finisher,38,,111.76470588235294,,,111.76470588235294,,,3,29.99
66971,Anurag Dixit,FALSE,0.027149321266968326,0.027149321266968326,finisher,2,,100,0,6,100,,,2,20.41
66973,Yash Titre,FALSE,0.027149321266968326,0.027149321266968326,finisher,1,,100,0,7.666666666666667,100,,,2,18.26
66975,Arjun Ingle,FALSE,0.039421813,0.039421813,finishing allrounder,2,,66.66666666666667,5,6.658536585365853,66.66666666666667,,,5,20.99
66977,Amit Desai,FALSE,0.039421813,0.039421813,finishing allrounder,18,,81.81818181818181,1,9.571428571428571,81.81818181818181,,,5,23.56
66978,Kushan Patel,FALSE,0.039421813,0.039421813,finishing allrounder,23,,100,5,6.823529411764706,100,,,7,
66979,Pavitra Patel,FALSE,0.039421813,0.039421813,opener,140,,128.44036697247705,,,128.44036697247705,,,6,
66980,Pranshu Badheka,FALSE,0.027149321266968326,0.027149321266968326,finisher,52,,82.53968253968254,0,8,82.53968253968254,,,6,
66982,Aditya Raval,FALSE,0.027149321266968326,0.027149321266968326,top/middle,20,,62.5,,,62.5,,,3,25.9
66983,Yash Doshi,FALSE,0.039421813,0.039421813,finishing allrounder,45,,104.65116279069767,6,6.7,104.65116279069767,,,6,26.11
66984,Aryan Kamli,FALSE,0.039421813,0.039421813,finisher,61,,124.48979591836735,0,12,124.48979591836735,,,7,25.9
66986,Dhrumin Patel,FALSE,0.039421813,0.039421813,finisher,55,,152.77777777777777,1,8,152.77777777777777,,,4,
66991,Shen Patel,FALSE,0.039421813,0.039421813,finishing allrounder,25,,83.33333333333333,15,7.3907284768211925,83.33333333333333,,,7,22.59
66993,Rohan Mistry,FALSE,0.027149321266968326,0.027149321266968326,finisher,7,,46.666666666666664,2,9.333333333333334,46.666666666666664,,,3,
66994,Rudra Patel,FALSE,0.039421813,0.039421813,finisher,52,,123.80952380952381,,,123.80952380952381,,,6,25.9
66995,Siddhart Vekharia,FALSE,0.039421813,0.039421813,finisher,221,,128.48837209302326,3,9,128.48837209302326,,,6,
66997,Rudra Patel,FALSE,0.039421813,0.039421813,finisher,69,,132.69230769230768,,,132.69230769230768,,,6,
66999,Ashutosh Patel,FALSE,0.039421813,0.039421813,top/middle,33,,86.84210526315789,,,86.84210526315789,,,5,
67000,Smit J Patel,FALSE,0.039421813,0.039421813,top/middle,168,,113.51351351351352,,,113.51351351351352,,,6,
67002,Rudra Patel,FALSE,0.039421813,0.039421813,finisher,113,,116.49484536082474,0,10,116.49484536082474,,,5,
67004,Dhyey Patel,FALSE,0.039421813,0.039421813,finishing allrounder,11,,275,4,11.076923076923077,275,,,6,
67005,Bhavin Rathod,FALSE,0.039421813,0.039421813,finisher,7,,87.5,0,12,87.5,,,1,
67006,Krish Gupta,FALSE,0.039421813,0.039421813,finishing allrounder,46,,104.54545454545455,5,7.357142857142857,104.54545454545455,,,5,
67007,Parth Khatri,FALSE,0.039421813,0.039421813,finisher,6,,150,0,11,150,,,4,
67008,Lakhya Kochar,FALSE,0.039421813,0.039421813,top/middle,202,,142.25352112676057,0,10,142.25352112676057,,,6,
67012,Yash Mistry,FALSE,0.039421813,0.039421813,finishing allrounder,61,,112.96296296296296,3,7.222222222222222,112.96296296296296,,,5,21.79
67013,Arya Rathod,FALSE,0.039421813,0.039421813,finisher,22,,91.66666666666667,0,7.384615384615385,91.66666666666667,,,5,
67014,Japagnya Bhatt,FALSE,0.039421813,0.039421813,finishing allrounder,43,,116.21621621621621,2,9.616438356164384,116.21621621621621,,,5,24.16
67015,Krish Patel,FALSE,0.027149321266968326,0.027149321266968326,top/middle,17,,85,,,85,,,3,25.9
67016,Alsaaz Khan,FALSE,0.039421813,0.039421813,top/middle,105,,102.94117647058823,,,102.94117647058823,,,5,
67019,Shivam Arekar,FALSE,0.039421813,0.039421813,finishing allrounder,0,,0,4,7.121495327102804,0,,,5,
67020,Nishit Gohil,FALSE,0,0,top/middle,10,,58.82352941,,,58.82352941,,,2,25.9
67022,Rakesh Kahar,FALSE,0.039421813,0.039421813,finishing allrounder,47,,162.06896551724137,8,7.325581395348837,162.06896551724137,,,5,
67023,Shehzor Diwan,FALSE,0.039421813,0.039421813,finishing allrounder,2,,100,6,6.456521739130435,100,,,5,25.9
67024,Rahul Ahuja,FALSE,0.039421813,0.039421813,top/middle,30,,115.38461538461539,,,115.38461538461539,,,5,26.28
67025,Sujal Jiwani,FALSE,0,0,finisher,22,,88,,,88,,,5,
67026,Saral Prajapati,FALSE,0.039421813,0.039421813,finishing allrounder,34,,117.24137931034483,4,9.320388349514563,117.24137931034483,,,5,24.01
67027,Dev Kathiyara,FALSE,0,0,opener,32,,80,,,80,,,2,
67029,Vikas Mahla,FALSE,0.039421813,0.039421813,finishing allrounder,2,,18.181818181818183,12,8.168067226890756,18.181818181818183,,,5,
67030,Ankush Tyagi,FALSE,0.039421813,0.039421813,finishing allrounder,108,,118.68131868131869,4,7.1875,118.68131868131869,,,7,
67031,Priyank Patel,FALSE,0.039421813,0.033508541,top/middle,23,,79.31034483,,,79.31034483,,,7,33.44
67036,Brijesh Sharma,FALSE,0.039421813,0.039421813,finishing allrounder,0,,0,12,6.654545454545454,0,,,7,
67037,Viraj Krishna,FALSE,0.039421813,0.039421813,finishing allrounder,123,,125.51020408163265,4,5.853658536585366,125.51020408163265,,,7,
67038,Sayan Paul,FALSE,0.027149321266968326,0.027149321266968326,finisher,11,,110,,,110,,,3,19.3
6705,Scott McKechnie,TRUE,0.45901639344262296,0.3901639344262295,finisher,20,,133.33333333333334,,,1.2603157170760593,,,2,34.31
67067,Sundaram Diwakar,FALSE,0.039421813,0.039421813,finishing allrounder,38,,135.71428571428572,5,7.430769230769231,135.71428571428572,,,7,27.95
67069,Dhruv Parekh,FALSE,0.039421813,0.039421813,finisher,48,,208.69565217391303,,,208.69565217391303,,,4,
67093,Abhishek Agrawal,FALSE,0.027149321266968326,0.027149321266968326,top/middle,10,,71.42857142857143,,,71.42857142857143,,,3,23.15
67094,Aditya Narwade,FALSE,0.039421813,0.039421813,top/middle,39,,118.18181818181819,,,118.18181818181819,,,3,20.13
67095,Sahil Sheikh,FALSE,0.039421813,0.039421813,finishing allrounder,41,,107.89473684210526,6,6.947368421052632,107.89473684210526,,,5,22.35
67096,Addhyan Rauthan,FALSE,0.039421813,0.039421813,finisher,41,,95.34883720930233,,,95.34883720930233,,,7,18.9
67097,Rahul Singh,FALSE,0.039421813,0.039421813,finishing allrounder,6,,60,3,8.297872340425531,60,,,4,20.95
6711,Aditya Thakare,TRUE,0.38461538461538464,0.38461538461538464,finishing allrounder,2,,66.66666666666667,8,7.046979865771812,2.062970720135751,0,1.9626155733547187e-17,8,27.05
67124,Sahil Bhagwanta Jadhav,FALSE,0.039421813,0.039421813,opener,137,,155.6818181818182,,,5.879295031,,,5,24.16
67128,Moin Naushad Ahmed,FALSE,0.027149321266968326,0.027149321266968326,finisher,0,,0,,,0,,,2,
67141,Prem Thakor,FALSE,0.039421813,0.039421813,top/middle,86,,94.50549450549451,,,94.50549450549451,,,5,
67142,Aakaash Sharma,FALSE,0.027149321266968326,0.027149321266968326,finisher,4,,66.66666666666667,,,66.66666666666667,,,3,25.88
67143,Rayyan Patel,FALSE,0.027149321266968326,0.027149321266968326,finishing allrounder,10,,100,2,5.857142857142857,100,,,5,
67145,Roshan Kewat,FALSE,0.039421813,0.039421813,finishing allrounder,0,,0,4,8.8,,,,3,
67149,Priyanshu Shukla,FALSE,0.039421813,0.039421813,finishing allrounder,6,,60,7,11.816793893129772,,,,6,
67150,Abhishek Mavi,FALSE,0.039421813,0.039421813,finisher,54,,158.8235294117647,,,,,,5,
67151,Aryan Tiwari,FALSE,0,0,top/middle,8,,72.72727272727273,,,,,,1,
67152,Vivek Sharma,FALSE,0.039421813,0.039421813,finishing allrounder,1,,14.285714285714286,8,8.307692307692308,,,,5,
67153,Karan Tahliyani,FALSE,0.039421813,0.039421813,opener,183,,151.2396694214876,1,14,,,,6,
67155,Shubham Kaithwas,FALSE,0.039421813,0.039421813,finishing allrounder,28,,200,5,14.081632653061224,,,,3,
67157,Rudransh Singh,FALSE,0,0,finisher,3,,30,,,,,,4,
67158,Suraj Singh Sengar,FALSE,0,0,finisher,2,,40,,,,,,3,
67159,Nayanraj Mewada,FALSE,0.027149321266968326,0.027149321266968326,finishing allrounder,1,,14.285714285714286,11,6.391304347826087,,,,7,
67160,Raj Dabi,FALSE,0.039421813,0.039421813,finishing allrounder,12,,57.142857142857146,2,8.5,,,,3,
67162,Anvesh Chawla,FALSE,0.039421813,0.039421813,finishing allrounder,11,,122.22222222222223,0,12.352941176470589,,,,4,
67163,Praprabdha V Mishra,FALSE,0.027149321266968326,0.027149321266968326,finisher,7,,53.84615384615385,1,23,,,,5,
67164,Anant Dubey,FALSE,0.027149321266968326,0.027149321266968326,finisher,2,,100,0,11,,,,1,
67167,Akash Raghuwanshi,FALSE,0.039421813,0.039421813,finishing allrounder,11,,157.14285714285714,11,9.126050420168067,,,,6,
67169,Pawan Nirwani,FALSE,0.039421813,0.039421813,finishing allrounder,9,,90,2,10.767123287671232,,,,4,27.85
67170,Siddhant Agarwal,FALSE,0.027149321266968326,0.027149321266968326,finishing allrounder,2,,50,3,8,,,,3,
67172,Taanishq Yadav,FALSE,0.039421813,0.039421813,opener,27,,90,2,13,,,,4,
67175,Akasrh Singh Parihar,FALSE,0,0,top/middle,3,,37.5,,,,,,3,
67177,Ritik Tada,FALSE,0.039421813,0.039421813,finisher,173,,213.58024691358025,,,,,,6,
67178,Dharmesh Patel,FALSE,0.039421813,0.039421813,batting allrounder,102,,152.23880597014926,1,6.688524590163935,,,,6,
67180,Saransh Surana,FALSE,0.039421813,0.039421813,finishing allrounder,72,,180,11,8.921739130434782,,,,7,
67181,Atharv Mahajan,FALSE,0.039421813,0.039421813,finisher,6,,100,,,,,,3,
67182,Pranjul Puri,FALSE,0.039421813,0.039421813,finishing allrounder,28,,116.66666666666667,3,6.380952380952381,,,,3,
67183,Mukul Raghav,FALSE,0.039421813,0.039421813,top/middle,90,,152.54237288135593,,,,,,5,31.18
67194,Dev Dey,FALSE,0.039421813,0.039421813,finishing allrounder,14,,70,5,9.4,70,,,7,22.1
67195,Harshvardhan Rana,FALSE,0.027149321266968326,0.027149321266968326,top/middle,34,,75.55555555555556,,,75.55555555555556,,,5,22.13
67196,Namya Khoyani,FALSE,0.039421813,0.039421813,opener,53,,135.89743589743588,,,135.89743589743588,,,4,22.31
67202,Kwinsh Padaliya,FALSE,0.039421813,0.039421813,finishing allrounder,32,,84.21052631578948,12,8.313725490196079,84.21052631578948,,,7,20.84
67204,Kartik Badhana,FALSE,0.039421813,0.039421813,top/middle,30,,90.90909091,,,90.90909091,,,5,20.16
67207,Mohit Ulva,FALSE,0.039421813,0.039421813,finishing allrounder,6,,120,3,9.096774193548388,120,,,4,
67208,Nihal Chaudhari,FALSE,0.039421813,0.039421813,opener,177,,120.40816326530613,,,120.40816326530613,,,8,21.34
67209,Divyang Kanani,FALSE,0.039421813,0.039421813,finisher,35,,89.74358974358974,,,89.74358974358974,,,4,25.5
67213,Arjun Jayswal,FALSE,0.027149321266968326,0.027149321266968326,top/middle,15,,75,,,75,,,2,
67214,Atik Jafai,FALSE,0.039421813,0.039421813,finishing allrounder,49,,94.23076923076923,0,7.8,94.23076923076923,,,4,22.5
67215,Dax Bhindi,FALSE,0.039421813,0.039421813,top/middle,59,,137.2093023255814,,,137.2093023255814,,,5,22.73
67217,Dhruvam Patel,FALSE,0.039421813,0.039421813,finishing allrounder,56,,140,10,8.341463414634147,140,,,9,28.13
67218,Saurav Sharma,FALSE,0.027149321266968326,0.027149321266968326,finisher,3,,30,,,30,,,1,21.4
67219,Amit Pandey,FALSE,0.039421813,0.039421813,finishing allrounder,2,,66.66666666666667,3,7.344827586206897,0.69724623,,,5,
67220,Yashvendra Gaur,FALSE,0.027149321266968326,0.027149321266968326,opener,9,,112.5,,,112.5,,,1,
67229,Karan Ravidas More,FALSE,0.039421813,0.027595269,finisher,5,,125,,,125,,,1,38.64
67233,Debangshu Pakhira,FALSE,0.039421813,0.039421813,finishing allrounder,0,,0,1,9.870967741935484,0,,,3,20.07
67234,Agastya Shukla,FALSE,0.039421813,0.039421813,batting allrounder,14,,82.35294118,3,6.905660377,82.35294118,,,5,16.38
67237,Aniket Singh,FALSE,0.039421813,0.039421813,finishing allrounder,16,,94.11764705882354,5,6.2,94.11764705882354,,,5,22.04
67238,Saikat Das,FALSE,0.039421813,0.039421813,finishing allrounder,12,,80,7,6.486486486486487,80,,,6,31.27
67239,Sourav Halder,FALSE,0.039421813,0.039421813,finishing allrounder,34,,161.9047619047619,7,7.014705882352941,161.9047619047619,,,6,28.25
67240,Jagmohan Prasad Gupta,FALSE,0,0,finisher,2,,50,1,11,50,,,1,18.99
67242,Lokesh Gait,FALSE,0.039421813,0.039421813,finishing allrounder,109,,118.47826086956522,3,7.0212765957446805,118.47826086956522,,,8,25.16
67243,Pawan,FALSE,0.039421813,0.039421813,finisher,2,,25,0,15.428571428571429,25,,,2,27.69
67244,Shivamm Bharati,FALSE,0.027149321266968326,0.027149321266968326,finishing allrounder,1,,100,3,7.645161290322581,100,,,5,18.02
6725,Sherfane Rutherford,TRUE,1,1,finisher,748,,129.41176470588235,1,11.428571428571429,1.4782222113714125,132.79999999999998,0.4999999999999999,44,27.28
6726,Romario Shepherd,TRUE,1,1,finishing allrounder,985,,143.37700145560407,87,8.766712141882675,1.7933768969868944,62.3,6.200000000000002,79,31
67264,Kartik Rathod,FALSE,0.039421813,0.039421813,finishing allrounder,22,,110,3,6.5,110,,,6,
67274,Tejas Morey,FALSE,0.039421813,0.039421813,finisher,44,,97.77777777777777,,,97.77777777777777,,,5,
67275,Aditya Shingh,FALSE,0.039421813,0.039421813,opener,118,,147.5,,,147.5,,,5,
67316,Anurag Yadav,FALSE,0.039421813,0.039421813,finishing allrounder,3,,21.428571428571427,6,4.660714285714286,21.428571428571427,,,6,25.92
67323,Arjun Bhardwaj,FALSE,0.039421813,0.039421813,finisher,130,,108.33333333333333,,,108.33333333333333,,,7,
6739,Amir Jangoo,FALSE,0.039421813,0.039421813,opener,51,,113.33333333333333,,,2.2116752142539275,,,3,28.37
67405,Sachin Choudhary,FALSE,0.039421813,0.039421813,finisher,7,,100,,,100,,,4,
67419,Sachin Yadav,FALSE,0.039421813,0.039421813,finisher,5,,250,0,7.578947368421052,250,,,3,17.04
67427,Aman Yadav,FALSE,0,0,finisher,0,,0,,,,,,1,
67443,Keyur Solanki,FALSE,0.039421813,0.039421813,top/middle,45,,150,,,,,,4,28.99
67446,Deep Patel,FALSE,0.039421813,0.039421813,finishing allrounder,53,,135.89743589743588,5,6.979591836734694,,,,11,21.37
67447,Hitanshu Oad,FALSE,0.027149321266968326,0.027149321266968326,finisher,0,,0,0,11.142857142857142,,,,5,22.4
67451,Deep Kheni,FALSE,0.039421813,0.039421813,top/middle,205,,175.2136752136752,,,,,,11,23.85
67453,Tejsingh Mane,FALSE,0.027149321266968326,0.027149321266968326,finisher,19,,79.16666666666667,,,,,,4,25.92
67454,Manan Solanki,FALSE,0.039421813,0.039421813,finishing allrounder,53,,89.83050847457628,1,10.2,,,,4,24.28
67455,Irfan Shaikh,FALSE,0.039421813,0.039421813,finisher,131,,132.32323232323233,2,5.3076923076923075,,,,11,20.8
67464,Harshit Maurya,FALSE,0.039421813,0.039421813,finishing allrounder,6,,66.66666666666667,0,11.236363636363636,,,,3,20.35
67466,Jatin Rana Chaudhary,FALSE,0.039421813,0.039421813,finisher,0,,0,0,14,,,,1,30.01
67467,Vaibhav Bhrambhatt,FALSE,0.027149321266968326,0.027149321266968326,finisher,2,,50,0,8,,,,6,20.7
67469,Vishv Chaudhary,FALSE,0.039421813,0.039421813,finisher,68,,97.14285714285714,,,,,,10,22.41
67475,Vishvas Patel,FALSE,0.039421813,0.039421813,opener,102,,102,,,,,,12,18.53
67496,Dhiraj Chettri,FALSE,0.039421813,0.039421813,finisher,5,,83.33333333333333,,,83.33333333333333,,,2,24.96
67497,Om Saini,FALSE,0.039421813,0.039421813,opener,110,,108.91089108910892,6,6.75,108.91089108910892,,,8,26.07
67498,Yugdeep Saini,FALSE,0.039421813,0.039421813,batting allrounder,134,,124.07407407407408,8,4.352941176470588,124.07407407407408,,,8,23.58
67499,Bhaskar Bharadwaj,FALSE,0.039421813,0.039421813,batting allrounder,323,,146.15384615384616,9,5.488372093023256,3.4447172544569398,,,13,22.75
67502,Sajid Ali,FALSE,0.039421813,0.039421813,finisher,9,,112.5,,,112.5,,,4,17.14
67505,Inza Mamul Haq,FALSE,0.027149321266968326,0.027149321266968326,top/middle,79,,88.76404494382022,,,88.76404494382022,,,6,18.38
67507,Sandeep Chettri,FALSE,0.039421813,0.033508541,finishing allrounder,7,,53.84615384615385,7,6.8807339449541285,53.84615384615385,,,6,32.73
67508,Sonam Lama,FALSE,0.039421813,0.039421813,finisher,6,,37.5,0,8,37.5,,,4,31.21
67509,Md Nazim,FALSE,0.039421813,0.039421813,top/middle,31,,140.9090909090909,,,140.9090909090909,,,1,26.56
67516,Jorden Sherpa,FALSE,0.027149321266968326,0.027149321266968326,finisher,28,,59.57446808510638,,,59.57446808510638,,,7,26.18
67517,Sachit Rai,FALSE,0.039421813,0.039421813,finishing allrounder,58,,67.44186046511628,3,8.8125,67.44186046511628,,,8,28.87
67518,Prashant Chettri,FALSE,0.039421813,0.039421813,finisher,29,,61.702127659574465,,,61.702127659574465,,,7,20.71
67519,Rahul Kumar,FALSE,0.039421813,0.039421813,finishing allrounder,52,,88.13559322033899,14,6.987341772151899,88.13559322033899,,,8,23.28
67521,Om Kumar Gupta,FALSE,0.027149321266968326,0.027149321266968326,finishing allrounder,0,,0,4,4.625,0,,,4,17.82
67523,Deepak Gupta,FALSE,0.039421813,0.039421813,top/middle,42,,61.76470588235294,,,61.76470588235294,,,7,19.12
67525,Md Aadil,FALSE,0.039421813,0.039421813,finishing allrounder,14,,116.66666666666667,10,6.779220779220779,116.66666666666667,,,8,23
67526,Narchung Lepcha,FALSE,0.027149321266968326,0.019004524886877826,opener,0,,0,,,0,,,1,37.42
67530,Puran Giri,FALSE,0.039421813,0.027595269,top/middle,29,,60.416666666666664,,,60.416666666666664,,,4,39.6
67531,Prashant Gurung,FALSE,0.039421813,0.033508541,finisher,16,,64,0,17,64,,,4,32.44
67532,Arpan Gurung,FALSE,0.039421813,0.027595269,finisher,1,,25,0,13,25,,,1,39.01
67534,Akash Thapa,FALSE,0.039421813,0.033508541,finishing allrounder,35,,58.333333333333336,2,6.512195121951219,58.333333333333336,,,5,32.03
67535,Avishkar Chettri,FALSE,0.027149321266968326,0.027149321266968326,finisher,4,,30.76923076923077,0,16.285714285714285,30.76923076923077,,,6,23.68
67536,Amar Rao,FALSE,0.039421813,0.039421813,top/middle,101,,97.11538461538461,0,10,97.11538461538461,,,7,27.9
67537,Sabin Tamang,FALSE,0.039421813,0.039421813,finishing allrounder,0,,0,2,6.929577464788732,0,,,6,30.26
67539,Asraf Ali,FALSE,0.027149321266968326,0.027149321266968326,finisher,1,,11.11111111111111,0,36,11.11111111111111,,,4,18.26
6754,Salman Irshad,FALSE,0.19491525423728814,0.19491525423728814,finishing allrounder,16,,100,18,7.4462540716612375,2.376766413,3.9999999999999987,1.9999999999999996,14,29.98
67540,Vikas Sikarwar,FALSE,0.039421813,0.039421813,opener,135,,120.53571428571429,3,9.631578947368421,120.53571428571429,,,7,23.24
67541,Amit Thainua,FALSE,0.027149321266968326,0.027149321266968326,batting allrounder,38,,58.46153846153846,4,5.9491525423728815,58.46153846153846,,,7,22.96
67542,Jayant Chaudhar,FALSE,0.039421813,0.039421813,finishing allrounder,102,,124.39024390243902,5,8.037735849056604,124.39024390243902,,,7,23.44
67545,Dhruv Patel,FALSE,0.027149321266968326,0.027149321266968326,finishing allrounder,5,,55.55555555555556,0,4.536585365853658,55.55555555555556,,,3,18.23
67546,Samrath Jakhar,FALSE,0.039421813,0.039421813,top/middle,120,,100,,,100,,,7,17.74
67548,Anuj Biswakarma,FALSE,0,0,finisher,0,,0,0,5.538461538461538,0,,,2,19.07
6761,Rohit Rayudu,TRUE,0.625,0.625,top/middle,134,,124.07407407407408,,,1.8743718040290214,-118,,7,31.33
6762,Hiten Dalal,FALSE,0.19491525423733394,0.19491525423733394,top/middle,256,,118.51851851851852,,,7.7225179056668605,31.428571428571434,,16,31.17
6763,Siraparapu Ashish,FALSE,0.098930481,0.098930481,finishing allrounder,3,,60,5,7.566265060240964,60,2.9999999999999996,0.15384615384615385,13,27.07
67642,Shubham Sharma,FALSE,0.039421813,0.039421813,finishing allrounder,77,,116.66666666666667,15,4.2430939226519335,116.66666666666667,,,9,28.04
67643,Anshuman Singh,FALSE,0.039421813,0.039421813,top/middle,202,,114.77272727272727,,,3.248689926479254,,,10,26.56
67645,Yash Tandel,FALSE,0.027149321266968326,0.027149321266968326,finishing allrounder,0,,0,1,8.938775510204081,,,,3,23.21
6771,Vishvaraj Jadeja,FALSE,0.48437499999999994,0.48437499999999994,top/middle,835,,125.56390977443608,,,3.040058821966687,78.2,,38,27.36
6772,Chetan Sakariya,TRUE,1,1,finishing allrounder,47,,77.04918032786885,52,6.789156626506024,1.1887883258342145,-1.857142857,-3.314285714,42,27.27
6774,Samarth Vyas,TRUE,1,1,top/middle,783,,132.26351351351352,0,12,3.5918158828231532,-0.714285714,0,33,30
6775,Shaurya Sanandia,FALSE,0.112,0.0784,finishing allrounder,36,,97.29729729729729,20,6.426540284,97.29729729729729,13.999999999999996,0,10,38.59
67825,Tanvish Ramakant,FALSE,0.039421813,0.039421813,finishing allrounder,76,,124.59016393442623,3,7.461538461538462,124.59016393442623,,,4,26.1
67826,Vimal Solanki,FALSE,0.039421813,0.039421813,finisher,23,,121.05263157894737,,,121.05263157894737,,,2,27.1
6783,Azam Khan,FALSE,0.36,0.36,finisher,266,,136.4102564102564,,,1.521679815891613,23.500000000000014,,19,27.3
6784,Hassan Mohammad,FALSE,0.027149321266968326,0.027149321266968326,finishing allrounder,1,,100,3,6.461538461538462,100,,,1,25.22
67856,Yowan Lepcha,FALSE,0.039421813,0.027595269,finishing allrounder,25,,56.81818181818182,10,5.462686567164179,56.81818181818182,,,8,38.74
67863,Dipak Ghosh,FALSE,0.027149321266968326,0.027149321266968326,finisher,2,,66.66666666666667,,,66.66666666666667,,,4,16.96
6789,Murtaza Trunkwala,FALSE,0.36,0.36,top/middle,605,,121,,,121,34.499999999999986,,27,29.85
6790,Divyang Himganekar,TRUE,1,0.85,finishing allrounder,826,,142.16867469879517,32,8.178438661710038,2.526723410576641,56.49999999999997,1.4999999999999993,45,32.12
6791,Atharva Kale,TRUE,0.8904109589041096,0.8904109589041096,top/middle,793,,142.88288288288288,,,3.0685495045771094,83.49999999999999,,38,26.18
6792,Jay Pande,FALSE,0.039421813,0.039421813,top/middle,151,,114.39393939393939,,,114.39393939393939,,,5,31.18
6793,Prashant Kore,FALSE,0.097765363,0.097765363,finisher,19,,111.76470588235294,,,111.76470588235294,,,2,30.14
67934,Omkarnath Singh,FALSE,0.039421813,0.039421813,finishing allrounder,5,,166.66666666666666,5,10.046511627906977,,,,2,26.12
67936,Ramij Raja,FALSE,0,0,finisher,0,,0,,,0,,,3,19.02
67937,Yash Patidar,FALSE,0.027149321266968326,0.027149321266968326,finisher,0,,0,2,12,,,,1,21.99
67939,Deo Ashish Thapa,FALSE,0.027149321266968326,0.019004524886877826,opener,4,,36.36363636363637,,,36.36363636363637,,,1,40.01
67949,Rohit Agarwal,FALSE,0,0,finisher,13,,52,,,52,,,3,24.97
6795,Terrance Hinds,FALSE,0.039421813,0.033508541,finishing allrounder,5,,125,1,9.290322580645162,125,,,2,33.84
67950,Bivash Pradhan,FALSE,0.027149321266968326,0.027149321266968326,finisher,0,,0,,,0,,,3,28.87
67951,,FALSE,0,0,bowler,0,,0,2,5.538461538461538,,,,0,
6797,Dominic Drakes,TRUE,0.8904109589041096,0.8904109589041096,finishing allrounder,10,,71.42857142857143,4,7.8320610687022905,1.6564451257708688,,,7,27.8
67996,Rohan Gurung,FALSE,0.027149321266968326,0.023076923076923078,top/middle,0,,0,,,0,,,1,33.01
68,Taruwar Kohli,FALSE,0.097765363,0.068435754,batting allrounder,34,,87.17948717948718,3,4.75,87.17948717948718,,,2,36.94
6804,Prathamesh Dake,FALSE,0.098930481,0.084090909,finishing allrounder,30,,107.14285714285714,14,6.440677966101695,107.14285714285714,,1.9999999999999996,8,34.9
6806,Tushar Deshpande,TRUE,1,1,finishing allrounder,29,,74.35897435897436,80,8.284066330209084,1.190853741889643,1.0999999999999999,2.8000000000000007,61,30.54
6815,Rakesh Prabhu,FALSE,0.058558559,0.040990991,finishing allrounder,0,,0,4,8.448979591836734,0,,,2,38.92
6819,Yashasvi Jaiswal,TRUE,1,1,opener,3092,,148.36852207293666,2,10.864864864864865,3.0506865395140883,64.59999999999998,1.9999999999999996,97,23.91
68279,Jasoliya Senilkumar,FALSE,0.039421813,0.039421813,finishing allrounder,1,,16.666666666666668,5,8.210526315789474,16.666666666666668,,,6,25.5
6828,Vinayak Bhoir,TRUE,0.625,0.4375,finishing allrounder,76,,149.01960784313727,6,7.153846153846154,9.055202309005393,-5,0,9,37.23
68295,Ashish Meena,FALSE,0.027149321266968326,0.027149321266968326,finishing allrounder,2,,66.66666666666667,7,8.446601941747574,66.66666666666667,,,11,
68299,Vaibhav Baisla,FALSE,0,0,top/middle,1,,50,,,50,,,2,
68302,Aaryavir Sehwag,FALSE,0.027149321266968326,0.027149321266968326,opener,23,,104.54545454545455,,,104.54545454545455,,,2,
68303,Siddharth Joon,FALSE,0.039421813,0.039421813,opener,150,,174.41860465116278,,,174.41860465116278,,,7,
68309,Aatrey Tripathi,FALSE,0.039421813,0.039421813,finishing allrounder,1,,100,5,7.666666666666667,100,,,7,25.9
68313,Ajay Rana,FALSE,0.039421813,0.027595269,finisher,3,,42.857142857142854,,,42.857142857142854,,,3,36.09
68316,Vikas Dixit,FALSE,0.039421813,0.039421813,finishing allrounder,36,,105.88235294117646,7,8.516129032258064,105.88235294117646,,,10,
68319,Arjun Rapria,FALSE,0.039421813,0.039421813,finishing allrounder,189,,157.5,6,9.965217391304348,157.5,,,10,
68325,Gulzar Sandhu,FALSE,0.027149321266968326,0.027149321266968326,finisher,16,,76.19047619047619,,,76.19047619047619,,,5,
68328,Rohan Rana,FALSE,0.039421813,0.039421813,top/middle,4,,100,,,100,,,1,23.87
68329,Sagar Tanwar,FALSE,0.039421813,0.039421813,finishing allrounder,11,,110,1,5.217391304347826,110,,,2,
68330,Manish Sehrawat,FALSE,0.039421813,0.039421813,finishing allrounder,22,,122.22222222222223,1,7.25,122.22222222222223,,,5,
68331,Ankur Kaushik,FALSE,0.039421813,0.039421813,opener,78,,121.875,,,121.875,,,4,
68333,Abhishek Khandelwal,FALSE,0.039421813,0.039421813,finishing allrounder,60,,98.36065573770492,6,10.758620689655173,98.36065573770492,,,9,
68337,Saksham Rai,FALSE,0.039421813,0.039421813,finisher,126,,123.52941176470588,0,13,123.52941176470588,,,8,
68338,Bhavy Goyal,FALSE,0,0,top/middle,6,,40,,,40,,,2,
68339,Rahul Sharma,FALSE,0.039421813,0.039421813,finishing allrounder,6,,54.54545454545455,11,8.074468085106384,54.54545454545455,,,10,
68348,Karan Garg,FALSE,0.039421813,0.039421813,top/middle,44,,133.33333333333334,,,133.33333333333334,,,4,
68350,Mohit Panwar,FALSE,0.039421813,0.039421813,top/middle,27,,67.5,,,67.5,,,4,
68351,Shreshth Yadav,FALSE,0.027149321266968326,0.027149321266968326,top/middle,37,,92.5,,,92.5,,,2,25.9
68353,Kamal Bhairwa,FALSE,0.027149321266968326,0.027149321266968326,finishing allrounder,4,,50,2,9.9,50,,,4,
68358,Varun Yadav,FALSE,0.039421813,0.039421813,top/middle,18,,112.5,,,112.5,,,2,
68360,Aarush Malhotra,FALSE,0.039421813,0.039421813,opener,47,,106.81818181818181,,,106.81818181818181,,,5,
68361,Sarthak Pal,FALSE,0,0,finisher,5,,71.42857142857143,,,71.42857142857143,,,1,
68362,Udhav Mohan,FALSE,0.039421813,0.039421813,finishing allrounder,1,,25,14,7.766355140186916,25,,,9,
68364,Aryan Kapoor,FALSE,0.027149321266968326,0.027149321266968326,finisher,13,,86.66666666666667,,,86.66666666666667,,,2,
68365,Pardeep Parashar,FALSE,0.039421813,0.033508541,finishing allrounder,6,,100,6,9.358208955,100,,,8,34.21
68366,Rushal Saini,FALSE,0.027149321266968326,0.027149321266968326,finisher,0,,0,,,0,,,2,
68367,Aditya Malhotra,FALSE,0.027149321266968326,0.027149321266968326,finisher,0,,0,,,0,,,1,
68369,Gaurav Saroha,FALSE,0.039421813,0.039421813,finishing allrounder,4,,400,1,9,400,,,2,
68407,Muhammad Ashik,FALSE,0.039421813,0.039421813,finishing allrounder,144,,240,16,8.264705882352942,240,,,10,30.95
68410,Rahmatullah Zadran,FALSE,0.027149321266968326,0.027149321266968326,top/middle,24,,109.0909090909091,,,109.0909090909091,,,1,
68543,Anugrah Latwal,FALSE,0.039421813,0.039421813,finishing allrounder,12,,200,8,7.673076923076923,200,,,8,21.87
68555,Prakar Chaturvedi,FALSE,0.039421813,0.039421813,opener,125,,142.04545454545453,,,142.04545454545453,,,6,25.9
68557,Siddharth Akhil,FALSE,0.027149321266968326,0.027149321266968326,finisher,10,,47.61904761904762,,,47.61904761904762,,,3,25.9
68559,Harshvardhan Khuba,FALSE,0.027149321266968326,0.027149321266968326,top/middle,12,,85.71428571428571,,,85.71428571428571,,,2,25.9
68560,Younus Baig,FALSE,0.027149321266968326,0.027149321266968326,finisher,11,,84.61538461538461,,,84.61538461538461,,,2,24.32
68567,Ganta Adarsh,FALSE,0.027149321266968326,0.027149321266968326,finisher,2,,25,,,25,,,1,
68569,Chittineni Srihith,FALSE,0.027149321266968326,0.027149321266968326,finisher,10,,100,0,9.692307692307692,100,,,1,
68578,K Satya Sai Sathwik,FALSE,0.039421813,0.039421813,finisher,47,,167.85714285714286,,,167.85714285714286,,,5,
68579,Nakkala Manoj Kumar,FALSE,0,0,top/middle,0,,0,,,0,,,3,
6858,Aakarshit Gomel,TRUE,0.6249999999999276,0.6249999999999276,opener,122,,154.43037974683546,,,1.7750984904381795,58.999999999999986,,6,31.98
68580,M Vasu Deva Raju,FALSE,0.027149321266968326,0.027149321266968326,top/middle,33,,75,,,75,,,2,
68581,S Sai Pranav Chandra,FALSE,0.027149321266968326,0.027149321266968326,finishing allrounder,1,,14.285714285714286,0,11.76,14.285714285714286,,,1,
68582,T Dheeraj Reddy,FALSE,0.027149321266968326,0.027149321266968326,finisher,2,,50,0,18,50,,,3,
68583,Marthala Dhanush,FALSE,0.027149321266968326,0.027149321266968326,top/middle,11,,50,,,50,,,5,
68586,Kancherla Anand Josiah,FALSE,0.039421813,0.039421813,finisher,104,,170.49180327868854,,,170.49180327868854,,,9,
68587,Ms Samanyu Datta,FALSE,0,0,opener,11,,57.89473684210526,,,57.89473684210526,,,3,
68588,J Jai Chander Kesav,FALSE,0,0,opener,7,,58.333333333333336,,,58.333333333333336,,,1,
68592,G Sai Venkata Sumith,FALSE,0.039421813,0.039421813,finishing allrounder,16,,123.07692307692308,8,6.755905511811024,123.07692307692308,,,7,
6865,Atif Attarwala,TRUE,0.48437499999999994,0.41171874999999997,finishing allrounder,10,,111.11111111111111,6,9.387096774193548,10.799043030967693,-4,-3,6,33.11
68746,Pranav Chopra,FALSE,0.027149321266968326,0.027149321266968326,finishing allrounder,0,,0,2,6.923076923076923,0,,,3,18.95
6875,Shashikant Kadam,FALSE,0.039421813,0.039421813,finishing allrounder,92,,141.53846153846155,3,7.0588235294117645,3.3637316335038476,,,5,
6883,Chinmay Sutar,FALSE,0.38461538461538464,0.38461538461538464,top/middle,495,,134.8773841961853,3,6.444444444444445,4.819096604,162.49999999999994,,15,28.57
6884,Shashank Attarde,TRUE,0.36,0.306,finishing allrounder,11,,45.833333333333336,15,6.848780487804878,1.2002449734638656,5.499999999999999,,10,34.06
68882,Parth Kumar Bali,FALSE,0.039421813,0.039421813,finishing allrounder,64,,96.96969696969697,4,7.1571428571428575,96.96969696969697,,,9,23.09
6892,VV Dabholkar,TRUE,0.21153846153846154,0.14807692307692308,finishing allrounder,5,,27.77777777777778,8,8.272727272727273,27.77777777777778,,,8,38.68
6896,Siddharth Akre,FALSE,0.039421813,0.039421813,finisher,116,,152.6315789473684,,,5.4054993130125855,,,8,28.06
69082,Rishabh Rana,FALSE,0.027149321266968326,0.027149321266968326,finisher,4,,100,,,100,,,1,22.98
69083,Naman Tiwari,FALSE,0.027149321266968326,0.027149321266968326,finisher,7,,38.888888888888886,,,38.888888888888886,,,2,22.83
691,Samit Patel,FALSE,0.058558559,0.040990991,batting allrounder,68,,86.07594936708861,10,4.6350710900473935,3.6359144789253977,,,9,40.99
69128,Sumit Kumar Beniwal,FALSE,0.039421813,0.039421813,finishing allrounder,47,,223.8095238095238,14,10,223.8095238095238,,,9,26.63
6922,Abdul Samad,TRUE,0.112,0.112,finisher,112,,117.89473684210526,,,1.9735324810668413,19.999999999999993,,9,27.84
6931,Pathum Nissanka,TRUE,1,1,opener,1630,,125.28823981552652,,,1.8502314864971026,47.99999999999999,,50,27.53
6932,Pramod Madushan,FALSE,0.112,0.112,finishing allrounder,9,,60,13,7.414012738853503,2.0349833135239854,3.499999999999999,-0.5,7,31.95
6935,Lahiru Milantha,FALSE,0.027149321266968326,0.027149321266968326,opener,6,,50,,,50,,,1,31.5
69397,Prajwal Pavan,FALSE,0.039421813,0.039421813,top/middle,171,,96.06741573033707,,,96.06741573033707,,,11,25.62
6942,S Abishiek,FALSE,0.125,0.125,top/middle,357,,88.36633663366337,,,5.458500045501727,19.3,,28,25.78
6944,Boopalan S,FALSE,0.098930481,0.069251337,finishing allrounder,13,,108.33333333333333,0,7.461538461538462,2.270082101,0.4999999999999996,0,7,37.69
6945,Nidhish Rajagopal,FALSE,0.22535211267605634,0.22535211267605634,top/middle,940,,119.89795918367346,,,8.794176616268247,-10.3,,37,
6954,Ganesh S,FALSE,0.112,0.112,finisher,258,,104.8780487804878,,,7.3537644782399205,14.8,,21,25.56
6956,Manigandan S,FALSE,0.098930481,0.098930481,finishing allrounder,12,,75,5,6.330275229357798,12.431820622194238,3.999999999999999,-3,6,29.56
6957,R Mithun,FALSE,0.097765363,0.097765363,finishing allrounder,49,,81.66666666666667,4,7,2.6490879797499263,2.8999999999999995,0.8,9,
6958,Muhammed Khan,FALSE,0.22535211267605634,0.22535211267605634,finisher,443,,128.40579710144928,1,12,4.650162515412407,7.499999999999998,0.33333333333333326,30,
6960,Sumant Jain,FALSE,0.098930481,0.098930481,top/middle,55,,94.82758620689656,,,94.82758620689656,,,4,31.49
6964,Damodaran Rohit,TRUE,1,0.85,batting allrounder,505,,114.25339366515837,17,7.327102803738318,2.6073238494770945,-21.4,-0.1,34,33.5
6966,Tushar Raheja,FALSE,0.45901639344262296,0.45901639344262296,top/middle,1317,,144.88448844884488,,,4.592361438,116.4,,39,
69679,Rishabh Drall,FALSE,0.039421813,0.039421813,top/middle,40,,125,,,125,,,2,25.75
6971,Saravana Kumar P,FALSE,0.8904109589041096,0.6232876712328766,finishing allrounder,193,,121.38364779874213,50,7.625316455696202,3.8763738331035587,-10.4,-0.7,37,36.25
69748,Siddharth Jain,FALSE,0,0,opener,0,,0,,,0,,,1,
6975,Divakar R,FALSE,0.2,0.2,finishing allrounder,47,,114.63414634146342,28,7.833827893175074,2.9881731022496187,2.500000000000001,-0.307692308,17,
69805,Kartik Siddhu,FALSE,0.039421813,0.039421813,finishing allrounder,10,,125,4,7.217391304347826,125,,,5,25.9
69809,Vipin Dhaka,FALSE,0.027149321266968326,0.027149321266968326,top/middle,2,,40,,,40,,,1,29.63
69814,Deepak Rajput,FALSE,0.027149321266968326,0.027149321266968326,opener,39,,90.69767441860465,,,90.69767441860465,,,2,
69818,Rishab Rizvi,FALSE,0.027149321266968326,0.027149321266968326,finishing allrounder,0,,0,1,11.210526315789474,0,,,6,
69819,Raman Singh,FALSE,0.039421813,0.039421813,top/middle,52,,126.82926829268293,,,126.82926829268293,,,6,29.71
69820,Vishal Dhankar,FALSE,0.027149321266968326,0.027149321266968326,top/middle,23,,65.71428571428571,,,65.71428571428571,,,3,
69822,Manish Saini,FALSE,0.039421813,0.039421813,finishing allrounder,25,,125,4,8.512820512820513,125,,,6,
69825,Vaibhav Narang,FALSE,0.039421813,0.033508541,finisher,17,,60.714285714285715,0,8,60.714285714285715,,,4,34.51
69826,Aryan Choudhury,FALSE,0.039421813,0.039421813,finisher,13,,100,,,100,,,2,21
69835,Dado Tachung,FALSE,0.039421813,0.039421813,top/middle,110,,90.90909091,1,10.451612903225806,90.90909091,,,9,
69836,Nabam Ram,FALSE,0.027149321266968326,0.027149321266968326,finisher,6,,75,,,75,,,1,
69837,Takam Jacob,FALSE,0.039421813,0.039421813,top/middle,157,,112.94964028776978,,,112.94964028776978,,,9,
69841,Raju Yadav,FALSE,0.039421813,0.039421813,finisher,28,,84.84848484848484,,,84.84848484848484,,,2,
69844,Ankit Pal,FALSE,0.039421813,0.039421813,batting allrounder,35,,125,5,4.5,125,,,4,
69845,Deepak Kushwaha,FALSE,0.027149321266968326,0.027149321266968326,finisher,12,,57.142857142857146,,,57.142857142857146,,,2,
69846,Likha Tatam,FALSE,0.039421813,0.039421813,finisher,46,,97.87234042553192,,,97.87234042553192,,,5,
69847,Yowa Topu,FALSE,0.039421813,0.039421813,finishing allrounder,0,,0,7,6.397058823529412,0,,,8,
69848,Anuraj Sinha,FALSE,0.039421813,0.039421813,finishing allrounder,14,,200,12,5.357142857142857,200,,,6,
69850,Chera Mapu,FALSE,0,0,finisher,5,,55.55555555555556,,,55.55555555555556,,,4,
69851,Taba Tatang,FALSE,0,0,finisher,4,,36.36363636363637,,,36.36363636363637,,,1,
69852,Techi Tado,FALSE,0.039421813,0.039421813,opener,184,,115,,,115,,,8,
69853,Bishal Nag,FALSE,0.027149321266968326,0.027149321266968326,finishing allrounder,0,,0,0,12,0,,,2,
69855,Abhilash Shandilya,FALSE,0,0,finisher,4,,33.333333333333336,,,33.333333333333336,,,2,
69856,Aditya Mukesh,FALSE,0,0,opener,2,,50,0,6.666666666666667,50,,,2,
69857,Himanshu Himanshu,FALSE,0.039421813,0.039421813,opener,21,,116.66666666666667,1,11.25,116.66666666666667,,,1,
69858,Techi Tarum,FALSE,0.039421813,0.039421813,finishing allrounder,41,,89.13043478,4,6.470588235294118,89.13043478,,,7,
69859,Tnc Tassar,FALSE,0.039421813,0.039421813,finisher,44,,118.91891891891892,,,118.91891891891892,,,5,
69862,Techi Sania,FALSE,0.039421813,0.039421813,top/middle,73,,100,,,100,,,7,
69864,Rajesh Rebi,FALSE,0.039421813,0.039421813,finisher,12,,85.71428571428571,,,85.71428571428571,,,7,
69865,Kabak Yakup,FALSE,0.027149321266968326,0.027149321266968326,finisher,0,,0,,,0,,,1,
69867,Yigam Pale,FALSE,0.039421813,0.039421813,finisher,13,,48.148148148148145,,,48.148148148148145,,,4,
69868,Amit Patel,FALSE,0.039421813,0.039421813,top/middle,32,,86.48648648648648,,,86.48648648648648,,,3,
69869,Mahi Pal,FALSE,0.039421813,0.039421813,top/middle,71,,116.39344262295081,0,17.5,116.39344262295081,,,7,20.28
69870,Nabam Abo Jnr,FALSE,0.039421813,0.039421813,finishing allrounder,36,,83.72093023255815,9,5.888888888888889,83.72093023255815,,,7,20.35
69871,Namendra Singh,FALSE,0.039421813,0.039421813,finishing allrounder,40,,88.88888888888889,8,5.512195121951219,88.88888888888889,,,7,23.78
69872,Tai Magung,FALSE,0.027149321266968326,0.027149321266968326,finisher,45,,67.16417910447761,,,67.16417910447761,,,6,23.63
69873,Yadvendra Yadav,FALSE,0.039421813,0.039421813,top/middle,130,,96.29629629629629,,,96.29629629629629,,,7,20.06
69874,Nabam Takar,FALSE,0,0,finisher,4,,40,,,40,,,2,19.54
69875,Shubham Jhunjunwala,FALSE,0.039421813,0.039421813,finishing allrounder,69,,109.52380952380952,2,10.285714285714286,109.52380952380952,,,4,26.17
69876,Techi Dol,FALSE,0.039421813,0.039421813,finishing allrounder,35,,106.06060606060606,10,6.218978102189781,106.06060606060606,,,7,21.91
69880,Harsh Pandey,FALSE,0.039421813,0.039421813,top/middle,63,,95.45454545454545,,,95.45454545454545,,,4,
69881,Nich Mima,FALSE,0.039421813,0.039421813,finishing allrounder,9,,69.23076923076923,6,6.573913043478261,69.23076923076923,,,7,27.96
69882,Kanishk Dalal,FALSE,0.027149321266968326,0.027149321266968326,finisher,0,,0,0,9.6,0,,,1,22.37
69884,Nabam Totu,FALSE,0.039421813,0.039421813,opener,137,,124.54545454545455,,,124.54545454545455,,,6,23.14
69886,Vidush Arora,FALSE,0.039421813,0.039421813,opener,10,,76.92307692307692,,,76.92307692307692,,,1,28.85
69887,Abhishek Chaurasia,FALSE,0.039421813,0.039421813,finishing allrounder,5,,125,3,7.7368421052631575,125,,,2,21.99
69888,Chubing Chege,FALSE,0.039421813,0.039421813,finishing allrounder,36,,97.29729729729729,4,5.9361702127659575,97.29729729729729,,,6,19.23
69890,Prasant Goswami,FALSE,0.027149321266968326,0.027149321266968326,finisher,12,,66.66666666666667,,,66.66666666666667,,,1,21.39
69891,Pratam Mudgil,FALSE,0.039421813,0.039421813,top/middle,43,,82.69230769,,,82.69230769,,,6,17.14
69892,Yugvinder Saroha,FALSE,0.027149321266968326,0.027149321266968326,opener,39,,97.5,0,6.461538461538462,97.5,,,1,25.54
69894,Techi Tania,FALSE,0.039421813,0.039421813,finisher,48,,102.12765957446808,,,102.12765957446808,,,6,22.79
69895,Piyush Kumar,FALSE,0,0,finisher,1,,20,,,20,,,1,21.24
69896,Sachin Mourya,FALSE,0,0,top/middle,0,,0,,,0,,,2,18.15
69897,Takar Muri,FALSE,0.039421813,0.039421813,finishing allrounder,39,,111.42857142857143,4,9.069767441860465,111.42857142857143,,,7,20.28
69898,Tayum Niare,FALSE,0.027149321266968326,0.027149321266968326,finisher,16,,44.44444444444444,,,44.44444444444444,,,6,21.1
69899,Techi Tiklee,FALSE,0.039421813,0.039421813,batting allrounder,50,,111.11111111111111,3,7.404255319148936,111.11111111111111,,,6,23.7
69901,Likha Sonia,FALSE,0.039421813,0.039421813,finishing allrounder,40,,88.88888888888889,5,6.461538461538462,88.88888888888889,,,6,27.49
69902,Sohit Tomar,FALSE,0.039421813,0.039421813,top/middle,53,,139.47368421052633,,,139.47368421052633,,,4,26.21
69903,Deepak Yadav,FALSE,0.039421813,0.039421813,finishing allrounder,27,,150,0,6,150,,,3,20.05
69904,Mohd Wasim,FALSE,0.039421813,0.039421813,finishing allrounder,14,,127.27272727272727,3,9,127.27272727272727,,,5,27.05
69905,Rahul Rahul,FALSE,0.039421813,0.039421813,finishing allrounder,99,,128.57142857142858,3,6.8,128.57142857142858,,,7,31.48
69907,Pranjal Pranjal,FALSE,0.039421813,0.039421813,finisher,3,,33.333333333333336,2,11.142857142857142,33.333333333333336,,,2,28.54
69908,Saamant Jha,FALSE,0,0,top/middle,19,,57.57575757575758,0,36,57.57575757575758,,,2,18.81
69909,Vedant Yadav,FALSE,0.039421813,0.039421813,finisher,53,,147.22222222222223,,,147.22222222222223,,,2,17.66
69910,Rupesh Mishra,FALSE,0.039421813,0.039421813,batting allrounder,75,,75,5,4.705882352941177,75,,,7,24.38
69913,Taba Kagu,FALSE,0.039421813,0.039421813,finisher,21,,75,,,75,,,7,28.93
69915,Teli Radhe,FALSE,0,0,finisher,0,,0,,,0,,,2,19.81
69916,Dagbom Geyi,FALSE,0.027149321266968326,0.027149321266968326,finisher,0,,0,1,5.1,0,,,3,23.74
69918,Devnash Nagar,FALSE,0.027149321266968326,0.027149321266968326,top/middle,30,,76.92307692307692,,,76.92307692307692,,,3,19.26
69919,Gaurav Mishra,FALSE,0.039421813,0.039421813,top/middle,18,,300,,,300,,,5,19.16
69920,Nabam Kama,FALSE,0.039421813,0.039421813,top/middle,124,,93.93939393939394,5,4,93.93939393939394,,,8,24.01
69922,Varun Gupta,FALSE,0,0,finisher,0,,0,,,0,,,1,25.43
69923,Baddula Sunil Yadav,FALSE,0.027149321266968326,0.027149321266968326,finisher,6,,54.54545454545455,,,54.54545454545455,,,4,25.75
69924,Rishi Sharma,FALSE,0.027149321266968326,0.027149321266968326,finishing allrounder,2,,15.384615384615385,2,6.142857142857143,15.384615384615385,,,4,20.1
69925,Shuhel Akhtar,FALSE,0.039421813,0.039421813,top/middle,46,,131.42857142857142,0,4.666666666666667,131.42857142857142,,,4,25.16
69926,Taying Siyum,FALSE,0.027149321266968326,0.027149321266968326,finishing allrounder,2,,50,4,16.4,50,,,4,20.3
69929,Ajit Kamra,FALSE,0.039421813,0.039421813,finishing allrounder,5,,71.42857142857143,3,8.513513513513514,71.42857142857143,,,7,25.84
69930,Aman Pisa,FALSE,0.039421813,0.039421813,top/middle,44,,89.79591836734694,,,89.79591836734694,,,8,20.9
69931,Amit Kumar,FALSE,0.039421813,0.027595269,finishing allrounder,15,,37.5,4,8.262295081967213,37.5,,,4,36.65
69932,Passang Norbu,FALSE,0.039421813,0.039421813,finishing allrounder,20,,86.95652173913044,4,8.876712328767123,86.95652173913044,,,8,18.64
69933,Shakes Bhargava,FALSE,0.039421813,0.039421813,finishing allrounder,35,,194.44444444444446,2,5.492957746478873,194.44444444444446,,,3,21.07
69935,Satyam Pandey,FALSE,0.039421813,0.039421813,finisher,38,,152,,,152,,,3,22
69981,Vibhanshu Kumar,FALSE,0.039421813,0.039421813,top/middle,151,,148.0392156862745,0,8,148.0392156862745,,,6,20.7
70057,Yash Rana,FALSE,0.039421813,0.039421813,finisher,13,,144.44444444444446,0,7.384615384615385,144.44444444444446,,,1,
70058,Priyanshu Chaudhary,FALSE,0,0,opener,5,,29.41176470588235,,,29.41176470588235,,,1,
70067,Suraj Singh Rathore,FALSE,0.039421813,0.039421813,finishing allrounder,3,,50,2,6.967741935483871,50,,,3,
70068,Rapole Sai Santosh,FALSE,0.039421813,0.039421813,finishing allrounder,2,,20,3,7.2,20,,,3,
70076,Nabam Rikam,FALSE,0.039421813,0.039421813,finisher,9,,112.5,,,112.5,,,4,
7008,Gus Atkinson,TRUE,0.625,0.625,finishing allrounder,10,,43.47826086956522,7,10.746268656716419,1.0214677996034212,-3,-3.5,4,27.85
70122,Mingma Paffa,FALSE,0.027149321266968326,0.027149321266968326,finisher,2,,100,0,8,100,,,2,24.16
70126,Karan Gola,FALSE,0.039421813,0.039421813,finishing allrounder,13,,100,4,5.888888888888889,100,,,4,
70127,Vishnu Kumar Sharma,FALSE,0.027149321266968326,0.027149321266968326,finisher,0,,0,1,4.153846153846154,0,,,1,
70129,Abhinav Singh,FALSE,0.039421813,0.039421813,finishing allrounder,28,,107.6923076923077,4,2.88,107.6923076923077,,,2,
70148,Bivash Shaw,FALSE,0.039421813,0.039421813,top/middle,45,,173.07692307692307,,,173.07692307692307,,,4,22.83
70150,Prayan Prantik Samal,FALSE,0,0,opener,5,,45.45454545454545,,,45.45454545454545,,,2,16.9
70154,Panakala Sasanka,FALSE,0.039421813,0.039421813,opener,59,,105.35714285714286,,,105.35714285714286,,,2,19.54
70155,Anurag Mallick,FALSE,0,0,opener,2,,50,,,50,,,1,
70157,Vagesh Sharma,FALSE,0.039421813,0.039421813,finishing allrounder,29,,116,5,6.674157303370786,116,,,6,
70158,Abhishek Champati,FALSE,0.027149321266968326,0.027149321266968326,finisher,4,,100,,,100,,,2,
70159,Sayed Tuffel Ahmed,FALSE,0.039421813,0.039421813,finishing allrounder,16,,145.45454545454547,3,7.98,145.45454545454547,,,5,
70161,Panakala Moxit,FALSE,0.027149321266968326,0.027149321266968326,finisher,3,,50,,,50,,,2,
70162,Soumya Ranjan Lenka,FALSE,0.039421813,0.039421813,finishing allrounder,31,,103.33333333333333,5,7.636363636363637,103.33333333333333,,,5,
70163,Udaya Jata,FALSE,0.039421813,0.039421813,finishing allrounder,7,,87.5,3,7.432835820895522,87.5,,,6,
70169,Saransh Kumar,FALSE,0.039421813,0.039421813,finisher,25,,108.69565217391305,,,108.69565217391305,,,6,
70170,Md Danish,FALSE,0.039421813,0.039421813,finishing allrounder,7,,175,9,8.689655172413794,175,,,6,
70171,Shovandeb Behera,FALSE,0.039421813,0.039421813,finishing allrounder,1,,100,1,9.473684210526315,100,,,3,
70172,Swoop Samit Bhuyan,FALSE,0.039421813,0.039421813,finisher,31,,163.1578947368421,0,10.285714285714286,163.1578947368421,,,2,21.09
70173,Biswajit Pradhan,FALSE,0.039421813,0.039421813,finishing allrounder,24,,72.72727272727273,1,7.153846153846154,72.72727272727273,,,4,19.51
70175,Ayush K Barik,FALSE,0.039421813,0.039421813,finishing allrounder,20,,83.33333333333333,6,6.846153846153846,83.33333333333333,,,6,22.06
70176,Swayam Srivastav,FALSE,0.039421813,0.039421813,finisher,9,,128.57142857142858,,,128.57142857142858,,,6,
70181,Md Sohail Khan,FALSE,0,0,finisher,1,,33.333333333333336,,,33.333333333333336,,,1,
70184,Bikramjeet Singh,FALSE,0.027149321266968326,0.027149321266968326,opener,17,,73.91304347826087,,,73.91304347826087,,,2,
70186,Japji Japji,FALSE,0.027149321266968326,0.027149321266968326,top/middle,5,,55.55555555555556,,,55.55555555555556,,,2,
70188,Shabaj Singh,FALSE,0.039421813,0.039421813,finishing allrounder,91,,124.65753424657534,1,10.909090909090908,124.65753424657534,,,6,
70189,Sukhreeb Singh,FALSE,0.027149321266968326,0.027149321266968326,opener,9,,64.28571428571429,,,64.28571428571429,,,2,20.33
70191,Pardeep Jagraon,FALSE,0.027149321266968326,0.027149321266968326,finisher,10,,71.42857142857143,0,15,71.42857142857143,,,1,
70193,Varinder Viru,FALSE,0.039421813,0.039421813,top/middle,39,,114.70588235294117,,,114.70588235294117,,,3,
70194,Asheesh Asheesh,FALSE,0.039421813,0.039421813,finisher,6,,60,0,11.294117647058824,60,,,2,
70196,Karteek Sharma,FALSE,0.039421813,0.039421813,opener,95,,115.85365853658537,,,115.85365853658537,,,4,
70198,Sukhwinder Singh,FALSE,0.039421813,0.039421813,finishing allrounder,7,,63.63636363636363,2,8.888888889,63.63636363636363,,,3,29.23
70205,Jasan Jindal,FALSE,0.027149321266968326,0.027149321266968326,finishing allrounder,1,,25,6,9.2,25,,,3,22.78
70209,Reavan Preet Singh,FALSE,0.039421813,0.039421813,top/middle,24,,218.1818181818182,,,218.1818181818182,,,2,
70210,Rushil Shrivastava,FALSE,0.039421813,0.039421813,finisher,47,,146.875,,,146.875,,,3,22.35
70211,Shivein Rakheja,FALSE,0.039421813,0.039421813,opener,117,,107.33944954128441,,,107.33944954128441,,,5,21.23
70258,Samarath Semwal,TRUE,0.039421813,0.039421813,top/middle,83,,123.88059701492537,,,123.88059701492537,,,5,
7026,Brooke Guest,FALSE,0.039421813,0.039421813,top/middle,44,,93.61702127659575,,,8.382694407,,,2,28.54
70261,Pranjal Singh Raikwal,FALSE,0,0,finisher,1,,20,0,16,20,,,1,18.02
70262,Siddharth Gupta,TRUE,0.039421813,0.039421813,finishing allrounder,34,,170,10,7.956521739130435,170,,,7,21.19
70264,Mohammad Uzair Malik,FALSE,0.039421813,0.039421813,finisher,22,,169.23076923076923,,,169.23076923076923,,,1,13.7
70270,Shivansh Gautam,TRUE,0.039421813,0.039421813,finisher,11,,78.57142857142857,,,78.57142857142857,,,3,
70273,Vishal Kumar Saini,TRUE,0.039421813,0.039421813,finishing allrounder,1,,100,11,6.146341463414634,100,,,8,
70275,Tushar Nautiyal,FALSE,0.039421813,0.039421813,top/middle,101,,117.44186046511628,,,117.44186046511628,,,5,
70276,Vikas Bhati,TRUE,0.039421813,0.039421813,finishing allrounder,32,,80,2,5.5,80,,,4,20.74
70279,Daksh Arora,FALSE,0.027149321266968326,0.027149321266968326,top/middle,31,,106.89655172413794,,,106.89655172413794,,,2,19.72
70280,Priyanshu Panwar,TRUE,0.027149321266968326,0.027149321266968326,finisher,13,,100,,,100,,,3,21
70281,Sagar Ojha,FALSE,0.027149321266968326,0.027149321266968326,top/middle,12,,70.58823529411765,,,70.58823529411765,,,1,23.29
70282,Aaryan Godiyal,FALSE,0.039421813,0.039421813,finisher,22,,115.78947368421052,,,115.78947368421052,,,4,
70284,Allen Chetan,TRUE,0.039421813,0.039421813,opener,218,,205.66037735849056,,,205.66037735849056,,,5,
70287,Abhishek Barthwal,FALSE,0,0,finisher,10,,76.92307692307692,,,76.92307692307692,,,1,21.66
70289,Aasham Gulati,FALSE,0.027149321266968326,0.027149321266968326,top/middle,7,,70,,,70,,,2,
70290,Shikhar Baliyan,FALSE,0.027149321266968326,0.027149321266968326,top/middle,5,,100,,,100,,,1,
70291,Manu Kumar,FALSE,0.039421813,0.039421813,finisher,21,,123.52941176470588,,,123.52941176470588,,,1,
70292,Gopal Singh,FALSE,0.039421813,0.039421813,finisher,14,,58.333333333333336,0,9,58.333333333333336,,,2,
70294,Shobhit Sareen,TRUE,0.039421813,0.039421813,finisher,63,,121.15384615384616,0,7,121.15384615384616,,,5,
70295,Ansh Tyagi,TRUE,0.027149321266968326,0.027149321266968326,opener,23,,53.48837209302326,,,53.48837209302326,,,4,
70296,Sumit Panwar,TRUE,0.039421813,0.033508541,finishing allrounder,6,,42.857142857142854,1,10.2,42.857142857142854,,,3,32.23
70297,Aniket Malik,FALSE,0.039421813,0.039421813,finisher,64,,77.10843373493977,0,10.5,77.10843373493977,,,5,24.57
70298,Ayush Deswal,FALSE,0.039421813,0.039421813,top/middle,8,,200,,,200,,,2,
70299,Jagdish Singh Koshyari,TRUE,0.039421813,0.039421813,finishing allrounder,6,,100,2,9.9,100,,,4,
70303,Bhavya Deep Singh,TRUE,0.027149321266968326,0.027149321266968326,finishing allrounder,1,,16.666666666666668,4,7.469387755102041,16.666666666666668,,,5,
70304,Abhishek Dafouti,TRUE,0.039421813,0.039421813,batting allrounder,102,,120,2,10.421052631578947,120,,,6,21.02
70305,Jatin Sharma,TRUE,0.027149321266968326,0.027149321266968326,finisher,2,,66.66666666666667,0,12,66.66666666666667,,,2,
70306,Vanshaj Chauhan,TRUE,0.039421813,0.039421813,finisher,41,,170.83333333333334,,,170.83333333333334,,,4,
70307,Binay Singh Rawat,TRUE,0.039421813,0.039421813,finisher,44,,102.32558139534883,,,102.32558139534883,,,5,
70308,Rahul Devnath,TRUE,0.039421813,0.039421813,finishing allrounder,14,,100,7,7.851063829787234,100,,,6,
70310,Parvv Verma,TRUE,0.039421813,0.039421813,finisher,24,,133.33333333333334,,,133.33333333333334,,,1,
70341,Satyajeet Sabat,FALSE,0.039421813,0.039421813,finisher,12,,200,,,200,,,1,
70357,,FALSE,0,0,unknown,0,,0,,,,,,0,
70364,Sankalp Pathodiya,FALSE,0.039421813,0.039421813,finisher,5,,250,1,11.571428571428571,250,,,1,
70368,Priyanshu Barswal,TRUE,0.039421813,0.039421813,finisher,15,,115.38461538461539,,,115.38461538461539,,,2,22.99
7044,Jamie Smith,TRUE,0.039421813,0.039421813,top/middle,130,,191.1764705882353,,,2.915302730018557,,,5,25.37
70487,,FALSE,0,0,unknown,4,,40,,,,,,0,
7049,Kamil Mishara,TRUE,0.45901639344262296,0.45901639344262296,top/middle,199,,116.37426900584795,,,1.8809630443725747,30.999999999999986,,9,24.59
7052,Dunith Wellalage,FALSE,0.097765363,0.097765363,finishing allrounder,84,,113.51351351351352,19,6.739002933,3.1602842926656254,31.999999999999993,-1,15,22.88
7057,Pawan Shah,FALSE,0.14285714285714285,0.14285714285714285,opener,472,,115.1219512195122,,,115.1219512195122,-34.5,,30,26.23
7058,Yash Vijay Rathod,FALSE,0.098930481,0.098930481,opener,92,,104.54545454545455,,,7.855148641784863,4.999999999999998,,7,25.53
7059,Nehal Wadhera,TRUE,1,1,top/middle,1502,,139.33209647495363,4,10.2,2.614329118315942,-41.5,-1.5,70,25.23
7060,Arjun Sachin Tendulkar,TRUE,1,1,finishing allrounder,115,,98.29059829,25,6.482412060301508,1.6558042786763616,0.7000000000000004,0.7000000000000002,17,26.17
70832,Sentu Sarkar,FALSE,0.027149321266968326,0.027149321266968326,top/middle,11,,110,,,110,,,1,
7094,Curtis Campher,FALSE,0.2,0.2,finishing allrounder,128,,126.73267326732673,9,8.456140350877194,1.9233534471398004,1.9999999999999996,2.9999999999999996,11,26.6
7105,Sameer Choudhary,FALSE,0.36,0.36,finisher,380,,125.82781456953643,0,9.4,14.247729389875582,47.499999999999986,0,33,25.94
7106,Ajay Dev Goud,TRUE,0.22535211267605634,0.22535211267605634,finishing allrounder,12,,109.0909090909091,7,4.8,109.0909090909091,,-0.333333333,2,25.78
71192,Indrajit Debnath,FALSE,0.027149321266968326,0.027149321266968326,finishing allrounder,2,,100,1,8.538461538461538,100,,,1,
7125,Vidyadhar Patil,FALSE,0.45901639344262296,0.45901639344262296,finishing allrounder,144,,165.51724137931035,54,8.401554404145077,12.936773136874502,9.142857143,1,37,25.22
7130,Abhilash Shetty,FALSE,0.15625,0.15625,finishing allrounder,11,,68.75,49,7.526530612244898,24.15444007313456,0.1,-0.7,35,
71309,Atul Prakash,FALSE,0,0,top/middle,7,,58.333333333333336,,,58.333333333333336,,,1,
71310,Bhanu Kumar,FALSE,0.027149321266968326,0.027149321266968326,finisher,2,,33.333333333333336,0,11.666666666666666,0,,,1,
71311,Mohd Izhar,FALSE,0.039421813,0.039421813,finishing allrounder,3,,37.5,6,6.8076923076923075,,,,1,
7134,Luvnith Sisodia,FALSE,0.625,0.625,opener,1314,,150.86107921928817,,,6.264600086748897,-54.4,,44,25.86
7140,Senuran Muthusamy,FALSE,0.039421813,0.039421813,finishing allrounder,9,,100,1,7.953488372093023,0.698328245,,,1,31.76
7145,Adhoksh Hegde,TRUE,0.2,0.2,finishing allrounder,1,,50,2,10.254545454545454,50,,,5,
7152,Hazratullah Zazai,TRUE,0.8904109589040837,0.8904109589040837,opener,217,,116.66666666666667,,,2.795990136,-56.5,,11,27.68
7155,Sahan Arachchige,FALSE,0.097765363,0.097765363,batting allrounder,235,,123.6842105263158,3,6.3076923076923075,11.87577508383828,-59,-1,9,29.54
7157,Oshada Fernando,FALSE,0.058558559,0.049774775,top/middle,19,,65.51724137931035,,,65.51724137931035,,,1,33.62
7162,Jacob Lintott,FALSE,0.112,0.0952,finishing allrounder,19,,172.72727272727272,4,4.835820895522388,9.809995682824681,,,3,32.6
7197,Jhatavedh Subramanyan,FALSE,0.22535211267605634,0.22535211267605634,finishing allrounder,5,,83.33333333333333,26,6.820224719101123,0.6294277623668542,2.9999999999999996,-4.5,25,26.2
7201,Haroon Arshad,TRUE,0.21153846153846154,0.21153846153846154,finishing allrounder,3,,75,0,10.628571428571428,75,,,2,26.23
7205,Tom O Connell,FALSE,0,0,finisher,0,,0,0,12.5,0,,,1,25.45
7215,Rajesh Mohanty,FALSE,0.112,0.112,finishing allrounder,71,,142,16,5.585106382978723,1.3878408002877725,9.384615384615385,1.8846153846153852,9,25.52
7216,Prabhsimran Singh,TRUE,1,1,opener,2751,,153.08848080133555,,,3.300916422495078,216.10000000000005,,92,25.3
7217,Pranshu Vijayran,FALSE,0.22535211267605634,0.22535211267605634,finishing allrounder,164,,140.17094017094018,13,8.798722044728434,1.1331540169838143,28.399999999999995,2.0999999999999996,21,30.02
7218,Arun Chaprana,FALSE,0.2,0.2,batting allrounder,32,,168.42105263157896,4,8.921052631578947,6.586955888733936,,,3,31.57
7219,Shasheem Rathour,FALSE,0.058558559,0.058558559,opener,0,,0,0,7.333333333333333,0,,,1,31.11
722,Liam Dawson,FALSE,0.19491525423728814,0.13644067796610168,finishing allrounder,40,,137.93103448275863,10,7.3649289099526065,1.1675039689970457,,2.666666666666666,13,35.74
724,Imran Tahir,FALSE,0.112,0.0784,finishing allrounder,5,,100,9,5.387755102040816,100,,1,4,46.48
7240,FazalHaq Farooqi,TRUE,1,1,finishing allrounder,10,,40,39,7.505202312138728,1.6391758139110473,0.5999999999999999,-3.9,38,25.18
7245,Pappu Roy,FALSE,0.097765363,0.097765363,finishing allrounder,0,,0,22,5.803278689,,,2.3076923076923084,11,30.76
7250,Mukesh Choudhary,TRUE,1,1,finishing allrounder,68,,123.63636363636364,64,8.272425249169435,3.1481387151057176,27.999999999999993,0.9285714285714288,43,29.39
7256,Qamran Iqbal,FALSE,0.097765363,0.097765363,opener,133,,111.76470588235294,,,13.008421301172056,-38.5,,5,24.11
7260,Dhruv Jurel,TRUE,1,1,finisher,1159,,148.97172236503857,,,2.5571870071583818,9.5,,60,24.85
7266,M Venkatesh,FALSE,0.38461538461538464,0.38461538461538464,finishing allrounder,271,,116.30901287553648,21,8.295399515738499,8.347630315,62.29999999999999,-2.3,32,25.62
7269,Sushant Mishra,FALSE,0.039421813,0.039421813,finishing allrounder,0,,0,6,6.923076923076923,,,,1,24.93
7270,Anrich Nortje,TRUE,1,0.85,finishing allrounder,49,,76.5625,58,8.421818181818182,1.0981830921115125,3.3,-4.5,50,32.03
7276,Rishabh Chouhan,FALSE,0.098930481,0.098930481,finisher,326,,153.05164319248826,1,7,6.913871219,53.499999999999986,,13,26.23
7279,Atharva Ankolekar,FALSE,0.2,0.2,finishing allrounder,190,,125,21,7.111638954869359,2.255868017125979,33.885714285714286,2.371428571428571,21,25.17
728,Dawid Malan,TRUE,1,0.7,top/middle,1113,,125.76271186440678,,,2.6293272768457534,18.885714285714283,,40,38.23
7289,WJ Lubbe,FALSE,0.097765363,0.083100559,top/middle,16,,160,,,160,,,2,33.01
7292,Ranjit Mali,FALSE,0.039421813,0.027595269,finishing allrounder,10,,100,2,11.419354838709678,100,,,3,37.06
7293,Mrinmoy Dutta,FALSE,0.38461538461538464,0.38461538461538464,finishing allrounder,156,,120,20,8.251716247139589,1.324716801782811,5.999999999999997,0.7000000000000004,19,27.01
7294,Jitumoni Kalita,FALSE,0.039421813,0.039421813,finishing allrounder,95,,121.7948717948718,2,5.851851851851852,1.532871383560888,,,6,25.13
7295,Mukhtar Hussain,FALSE,0.22535211267605634,0.22535211267605634,finishing allrounder,77,,202.6315789473684,23,6.966292134831461,1.589013689521174,-10.85714286,0.9428571428571426,12,26.87
7296,Debabrata Pradhan,FALSE,0.19491525423728814,0.19491525423728814,finishing allrounder,32,,123.07692307692308,23,6.688524590163935,6.282759342,-5,-2,13,29.13
7297,Romario Sharma,TRUE,0.2,0.2,finishing allrounder,227,,96.18644068,14,5.59375,88.13559322033899,-199,,19,30.94
7298,Sujit Lenka,FALSE,0.039421813,0.033508541,top/middle,121,,114.15094339622641,,,114.15094339622641,,,4,32.95
7304,Sanvir Singh,TRUE,1,1,batting allrounder,1280,,174.62482946793997,32,8.023728813559321,4.2562270205368185,38.79999999999998,-0.8,53,29.12
7312,Nandre Burger,TRUE,0.14285714285714285,0.14285714285714285,finishing allrounder,10,,47.61904761904762,8,8.4,3.2589986965478825,3.999999999999999,-0.5,10,30.29
7322,Yash Dayal,TRUE,1,1,finishing allrounder,13,,76.47058823529412,60,7.931192660550459,0.8278958767385729,1.4999999999999996,0.3999999999999999,62,27.95
7324,Agnivesh Ayachi,FALSE,0.098930481,0.098930481,finishing allrounder,19,,76,4,8.117647058823529,76,,,4,30.45
7325,Harpreet Brar,TRUE,1,1,finishing allrounder,661,,124.71698113207547,82,7.633835457705678,1.6905776570279412,38,3,93,30.2
7326,PP Jaiswal,FALSE,0.22535211267605634,0.22535211267605634,finishing allrounder,77,,160.41666666666666,24,8.459227467811159,1.8719755372823599,2.771428571,5.142857142857143,25,30.18
7327,Rasikh Salam,TRUE,1,1,finishing allrounder,45,,102.27272727272727,24,8.225063938618925,0.8671998742902797,13.499999999999995,1.5999999999999996,20,25.64
7328,Prayas Ray Barman,FALSE,0.112,0.112,finishing allrounder,170,,111.11111111111111,8,8.607142857142858,111.11111111111111,22.653846153846157,0.7999999999999998,16,23.09
7338,Haider Ali,TRUE,0.8904109589041096,0.8904109589041096,top/middle,388,,140.57971014492753,,,2.595470327858379,32.599999999999994,,30,25.15
7341,Jake McGurk,TRUE,0.36,0.36,opener,484,,180.59701492537314,,,2.0716709491762235,-370,,20,23.63
7343,Mohor Sheikh,FALSE,0.097765363,0.097765363,finishing allrounder,4,,28.571428571428573,8,9.163636363636364,0.6853006480927414,,3.999999999999999,7,28.68
7344,Shoriful Islam,TRUE,1,1,finishing allrounder,106,,99.06542056074767,96,7.749667110519308,1.344257460556236,6.300000000000001,3.7000000000000006,70,24.48
7354,Al Alis,FALSE,0.098930481,0.098930481,finishing allrounder,30,,63.829787234042556,28,6.365422396856582,0.9770621113890616,17.999999999999993,0,22,28.96
7355,Tayyab Tahir,FALSE,0.097765363,0.083100559,top/middle,63,,92.64705882,,,15.329047496452707,-15,,6,32.34
7364,Haris Rauf,TRUE,1,0.85,finishing allrounder,97,,95.09803921568627,90,8.004545454545454,1.1442997603177079,2.1,2.3,59,32.05
7419,Ahmed Shah,FALSE,0.039421813,0.039421813,top/middle,0,,0,,,0,,,1,30.81
7421,Bishworjit Konthoujam,FALSE,0.098930481,0.098930481,finishing allrounder,2,,66.66666666666667,2,6.6947368421052635,66.66666666666667,,0,6,29.81
7426,Kangabam Priyojit Singh,FALSE,0.098930481,0.098930481,top/middle,100,,75.18796992481202,,,4.974382060361596,65.99999999999999,,6,31.01
7429,Prafullomani Singh,FALSE,0.098930481,0.098930481,top/middle,105,,87.5,,,9.298098265012266,98.99999999999994,,5,31.74
7430,Thokchom Singh,FALSE,0.039421813,0.027595269,finisher,1,,20,,,20,,,1,35.9
7431,Sultan Karim,FALSE,0.112,0.112,finisher,7,,58.333333333333336,1,10.125,0.6931039664789879,6.999999999999998,-1,5,31.03
7436,Imliwati Lemtur,FALSE,0.112,0.0952,finishing allrounder,63,,79.74683544303798,8,7.691489361702128,1.770874094144878,7.999999999999998,0.5,11,33.92
7440,Sedezhalie Rupero,FALSE,0.098930481,0.098930481,top/middle,114,,63.333333333333336,,,1.3531815886738237,-9.5,,9,28.03
7442,Tahmeed Rahman,FALSE,0.112,0.112,finishing allrounder,12,,41.37931034482759,4,7.956521739130435,1.1767110489749535,-4,0,8,27.17
7446,Abdul Samad,TRUE,1,1,finisher,850,,144.31239388794566,1,9.857142857142858,2.175307714001231,43,-0.192307692,62,24.08
7449,Shubham Pundir,FALSE,0.098930481,0.098930481,top/middle,47,,104.44444444444444,0,5.7,104.44444444444444,,,4,27.11
7454,Manyala Pranith,FALSE,0.039421813,0.033508541,opener,151,,158.94736842105263,,,158.94736842105263,122.99999999999997,,7,32.22
7458,Rushabh Rathod,FALSE,0.45901639344262296,0.45901639344262296,finisher,655,,142.70152505446623,1,9,0.6997187254231506,60.02857142857142,,40,31.34
7459,Ankit Chaudhary,FALSE,0.112,0.112,finishing allrounder,66,,132,3,6.707865168539326,132,19.999999999999993,0,12,28.93
7463,Gandhar Bhatawadekar,TRUE,0.45901639344262296,0.3901639344262295,top/middle,74,,121.31147540983606,,,0.9657217849524486,-11,,3,32.39
7466,Supriyo Chakraborty,FALSE,0.097765363,0.097765363,finisher,6,,120,,,120,,,1,30.55
7467,Hiten Mehra,FALSE,0.039421813,0.039421813,finisher,93,,166.07142857142858,,,166.07142857142858,,,5,27.94
7468,Hemang Patel,FALSE,0.22535211267605634,0.22535211267605634,finishing allrounder,227,,168.14814814814815,5,6.662068965517242,2.806632062892919,36.29999999999999,0.4999999999999999,11,27.02
7469,Tejas Patel,FALSE,0.098930481,0.098930481,finishing allrounder,59,,159.45945945945945,14,9.605504587155963,159.45945945945945,,2.714285714285714,9,30.02
7470,Arzan Nagwaswalla,FALSE,0.098930481,0.098930481,finishing allrounder,2,,40,22,7.533333333333333,40,,-1.8,16,28.11
7471,Ayan Bhattacharjee,FALSE,0.057692307692307696,0.049038462,finishing allrounder,87,,147.45762711864407,4,8.351351351,147.45762711864407,-27,3.999999999999999,14,34.36
7472,Shahbaz Ahmed,TRUE,1,1,finishing allrounder,1232,,132.90183387270767,48,8.193254329990884,2.301307482006847,27.40000000000002,-0.2,83,30.96
7473,Akash Deep,TRUE,1,1,finishing allrounder,106,,173.7704918032787,31,8.491228070175438,1.3993747064780044,7.2,-0.7,30,28.95
7474,Yash Nahar,TRUE,1,1,opener,741,,136.21323529411765,0,19.714285714285715,1.7498813247068663,22.999999999999982,,29,31.13
7475,Hitesh Walunj,FALSE,0.112,0.0952,finishing allrounder,25,,89.28571428571429,16,7.541401274,89.28571428571429,-23,-1.5,23,32.65
7476,Azim Kazi,TRUE,1,0.85,batting allrounder,822,,120.88235294117646,14,6.696245733788396,1.1393011889816314,11.499999999999991,-3,33,32.12
7481,Swarajeet Das,FALSE,0.039421813,0.039421813,finishing allrounder,51,,108.51063829787235,1,7.5,0.9186389928455584,48.99999999999999,0.9999999999999998,4,30.68
7483,Amiangshu Sen,FALSE,0.058558559,0.058558559,finisher,11,,42.30769230769231,,,42.30769230769231,,,3,31
7485,Akash Choudhary,FALSE,0.098930481,0.098930481,finishing allrounder,50,,74.62686567,0,8.347826086956522,4.564402793449285,7.999999999999998,0,6,26
7487,Jayveer Parmar,FALSE,0.039421813,0.039421813,finishing allrounder,6,,54.54545454545455,8,7.139240506329114,54.54545454545455,,,7,27.46
7488,Madhav Kaushik,FALSE,0.48437499999999994,0.48437499999999994,top/middle,1002,,141.92634560906515,,,36.493321246832544,-32,,36,27.9
7490,Wanlambok Nongkhlaw,FALSE,0.039421813,0.033508541,top/middle,8,,57.142857142857146,,,57.142857142857146,,,1,32.79
7492,Kanwar Abhinay,FALSE,0.098930481,0.084090909,finishing allrounder,1,,50,12,7.389162561576355,50,,-6,9,34.45
7493,Ayush Jamwal,FALSE,0.039421813,0.039421813,finishing allrounder,3,,75,0,6.48,75,,,1,26.29
7495,Nitin Sharma,FALSE,0.098930481,0.098930481,top/middle,42,,102.4390243902439,,,1.121295514666493,-10,,4,29.16
7496,Ekant Sen,FALSE,0.2,0.2,finisher,154,,120.3125,,,3.0800254662916204,26.99999999999999,,10,30.43
7498,Abhijeet Tomar,TRUE,0.625,0.625,opener,88,,122.22222222222223,,,2.021941191409379,15.99999999999999,,5,30.7
7499,Manish Sharma,FALSE,0.039421813,0.039421813,finishing allrounder,12,,100,0,9.870967741935484,100,,,2,29.22
750,Thisara Perera,FALSE,0.625,0.4375,finishing allrounder,499,,149.84984984984985,24,8.085287846481876,7.307102639988273,7.099999999999999,-3.214285714,36,36.65
7501,Ashutosh Ama,FALSE,0.098930481,0.069251337,finishing allrounder,2,,100,5,7.979381443298969,100,,0.9999999999999998,5,39.52
7502,Babul Kumar,FALSE,0.112,0.0952,opener,135,,128.57142857142858,,,2.137392762327892,-8.5,,5,32.87
7503,Ravi Bishnoi,TRUE,1,1,finishing allrounder,91,,87.5,137,7.289099526066351,1.092726715050998,3.9,-1.1,111,25.22
7504,Mangal Mahrour,FALSE,0.112,0.0952,top/middle,187,,115.4320987654321,,,11.792509756871933,50.999999999999986,,5,33.65
7505,Piyush Singh,FALSE,0.039421813,0.039421813,opener,51,,92.72727272727273,,,100,,,2,24.56
7506,Prashant Singh,FALSE,0.027149321266968326,0.027149321266968326,finishing allrounder,1,,50,0,4,50,,,1,25.19
7508,MD Rahmatullah,FALSE,0.097765363,0.068435754,top/middle,9,,75,,,75,,,1,40.96
7509,Yashasvi Rishav,FALSE,0.098930481,0.098930481,top/middle,35,,106.06060606060606,,,106.06060606060606,,,1,28.16
7515,Larry Sangma,FALSE,0.112,0.0952,top/middle,97,,88.18181818181819,0,8,3.250188618432295,0.9999999999999998,,5,33.14
7516,Ritwik Chowdhury,TRUE,0.8904109589041096,0.8904109589041096,finisher,353,,136.8217054263566,,,1.7118557524371776,10.5,,23,30.02
7521,Mohit Kale,FALSE,0.098930481,0.098930481,top/middle,565,,134.52380952380952,0,9.428571428571429,134.52380952380952,42.99999999999998,,24,29
7525,Poonish Mehta,FALSE,0.039421813,0.033508541,finishing allrounder,62,,137.77777777777777,0,10.434782608695652,137.77777777777777,,,3,32.06
7528,Priyanshu Khanduri,TRUE,0.8904109589041096,0.8904109589041096,top/middle,356,,123.1833910034602,,,4.110468985653505,49.499999999999964,,15,30.12
7529,Akshay Chandran,FALSE,0.36,0.306,finishing allrounder,147,,96.71052631578948,20,6.442477876106195,1.2000095799287522,13.742857142857137,0.7999999999999992,20,32.1
7530,Kshitij Patel,FALSE,0.039421813,0.039421813,top/middle,150,,116.27906976744185,0,16,116.27906976744185,,,7,28.11
7532,Yuvraj Chudasama,FALSE,0.15625,0.15625,finishing allrounder,19,,76,24,7.238532110091743,76,-0.928571429,-1.2,24,30.01
7533,Simarjeet Singh,TRUE,1,1,finishing allrounder,63,,128.57142857142858,62,8.394463668,1.1110329625930797,10.928571428571425,5.099999999999999,41,27.86
7534,Sarthak Ranjan,FALSE,0.112,0.112,opener,701,,135.32818532818533,,,135.32818532818533,196.9999999999999,,19,29.17
7535,Shivank Vashisht,FALSE,0.38461538461538464,0.38461538461538464,finishing allrounder,182,,118.95424836601308,26,6.548856548856548,2.5801649303523426,34.214285714285715,4.199999999999998,26,30.19
7537,Kunwar Bidhuri,FALSE,0.039421813,0.039421813,top/middle,172,,121.98581560283688,2,11,121.98581560283688,33.99999999999999,,15,29.59
7539,Fazil Rashid,FALSE,0.098930481,0.098930481,finisher,39,,134.48275862068965,,,134.48275862068965,,,4,28.96
7540,Jonty Sidhu,FALSE,0.112,0.112,batting allrounder,496,,142.93948126801152,9,6.972972972972973,142.93948126801152,1.9999999999999996,0.9999999999999998,21,27.96
7542,Ajay Rohera,FALSE,0.38461538461538464,0.38461538461538464,opener,1067,,160.93514328808448,,,4.433025288439247,278.99999999999983,,26,28.48
7543,Yash Dubey,FALSE,0.039421813,0.039421813,opener,146,,119.67213114754098,,,100,137.99999999999997,,8,26.93
7544,Venkatesh Iyer,TRUE,1,1,top/middle,2283,,138.02902055622732,27,8.477732793522268,3.301634752383488,-45.5,-1.1,98,30.92
7545,Kuldeep Sen,TRUE,1,1,finishing allrounder,0,,0,32,8.872841444270016,0,0,-0.2,30,29.1
7547,Vikrant Auti,FALSE,0.039421813,0.039421813,top/middle,124,,113.76146788990826,1,4.5,4.353873504066211,,,6,31.47
7548,Shivalik Sharma,FALSE,0.36,0.36,top/middle,433,,143.3774834437086,,,4.031537097026932,42.499999999999986,,23,27
7550,Sijomon Joseph,FALSE,0.22535211267605634,0.22535211267605634,finishing allrounder,188,,112.57485029940119,24,7.111111111111111,1.0968326385029552,21.99999999999999,0.7999999999999995,27,28.16
7551,Lavin Coster,FALSE,0.039421813,0.033508541,finisher,4,,44.44444444444444,,,5.575470439468293,0,,4,32.95
7552,Sanjeet Desai,TRUE,0.9411764705882353,0.9411764705882353,top/middle,581,,139.3285371702638,0,24,2.449695006034737,136.89999999999998,,22,27.96
7553,Ajay Mandal,TRUE,1,1,batting allrounder,458,,149.1856678,23,6.134078212290503,2.4017616525014263,90.7,2.799999999999999,16,29.75
7555,Rishabh Tiwari,FALSE,0.039421813,0.033508541,opener,226,,126.96629213483146,,,126.96629213483146,-40,,10,32.24
7559,Avnish Dhaliwal,FALSE,0.039421813,0.033508541,top/middle,125,,113.63636363636364,,,3.5602060388840195,64.99999999999997,,6,33.2
7560,Mandar Bhandari,FALSE,0.38461538461538464,0.38461538461538464,opener,691,,146.39830508474577,,,52.053602715042274,64.49999999999997,,30,31.45
7567,Bishal Ghosh,FALSE,0.039421813,0.039421813,opener,1,,33.333333333333336,,,33.333333333333336,,,1,29.58
7569,SS Das,FALSE,0.039421813,0.033508541,finishing allrounder,3,,25,6,7.25,3.4394569777857136,-1,-2,4,32.07
7574,Kumar Kartikeya Singh,TRUE,1,1,finishing allrounder,69,,111.29032258064517,49,7.336273428886439,1.4254010245600048,10.5,1.8999999999999995,43,27.92
7575,Arpit Guleria,TRUE,0.45901639344262296,0.45901639344262296,finishing allrounder,0,,0,4,9.574468085106384,0,,,2,28.59
7583,Rahul Rawat,FALSE,0.097765363,0.097765363,top/middle,56,,90.32258065,,,90.32258065,,,5,29.15
7593,Sagar Mishra,TRUE,0.8904109589041096,0.7568493150684932,batting allrounder,155,,93.37349397590361,14,6,1.1773905216625564,46.49999999999999,4.999999999999998,13,32.2
7594,Ankush Jaiswal,TRUE,0.45901639344262296,0.45901639344262296,finisher,7,,116.66666666666667,1,17.333333333333332,0.7014383036880129,-3.5,0.4999999999999999,3,25.9
7595,Kruthik Hanagavadi,FALSE,0.098930481,0.098930481,finishing allrounder,8,,88.88888888888889,7,9.056603773584905,0.69724623,1.9999999999999996,1.2499999999999996,7,29.86
76,Suresh Raina,TRUE,0.8904109589041096,0.6232876712328766,top/middle,160,,120.30075187969925,,,4.055532277555172,,,12,39
7603,Salil Agharkar,TRUE,0.36,0.252,finishing allrounder,1,,50,3,6.625,0.69724623,-0.5,-0.5,2,39.92
7605,Karn Kaushal,TRUE,0.625,0.53125,top/middle,69,,109.52380952380952,,,2.236885623947713,28.499999999999986,,8,34.26
7606,Vaibhav Bhatt,TRUE,0.625,0.625,top/middle,197,,123.8993710691824,,,4.046946268,-33,,14,30
7607,Avneesh Sudha,TRUE,1,1,opener,780,,139.78494623655914,9,9.437288136,5.0754282036994685,11.799999999999994,-0.1,25,24.02
7609,Mayank Mishra,TRUE,0.625,0.4375,finishing allrounder,31,,114.81481481481481,23,7.716621253405995,1.1377093444194042,7.357142857142855,2.714285714285714,16,35.13
7610,Sunny Rana,FALSE,0.058558559,0.040990991,finishing allrounder,1,,25,0,9.166666666666666,25,,,4,37.92
7613,Shivam Khurana,FALSE,0.098930481,0.084090909,finisher,67,,128.84615384615384,,,128.84615384615384,,,6,34.75
7625,Suryansh Shedge,FALSE,0.039421813,0.039421813,finishing allrounder,184,,187.75510204081633,8,9.438202247191011,1.5260866059196136,-52,-6,17,
7634,Aaron Jones,FALSE,0.098930481,0.098930481,top/middle,131,,129.7029702970297,0,16.666666666666668,5.232667904236859,,0,9,31.1
7649,Parth Chauhan,FALSE,0.36,0.36,finishing allrounder,252,,124.13793103448276,5,8.751381215469614,6.7097180988397405,-0.342857143,0.25714285714285706,24,30.4
7650,Krunal Karamchandani,FALSE,0.112,0.0952,finishing allrounder,23,,82.14285714285714,4,6.4,82.14285714285714,22.999999999999993,0,6,32.13
7656,Sahil Karathia,FALSE,0.058558559,0.049774775,opener,11,,73.33333333333333,,,73.33333333333333,,,2,34.03
7658,Parth Bhut,FALSE,0.19491525423728814,0.19491525423728814,finishing allrounder,94,,104.44444444444444,27,6.953846153846154,104.44444444444444,5.928571428571429,3.2142857142857153,19,28.31
7663,Vandit Jivrajani,FALSE,0.098930481,0.084090909,finishing allrounder,7,,77.77777777777777,9,7.216589861751152,77.77777777777777,,0.6428571428571432,12,34.23
7665,Sunil Yadav,FALSE,0.22535211267605634,0.19154929577464788,finishing allrounder,40,,93.02325581395348,22,7.037037037037037,2.1430827134829795,-9.2,-1.6,21,33.95
7666,Jay Chauhan,FALSE,0.097765363,0.083100559,finishing allrounder,9,,42.857142857142854,4,5.621621621621622,42.857142857142854,-1,0,6,33.14
7669,Devang Karamta,FALSE,0.112,0.112,finishing allrounder,20,,76.92307692307692,22,7.478005865102639,76.92307692307692,2,2.642857142857143,15,27.84
768,Reeza Hendricks,TRUE,1,0.7,opener,1241,,140.8626560726447,0,11.4,3.970423265,2.1000000000000036,0,38,36.28
7689,Dilshan Madushanka,TRUE,0.8904109589041096,0.8904109589041096,finishing allrounder,2,,28.571428571428573,14,8.4375,0.83702984,-0.5,-3,12,25.19
7690,Saim Ayub,TRUE,1,1,batting allrounder,889,,121.28240109140519,20,6.857142857142857,1.4459599997511634,127.99999999999997,18.99999999999999,47,23.51
7692,Qasim Akram,TRUE,0.098930481,0.098930481,batting allrounder,98,,102.08333333333333,2,5.863636363636363,102.08333333333333,,,4,22.99
7696,Mohammad Wasim,FALSE,0.625,0.625,finishing allrounder,101,,116.0919540229885,43,7.679706601466993,1.505618134511825,6.300000000000001,1.0999999999999999,36,24.25
7699,Abbas Afridi,TRUE,0.38461538461538464,0.38461538461538464,finishing allrounder,147,,120.49180327868852,32,7.846153846153846,1.305566064,-61,-14,24,24.64
7702,Chamindu Wickramasinghe,TRUE,0.098930481,0.098930481,finishing allrounder,14,,127.27272727272727,1,7.534883720930233,2.782191418329257,-2,-1,3,23.23
7704,Paven Rathnayake,FALSE,0.039421813,0.039421813,finisher,97,,107.77777777777777,,,107.77777777777777,,,6,23.26
772,Rilee Rossouw,TRUE,1,0.7,top/middle,719,,162.66968325791856,,,2.7617410105813085,-10,,26,36.13
7720,Sugendhran P,FALSE,0.098930481,0.069251337,top/middle,70,,101.44927536231884,,,2.840164569682082,0.5000000000000014,,10,35.05
7721,NS Harish,FALSE,0.625,0.625,finishing allrounder,223,,127.42857142857143,23,6.904255319148936,2.3519764122752163,25.000000000000007,-1.4,35,27.79
7723,N Selva Kumaran,FALSE,0.19491525423728814,0.19491525423728814,finishing allrounder,19,,65.51724137931035,14,7.595375722543353,1.2343669313484444,1.8999999999999997,-0.5,20,31.77
7726,Ganeshan Periyaswamy,FALSE,0.38461538461538464,0.38461538461538464,finishing allrounder,9,,50,49,6.832957110609481,0.7620248737061845,6.999999999999998,0.3999999999999998,36,31.73
7727,Dev Rahul,FALSE,0.112,0.112,finishing allrounder,32,,152.38095238095238,6,9.375,0.5720862065666857,4.499999999999999,-0.25,7,26.16
7731,Neyan Shyam Kangayan,FALSE,0.21153846153846154,0.21153846153846154,opener,632,,120.61068702290076,,,120.61068702290076,28.653846153846157,,24,22.53
7734,Praanesh B,FALSE,0.098930481,0.098930481,finishing allrounder,7,,63.63636363636363,3,9.317647059,2.2320795722451976,0.9999999999999998,-1,6,29.28
7743,Rajendran Karthikeyan,FALSE,0.098930481,0.069251337,finishing allrounder,11,,42.30769230769231,5,6.896551724137931,42.30769230769231,-3,0.9999999999999998,7,38.49
7744,Jordan Cox,FALSE,0.039421813,0.039421813,finisher,33,,103.125,,,1.0586195434041754,-1,,5,25.1
7763,Kishan Bidare,FALSE,0.039421813,0.039421813,finisher,22,,75.86206896551724,,,75.86206896551724,,,2,
778,Darren Bravo,FALSE,0.098930481,0.069251337,finisher,31,,86.11111111111111,,,3.4576455524754888,20.999999999999993,,5,36.8
7802,Krishna Pandey,TRUE,0.9411764705882353,0.9411764705882353,finishing allrounder,559,,153.57142857142858,21,8.15625,2.9729460703246864,162.99999999999994,4.071428571428571,25,31.19
7807,Shreesha Achar,TRUE,0.36,0.36,finishing allrounder,3,,100,28,7.0718446601941745,100,,3.1999999999999993,27,
7808,Marco Jansen,TRUE,1,1,finishing allrounder,276,,126.02739726027397,51,8.346303501945526,1.3108602938119767,25.099999999999998,2.9000000000000004,46,25.57
781,Sunil Narine,TRUE,1,0.7,batting allrounder,1140,,158.33333333333334,83,6.266733266733267,1.9860027728278233,66.20000000000002,-0.4,86,37.5
786,Chris Jordan,TRUE,1,0.7,finishing allrounder,208,,126.06060606060606,28,8.574834437086093,1.565517970052913,-26,-2.8,36,37.14
7894,Tony Munyonga,FALSE,0.039421813,0.039421813,finisher,4,,33.333333333333336,,,1.1145683211417328,,,3,26.82
7895,Shashwat Rawat,FALSE,0.22535211267605634,0.22535211267605634,top/middle,514,,138.1720430107527,2,7.2439024390243905,12.799453032159912,-36.5,-0.5,18,24.64
7896,Akash Singh,FALSE,0.22535211267605634,0.22535211267605634,finishing allrounder,25,,89.28571428571429,14,8.487394957983193,89.28571428571429,,0.9000000000000002,18,23.59
7897,Namboori Tilak Varma,TRUE,1,1,top/middle,3205,,137.4946374946375,6,7.437125748502994,3.0829871981866117,204.50000000000003,0.10000000000000009,109,23.05
7898,Varun Lavande,TRUE,0.625,0.625,top/middle,256,,120.75471698113208,,,2.798478467685593,73.99999999999999,,15,24.97
7899,Karan Lal,TRUE,1,1,batting allrounder,652,,127.34375,21,6.463235294117647,2.283794108383267,105.79999999999998,3.0999999999999996,28,25.1
7900,Tanzid Hasan,TRUE,0.9411764705882353,0.9411764705882353,opener,1431,,128.68705035971223,,,2.6787879727636565,306.21428571428567,,49,24.99
7901,Parvez Emon,TRUE,1,1,opener,929,,128.13793103448276,,,1.761149563695267,209.49999999999997,,44,23.46
7902,Mahmudul Joy,FALSE,0.36,0.36,top/middle,596,,106.61896243291592,0,11,12.261463176929837,-63.5,,30,25.03
7903,Shamim Hossain,TRUE,1,1,finisher,1285,,131.52507676560901,6,8.739884393063583,2.185604982824892,118.99999999999999,1.0857142857142854,88,25.23
7904,Mohammad Chowdhury,FALSE,0.36,0.36,finishing allrounder,114,,98.27586206896552,33,7.591397849462366,1.4260445436619933,-6.857142857,-2.3,26,24.41
7905,Tanzim Sakib,TRUE,1,1,finishing allrounder,248,,106.89655172413794,64,8.339080459770114,1.6080087700566794,46.999999999999986,9.999999999999996,47,23.1
7906,Rakibul Hasan,TRUE,0.8904109589041096,0.8904109589041096,finishing allrounder,89,,109.87654320987654,25,6.986301369863014,1.3975313767898319,16.5,0.5000000000000006,30,23.21
7908,Mohammad Akbar Ali,TRUE,0.8904109589041096,0.8904109589041096,finisher,362,,120.66666666666667,,,4.814500531335397,53.19999999999999,,35,24.13
7920,Nathan Ellis,TRUE,1,1,finishing allrounder,51,,62.19512195121951,72,7.595744680851064,0.9528130836592229,0.19999999999999948,2.2000000000000006,45,31.18
7935,Mohammad Ghazanfar,TRUE,0.36,0.36,finishing allrounder,0,,0,1,9.5,0,,,2,30.91
7937,Wasim Ali,TRUE,0.112,0.112,batting allrounder,149,,93.125,4,6.202247191011236,2.900124109146105,30.999999999999986,1.9999999999999996,7,26.97
7938,Sandeep Goud 1,TRUE,0.098930481,0.084090909,finisher,5,,250,,,250,,,1,34.05
7942,Jay Odedara,TRUE,0.097765363,0.068435754,finishing allrounder,0,,0,3,8.222222222222221,0,,0.9999999999999998,3,36.06
7945,Nasrulla Rana,FALSE,0.039421813,0.039421813,finishing allrounder,11,,73.33333333333333,2,9,4.622861777191791,4.999999999999998,0,5,23.21
7954,Akif Javed,FALSE,0.058558559,0.058558559,finishing allrounder,37,,132.14285714285714,27,6.661016949152542,1.1187778171813947,,16.999999999999996,15,25.13
796,Matthew Wade,TRUE,1,0.7,top/middle,721,,127.83687943262412,,,2.5246701882623066,-59.1,,48,37.92
7966,Farmanullah Safi,FALSE,0.039421813,0.039421813,finishing allrounder,74,,82.22222222222223,6,7.9125,2.211108839377989,71.99999999999997,5.999999999999999,10,24.7
7967,Noor Ahmad,TRUE,1,1,finishing allrounder,61,,88.40579710144928,56,7.366045142296369,1.5071697234884973,12.499999999999995,6.999999999999999,46,20.9
7968,Shafiqullah Ghafari,FALSE,0.058558559,0.058558559,opener,5,,100,1,5.25,100,,,1,24.13
7981,Imran Mir,FALSE,0.039421813,0.039421813,opener,58,,161.11111111111111,,,161.11111111111111,,,3,24.16
8,Mahendra Singh Dhoni,TRUE,1,0.7,finisher,807,,132.73026315789474,,,1.9357607528664713,9.300000000000002,,74,44.39
8009,Junaid Siddique,TRUE,0.039421813,0.033508541,finishing allrounder,0,,0,9,5.1,0,,,3,32.97
8033,Abdul Rahmani,TRUE,0.098930481,0.098930481,finishing allrounder,6,,150,6,7.333333333333333,150,,,3,24.01
8034,Iqlas Naha,FALSE,0.19491525423728814,0.19491525423728814,batting allrounder,196,,110.11235955056179,8,7.409395973154362,110.11235955056179,,,11,31.13
8035,Vikneshwaran Marimuthu,FALSE,0.48437499999999994,0.41171874999999997,top/middle,492,,113.88888888888889,2,10.604651162790697,2.118580303402054,8.899999999999997,,34,33.24
8037,Ashith Rajiv,FALSE,0.21153846153846154,0.1798076923076923,finishing allrounder,172,,163.8095238095238,10,7.373493975903615,2.720984425805126,,,14,32.67
8038,Sagar Udeshi,TRUE,0.8904109589041096,0.6232876712328766,finishing allrounder,4,,26.666666666666668,41,6.492159227985525,1.077098968686565,-0.928571429,4,36,39.12
8040,Ripal Patel,FALSE,0.48437499999999994,0.48437499999999994,finishing allrounder,381,,144.86692015209127,2,7.322033898305085,1.948176187660988,29.499999999999996,0.4999999999999999,27,30.16
8041,Shubham Singh,FALSE,0.19491525423728814,0.19491525423728814,finishing allrounder,128,,152.38095238095238,11,7.993548387096774,10.776432067135811,69.99999999999997,2.499999999999999,20,28.89
8049,Naseem Shah,TRUE,0.8904109589041096,0.8904109589041096,finishing allrounder,45,,90,27,7.842696629213483,0.9969188638503598,-1.3,-2.9,24,22.78
8050,Diwesh Pathania,FALSE,0.112,0.0784,finishing allrounder,14,,140,2,8.153846153846153,140,,,3,36.43
8054,Manish Golamaru,FALSE,0.19491525423728814,0.19491525423728814,finishing allrounder,90,,112.5,4,7.25,0.9866328631932396,11.2,-0.8,14,29.2
8056,Neelam Obi,FALSE,0.098930481,0.084090909,top/middle,112,,80.57553956834532,,,2.9100059464520847,14.999999999999995,,11,32.86
8058,Karkir Taye,FALSE,0.039421813,0.039421813,finishing allrounder,4,,200,4,7.880597014925373,200,,,9,29.95
8059,Rohan Rathi,FALSE,0.039421813,0.039421813,finishing allrounder,69,,104.54545454545455,2,9.290322580645162,104.54545454545455,,,11,30.18
8060,Techi Neri,FALSE,0.098930481,0.098930481,opener,136,,121.42857142857143,6,9.719008264,0.9084360454311571,66.99999999999997,,8,31.55
8062,Akhilesh Sahani,FALSE,0.039421813,0.039421813,batting allrounder,104,,123.80952380952381,5,4.194174757281553,123.80952380952381,,,6,31.7
8063,Samarth Seth,FALSE,0.039421813,0.039421813,opener,239,,139.76608187134502,,,139.76608187134502,,,9,26.2
8068,Ankit Yadav,FALSE,0.097765363,0.083100559,finishing allrounder,6,,50,2,10.25,50,,,2,32.02
8069,Himanshu Bisht,TRUE,0.8904109589041096,0.8904109589041096,finishing allrounder,67,,113.55932203389831,14,7.54601227,2.4832280035149585,-18,-1.2,16,29.02
8070,Yab Niya,FALSE,0.112,0.112,finishing allrounder,18,,43.90243902439025,7,7.278688524590164,1.5618144280416766,2.9999999999999996,3.499999999999999,11,31.11
8073,Aditya Kaushik,TRUE,0.36,0.306,opener,89,,115.58441558441558,,,10.95803828316191,-17,,5,34.21
8077,Vaibhav Govekar,FALSE,0.039421813,0.039421813,opener,0,,0,,,0,,,1,28.1
8078,Ajoy Sarkar,FALSE,0.097765363,0.097765363,finishing allrounder,7,,87.5,10,6.597510373443983,87.5,,0.4999999999999998,11,28.71
8080,Arkaprabha Sinha,FALSE,0.097765363,0.097765363,top/middle,29,,100,,,4.442667035571239,-11,,3,27.33
8081,Roshan Alam,FALSE,0.19491525423728814,0.19491525423728814,finishing allrounder,138,,104.54545454545455,7,6.366906474820144,2.9921236059093994,-5.785714286,-0.928571429,13,30.6
8082,Hrishikesh Tamuli,TRUE,0.112,0.112,top/middle,248,,123.38308457711443,,,123.38308457711443,-200,,7,30.37
8083,Parandaman Thamaraikannan,FALSE,0.36,0.306,finishing allrounder,369,,139.77272727272728,14,8.7,2.6340228616401027,-39.25,-3,22,33.13
8085,Suyash Prabhudessai,TRUE,1,1,finisher,542,,126.93208430913349,0,10,2.5722386774004398,50.59999999999999,0,28,27.97
8087,A Aravinddaraj,FALSE,0.112,0.112,finishing allrounder,30,,88.23529411764706,13,6.798029556650246,0.6962752798042602,-15,-5.5,8,29.46
8088,Parth Kohli,FALSE,0.039421813,0.039421813,top/middle,94,,134.28571428571428,,,,,,8,29.3
8094,Vipul Krishna,TRUE,0.36,0.36,finishing allrounder,2,,100,5,8.686567164179104,100,,,3,24.79
8096,Anmol Malhotra,FALSE,0.38461538461538464,0.38461538461538464,top/middle,768,,143.55140186915887,,,143.55140186915887,-65.5,,28,29.99
8097,Abhishek Bhandari,FALSE,0.039421813,0.039421813,top/middle,148,,149.4949494949495,,,,,,6,31.07
8098,Saransh Subodh Jain,FALSE,0.19491525423728814,0.1656779661016949,finishing allrounder,86,,108.86075949367088,13,7.060150376,5.866197653786191,36.49999999999998,2.5,15,32.66
8099,Parth Sahani,TRUE,1,0.85,finishing allrounder,549,,124.77272727272727,9,8.361702127659575,2.4993081240142225,19.199999999999996,0.6999999999999998,31,32.72
8101,Ashutosh Sharma,TRUE,1,1,finisher,600,,153.84615384615384,1,15.428571428571429,2.3938261100777516,148.49999999999994,,38,27.2
8103,Vikas Hathwala,FALSE,0.112,0.0952,finisher,84,,109.0909090909091,,,5.9397664483604125,5.142857142857145,,4,32.22
8106,Mohit Kumar,TRUE,0.48437499999999994,0.48437499999999994,finisher,83,,244.11764705882354,1,10.2,244.11764705882354,,,3,29.17
8107,Nakul Sharma,TRUE,0.625,0.53125,finisher,110,,142.85714285714286,,,2.2471061637672696,49.999999999999986,,6,32.09
8108,Navneet Singh,FALSE,0.058558559,0.058558559,top/middle,21,,72.41379310344827,,,72.41379310344827,,,2,30.97
8109,G Lalbiakvela,FALSE,0.097765363,0.068435754,finishing allrounder,1,,16.666666666666668,1,9.891891891891891,16.666666666666668,,0.9999999999999998,3,37.83
8111,Ravi Chauhan,FALSE,0.097765363,0.083100559,opener,35,,77.77777777777777,,,77.77777777777777,,,2,32.19
8112,Lalhmangaiha,FALSE,0.039421813,0.027595269,opener,4,,44.44444444444444,,,44.44444444444444,,,1,42.03
8114,Nitin Tanwar,TRUE,0.8904109589041096,0.8904109589041096,finishing allrounder,109,,131.32530120481928,8,8.379888268156424,1.8583850609452033,-0.485714286,-0.342857143,10,29.13
8116,Vikas Yadav,FALSE,0.097765363,0.097765363,finishing allrounder,0,,0,4,7.764705882352941,0,,-0.357142857,5,29.35
8118,Lalhruaizela,TRUE,0.3125,0.3125,opener,6,,20,,,0.7822766141406874,-4,,4,28.91
8120,Dippu Sangma,FALSE,0.039421813,0.039421813,finisher,6,,150,1,7.666666666666667,150,,,1,28.52
8121,Parvez Ahmed,FALSE,0.097765363,0.097765363,finisher,17,,38.63636363636363,0,11,38.63636363636363,-5.5,,4,29.9
8127,Ashish Thapa,FALSE,0.15625,0.15625,top/middle,246,,93.18181818181819,0,6.1875,3.5217525937589342,35,,15,31.89
8129,Bibek Diyali,FALSE,0.039421813,0.027595269,finisher,77,,81.91489361702128,,,81.91489361702128,,,10,36.51
813,Jos Buttler,TRUE,1,0.7,top/middle,3816,,147.44976816074188,,,3.994151679093293,68.29999999999998,,106,35.22
8130,Sabin Chettri,FALSE,0.058558559,0.058558559,top/middle,38,,59.375,,,0.5624802242050466,18.99999999999999,,8,31.39
8137,Palzor Tamang,FALSE,0.14285714285714285,0.12142857142857141,finishing allrounder,64,,75.29411764705883,4,9.128205128205128,3.321013303914038,-40,-2,7,32.76
8138,Benoy Upreti,FALSE,0.039421813,0.027595269,finishing allrounder,25,,100,2,9.12,100,,,6,39.24
8140,Abid Mangnoo,FALSE,0.2,0.2,finishing allrounder,31,,114.81481481481481,6,6,1.178741440058833,2.499999999999999,-1,8,28.86
8141,Aquib Nabi,FALSE,0.097765363,0.097765363,finishing allrounder,3,,42.857142857142854,3,7,42.857142857142854,,1.4999999999999998,2,29.06
8143,Moakumzuk Tzudir,FALSE,0.097765363,0.097765363,finisher,17,,65.38461538461539,1,13.714285714285714,0.6927005097807434,16.999999999999996,,2,30.11
8144,Nagaho Chishi,FALSE,0.19491525423728814,0.19491525423728814,finishing allrounder,18,,163.63636363636363,7,8.598425196850394,1.1366480712956548,6.999999999999998,1.4999999999999993,9,28.04
8145,Oren Ngullie,FALSE,0.058558559,0.058558559,opener,13,,39.39393939393939,,,0.8466922596967918,,,2,30.93
8148,Hokaito Zhimomi,FALSE,0.112,0.0784,finisher,61,,58.65384615384615,0,13.5,2.4884032296961163,5.499999999999999,,12,39.17
8149,Shashank Chandraker,TRUE,0.8904109589041096,0.8904109589041096,opener,596,,161.51761517615176,0,9,2.5008218633785964,193.99999999999994,0,18,31.54
8150,Sahban Khan,FALSE,0.36,0.36,finishing allrounder,322,,137.0212765957447,7,6.141176470588236,1.5981012507921775,57.07142857142858,0.9285714285714286,18,29.98
8151,Shanu Saini,FALSE,0.039421813,0.039421813,finishing allrounder,13,,86.66666666666667,0,11.75,86.66666666666667,,,3,28.41
8154,Abhilash Gogoi,FALSE,0.15625,0.15625,finishing allrounder,88,,125.71428571428571,22,5.55,1.227265192,15.499999999999996,0.9999999999999992,12,30.14
8155,Guntashveer Singh,FALSE,0.039421813,0.033508541,opener,1,,16.666666666666668,,,16.666666666666668,,,1,32.12
8156,Yashu Sharma,TRUE,0.2,0.2,top/middle,8,,50,,,50,0,,3,27.19
8157,Gaurav Gambhir,FALSE,0.097765363,0.068435754,finishing allrounder,59,,75.64102564102564,7,8.789473684210526,75.64102564102564,,,8,38
8159,Shivam Bhambri,FALSE,0.2,0.2,batting allrounder,292,,143.8423645320197,7,6.303030303030303,5.412674804190752,76.49999999999999,,13,30.16
8160,Jitesh Saroha,FALSE,0.097765363,0.097765363,finisher,18,,138.46153846153845,,,138.46153846153845,,,3,29.87
8161,Gaurav Puri,FALSE,0.19491525423728814,0.1656779661016949,top/middle,218,,126.74418604651163,,,3.4072174390925527,91.49999999999997,,11,34.33
8163,Anirudh Kanwar,FALSE,0.039421813,0.039421813,finishing allrounder,1,,33.333333333333336,5,8.555555555555555,33.333333333333336,,,5,31.71
8164,Kunal Mahajan,FALSE,0.039421813,0.033508541,finisher,124,,145.88235294117646,,,145.88235294117646,,,7,34.31
8168,Al Bashid Muhammed,FALSE,0.097765363,0.097765363,finisher,9,,50,1,6.315789473684211,50,,,3,27.58
8169,Mohammad Basir Rahman,FALSE,0.098930481,0.084090909,opener,73,,105.79710144927536,,,105.79710144927536,,,3,32.74
8170,Ngariyanbam Johnson Singh,FALSE,0.112,0.112,top/middle,51,,115.9090909090909,,,1.8728720930096099,32.99999999999999,,5,26.13
8172,Nitesh Sedai,FALSE,0.112,0.112,opener,218,,138.8535031847134,3,8.787878787878787,0.9927440727705721,75.28571428571432,1.0714285714285716,13,27.8
8173,Rex Singh,FALSE,0.098930481,0.098930481,finishing allrounder,69,,102.98507462686567,4,8.886792453,23.02362007733501,16.999999999999996,3.999999999999999,6,25.24
8177,Akash Madhwal,TRUE,1,1,finishing allrounder,23,,71.875,52,8.152849740932643,3.5078901056338005,1.9999999999999996,-1,36,32
818,Mitchell Marsh,TRUE,1,0.85,top/middle,2339,,143.23331292100428,28,7.467625899280575,2.7584445218590514,128.9,-0.8,73,34.1
8182,Donovan Ferreira,TRUE,0.8904109589041096,0.8904109589041096,finishing allrounder,190,,143.93939393939394,1,7.875,1.7098844409012244,21.499999999999996,0.9999999999999998,14,27.35
8185,Gaurav Yadav,FALSE,0.112,0.0952,finishing allrounder,21,,105,15,7.81981982,105,,5.499999999999999,15,34.07
820,Nathan Coulter Nile,TRUE,0.8181818181818182,0.5727272727272728,finishing allrounder,5,,71.42857142857143,7,7.319148936170213,2.2320795722451976,-3,-7,6,38.13
8207,Kilco Marak,FALSE,0.058558559,0.049774775,finisher,0,,0,1,8.5,0,,,2,33.33
8208,Chintapalli Kumar,FALSE,0.2,0.2,finishing allrounder,136,,138.77551020408163,6,9.580645161290322,9.38637581,,3.999999999999999,13,29.67
8211,Malliksab Sirur,FALSE,0.112,0.0952,finishing allrounder,7,,175,2,6.625,175,,-1,4,32.85
8221,Nitish Reddy,TRUE,0.8904109589041096,0.8904109589041096,finishing allrounder,575,,132.4884792626728,11,9.014492753623188,1.8943918639900954,-211,1.9999999999999987,32,22.51
8224,Siddhesh Veer,FALSE,0.38461538461538464,0.38461538461538464,opener,894,,128.8184438040346,2,7.2,128.8184438040346,177.49999999999997,0.49999999999999983,28,24.76
8235,Purnank Tyagi,FALSE,0.098930481,0.098930481,finishing allrounder,18,,112.5,7,9.163636363636364,112.5,,,6,24.85
8238,Sameer Rizvi,TRUE,1,1,top/middle,1880,,153.09446254071662,0,9,2.7567902314645605,192.40000000000003,,58,21.97
8250,Divyaansh Saxena,FALSE,0.039421813,0.039421813,top/middle,119,,93.7007874,1,6.5,1.6470094405005686,,,7,24.78
8251,Kumar Kushagra,TRUE,0.625,0.625,finisher,91,,130,,,1.1683725849156472,5.5,,6,21.09
8259,Ashish Joshi,FALSE,0.039421813,0.027595269,opener,0,,0,,,0,,,1,40.78
8261,Harsh Singh,FALSE,0.097765363,0.097765363,finishing allrounder,3,,37.5,3,9.492537313432836,37.5,,,4,30.18
8264,Digvijay Deshmukh,FALSE,0.097765363,0.097765363,finishing allrounder,66,,124.52830188679245,9,10.143646408839778,91.42857142857143,,-9,16,27.65
8265,Krishan Alang,FALSE,0.19491525423728814,0.1656779661016949,finishing allrounder,56,,147.3684210526316,12,7.851063829787234,147.3684210526316,,,9,34.19
8266,Sumit Kumar 1,TRUE,1,1,finishing allrounder,129,,127.72277227722772,21,8.150537634408602,1.442560799766825,9.7,2.8999999999999995,20,29.96
829,Mitchell Starc,TRUE,1,0.7,finishing allrounder,68,,86.07594936708861,55,8.394495412844037,1.3138742588586156,-7.8,3.9000000000000012,41,35.82
8295,Matthew Forde,FALSE,0.112,0.112,finishing allrounder,100,,151.5151515151515,22,7.706161137440758,1.4220865490503967,29.999999999999993,1.9999999999999991,21,23.58
830,Josh Hazlewood,TRUE,1,0.85,finishing allrounder,42,,80.76923076923077,108,7.497185741,0.9391672086637738,-5.6,-1.7,68,34.88
8301,Asif Khan,TRUE,0.039421813,0.027595269,top/middle,4,,25,,,1.7708358309260035,,,3,35.78
8311,Dan Mousley,FALSE,0.039421813,0.039421813,finishing allrounder,8,,133.33333333333334,2,8.4,133.33333333333334,,,4,24.39
8312,Ruyel Miah,FALSE,0.112,0.112,finishing allrounder,19,,61.29032258064516,13,7.601593625498008,0.9539834635550252,1,2.9999999999999996,12,24.94
8313,Sumon Khan,FALSE,0.112,0.112,finishing allrounder,49,,119.51219512195122,5,8.013698630136986,1.9310043989268142,10.999999999999996,1.214285714285714,8,25.87
8326,Jayden Seales,FALSE,0.039421813,0.039421813,finishing allrounder,4,,100,6,9.692307692307692,0.7021418882809616,-4,5.999999999999999,6,24.21
8327,CR Gnaneshwar,FALSE,0.039421813,0.039421813,opener,272,,122.52252252252252,,,122.52252252252252,81.99999999999997,,14,28.11
8328,Karan Shinde,FALSE,0.22535211267605634,0.22535211267605634,finisher,264,,136.08247422680412,,,1.3837778791420867,5.800000000000001,,20,28.19
838,Glenn Maxwell,TRUE,1,0.7,batting allrounder,2055,,149.23747276688454,35,8.293650793650794,2.034230913047636,-77.7,1.1000000000000003,93,37.12
8380,Mohammad Rishad Hossain,TRUE,0.38461538461538464,0.38461538461538464,finishing allrounder,161,,129.83870967741936,49,8.311720698254364,1.5385981727000029,56.99999999999999,15.999999999999995,43,23.37
8388,Ahan Wickramasinghe,FALSE,0.039421813,0.039421813,finisher,92,,122.66666666666667,,,122.66666666666667,,,5,24.23
8424,Tanveer Sangha,TRUE,0.38461538461538464,0.38461538461538464,finishing allrounder,2,,50,10,8.631578947368421,50,,,7,24
843,Chadwick Walton,FALSE,0.2,0.13999999999999999,top/middle,156,,145.79439252336448,,,2.1501139556544255,-128,,7,40.4
8444,Mukidul Mugdho,FALSE,0.22535211267605634,0.22535211267605634,finishing allrounder,37,,80.43478260869566,31,7.894736842105263,1.1587796551646168,1.5714285714285714,0.9000000000000004,26,25.41
8445,Salauddin Sakil,FALSE,0.039421813,0.027595269,finishing allrounder,8,,66.66666666666667,6,6.913043478260869,66.66666666666667,,,5,36.39
8483,Jon-Russ Jaggesar,FALSE,0.039421813,0.027595269,finishing allrounder,6,,150,2,6.6,150,3.999999999999999,1.9999999999999996,2,39.69
8486,Kevin Sinclair,FALSE,0.058558559,0.058558559,finishing allrounder,0,,0,2,7.8545454545454545,0,,,3,26.01
8527,Gautam Raghuwanshi,FALSE,0.058558559,0.049774775,finishing allrounder,240,,137.14285714285714,7,8.320754716981131,125.47169811320755,-26,0.9999999999999998,13,34.4
8528,Himanshu Mantri,FALSE,0.039421813,0.039421813,top/middle,307,,129.53586497890296,,,120.61068702290076,-9,,11,31.79
853,Chris Lynn,TRUE,0.48437499999999994,0.33906249999999993,opener,49,,136.11111111111111,,,136.11111111111111,,,1,35.63
8530,Kartik Tyagi,TRUE,1,1,finishing allrounder,17,,106.25,45,7.485314685314686,0.6667962549520746,0.5999999999999998,3.1999999999999997,34,25.05
8573,Saurabh Nawale,TRUE,0.8904109589041096,0.8904109589041096,top/middle,399,,119.46107784431138,0,12,1.8228095350125733,45.69999999999998,,31,25.92
858,Aditya Tare,TRUE,1,0.7,top/middle,510,,142.06128133704735,,,3.040531923480911,44.4,,24,38.05
8580,Yudhvir Singh,TRUE,1,1,finishing allrounder,52,,162.5,18,7.959183673469388,2.0676429287310083,5.214285714285714,0.7428571428571425,16,28.2
8582,Kumar Suraj,TRUE,0.19491525423728814,0.19491525423728814,top/middle,6,,60,,,60,,,2,28.7
8583,Pankaj Kumar,FALSE,0.058558559,0.058558559,finisher,2,,28.571428571428573,,,0.6783277711746619,-0.5,,3,26.04
8586,Henan Malik,FALSE,0.097765363,0.097765363,top/middle,56,,86.15384615384616,,,86.15384615384616,,,3,28.67
8600,Tadiwanashe Marumani,FALSE,0.039421813,0.039421813,opener,48,,133.33333333333334,,,3.8789399391019024,,,4,23.9
862,Akshay Karnewar,FALSE,0.3125,0.265625,finishing allrounder,136,,108.8,12,7.027624309392265,1.6470927567968008,11.885714285714286,1.0285714285714285,17,33.12
8627,Bhupen Lalwani,TRUE,0.039421813,0.039421813,top/middle,283,,124.66960352422907,,,4.984127614,,,10,26.64
8628,Shreyan Chakraborty,FALSE,0.039421813,0.039421813,finishing allrounder,13,,76.47058823529412,12,5.833333333333333,76.47058823529412,6.999999999999998,3.999999999999999,10,29.35
8632,Aaqib Khan,TRUE,0.625,0.625,finishing allrounder,33,,82.5,17,7.516629711751663,2.552505590989021,-2.36E-16,0.4999999999999998,22,21.92
8634,Ashwani Kumar,TRUE,0.8904109589041096,0.8904109589041096,finishing allrounder,16,,123.07692307692308,41,8.725761772853186,123.07692307692308,-6,4.499999999999999,35,24.24
8639,Kartik Meiyappan,FALSE,0.027149321266968326,0.027149321266968326,finishing allrounder,1,,100,2,7.959183673469388,100,,,3,25.13
8647,Sediqullah Atal,TRUE,0.8904109589041096,0.8904109589041096,top/middle,628,,135.63714902807774,,,5.131312780281207,118.99999999999993,,16,24.29
8652,Mohammad Ishaq Rahimi Shirzad,TRUE,0.098930481,0.098930481,finisher,98,,132.43243243243242,,,1.7142195180538746,-12,,8,20.82
8654,Cooper Connolly,FALSE,0.039421813,0.039421813,finishing allrounder,13,,130,1,9.272727272727273,0.7010060289804585,,0.9999999999999998,5,22.26
8660,Yash Kothari,FALSE,0.058558559,0.058558559,opener,60,,80,,,80,,,3,30.14
8661,Matheesha Pathirana,TRUE,1,1,finishing allrounder,17,,62.96296296296296,77,6.935424354243542,1.2270369954447744,3.499999999999999,5.3,47,22.94
8723,Mohammed Faraazuddin,TRUE,0.039421813,0.039421813,finishing allrounder,14,,56,1,15.6,56,,,2,24.33
8726,Ali Sharafu,TRUE,0.039421813,0.039421813,opener,124,,118.0952380952381,,,5.922381783759061,,,6,22.88
8727,Sanchit Sharma,TRUE,0.058558559,0.058558559,finishing allrounder,0,,0,0,7.6,0,,,3,24.35
8729,Syed Haider Shah,TRUE,0.097765363,0.097765363,finisher,85,,125,,,125,,,5,24.59
8731,Kazi Saifi,FALSE,0.039421813,0.027595269,opener,164,,125.19083969465649,,,125.19083969465649,,,6,37.27
8732,Shahadat Dipu,FALSE,0.039421813,0.039421813,top/middle,242,,100,,,8.079431917,-118,,14,23.8
8734,Hasan Murad,FALSE,0.097765363,0.097765363,finishing allrounder,12,,92.30769231,13,7.969465648854962,92.30769231,2.4999999999999987,-0.3,13,24.41
8739,Muhammad Irfan,TRUE,0.19491525423728814,0.19491525423728814,finisher,221,,122.77777777777777,,,1.6915815867558426,-31,,18,22.92
8741,Mohammad Haris,TRUE,1,1,top/middle,742,,134.42028985507247,,,1.919642427144511,164.59999999999997,,41,24.66
8746,Vaibhav Arora,TRUE,1,1,finishing allrounder,11,,40.74074074074074,54,8.002139037433155,0.8209986965442763,-2.3,3,43,27.95
8749,Sidharth Sarmah,TRUE,0.098930481,0.098930481,batting allrounder,61,,105.17241379310344,12,4.553571428571429,105.17241379310344,,,5,26.97
8750,Saahil Jain,TRUE,0.625,0.4375,batting allrounder,141,,142.42424242424244,2,9,2.4560236264351074,17.999999999999993,,8,35.92
8751,Subham Mandal,FALSE,0.058558559,0.058558559,top/middle,95,,118.75,1,9,118.75,,,6,27.26
8752,Ankit Kumar1,TRUE,0.45901639344262296,0.45901639344262296,opener,103,,128.75,,,128.75,,,4,28.07
8783,Biplab Saikia,FALSE,0.039421813,0.039421813,opener,4,,44.44444444444444,0,12,,,,1,28.95
88,Faf du Plessis,TRUE,1,0.7,top/middle,2766,,138.3,,,4.437347123295616,-118.7,,82,41.37
8805,Ottneil Baartman,FALSE,0.058558559,0.049774775,finishing allrounder,13,,46.42857142857143,10,8.832298136645962,0.8690084299348674,10.999999999999998,-10,8,32.69
8836,Rohan Marwaha,FALSE,0.039421813,0.039421813,opener,87,,138.0952380952381,,,1.0529797547666109,,,3,31.59
8844,Ashay Palkar,FALSE,0.098930481,0.069251337,finishing allrounder,12,,120,0,13.44,6.647992180195264,,,2,36.24
8845,Manoj Ingale,FALSE,0.097765363,0.097765363,finishing allrounder,9,,75,27,8.287878787878787,75,,-13,21,31.42
8848,Abhimanyusingh Rajput,FALSE,0.36,0.36,finishing allrounder,230,,115.57788944723617,12,8.670520231213873,3.809247684494713,12.628571428571426,-3,21,27.55
8849,Soyeb Sopariya,FALSE,0.098930481,0.098930481,finishing allrounder,0,,0,17,7.298969072164948,,,1.4999999999999998,16,31.21
903,Rongsen Jonathan,FALSE,0.19491525423728814,0.13644067796610168,batting allrounder,250,,92.25092250922509,2,6.134831460674158,3.9215393064213786,-28.5,-0.5,13,39.15
914,Krishnappa Gowtham,TRUE,1,0.7,finishing allrounder,406,,147.63636363636363,61,7.208053691275167,1.773107728340076,-61.8,-3.5,59,37.1
916,Ganesh Satish,FALSE,0.097765363,0.068435754,top/middle,101,,84.16666666666667,,,13.80562982107771,43.499999999999986,,5,37.7
921,Amit Verma,FALSE,0.38461538461538464,0.2692307692307692,finishing allrounder,269,,120.08928571428571,9,9.263736263736265,7.294676235691247,24.499999999999986,2.499999999999999,22,38.41
925,Aniruddha Joshi,FALSE,0.625,0.4375,finisher,666,,131.10236220472441,4,7.25,2.9288230310440175,5.200000000000009,-0.2,42,38.05
930,Karun Nair,TRUE,1,0.85,top/middle,1825,,159.94741454864155,2,7.868852459016393,2.6621442905432082,65.30000000000004,0,52,33.97
953,Lokesh Rahul,TRUE,1,0.85,opener,2967,,131.16710875331566,,,3.1697275261435176,-72.1,,77,33.61
956,Deepak Chougule,TRUE,0.2,0.13999999999999999,finisher,0,,0,,,0,,,3,41.65
966,Shoaid Manager,FALSE,0.112,0.0784,finisher,59,,109.25925925925925,,,109.25925925925925,,,5,41.2
968,KB Pawan,FALSE,0.098930481,0.069251337,finisher,30,,111.11111111111111,,,3.8789399391019024,,,2,37.94
985,Brendan Taylor,FALSE,0.039421813,0.027595269,top/middle,47,,95.91836734693878,,,7.728984632610548,,,4,39.8
988,Graeme Cremer,FALSE,0.039421813,0.027595269,finishing allrounder,3,,75,2,6.285714285714286,75,,,2,39.19
992,Mayank Agarwal,TRUE,1,0.85,top/middle,2583,,139.02045209903122,,,4.5171247964006715,-44.6,,96,34.78
1382,Hamish Bennett,FALSE,0.057692307692307696,0.040384615,finishing allrounder,,,,1,6.6976744186046515,,,,2,38.76
1406,Mohsin Sayyed,FALSE,0.058558559,0.058558559,finishing allrounder,,,,1,11.6,,,,2,30.16
15199,Nishan Singh,TRUE,0.22535211267605634,0.15774647887323942,finishing allrounder,,,,2,10.363636363636363,,,,2,38.23
15229,Surendra Malviy,FALSE,0.058558559,0.058558559,finishing allrounder,,,,1,10.666666666666666,,,,1,31.03
1677,Mohammad Irfan,FALSE,0.097765363,0.068435754,finishing allrounder,,,,2,8.372093023255815,,,,2,43.47
1713,V Arun Kumar,FALSE,0.057692307692307696,0.040384615,finishing allrounder,,,,1,5.5,,,,1,43.46
17919,Mohammad Saleem Safi,TRUE,0.058558559,0.058558559,finishing allrounder,,,,0,10.636363636363637,,,,1,23.21
1811,Nuwan Pradeep,FALSE,0.058558559,0.040990991,finisher,,,,0,9,,,,1,39.1
18166,Saurabh Shekhar,FALSE,0.027149321266968326,0.027149321266968326,finishing allrounder,,,,4,8.125,,,,1,26.12
1819,Pawan Suyal,FALSE,0.058558559,0.040990991,finishing allrounder,,,,0,8.666666666666666,,,,1,36.11
18598,Shafiqul Islam,FALSE,0.098930481,0.098930481,finishing allrounder,,,,16,7.1568627450980395,,,,14,28.4
19107,B Reddy,FALSE,0.039421813,0.039421813,finishing allrounder,,,,0,8.16,,,,1,26.9
19124,Anas Khan,FALSE,0.039421813,0.033508541,finishing allrounder,,,,7,3.130434782608696,,,,1,32.75
19447,Marc Morais,FALSE,0.039421813,0.039421813,finishing allrounder,,,,0,10,,,,2,
19461,Nitesh Thakur N,FALSE,0.039421813,0.039421813,finishing allrounder,,,,3,10,,,,4,26.23
19576,Shubham Patel,FALSE,0.039421813,0.039421813,finisher,,,,1,7.333333333333333,,,,3,30.44
19701,Sandipan Das Jr,FALSE,0.027149321266968326,0.027149321266968326,finishing allrounder,,,,3,9.049180327868852,,,,3,
19720,Ananta Saha,FALSE,0.039421813,0.039421813,finishing allrounder,,,,8,5.754098360655738,,,,6,29.21
19721,Aritra Chatterjee,FALSE,0.039421813,0.027595269,finishing allrounder,,,,5,7,,,,5,38.92
19856,Jayanta Behera,FALSE,0.039421813,0.027595269,finishing allrounder,,,,5,7.235294117647059,,,,3,38.92
1991,Pawan Negi,FALSE,0.097765363,0.083100559,finishing allrounder,,,,0,10.88888888888889,,,,3,32.89
19969,Mubasir Khan,FALSE,0.027149321266968326,0.027149321266968326,finisher,,,,0,14,,,,1,23.59
20012,Nitin Yadav,FALSE,0.058558559,0.049774775,finishing allrounder,,,,4,8.918918919,,,,4,33.02
20028,Kartikeya Kak,TRUE,0.22535211267605634,0.22535211267605634,finishing allrounder,,,,5,11.88888888888889,,,,3,29.15
20033,Hitesh Yadav,TRUE,0.19491525423728814,0.19491525423728814,finisher,,,,1,7,,,,1,26.22
20052,Shahnawaz Hussain,FALSE,0.039421813,0.033508541,finishing allrounder,,,,8,8.076923076923077,,,,7,32.22
20117,Raj Choudhary,FALSE,0.039421813,0.039421813,finishing allrounder,,,,4,6,,,,2,29.5
20297,Rahul Kumar,FALSE,0.039421813,0.039421813,finisher,,,,0,9.333333333333334,,,,1,20.48
20305,Apurva Anand,FALSE,0.039421813,0.039421813,finisher,,,,0,14,,,,1,25.91
2032,Sunil Sam,FALSE,0.058558559,0.040990991,finishing allrounder,,,,6,5.137254901960785,,,,7,37.67
20569,Harjot Singh,FALSE,0.039421813,0.039421813,finishing allrounder,,,,9,7,,,,8,
20713,Sidharth Sharma,FALSE,0.039421813,0.039421813,finishing allrounder,,,,0,6,,,,1,31.1
20765,Yogendra Doyla,FALSE,0.097765363,0.083100559,finishing allrounder,,,,10,8.380434782608695,,,,9,32.29
20811,Aswanth Sankar,FALSE,0.057692307692307696,0.057692307692307696,finishing allrounder,,,,7,6.975609756097561,,,,8,23.35
20820,Athul Raveendran,FALSE,0.039421813,0.039421813,finishing allrounder,,,,3,4.415094339622642,,,,3,
20847,Akhin Sathar,FALSE,0.058558559,0.058558559,finishing allrounder,,,,16,6.851735015772871,,,,16,22.99
20853,Vinay V Varghese,FALSE,0.039421813,0.039421813,finishing allrounder,,,,4,5.723076923076923,,,,4,
20988,,FALSE,0,0,bowler,,,,0,11,,,,0,
2274,Aftab Alam,FALSE,0.039421813,0.033508541,finishing allrounder,,,,3,7.527272727272727,,,,3,32.99
2343,Beuran Hendricks,FALSE,0.058558559,0.040990991,finishing allrounder,,,,3,9.287671232876713,,,,3,35.47
23437,Sathiyannaarayan L,FALSE,0.039421813,0.039421813,finishing allrounder,,,,2,9.8,,,,2,
23444,T Veeramani,FALSE,0.058558559,0.040990991,finisher,,,,1,10.333333333333334,,,,2,38.64
23455,Srinivasan E,FALSE,0.058558559,0.049774775,finishing allrounder,,,,1,11.82857142857143,,,,3,32.83
23585,Rahul Singh,FALSE,0.039421813,0.033508541,finishing allrounder,,,,0,5.25,,,,1,33.98
23764,Shubham Kadam,FALSE,0.039421813,0.039421813,finishing allrounder,,,,6,5.1891891891891895,,,,5,30.72
23943,Rajasekar M,FALSE,0.058558559,0.049774775,finishing allrounder,,,,4,3.1153846153846154,,,,3,32.58
24175,SB Sai Chetan,FALSE,0.039421813,0.039421813,finishing allrounder,,,,7,5.526315789473684,,,,6,
24252,Ibnul Afthab,FALSE,0.039421813,0.039421813,finishing allrounder,,,,19,7.432835820895522,,,,15,26.76
24261,Sarath Prasad,FALSE,0.039421813,0.039421813,finishing allrounder,,,,5,8.025974025974026,,,,5,29.91
24270,Srejith K R,FALSE,0.058558559,0.040990991,finishing allrounder,,,,5,6.35,,,,5,39.08
24275,Nidheesh,FALSE,0.039421813,0.039421813,finishing allrounder,,,,2,5.75,,,,3,23.52
24304,Harikrishnan D,FALSE,0.058558559,0.058558559,finishing allrounder,,,,4,3.36,,,,3,27.43
24324,Pavan Raj,FALSE,0.039421813,0.039421813,finishing allrounder,,,,11,7.651162790697675,,,,14,23.1
24334,Badarudheen P P,FALSE,0.039421813,0.033508541,finishing allrounder,,,,12,6.75,,,,4,34.58
24337,Athif Ashraf,FALSE,0.057692307692307696,0.057692307692307696,finisher,,,,0,12,,,,2,28.9
24567,Ankit Mishra,FALSE,0.039421813,0.039421813,finishing allrounder,,,,5,6.617647058823529,,,,4,29.15
24584,Soumyadip Mandal,FALSE,0.039421813,0.039421813,finishing allrounder,,,,10,8.934306569343066,,,,8,23.3
24607,Suman Das,FALSE,0.039421813,0.039421813,finishing allrounder,,,,10,7.9875,,,,7,26.44
24766,Md Musfik Hasan,FALSE,0.039421813,0.039421813,finishing allrounder,,,,16,8.642857142857142,,,,9,23.2
24892,Darshan Rajbongshi,FALSE,0.039421813,0.039421813,finishing allrounder,,,,15,5.964497041420119,,,,10,26.05
25130,Shubham Kapse,FALSE,0.039421813,0.039421813,finishing allrounder,,,,10,8.691176470588236,,,,6,31.35
25164,Nachiket Parande,FALSE,0.039421813,0.039421813,finishing allrounder,,,,1,9,,,,1,29.23
25167,Shantanu Chikhale,FALSE,0.027149321266968326,0.027149321266968326,finishing allrounder,,,,4,8.093023255813954,,,,3,23.8
25174,Rohit Dattatraya,FALSE,0.027149321266968326,0.027149321266968326,finishing allrounder,,,,1,8.709677419354838,,,,2,24.74
25176,Dushyant Tekan,FALSE,0.027149321266968326,0.027149321266968326,finisher,,,,0,8.8,,,,2,25.8
25667,Anunay Singh,TRUE,0.36,0.306,finishing allrounder,,,,4,9.162162162162161,,,,4,32.9
25668,Malay Mritunjay Raj,FALSE,0.039421813,0.039421813,finishing allrounder,,,,3,6.279069767,,,,3,22.71
25685,CK Paul,FALSE,0.057692307692307696,0.057692307692307696,finishing allrounder,,,,6,6.461538461538462,,,,4,29.44
26182,Vineet Maurya,FALSE,0.039421813,0.039421813,finishing allrounder,,,,1,7.5,,,,4,24.18
26200,Mahadeb Dutta,FALSE,0.039421813,0.039421813,finisher,,,,0,7,,,,1,28.95
2643,Todd Astle,TRUE,0.22535211267605634,0.15774647887323942,finisher,,,,0,10.421052631578947,,,,1,39.17
26581,Rishabh Vivek,FALSE,0.039421813,0.039421813,finishing allrounder,,,,1,9.428571428571429,,,,2,24.68
26725,Suresh Vishweshwar,FALSE,0.098930481,0.098930481,finishing allrounder,,,,18,7.511450381679389,,,,13,28.34
26731,Aryan Bora,FALSE,0.027149321266968326,0.027149321266968326,finishing allrounder,,,,2,7.875,,,,2,25.03
26884,Rishabh Bansal,FALSE,0.039421813,0.039421813,finisher,,,,0,11.5,,,,1,23.48
26893,Nadeem Malik,FALSE,0.039421813,0.039421813,finishing allrounder,,,,7,8.393782383419689,,,,12,
26896,Karan Chaudhary,FALSE,0.097765363,0.097765363,finishing allrounder,,,,8,10.177777777777777,,,,9,31.61
26900,Karan Tewatiya,FALSE,0.058558559,0.058558559,finishing allrounder,,,,3,8.459016393442623,,,,3,29.04
27294,Rushabh Jain,FALSE,0.027149321266968326,0.027149321266968326,finishing allrounder,,,,1,12.857142857142858,,,,6,
27313,Jaypal Chad,FALSE,0.027149321266968326,0.027149321266968326,finishing allrounder,,,,2,9.5625,,,,4,25.02
27324,Nisarg Patel,FALSE,0.039421813,0.027595269,finishing allrounder,,,,2,9.272727272727273,,,,2,37.6
27325,Shailendra Yadav,FALSE,0.027149321266968326,0.027149321266968326,finisher,,,,0,13.714285714285714,,,,3,21.45
27351,Ansh Patel,FALSE,0.027149321266968326,0.027149321266968326,finisher,,,,0,28,,,,1,23.77
27486,Safvan Patel,FALSE,0.058558559,0.058558559,finishing allrounder,,,,16,7.932885906040268,,,,12,27.15
27963,Parth Vaghani,FALSE,0.039421813,0.039421813,finishing allrounder,,,,10,8.797927461139896,,,,10,30.99
28351,Bichitra Baruah,FALSE,0.039421813,0.027595269,finishing allrounder,,,,1,4.363636363636363,,,,3,38.93
28419,Mintu Kr Roy,TRUE,0.039421813,0.039421813,finishing allrounder,,,,1,8.225806451612904,,,,5,
28435,Sanjib Pathak,FALSE,0.039421813,0.039421813,finishing allrounder,,,,11,5.525179856115108,,,,8,24.22
28463,Hirok Jyoti Choudhury,FALSE,0.039421813,0.039421813,finisher,,,,2,4.875,,,,2,
28473,Ganesh Basfore,TRUE,0.058558559,0.058558559,finishing allrounder,,,,2,5.660377358490566,,,,6,19.46
28664,Zahid Ali,FALSE,0.039421813,0.033508541,finisher,,,,0,5.333333333333333,,,,1,33.7
29189,Rinsangzela Hmamte,FALSE,0.039421813,0.039421813,finishing allrounder,,,,2,8.108108108108109,,,,2,23.47
29210,Lal Rin Fela,FALSE,0.027149321266968326,0.027149321266968326,finisher,,,,0,13,,,,1,25.37
29219,Tc Vanlalremruata,TRUE,0.22535211267605634,0.22535211267605634,finishing allrounder,,,,3,7.1,,,,3,25.39
29456,Himan Phukan,FALSE,0.039421813,0.039421813,finishing allrounder,,,,2,6.5,,,,3,27.8
29782,Shahid C P,FALSE,0.097765363,0.083100559,finishing allrounder,,,,7,7.651376146788991,,,,6,32.8
29805,Krishnakumar Tv,FALSE,0.039421813,0.039421813,finishing allrounder,,,,3,9.272727272727273,,,,3,3.58
29810,Nipun Babu,FALSE,0.097765363,0.083100559,finishing allrounder,,,,3,6.886956521739131,,,,6,32.1
29818,Ajith Raj,FALSE,0.039421813,0.039421813,finishing allrounder,,,,13,6.914634146341464,,,,9,26.02
30734,V Arunachalam,FALSE,0.039421813,0.039421813,finishing allrounder,,,,0,7.714285714285714,,,,2,24.5
30735,Rishi Raut,FALSE,0.027149321266968326,0.027149321266968326,finisher,,,,3,10.736842105263158,,,,1,22.01
30928,Vengatesh Arjun,FALSE,0.039421813,0.039421813,finishing allrounder,,,,6,7.459459459,,,,4,21.16
31176,Aum Kanabar,FALSE,0.039421813,0.039421813,finishing allrounder,,,,0,8.428571428571429,,,,3,21.82
31200,Arth Yadav,FALSE,0.057692307692307696,0.057692307692307696,finishing allrounder,,,,3,7.270588235294118,,,,8,25.17
31693,Arya Yohan Menon,FALSE,0.057692307692307696,0.057692307692307696,finishing allrounder,,,,2,10.258064516129032,,,,2,26.3
31709,M Ayush,FALSE,0.039421813,0.039421813,finisher,,,,2,6.8,,,,2,26.3
3175,Scott Kuggeleijn,FALSE,0.098930481,0.084090909,finishing allrounder,,,,3,5.230769230769231,,,,2,33.9
32239,Madha Deepak,FALSE,0.027149321266968326,0.027149321266968326,finishing allrounder,,,,5,8.740740741,,,,4,22.47
32256,M Rayudu,FALSE,0.039421813,0.039421813,finishing allrounder,,,,6,9.545454545454545,,,,6,29.06
32278,Santosh Kumar,FALSE,0.039421813,0.039421813,finishing allrounder,,,,6,8.760736196319018,,,,7,25.18
32281,Gavvala Mallikarjuna,FALSE,0.039421813,0.039421813,finishing allrounder,,,,14,7.28,,,,15,20.99
32287,Midde Anjaneyulu,FALSE,0.039421813,0.039421813,finishing allrounder,,,,14,7.693779904,,,,11,27.12
32598,Shetty Balija Sai Chetan,FALSE,0.039421813,0.039421813,finishing allrounder,,,,0,8.464285714285714,,,,4,22.95
33009,John Turner,FALSE,0.039421813,0.039421813,finishing allrounder,,,,1,10.216216216216216,,,,2,24.63
33059,Varun Rao T N,FALSE,0.039421813,0.039421813,finisher,,,,0,10.333333333333334,,,,1,26.27
33070,BM Shreyas,FALSE,0.039421813,0.039421813,finishing allrounder,,,,2,6.8,,,,3,24.9
33071,Punith Punith,FALSE,0.039421813,0.039421813,finishing allrounder,,,,0,10.2,,,,2,
33082,Santokh Singh,FALSE,0.058558559,0.058558559,finishing allrounder,,,,15,8.709677419354838,,,,16,
33087,Dhanush R Gowda,FALSE,0.039421813,0.039421813,finishing allrounder,,,,4,10.285714285714286,,,,9,21.08
33094,Rohith Kumar,FALSE,0.039421813,0.039421813,finishing allrounder,,,,4,9.189873417721518,,,,5,25.16
33097,Amogh S,FALSE,0.058558559,0.058558559,finisher,,,,1,13.846153846153847,,,,1,29.36
3328,Amit Mishra1,FALSE,0.058558559,0.049774775,finishing allrounder,,,,3,6.75,,,,2,34.04
34441,Yadhu Sundaram,FALSE,0.039421813,0.039421813,finishing allrounder,,,,4,6.1875,,,,4,25.9
3475,Perumparambath Anthaf,FALSE,0.039421813,0.027595269,finishing allrounder,,,,2,5.863636363636363,,,,2,37.68
34960,Vedant Naik,FALSE,0.058558559,0.058558559,finisher,,,,0,4.7368421052631575,,,,2,29.23
34976,B Punnaiah,TRUE,0.21153846153846154,0.21153846153846154,finisher,,,,1,7.333333333333333,,,,1,22.54
34977,Trishank Gupta,TRUE,0.2,0.2,finisher,,,,0,6,,,,1,24.17
34989,Satyam Baliyan,TRUE,0.38461538461538464,0.38461538461538464,finishing allrounder,,,,21,7.53030303,,,,19,22.83
34992, Merenka Jamir,FALSE,0.039421813,0.039421813,finisher,,,,0,19,,,,1,27.55
34994,Pieter Mardi,FALSE,0.058558559,0.058558559,finisher,,,,0,9.692307692307692,,,,1,27.6
35066,Susheel Kumar,FALSE,0.058558559,0.058558559,finishing allrounder,,,,3,8.603773585,,,,4,29.07
35068,Gaurav Chaudhary,TRUE,0.22535211267605634,0.22535211267605634,finishing allrounder,,,,2,7.5,,,,2,22.92
35318,Sakib Hussain,FALSE,0.097765363,0.097765363,finishing allrounder,,,,4,9.966101694915254,,,,4,20.95
3532,Sachin Chaudhari,FALSE,0.039421813,0.027595269,finishing allrounder,,,,0,7.384615384615385,,,,3,39.67
35646,Rajakavi Rajagopal,FALSE,0.039421813,0.027595269,finisher,,,,0,14.5,,,,4,37.18
35878,Sylvester Dsouza,TRUE,0.039421813,0.039421813,finishing allrounder,,,,9,8.487804878048781,,,,8,25.9
35895,Rahul Ashok Sharma,FALSE,0.039421813,0.039421813,finishing allrounder,,,,4,7.253731343283582,,,,3,
361,Kotarangada Appanna,FALSE,0.097765363,0.068435754,finishing allrounder,,,,3,8.561797752808989,,,,6,36.94
3637,Dayyaan Galiem,FALSE,0.039421813,0.039421813,finishing allrounder,,,,2,4,,,,1,28.9
36372,Aryan Deshmukh,FALSE,0.027149321266968326,0.027149321266968326,finisher,,,,0,10.363636363636363,,,,2,22.66
36683,Mohammad Shuaib,FALSE,0.039421813,0.039421813,finishing allrounder,,,,4,4,,,,2,18.22
36981,Himanshu Sharma,FALSE,0.098930481,0.098930481,finishing allrounder,,,,0,11.4,,,,2,27.89
37053,Shen Nareshbhai Patel,FALSE,0.039421813,0.039421813,finishing allrounder,,,,4,9.245901639344263,,,,3,22.59
37378,S Shankar Ganesh,FALSE,0.039421813,0.039421813,finishing allrounder,,,,0,9.833333333333334,,,,2,28.38
37399,J Rohan,FALSE,0.039421813,0.039421813,finisher,,,,1,8.210526315789474,,,,1,20.99
3758,Lukman Meriwala,FALSE,0.21153846153846154,0.1798076923076923,finishing allrounder,,,,41,7.714285714285714,,,,31,33.96
3783,Krishnamoorthy Vignesh,FALSE,0.097765363,0.097765363,finishing allrounder,,,,4,10.18348623853211,,,,7,31.21
38437,Sundeep Rabha,FALSE,0.039421813,0.039421813,finisher,,,,1,6.666666666666667,,,,1,22.97
38585,Vivek,FALSE,0.039421813,0.039421813,finishing allrounder,,,,2,8.176470588235293,,,,5,25.9
38620,Junaid Khan,TRUE,0.22535211267605634,0.22535211267605634,finishing allrounder,,,,2,10.375,,,,3,25.9
38623,Abul Kalam Khan,TRUE,0.19491525423728814,0.19491525423728814,finisher,,,,0,12.333333333333334,,,,2,25.9
38624,Ankit Kushwaha,TRUE,0.22535211267605634,0.22535211267605634,finishing allrounder,,,,2,6.666666666666667,,,,3,25.9
38641,Amit Gavande,TRUE,0.21153846153846154,0.21153846153846154,finisher,,,,1,9.666666666666666,,,,1,25.9
39056,Mohammed Dakhani,FALSE,0.027149321266968326,0.027149321266968326,finisher,,,,1,9.473684210526315,,,,1,20.42
39083,Hemant Buchade,TRUE,0.039421813,0.033508541,finishing allrounder,,,,5,5.7073170731707314,,,,4,32.8
39088,Sumiit Markali,FALSE,0.039421813,0.039421813,finishing allrounder,,,,3,8.205882352941176,,,,3,27.01
39112,Prasad Shingote,FALSE,0.027149321266968326,0.027149321266968326,finishing allrounder,,,,5,7.8,,,,4,26.45
39115,Sanket Gowari,FALSE,0.039421813,0.039421813,finisher,,,,1,5,,,,1,28.58
39123,Sanket Pande,FALSE,0.039421813,0.039421813,finisher,,,,0,9.75,,,,3,28.08
39128,Prasad Patil,FALSE,0.027149321266968326,0.027149321266968326,finisher,,,,0,8.5,,,,1,-14.1
39142,Anurag Mishra,FALSE,0.027149321266968326,0.027149321266968326,finishing allrounder,,,,7,6.162162162162162,,,,5,20.21
39145,Yaseen Shaikh,FALSE,0.027149321266968326,0.027149321266968326,finishing allrounder,,,,3,7.03125,,,,3,20.79
39154,Sarfaraz Shaikh,FALSE,0.039421813,0.039421813,finishing allrounder,,,,2,7.615384615384615,,,,2,30.87
39156,Saksham Jha,FALSE,0.027149321266968326,0.027149321266968326,finishing allrounder,,,,0,10.5,,,,3,25.88
3918,Samar Quadri,FALSE,0.057692307692307696,0.040384615,finisher,,,,0,11.5,,,,1,36.33
39190,Ankur Singh,FALSE,0.039421813,0.039421813,finishing allrounder,,,,1,6,,,,3,28.24
39377,Panjit Nath,FALSE,0.039421813,0.039421813,finisher,,,,0,7.2,,,,2,17.67
39415,Manab Barman,FALSE,0.039421813,0.039421813,finishing allrounder,,,,0,2.8,,,,4,21.74
39453,Md Rohanat Doullah Borson,FALSE,0.039421813,0.039421813,finishing allrounder,,,,1,8.4,,,,2,20.52
39552,Vinit Ravindra Dhulap,TRUE,0.21153846153846154,0.14807692307692308,finishing allrounder,,,,2,9.25,,,,3,35.98
39557,Avinash,TRUE,0.21153846153846154,0.21153846153846154,finishing allrounder,,,,2,7.111111111111111,,,,1,25.9
39559,Parappa Mordi,TRUE,0.19491525423728814,0.1656779661016949,finishing allrounder,,,,4,10,,,,1,34.01
40234,Aquil Naushar,FALSE,0.039421813,0.039421813,finishing allrounder,,,,3,7.4,,,,3,25.9
40251,Dev Manoj,FALSE,0.039421813,0.039421813,finisher,,,,0,7.2,,,,2,25.9
40269,Amal Raj R,FALSE,0.039421813,0.039421813,finishing allrounder,,,,2,4.645161290322581,,,,3,
40273,Sreevardhan Murali,FALSE,0.039421813,0.039421813,finisher,,,,1,3,,,,1,25.9
40288,Harshad Basil,FALSE,0.039421813,0.039421813,finishing allrounder,,,,6,7.6923076923076925,,,,5,25.9
40291,Adilsha M,FALSE,0.039421813,0.039421813,finishing allrounder,,,,2,11.142857142857142,,,,3,25.9
40298,Devu D,FALSE,0.039421813,0.039421813,finishing allrounder,,,,0,9.2,,,,3,23.03
40308,Aswin Ajith Pillai,FALSE,0.039421813,0.039421813,finisher,,,,1,7,,,,2,25.9
40311,Arun Variad,FALSE,0.039421813,0.039421813,finishing allrounder,,,,1,7.153846153846154,,,,1,-14.1
40320,Jishnu,FALSE,0.039421813,0.039421813,finishing allrounder,,,,4,3.9130434782608696,,,,3,25.9
40332,Hariprasad V,FALSE,0.039421813,0.039421813,finisher,,,,0,11,,,,1,25.9
40353,Jestin Thomas,FALSE,0.039421813,0.039421813,finishing allrounder,,,,7,6.471910112,,,,4,25.9
40356,Vishnu Viswam,FALSE,0.039421813,0.039421813,finishing allrounder,,,,5,4.9879518072289155,,,,5,25.9
40372,Aboobacker Inshad Ali,FALSE,0.039421813,0.039421813,finisher,,,,0,12,,,,2,25.9
40401,Aditya Vinod,FALSE,0.039421813,0.039421813,finisher,,,,0,4.105263157894737,,,,1,25.9
4061,NC Aiyappa,FALSE,0.058558559,0.040990991,finishing allrounder,,,,1,9.652173913043478,,,,2,46.11
41389,Anshad S,FALSE,0.039421813,0.039421813,finishing allrounder,,,,4,7.105263157894737,,,,4,30.99
41503,Yash Punja,FALSE,0.039421813,0.039421813,finishing allrounder,,,,23,7.2,,,,11,19.83
4168,Unnikrishnan Manukrishnan,FALSE,0.039421813,0.027595269,finishing allrounder,,,,2,9.36,,,,1,37.14
41764,Vikas Kumar Gupta,FALSE,0.039421813,0.039421813,finishing allrounder,,,,2,7,,,,1,21.37
41792,Aditya More,FALSE,0.039421813,0.039421813,finisher,,,,0,9.666666666666666,,,,1,25.42
41822,Ravi Yadav,FALSE,0.039421813,0.033508541,finishing allrounder,,,,0,8,,,,1,33.91
41824,Naman Sharma,FALSE,0.039421813,0.039421813,finishing allrounder,,,,15,6.6765578635014835,,,,17,21.33
4243,Swapnil Bandiwar,FALSE,0.039421813,0.027595269,finishing allrounder,,,,0,9.681818181818182,,,,3,37.3
42623,S Guru Sayee,FALSE,0.039421813,0.039421813,finishing allrounder,,,,3,8.25,,,,1,25.51
42627,Kabilan N,FALSE,0.039421813,0.039421813,finishing allrounder,,,,7,7.894736842105263,,,,5,24.38
42678,,FALSE,0,0,bowler,,,,1,9.692307692307692,,,,0,
42688,Tapas Das,FALSE,0.039421813,0.039421813,finishing allrounder,,,,4,7.05,,,,6,28.96
42693,Sobhandev Behera,FALSE,0.039421813,0.039421813,finishing allrounder,,,,2,5.8125,,,,2,21.33
42824,Aditya Daware,FALSE,0.058558559,0.058558559,finishing allrounder,,,,2,9.348837209302326,,,,5,24.73
42833,Harsh Oswal,FALSE,0.039421813,0.039421813,finisher,,,,0,10.666666666666666,,,,1,25.9
42836,Vidya Tiwari,FALSE,0.039421813,0.039421813,finishing allrounder,,,,0,9.142857142857142,,,,1,25.9
42837,Atman Pore,FALSE,0.039421813,0.039421813,finishing allrounder,,,,14,6.421052631578948,,,,12,25.9
4284,Badre Alam,TRUE,0.21153846153846154,0.1798076923076923,finisher,,,,0,12.461538461538462,,,,1,33.56
42841,Ravi Chaudhari,FALSE,0.039421813,0.039421813,finisher,,,,0,10,,,,1,25.9
42846,Razeq Fallah,FALSE,0.039421813,0.039421813,finisher,,,,0,6,,,,2,
42848,Rehan Khan,FALSE,0.058558559,0.058558559,finishing allrounder,,,,7,7.744680851,,,,9,25.9
42850,Omkar Akhade,FALSE,0.039421813,0.039421813,finisher,,,,1,10,,,,1,25.9
43093,Samadhan Pagare,FALSE,0.097765363,0.097765363,finishing allrounder,,,,10,8.625,,,,15,25.9
43274,Kamlesh Joshi,FALSE,0.039421813,0.039421813,finisher,,,,1,6.9,,,,1,24.38
43297,Shivam Siroha,FALSE,0.058558559,0.058558559,finishing allrounder,,,,2,7.346938775510204,,,,3,27.69
43300,Prajjwal Rawat,FALSE,0.039421813,0.039421813,finisher,,,,0,9.789473684210526,,,,3,23.51
43302,Abhishek Rawat,FALSE,0.039421813,0.039421813,finisher,,,,0,9,,,,1,26.93
43304,Aditya Semwal,FALSE,0.039421813,0.039421813,finisher,,,,0,25,,,,1,23.79
43306,Sumit Juyal,TRUE,0.36,0.36,finishing allrounder,,,,27,8.242424242424242,,,,13,24
43313,Harshvardhan,FALSE,0.039421813,0.039421813,finishing allrounder,,,,2,7.153846153846154,,,,1,21.58
43317,Aadarsh Yadav,FALSE,0.039421813,0.039421813,finishing allrounder,,,,4,7.038461538461538,,,,4,23.01
43326,Vinay Kumar,FALSE,0.057692307692307696,0.057692307692307696,finishing allrounder,,,,6,6.367346939,,,,6,23.39
43331,Sunil Bisht,FALSE,0.058558559,0.058558559,finishing allrounder,,,,3,5.387755102040816,,,,2,30.05
43335,Dev Chaddha,FALSE,0.039421813,0.039421813,finisher,,,,0,17,,,,1,22.44
43337,Parikshit Garkoti,FALSE,0.039421813,0.039421813,finishing allrounder,,,,5,9.625,,,,3,22.29
43339,Ayush Lohani,FALSE,0.058558559,0.058558559,finishing allrounder,,,,1,9.5625,,,,2,28.31
43819,Mohammad Tahir Bhat,FALSE,0.027149321266968326,0.027149321266968326,finisher,,,,2,6.315789473684211,,,,1,
43911,Arjun Pappal,FALSE,0.058558559,0.058558559,finishing allrounder,,,,1,11,,,,3,25.97
43912,Kovid Gujjar,FALSE,0.058558559,0.040990991,finishing allrounder,,,,2,10,,,,2,35.13
43926,Ramandeep Singh,FALSE,0.039421813,0.039421813,finishing allrounder,,,,0,11.666666666666666,,,,5,24.9
43939,Paras Jaidka,FALSE,0.039421813,0.039421813,finishing allrounder,,,,0,9.428571428571429,,,,3,25.75
43960,Sidharth Bakshi,FALSE,0.039421813,0.039421813,finishing allrounder,,,,1,7.428571428571429,,,,1,25.1
43966,Gursimran Singh,FALSE,0.058558559,0.058558559,finishing allrounder,,,,3,7.315068493150685,,,,5,28.44
43976,Harry Dhaliwal,FALSE,0.058558559,0.058558559,finishing allrounder,,,,7,9.307692307692308,,,,9,24.94
43992,Manpreet Singh Chouhan,FALSE,0.057692307692307696,0.057692307692307696,finishing allrounder,,,,0,12.774193548387096,,,,2,27.87
44484,Pukhrajdeep Singh Dhaliwal,FALSE,0.039421813,0.039421813,finisher,,,,0,7,,,,1,20.84
44490,Mitrakant Yadav,FALSE,0.097765363,0.083100559,finishing allrounder,,,,9,7.115577889447236,,,,10,34.11
44495,Nathan Mello,FALSE,0.039421813,0.039421813,finishing allrounder,,,,6,7.121951219512195,,,,7,22.06
44496,Clement Raju,FALSE,0.039421813,0.039421813,finisher,,,,0,4.666666666666667,,,,1,25.76
44498,Gautam Mishra,FALSE,0.058558559,0.058558559,finishing allrounder,,,,11,9.070422535211268,,,,10,22.61
44500,Nischith Rao,FALSE,0.058558559,0.058558559,finishing allrounder,,,,9,9.123966942,,,,8,26.44
44506,Shimon Luiz,FALSE,0.039421813,0.039421813,finishing allrounder,,,,0,8.4,,,,2,29.83
44513,Aaditya Nair,FALSE,0.039421813,0.039421813,finishing allrounder,,,,0,8.166666666666666,,,,2,21.22
44790,Armaan Jakhar,FALSE,0.027149321266968326,0.027149321266968326,finishing allrounder,,,,3,10.571428571428571,,,,3,
44831,Neel Dhaliwal,FALSE,0.027149321266968326,0.027149321266968326,finishing allrounder,,,,6,7.96039604,,,,6,22.08
45212,Advith Shetty,FALSE,0.039421813,0.039421813,finishing allrounder,,,,4,9.176470588235293,,,,5,22.72
45380,Shaik Kamil,FALSE,0.039421813,0.039421813,finishing allrounder,,,,0,12.833333333333334,,,,3,22.12
45382,Battina Yashwanth,FALSE,0.027149321266968326,0.027149321266968326,finishing allrounder,,,,1,13.5,,,,1,20.06
45496,Prashant Gohel,FALSE,0.097765363,0.097765363,finishing allrounder,,,,5,9,,,,7,27.78
45514,Hiren Makwana,FALSE,0.027149321266968326,0.027149321266968326,finishing allrounder,,,,2,8.142857142857142,,,,1,22.97
45530,Tanish Mahesh,FALSE,0.039421813,0.039421813,finishing allrounder,,,,4,12.75,,,,3,25.33
45662,Karan Suchak,FALSE,0.057692307692307696,0.057692307692307696,finisher,,,,1,8.666666666666666,,,,1,23.22
45947,Divyansh Chaturvedi,FALSE,0.039421813,0.039421813,finisher,,,,0,18,,,,2,25.9
45973,Rohit Dwivedi,FALSE,0.039421813,0.039421813,finishing allrounder,,,,3,9.6,,,,3,24.16
45995,Abhinav Tiwari,FALSE,0.039421813,0.039421813,finishing allrounder,,,,4,5.806451612903226,,,,3,25.9
46000,Kuldeep Kumar,FALSE,0.039421813,0.039421813,finisher,,,,3,4.7368421052631575,,,,1,25.9
46006,Mukesh Kumar,FALSE,0.039421813,0.039421813,finishing allrounder,,,,13,7.869565217391305,,,,9,25.9
46010,Pradeep Yadav,FALSE,0.058558559,0.058558559,finisher,,,,1,9,,,,2,25.9
46022,Deepanshu Yadav,FALSE,0.058558559,0.058558559,finishing allrounder,,,,12,8.526315789473685,,,,11,26.55
46024,Rajat Singhwal,FALSE,0.039421813,0.039421813,finishing allrounder,,,,0,8.076923076923077,,,,1,25.9
46025,Mirza Shahbaz,FALSE,0.039421813,0.039421813,finishing allrounder,,,,1,12.24,,,,1,25.9
46057,Ankur Chauhan,FALSE,0.057692307692307696,0.057692307692307696,finishing allrounder,,,,1,9.125,,,,3,25.92
46073,Suvrat Prasad Tiwari,FALSE,0.057692307692307696,0.057692307692307696,finishing allrounder,,,,4,4.842105263157895,,,,3,25.9
4612,Hardik Patel,FALSE,0.058558559,0.058558559,finishing allrounder,,,,4,5.675675675675675,,,,3,30.55
46140,Rahul Vakani,FALSE,0.058558559,0.058558559,finishing allrounder,,,,3,6.75,,,,1,27.05
46141,Hasmukh Gadhavi,FALSE,0.039421813,0.039421813,finisher,,,,0,14.571428571428571,,,,1,24.19
4623,Aditya Sarwate,FALSE,0.097765363,0.068435754,finishing allrounder,,,,7,7.810344827586207,,,,8,35.96
46281,Sparsh Jain,FALSE,0.057692307692307696,0.057692307692307696,finishing allrounder,,,,4,8.482758620689655,,,,6,25.9
46304,Rohit Suthar,FALSE,0.027149321266968326,0.027149321266968326,finishing allrounder,,,,3,11.066666666666666,,,,2,25.9
47244,Karan Patel,FALSE,0.039421813,0.033508541,finishing allrounder,,,,7,7.1571428571428575,,,,7,32.73
47509,Abhimanyu Singh,FALSE,0.058558559,0.049774775,finishing allrounder,,,,4,6.571428571428571,,,,1,33.56
47513,Shubham Premanand Tari,FALSE,0.039421813,0.039421813,finishing allrounder,,,,8,7.19205298,,,,7,24.49
47737,Tana Teti,FALSE,0.058558559,0.058558559,finishing allrounder,,,,3,11.166666666666666,,,,4,27.45
47764,Kunal Tarini Prasad Sarma,FALSE,0.039421813,0.039421813,finisher,,,,0,26,,,,1,26.81
47765,Jay Abhale,FALSE,0.027149321266968326,0.027149321266968326,finishing allrounder,,,,6,7.3125,,,,6,25.81
47769,Paramjit Shyam Singh,FALSE,0.039421813,0.039421813,finisher,,,,3,6,,,,1,23.14
47782,Galpo Sherpa,FALSE,0.039421813,0.039421813,finisher,,,,0,9.5,,,,1,29.84
47786,Ravinder Negi,TRUE,0.039421813,0.039421813,finishing allrounder,,,,5,9.879699248,,,,6,23.44
47792,Yudhajit Guha,FALSE,0.039421813,0.039421813,finishing allrounder,,,,0,7.255813953488372,,,,2,19.14
47814,Mahipal Yadav,FALSE,0.039421813,0.039421813,finisher,,,,0,10,,,,1,18.99
47867,Tanmay Latka,FALSE,0.027149321266968326,0.027149321266968326,finishing allrounder,,,,2,6.25,,,,2,20.7
47906,Nara Weshi,FALSE,0.027149321266968326,0.027149321266968326,finishing allrounder,,,,5,4.3561643835616435,,,,4,20.96
47995,Tekkam Atchuth Hemanth Kumar,FALSE,0.027149321266968326,0.027149321266968326,finishing allrounder,,,,1,7.846153846153846,,,,1,20.96
48013,A Ardrit,FALSE,0.027149321266968326,0.027149321266968326,finisher,,,,0,13,,,,1,25.9
4807,Joshua Little,TRUE,0.625,0.625,finishing allrounder,,,,13,8.415254237288135,,,,11,26.07
48500,Umar Khan,FALSE,0.027149321266968326,0.027149321266968326,finisher,,,,1,8,,,,1,24.73
48501,Prem Devkar,FALSE,0.027149321266968326,0.027149321266968326,finisher,,,,0,9.230769231,,,,2,20.9
48557,Vignesh Puthur,TRUE,0.098930481,0.098930481,finishing allrounder,,,,12,8.854368932038835,,,,13,24.74
48560,Pratham Maheshwari,FALSE,0.027149321266968326,0.027149321266968326,finisher,,,,0,7.578947368421052,,,,1,21.11
48567,Lakshay Sehrawat,FALSE,0.039421813,0.039421813,finishing allrounder,,,,0,9.142857142857142,,,,1,25.9
48798,Bonojit Adhikari,FALSE,0.027149321266968326,0.027149321266968326,finishing allrounder,,,,2,8.4,,,,2,19.92
4903,Lahiru Kumara,TRUE,0.22535211267605634,0.22535211267605634,finishing allrounder,,,,13,8,,,,6,28.78
49341,Vineet Rawat,FALSE,0.039421813,0.039421813,finishing allrounder,,,,4,8.909090909090908,,,,3,28.55
49374,Pratik Kumar,FALSE,0.039421813,0.039421813,finisher,,,,0,12.857142857142858,,,,1,29
49684,Divansh Rawat,FALSE,0.027149321266968326,0.027149321266968326,finishing allrounder,,,,6,9.952941176470588,,,,5,20.19
49825,Uzzal Das,FALSE,0.039421813,0.039421813,finisher,,,,0,8,,,,1,19.12
50078,Shafeequddin Shafeequddin,TRUE,0.039421813,0.027595269,finishing allrounder,,,,14,6.711864406779661,,,,5,35.9
50193,Arshil Rajendra,FALSE,0.039421813,0.039421813,finishing allrounder,,,,1,5.8125,,,,2,20.76
50207,Love Kumar,FALSE,0.039421813,0.039421813,finisher,,,,0,6.857142857142857,,,,1,22.97
50288,Priyajeet Jadeja,FALSE,0.039421813,0.027595269,finisher,,,,2,5.368421052631579,,,,1,37.18
50322,Vaibhav Na,FALSE,0.039421813,0.039421813,finishing allrounder,,,,2,10.857142857142858,,,,1,21.14
5075,Hitesh Kadam,FALSE,0.039421813,0.027595269,finishing allrounder,,,,4,6.534653465346534,,,,4,37.14
50894,Himanshu Chauhan,FALSE,0.039421813,0.039421813,finishing allrounder,,,,10,9.898734177,,,,12,22.86
51287,Govinth Ganesh,FALSE,0.027149321266968326,0.027149321266968326,finisher,,,,0,18.857142857142858,,,,2,21.83
51516,J Prem Kumar,FALSE,0.039421813,0.039421813,finishing allrounder,,,,17,7.407407407407407,,,,8,25.43
52042,Dharmendra Gupta,FALSE,0.039421813,0.039421813,finisher,,,,0,5.5,,,,1,28.9
52055,Saurabh Tiwari,FALSE,0.027149321266968326,0.027149321266968326,finisher,,,,1,8.5,,,,1,25.4
52057,Shivansh Singh,FALSE,0.027149321266968326,0.027149321266968326,finishing allrounder,,,,2,7.03125,,,,4,19.08
52058,Aryan Dalal,FALSE,0.027149321266968326,0.027149321266968326,finisher,,,,1,11,,,,1,20.89
52077,Sangram Ranaware,FALSE,0.027149321266968326,0.027149321266968326,finishing allrounder,,,,1,11.333333333333334,,,,3,23.57
52094,Hrishikesh Gore,FALSE,0.027149321266968326,0.027149321266968326,finishing allrounder,,,,3,12.210526315789474,,,,5,20.11
52123,Manas Chavan,FALSE,0.027149321266968326,0.027149321266968326,finishing allrounder,,,,7,6.315789473684211,,,,3,24.12
5231,Oshane Thomas,FALSE,0.098930481,0.098930481,finishing allrounder,,,,5,8.076923076923077,,,,8,28.77
52338,Usman Tariq,FALSE,0.039421813,0.039421813,finishing allrounder,,,,6,5.04,,,,2,30.47
52345,Soham Dinesh Zute,FALSE,0.027149321266968326,0.027149321266968326,finisher,,,,0,11.333333333333334,,,,1,21.84
52437,Md Ronak,FALSE,0.039421813,0.039421813,finisher,,,,0,12,,,,1,28.78
52439,Aditya Chettri,FALSE,0.027149321266968326,0.027149321266968326,finisher,,,,0,6.4,,,,1,23.18
53,S Sreesanth,FALSE,0.097765363,0.068435754,finishing allrounder,,,,3,8.936170212765957,,,,4,42.8
53224,Kartik Mishra,FALSE,0.039421813,0.039421813,finishing allrounder,,,,5,6.688524590163935,,,,7,27.11
53486,Atharva Bhosale,FALSE,0.027149321266968326,0.027149321266968326,finishing allrounder,,,,2,7.363636363636363,,,,3,21.43
54160,Vaibhav Rai,FALSE,0.039421813,0.039421813,finisher,,,,0,8.142857142857142,,,,2,21.25
54832,Rakibul Islam,FALSE,0.039421813,0.039421813,finisher,,,,1,8.210526315789474,,,,2,18.8
54843,Rohit Dhobi,TRUE,0.057692307692307696,0.057692307692307696,finishing allrounder,,,,0,8.347826086956522,,,,6,18.03
54876,Rafique Ali,FALSE,0.039421813,0.039421813,finisher,,,,2,5.333333333333333,,,,2,24.08
54883,Paban Kumar Majhee,TRUE,0.097765363,0.097765363,finishing allrounder,,,,6,8.066666666666666,,,,5,29.98
54891,Prasanta Barman,FALSE,0.039421813,0.039421813,finisher,,,,2,8.666666666666666,,,,2,18.22
54900,Yasinul Hoque,FALSE,0.039421813,0.027595269,finishing allrounder,,,,1,4.883720930232558,,,,2,35.07
54922,Dudul Kumar Nath,FALSE,0.039421813,0.039421813,finishing allrounder,,,,1,9.230769231,,,,2,22.71
55391,Nakson Rahul,FALSE,0.039421813,0.039421813,finisher,,,,2,6,,,,2,25.72
55400,Adwith N,FALSE,0.039421813,0.039421813,finishing allrounder,,,,0,7.0344827586206895,,,,3,18.4
55447,Sreekanth Au,FALSE,0.039421813,0.039421813,finisher,,,,0,12,,,,2,31.09
55743,Adith Ashok,FALSE,0.039421813,0.039421813,finisher,,,,1,5.7,,,,1,25.9
55771,Adithya Krishnan K,FALSE,0.039421813,0.039421813,finishing allrounder,,,,1,7.914893617021277,,,,4,25.9
55793,Laxman Laxman,FALSE,0.039421813,0.039421813,finishing allrounder,,,,6,10.02061855670103,,,,5,26.79
5584,Ashwath Mukunthan,FALSE,0.097765363,0.097765363,finishing allrounder,,,,2,10.325581395348838,,,,2,29.95
56171,Rohan Kharat,FALSE,0.039421813,0.039421813,finishing allrounder,,,,6,7.181818181818182,,,,10,25.9
56175,Harshal Mishra,FALSE,0.039421813,0.039421813,finishing allrounder,,,,5,8.947368421052632,,,,4,25.9
56188,Nadeem Shaikh,FALSE,0.039421813,0.039421813,finishing allrounder,,,,2,14,,,,3,25.9
5632,Trilok Nag,FALSE,0.058558559,0.058558559,finishing allrounder,,,,6,7.366336633663367,,,,5,25.5
56326,Tuhin Banerjee,FALSE,0.039421813,0.033508541,finishing allrounder,,,,0,8.4,,,,2,33.21
56336,Balkesh Yadav,FALSE,0.027149321266968326,0.027149321266968326,finishing allrounder,,,,4,6.5,,,,2,22.74
56342,Ganoranjan Kapat,FALSE,0.039421813,0.039421813,finisher,,,,0,8.25,,,,1,20.2
56353,Subhankar Dey,FALSE,0.039421813,0.039421813,finisher,,,,0,6,,,,1,19.14
56361,Dilshad Khan,FALSE,0.039421813,0.039421813,finishing allrounder,,,,11,6.6835443037974684,,,,12,21.97
56381,Anubhav Tyagi,FALSE,0.039421813,0.039421813,finishing allrounder,,,,6,7.690140845070423,,,,4,24.73
5652,Arun Balasubramanian,FALSE,0.039421813,0.039421813,finishing allrounder,,,,2,8.111111111,,,,4,
56545,Ashish Bhardwaj,FALSE,0.039421813,0.039421813,finisher,,,,2,6,,,,1,19.58
56546,Simran Pal Singh,FALSE,0.039421813,0.039421813,finishing allrounder,,,,2,6.285714285714286,,,,3,28.56
56558,Harel Vashisht,FALSE,0.039421813,0.039421813,finisher,,,,0,5,,,,1,20.16
56566,Yuvraj Singh Maan,FALSE,0.027149321266968326,0.027149321266968326,finisher,,,,1,11,,,,1,19.7
56568,Raghuvar Narang,FALSE,0.039421813,0.039421813,finisher,,,,1,4,,,,1,25.9
56569,Rahul Singh,FALSE,0.039421813,0.039421813,finisher,,,,0,17,,,,1,25.9
56574,Gurwinder Singh Bhullar,FALSE,0.039421813,0.039421813,finishing allrounder,,,,9,7.408163265306122,,,,4,25.9
56576,Dhruv Mittal,FALSE,0.039421813,0.039421813,finishing allrounder,,,,3,7.6,,,,2,20.35
56585,Yuvraj Singh,FALSE,0.039421813,0.039421813,finisher,,,,1,10.5,,,,1,21.9
56597,Vishwaranjan Tripathi,FALSE,0.039421813,0.039421813,finisher,,,,1,13.263157894736842,,,,3,24.9
56606,Manraj Singh Dhillon,FALSE,0.039421813,0.039421813,finishing allrounder,,,,6,7.2615384615384615,,,,11,25.9
56629,Ayush Pillai,FALSE,0.039421813,0.039421813,finisher,,,,0,6.333333333333333,,,,5,25.9
56636,Gaurav Chaturvedi,FALSE,0.027149321266968326,0.027149321266968326,finishing allrounder,,,,6,7.294117647058823,,,,6,25.9
56667,Parveen Yadav,FALSE,0.039421813,0.033508541,finishing allrounder,,,,10,7.472727272727273,,,,5,33.96
56695,Aman Ahuja,FALSE,0.039421813,0.039421813,finishing allrounder,,,,6,7.902439024390244,,,,6,23.63
56707,Maria Ajay M,FALSE,0.039421813,0.039421813,finishing allrounder,,,,1,9,,,,2,21.23
56723,Rahul Rajeev,FALSE,0.039421813,0.039421813,finishing allrounder,,,,4,10.32,,,,4,21.07
56831,Akash Rajawat,FALSE,0.039421813,0.039421813,finisher,,,,0,9.5,,,,1,25.9
57058,Akash Gaddipathi,FALSE,0.039421813,0.039421813,finishing allrounder,,,,2,4.5,,,,1,19.72
57060,T Sai Prakash,FALSE,0.039421813,0.039421813,finisher,,,,0,7,,,,1,19.67
57074,Ch Surendra Krishna,FALSE,0.039421813,0.039421813,finisher,,,,0,13.5,,,,1,29.01
57079,V Vittal Kumar,FALSE,0.039421813,0.039421813,finisher,,,,0,17.142857142857142,,,,1,22.15
57083,T Bharath,FALSE,0.027149321266968326,0.027149321266968326,finishing allrounder,,,,3,13.789473684210526,,,,4,24.87
57091,Arpan Walia,FALSE,0.039421813,0.039421813,finisher,,,,0,10,,,,1,20.41
57370,Bailapudi Yeswanth,FALSE,0.039421813,0.039421813,finishing allrounder,,,,12,6.980609418282548,,,,15,20.69
57436,Ashutosh Das,FALSE,0.027149321266968326,0.027149321266968326,finishing allrounder,,,,8,9.952941176470588,,,,7,24.77
57460,Sovan Swain,FALSE,0.039421813,0.039421813,finishing allrounder,,,,2,6,,,,4,
57464,Suman Das,FALSE,0.039421813,0.039421813,finishing allrounder,,,,1,7.116279069767442,,,,2,
57750,Aman Bharti,FALSE,0.039421813,0.039421813,finishing allrounder,,,,13,8.055776892430279,,,,14,
57921,Mude Shivaji Naik,FALSE,0.039421813,0.039421813,finishing allrounder,,,,2,9.454545454545455,,,,2,26.44
57993,Daman Deep,FALSE,0.039421813,0.039421813,finishing allrounder,,,,5,9.767441860465116,,,,8,22.4
57998,Smayan Srivastava,FALSE,0.039421813,0.039421813,finishing allrounder,,,,2,5.76,,,,2,22.31
5801,Rohan Raju,FALSE,0.039421813,0.039421813,finishing allrounder,,,,1,6.666666666666667,,,,1,29.42
58156,Ansh Choudhary,FALSE,0.039421813,0.039421813,finisher,,,,0,20,,,,2,
58174,Yatharth Singh,FALSE,0.039421813,0.039421813,finisher,,,,0,12,,,,1,
58175,Siddhartha Solanki,FALSE,0.039421813,0.039421813,finishing allrounder,,,,14,9.695652173913043,,,,7,
58186,Ankit Bhadana,FALSE,0.039421813,0.039421813,finishing allrounder,,,,2,12.25,,,,1,
58191,Yash Bhardawaj,FALSE,0.039421813,0.039421813,finishing allrounder,,,,3,9.111111111,,,,2,
58242,Anirudh Choudhary,FALSE,0.039421813,0.039421813,finishing allrounder,,,,24,8.890365448504983,,,,15,
58247,Parikshit Dhanak,FALSE,0.039421813,0.039421813,finishing allrounder,,,,1,10.25,,,,2,22.99
58274,Nabajit Narzary,FALSE,0.039421813,0.027595269,finishing allrounder,,,,1,3.7777777777777777,,,,1,49.53
58341,Akash A Katamble,FALSE,0.039421813,0.039421813,finisher,,,,1,11.076923076923077,,,,1,26.56
58528,Rohit Yadav,FALSE,0.039421813,0.039421813,finishing allrounder,,,,14,8.405529954,,,,14,
58640,Rajat Sanserwal,FALSE,0.039421813,0.039421813,finishing allrounder,,,,6,6.42,,,,5,24.96
58728,Navneet,FALSE,0.039421813,0.039421813,finisher,,,,2,8,,,,1,
58742,Prashant Yadav,FALSE,0.039421813,0.039421813,finishing allrounder,,,,2,5.454545454545454,,,,1,
58745,Aditya Singh,FALSE,0.039421813,0.039421813,finisher,,,,0,6.8,,,,1,
58864,Vishal Nishad,FALSE,0.039421813,0.039421813,finishing allrounder,,,,12,7.682539682539683,,,,9,
58924,Dev Kashyap,FALSE,0.039421813,0.039421813,finishing allrounder,,,,0,13.555555555555555,,,,2,25.9
59069,Safiqul Islam,FALSE,0.039421813,0.039421813,finishing allrounder,,,,2,5.014925373134329,,,,5,18.21
59073,Jugal Krishna Nath,FALSE,0.039421813,0.039421813,finisher,,,,0,9,,,,1,19.92
59075,Nischay Kumar,FALSE,0.039421813,0.039421813,finisher,,,,0,8.571428571428571,,,,2,21.26
59101,Saurabh Singh,FALSE,0.039421813,0.039421813,finisher,,,,0,1.8461538461538463,,,,1,27.98
59270,Biswajyoti Patowary,FALSE,0.039421813,0.039421813,finisher,,,,0,9.666666666666666,,,,2,25.78
59278,Yogesh Singh,FALSE,0.039421813,0.039421813,finishing allrounder,,,,1,10.133333333333333,,,,2,
59310,Naveen Kumar Singh,TRUE,0.097765363,0.097765363,finishing allrounder,,,,15,7.506607929515418,,,,10,29.75
59314,Rahul Negi,TRUE,0.058558559,0.058558559,finishing allrounder,,,,5,10,,,,5,18.73
59331,Tejender Singh,TRUE,0.097765363,0.097765363,finishing allrounder,,,,1,10.40625,,,,6,31.12
59338,Rohit Dangwal,TRUE,0.097765363,0.097765363,finishing allrounder,,,,1,9.731707317073171,,,,5,29.66
59345,Aditya Rawat,TRUE,0.058558559,0.058558559,finishing allrounder,,,,3,8.7,,,,2,18.31
5950,Vineet Sinha,FALSE,0.058558559,0.040990991,finishing allrounder,,,,13,7.469387755102041,,,,4,41.3
5951,Pradeep Dadhe,FALSE,0.098930481,0.098930481,finishing allrounder,,,,30,6.488222698072805,,,,24,31.2
59592,Shreyas Ghadge,FALSE,0.039421813,0.039421813,finisher,,,,0,14.4,,,,3,24.05
5964,Amulaya Pandrekar,FALSE,0.039421813,0.039421813,finishing allrounder,,,,1,4.75,,,,2,29.66
59655,Shubham Bisht,FALSE,0.027149321266968326,0.027149321266968326,finishing allrounder,,,,2,7,,,,4,23.34
59851,Vaibhav Gosavi,FALSE,0.039421813,0.039421813,finishing allrounder,,,,5,8.464285714285714,,,,4,
6036,Tejas Baroka,FALSE,0.039421813,0.039421813,finishing allrounder,,,,13,5.867256637168142,,,,11,29.82
6048,Ishan Porel,TRUE,0.8181818181818182,0.8181818181818182,finishing allrounder,,,,23,6.878873239436619,,,,18,27.23
60797,Gajendra Singh,FALSE,0.027149321266968326,0.027149321266968326,finishing allrounder,,,,6,5.127272727272727,,,,2,25.9
62459,Esakkimuthu A,FALSE,0.039421813,0.039421813,finishing allrounder,,,,17,6.494845360824742,,,,7,23.79
62859,Anupam Phukan,FALSE,0.039421813,0.027595269,finisher,,,,0,13,,,,1,39.14
62864,Peris Boruah,FALSE,0.039421813,0.039421813,finishing allrounder,,,,3,5.225806451612903,,,,3,31.17
62869,Tana James Tara,FALSE,0.027149321266968326,0.027149321266968326,finishing allrounder,,,,6,7.434782608695652,,,,3,17.98
62872,Priyangsu Kole,FALSE,0.027149321266968326,0.027149321266968326,finishing allrounder,,,,1,8.545454545454545,,,,2,24.75
63063,Karthik Sandil,FALSE,0.027149321266968326,0.027149321266968326,finisher,,,,0,11.538461538461538,,,,1,25.81
63090,Arya Durugkar,FALSE,0.039421813,0.039421813,finishing allrounder,,,,6,8.315789474,,,,5,19.01
6346,Pankaj Rao,FALSE,0.039421813,0.027595269,finisher,,,,0,6,,,,1,36.1
6350,Matthew Kuhnemann,TRUE,0.039421813,0.039421813,finishing allrounder,,,,0,7.945945945945946,,,,4,29.18
63504,Surya Anand S,FALSE,0.039421813,0.039421813,finishing allrounder,,,,6,9.510638298,,,,6,23.6
63566,Avinash,TRUE,0.027149321266968326,0.027149321266968326,finisher,,,,0,13,,,,1,
63585,Psn Raju,FALSE,0.027149321266968326,0.027149321266968326,finishing allrounder,,,,7,8.302325581,,,,4,
63668,Sasi Sasi,FALSE,0.027149321266968326,0.027149321266968326,finishing allrounder,,,,2,8.76,,,,3,
6368,Rahul Singh,TRUE,0.22535211267605634,0.22535211267605634,finishing allrounder,,,,5,7.2110091743119265,,,,5,28.29
63681,Pradyumn Sanan,FALSE,0.039421813,0.039421813,finishing allrounder,,,,16,7.863013698630137,,,,11,
63719,Chirag Modak,FALSE,0.027149321266968326,0.027149321266968326,finishing allrounder,,,,4,5.666666666666667,,,,2,18.46
6372,Siddharth Desai,FALSE,0.027149321266968326,0.027149321266968326,finishing allrounder,,,,3,6.6875,,,,6,25.28
63728,Aryan Puranik,FALSE,0.027149321266968326,0.027149321266968326,finishing allrounder,,,,0,5.769230769230769,,,,1,22.35
63733,Noor Alam Khan,FALSE,0,0,finisher,,,,1,3.75,,,,1,22.8
63734,Jalil Khan,FALSE,0.039421813,0.027595269,finisher,,,,0,10.285714285714286,,,,1,41.73
63746,Shubham Rajbhar,FALSE,0.027149321266968326,0.027149321266968326,finisher,,,,0,6,,,,1,19.11
63752,Deepu Gupta,FALSE,0.039421813,0.039421813,finisher,,,,0,12,,,,1,31.56
63786,Aditya Giri,FALSE,0.027149321266968326,0.027149321266968326,finishing allrounder,,,,2,8.64,,,,1,
63805,Sachin Gupta,FALSE,0.027149321266968326,0.027149321266968326,finisher,,,,2,6,,,,1,
63810,Krutik Hangawadi,FALSE,0.027149321266968326,0.027149321266968326,finishing allrounder,,,,0,8.4,,,,1,
63811,Pratik Mishra,FALSE,0.027149321266968326,0.027149321266968326,finishing allrounder,,,,12,8.482758620689655,,,,4,
64056,Abhay Chhetri,TRUE,0.039421813,0.039421813,finishing allrounder,,,,11,5.68,,,,7,24.1
6417,Minad Manjrekar,FALSE,0.039421813,0.039421813,finishing allrounder,,,,9,8.970297029702971,,,,6,29.14
6449,Wafadar Momand,FALSE,0.039421813,0.039421813,finishing allrounder,,,,0,10.941176470588236,,,,2,26.14
6480,Qazi Onik Islam,FALSE,0.039421813,0.039421813,finisher,,,,1,11,,,,1,26.69
65309,Aman Sahu,FALSE,0.027149321266968326,0.027149321266968326,finishing allrounder,,,,0,11,,,,2,
65310,Lubhansh Singh,FALSE,0.027149321266968326,0.027149321266968326,finishing allrounder,,,,2,6.681818181818182,,,,2,
65326,Shubham Mahurkar,FALSE,0.027149321266968326,0.027149321266968326,finisher,,,,0,11,,,,1,
65330,Harsh Kumar,FALSE,0.027149321266968326,0.027149321266968326,finisher,,,,0,8.5,,,,1,22.03
65334,Narayan Sahu,FALSE,0.027149321266968326,0.027149321266968326,finishing allrounder,,,,3,6,,,,2,
65335,Mohammad Ishhak Khan,FALSE,0,0,finisher,,,,1,5.538461538461538,,,,1,
65337,Anutosh Pandey,FALSE,0.027149321266968326,0.027149321266968326,finisher,,,,0,10.153846153846153,,,,1,
65350,Aayush Dwivedi,FALSE,0.027149321266968326,0.027149321266968326,finishing allrounder,,,,1,10,,,,4,
65369,Rishabh Bhuarya,FALSE,0.027149321266968326,0.027149321266968326,finishing allrounder,,,,0,10.08,,,,1,
65372,Chinmay Vishwakarma,FALSE,0.027149321266968326,0.027149321266968326,finishing allrounder,,,,1,6.976744186046512,,,,3,
65390,Praveen Kumar Yadav,FALSE,0.039421813,0.039421813,finishing allrounder,,,,16,6.548076923076923,,,,9,
65392,Md. Shahnawaz Hussain,FALSE,0,0,finisher,,,,1,11,,,,1,
65416,Durgesh Sonwani,FALSE,0.027149321266968326,0.027149321266968326,finishing allrounder,,,,2,9.633802816901408,,,,4,
65424,Aayush Sinha,FALSE,0.027149321266968326,0.027149321266968326,finisher,,,,0,12.5,,,,1,
6551,Felix Alemao,TRUE,0.36,0.36,finishing allrounder,,,,12,9.454545454545455,,,,9,30.35
6552,Vijesh Prabhudessai,FALSE,0.057692307692307696,0.057692307692307696,finishing allrounder,,,,3,5.25,,,,1,28.76
66178,Sreehari Nair,FALSE,0.027149321266968326,0.027149321266968326,finishing allrounder,,,,3,10.54054054054054,,,,2,23.1
66490,Bharat Sudam Patil,FALSE,0.027149321266968326,0.027149321266968326,finishing allrounder,,,,2,9.333333333333334,,,,2,
66498,Muzzamil Kadri,FALSE,0.027149321266968326,0.027149321266968326,finishing allrounder,,,,3,6.084507042253521,,,,3,
66499,Pravesh Pal,FALSE,0.027149321266968326,0.027149321266968326,finishing allrounder,,,,4,7.222222222222222,,,,3,
6650,Mohammad Sultan,FALSE,0.039421813,0.039421813,finishing allrounder,,,,2,4.285714285714286,,,,1,26.95
66507,Prasoon Singh,FALSE,0.027149321266968326,0.027149321266968326,finishing allrounder,,,,3,6.75,,,,2,
66513,Omkar Tarmale,FALSE,0.027149321266968326,0.027149321266968326,finishing allrounder,,,,0,8.5,,,,2,
66517,Rohan Ghag,FALSE,0.027149321266968326,0.027149321266968326,finishing allrounder,,,,3,5.23943662,,,,4,
66943,Devansh Thakkar,FALSE,0.027149321266968326,0.027149321266968326,finisher,,,,0,3,,,,1,19.96
66944,Kaustubh Salve,FALSE,0.039421813,0.039421813,finishing allrounder,,,,8,7.367088607594937,,,,7,21.51
66953,Ananmay Jaiswal,FALSE,0.039421813,0.039421813,finishing allrounder,,,,8,8.473282442748092,,,,7,20.65
66958,Aditya Kukde,FALSE,0.027149321266968326,0.027149321266968326,finishing allrounder,,,,3,9.243243243243244,,,,3,21.84
66965,Parth Khure,FALSE,0.027149321266968326,0.027149321266968326,finishing allrounder,,,,2,9,,,,4,18.28
66966,Kunal Kungwani,FALSE,0.027149321266968326,0.027149321266968326,finisher,,,,1,11.538461538461538,,,,1,19.95
66974,Rishit Panchmatia,FALSE,0.027149321266968326,0.027149321266968326,finishing allrounder,,,,2,11.75,,,,2,19.07
66989,Kreepal Barad,FALSE,0.027149321266968326,0.027149321266968326,finishing allrounder,,,,13,7.258741258741258,,,,7,
66992,Deepansh Chauhan,FALSE,0.027149321266968326,0.027149321266968326,finishing allrounder,,,,11,6.049586776859504,,,,6,
67003,Ruturaj Desai,FALSE,0.027149321266968326,0.027149321266968326,finishing allrounder,,,,11,5.586206896551724,,,,5,
67010,Price Bhalala,FALSE,0.027149321266968326,0.027149321266968326,finishing allrounder,,,,1,7.7368421052631575,,,,2,
67011,Nirmal Prajapati,FALSE,0.027149321266968326,0.027149321266968326,finishing allrounder,,,,4,7.714285714285714,,,,5,
67018,Kalp Jain,FALSE,0.027149321266968326,0.027149321266968326,finishing allrounder,,,,2,8.761904761904763,,,,5,
67071,Vaibhav Dhurgunde,FALSE,0.027149321266968326,0.027149321266968326,finishing allrounder,,,,8,7.731543624161074,,,,9,
6710,Akash Sudan,FALSE,0.039421813,0.033508541,finishing allrounder,,,,4,7.2272727272727275,,,,2,32.56
67138,Salman Idrish Khan,FALSE,0.027149321266968326,0.027149321266968326,finisher,,,,2,6,,,,1,
67139,Yash Nagesh Dube,FALSE,0.027149321266968326,0.027149321266968326,finisher,,,,0,12,,,,2,
67176,Denish Patel,FALSE,0.027149321266968326,0.027149321266968326,finishing allrounder,,,,8,7.615384615384615,,,,5,
67216,Keval Sisodiya,FALSE,0.039421813,0.039421813,finishing allrounder,,,,3,8.106382978723405,,,,8,30.12
67235,Rohit Rohit,FALSE,0.027149321266968326,0.027149321266968326,finishing allrounder,,,,10,6.163043478260869,,,,9,16.12
67236,Pradeep Kumar,FALSE,0.027149321266968326,0.027149321266968326,finishing allrounder,,,,10,5.458646616541353,,,,7,24.4
67241,Irshad Alam,FALSE,0.027149321266968326,0.027149321266968326,finisher,,,,0,7,,,,1,19.97
67273,Siddharth Kheni,FALSE,0.039421813,0.039421813,finishing allrounder,,,,6,7.975609756097561,,,,6,29.39
67277,Suryakant Tiwari,FALSE,0.027149321266968326,0.027149321266968326,finishing allrounder,,,,1,9.272727272727273,,,,2,
67282,Ankit Kumar,FALSE,0.027149321266968326,0.027149321266968326,finishing allrounder,,,,4,6.101694915254237,,,,6,
67436,Shyam Jhonjat,FALSE,0.027149321266968326,0.027149321266968326,finisher,,,,0,14.333333333333334,,,,4,22.27
67437,Saurabh Singh,FALSE,0.027149321266968326,0.027149321266968326,finisher,,,,3,6,,,,2,21.37
67448,Prasoon Jangid,FALSE,0.027149321266968326,0.027149321266968326,finishing allrounder,,,,6,6.9714285714285715,,,,11,24.27
67459,Sarang Bhatt,FALSE,0.039421813,0.039421813,finishing allrounder,,,,3,6.823529411764706,,,,3,27.59
67478,Saurabh Verma,FALSE,0.027149321266968326,0.027149321266968326,finishing allrounder,,,,5,7.404255319148936,,,,4,
67500,Arif Ansari,FALSE,0.027149321266968326,0.027149321266968326,finishing allrounder,,,,5,9.222222222222221,,,,8,23.63
67514,Alisha Rai,FALSE,0.027149321266968326,0.027149321266968326,finisher,,,,0,8,,,,1,21.5
67528,Hari Prasad Acharaya,FALSE,0.039421813,0.033508541,finishing allrounder,,,,5,5.931818181818182,,,,5,32.65
67620,Shivam Bhardwaj,FALSE,0.027149321266968326,0.027149321266968326,finishing allrounder,,,,2,13.75,,,,3,24.1
6764,Bukkapatnam Siddharth,FALSE,0.039421813,0.027595269,finisher,,,,0,13,,,,1,35.15
67644,Soumya Keshri,FALSE,0.027149321266968326,0.027149321266968326,finishing allrounder,,,,3,7.153846153846154,,,,1,
67989,Himanshu Sharma,FALSE,0.039421813,0.039421813,finishing allrounder,,,,18,6.096774193548387,,,,12,22
67990,Pratham Nagori,FALSE,0.027149321266968326,0.027149321266968326,finishing allrounder,,,,0,11.675675675675675,,,,4,22.88
68277,Sandeep Paswan,FALSE,0.027149321266968326,0.027149321266968326,finishing allrounder,,,,8,7.116279069767442,,,,5,18.4
68280,Satvik Deswal,FALSE,0.039421813,0.039421813,finishing allrounder,,,,14,5.606557377,,,,10,18.68
68285,Nakul Mehta,FALSE,0.039421813,0.039421813,finishing allrounder,,,,3,9.306122448979592,,,,3,27.09
68296,Ajay Ahlawat,FALSE,0.027149321266968326,0.027149321266968326,finishing allrounder,,,,3,10.5,,,,5,
68304,Gavnish Khurana,FALSE,0.027149321266968326,0.027149321266968326,finishing allrounder,,,,13,7.147826086956521,,,,8,
68307,Arun Pundir,FALSE,0.027149321266968326,0.027149321266968326,finishing allrounder,,,,7,5.890909090909091,,,,6,
68311,Piyash Chhikara,FALSE,0.027149321266968326,0.027149321266968326,finishing allrounder,,,,0,9.6,,,,1,
68332,Navneet Kumar,FALSE,0.027149321266968326,0.027149321266968326,finishing allrounder,,,,7,5.2,,,,4,
68347,Aman Choudhary,FALSE,0.027149321266968326,0.027149321266968326,finisher,,,,2,9,,,,1,
68363,Prince Mishra,FALSE,0.027149321266968326,0.027149321266968326,finisher,,,,0,11.5,,,,1,25.9
68368,Ashish Chaurasiya,FALSE,0.027149321266968326,0.027149321266968326,finisher,,,,0,21,,,,1,
68562,Nithin Shanthaveri Nagaraja,FALSE,0.027149321266968326,0.027149321266968326,finishing allrounder,,,,6,8.023255813953488,,,,5,
68566,Maribasava Chandrashekhar Gowda,FALSE,0,0,finishing allrounder,,,,2,7.75,,,,1,
68570,Kb Ram Durgesh Naidu,FALSE,0.027149321,0.027149321,finisher,,,,0,12,,,,1,
68572,Challarapu Siva,FALSE,0.039421813,0.039421813,finishing allrounder,,,,7,9.692307692307692,,,,5,
68573,Patnala Bhuvaneswar Rao,FALSE,0.027149321266968326,0.027149321266968326,finishing allrounder,,,,3,12.620689655172415,,,,2,
6859,Khizer Dafedar,FALSE,0.039421813,0.039421813,finisher,,,,0,9,,,,1,28.13
68590,Makki Toshith Yadav,FALSE,0.027149321266968326,0.027149321266968326,finishing allrounder,,,,8,8.548672566371682,,,,8,
68591,Gds Suresh Kumar,FALSE,0.027149321266968326,0.027149321266968326,finishing allrounder,,,,1,7.741935483870968,,,,3,
68892,Dev Rishit,FALSE,0.027149321266968326,0.027149321266968326,finisher,,,,0,11,,,,2,16.31
68893,Puneet Chahal,FALSE,0.039421813,0.039421813,finisher,,,,0,14.571428571428571,,,,1,30.03
69153,Prabhjot Singh,FALSE,0.027149321266968326,0.027149321266968326,finishing allrounder,,,,1,7.285714285714286,,,,1,23.78
6926,Matty Potts,FALSE,0.027149321266968326,0.027149321266968326,finishing allrounder,,,,2,7.090909090909091,,,,1,27.08
69312,Santosh Hatti,FALSE,0.027149321266968326,0.027149321266968326,finishing allrounder,,,,1,7.65,,,,2,21.99
69399,Sanjay Kumar,FALSE,0.027149321266968326,0.027149321266968326,finishing allrounder,,,,2,11.590909090909092,,,,2,24.92
69401,Vaibhav Sharma A,FALSE,0,0,finisher,,,,0,12.8,,,,3,19.05
69402,S Punith,FALSE,0.039421813,0.039421813,finisher,,,,0,16,,,,1,27.17
69458,P Venkata Siva Adithya Reddy,FALSE,0.027149321266968326,0.027149321266968326,finishing allrounder,,,,2,11.333333333333334,,,,2,20.14
69697,Yashjeet Yashjeet,FALSE,0.027149321266968326,0.027149321266968326,finishing allrounder,,,,4,3.75,,,,2,25.21
69801,Anmol Mathur,FALSE,0.039421813,0.039421813,finisher,,,,0,9.5,,,,1,31.08
69806,Mohammad Salman,FALSE,0.027149321266968326,0.027149321266968326,finisher,,,,0,10.666666666666666,,,,1,17.72
69807,Teerath Singh,FALSE,0.039421813,0.039421813,finishing allrounder,,,,12,8.013157894736842,,,,7,22.93
69813,Mohd Shibli,FALSE,0.027149321266968326,0.027149321266968326,finishing allrounder,,,,3,9.428571428571429,,,,1,
69815,Ankur Sharma,FALSE,0,0,finisher,,,,2,6.947368421052632,,,,1,
69821,Jagjeet Singh,FALSE,0.039421813,0.027595269,finisher,,,,0,6,,,,2,35.9
69832,Ashish Yadav,FALSE,0.027149321266968326,0.027149321266968326,finisher,,,,0,9,,,,1,
69838,Tana Tagam,FALSE,0.027149321266968326,0.027149321266968326,finishing allrounder,,,,2,4.5,,,,8,
69839,Loli Yangfo,FALSE,0.027149321266968326,0.027149321266968326,finishing allrounder,,,,14,6.313432835820896,,,,9,
69840,Amit Sharma,FALSE,0.027149321266968326,0.027149321266968326,finishing allrounder,,,,2,5.714285714285714,,,,3,
69842,Shravan Kumar,FALSE,0.027149321266968326,0.027149321266968326,finishing allrounder,,,,1,7.875,,,,2,
69843,Toti Tasing,FALSE,0.027149321266968326,0.027149321266968326,finishing allrounder,,,,5,4.565217391304348,,,,8,
69849,Penjor Mangal,FALSE,0.039421813,0.033508541,finishing allrounder,,,,1,6.521739130434782,,,,3,32.68
69860,Gollo Aga,FALSE,0.027149321266968326,0.027149321266968326,finisher,,,,3,4.7368421052631575,,,,2,
69861,Nabam India,FALSE,0.027149321266968326,0.027149321266968326,finishing allrounder,,,,5,8.7,,,,7,
69883,Likha Tayum,FALSE,0.027149321266968326,0.027149321266968326,finishing allrounder,,,,4,7.2,,,,2,22.06
69889,Mohot Singh Tanwar,FALSE,0.039421813,0.039421813,finisher,,,,0,4.333333333333333,,,,1,27.07
69893,Rohit Ram,FALSE,0,0,finisher,,,,1,2.142857142857143,,,,1,
69906,Gaurav Chaudhary,FALSE,0.039421813,0.039421813,finisher,,,,0,5.2,,,,1,27.2
69911,Shiva Kumar,FALSE,0.027149321266968326,0.027149321266968326,finisher,,,,0,13,,,,1,19.38
69912,Shohrad Khan,FALSE,0.027149321266968326,0.027149321266968326,finishing allrounder,,,,0,11.75,,,,2,18.96
69914,Tana Tara,FALSE,0.027149321266968326,0.027149321266968326,finishing allrounder,,,,7,6.285714285714286,,,,6,17.98
69917,Darge Bagra,FALSE,0.027149321266968326,0.027149321266968326,finishing allrounder,,,,8,4.033613445378151,,,,6,24.66
70047,Nabam Remon,FALSE,0,0,finisher,,,,0,4.8,,,,1,
70071,Devrath Jha,FALSE,0.027149321266968326,0.027149321266968326,finisher,,,,2,7.125,,,,1,
70072,Manoj Dhuriya,FALSE,0.027149321266968326,0.027149321266968326,finisher,,,,2,9.157894736842104,,,,1,22.26
70104,Angad Anand,FALSE,0.027149321266968326,0.027149321266968326,finisher,,,,1,6.333333333333333,,,,3,
70123,Gepal Taipodia,FALSE,0.027149321266968326,0.027149321266968326,finisher,,,,0,32,,,,2,22.73
70125,Pawan Sharma,FALSE,0.027149321266968326,0.027149321266968326,finishing allrounder,,,,0,4.714285714285714,,,,1,
70149,Subham Priyadarshi,FALSE,0.027149321266968326,0.027149321266968326,finisher,,,,1,8,,,,2,
70174,Priya Ranjan Muduli,FALSE,0.027149321266968326,0.027149321266968326,finisher,,,,0,7.2,,,,1,
70178,Priyanshu Mohanty,FALSE,0.027149321266968326,0.027149321266968326,finisher,,,,2,12,,,,3,23.76
70190,Mehakjot Brar,FALSE,0.027149321266968326,0.027149321266968326,finishing allrounder,,,,2,4.8,,,,1,
70192,Raman Malinga,FALSE,0.027149321266968326,0.027149321266968326,finishing allrounder,,,,2,14.228571428571428,,,,2,24.9
70206,Rahul Uppal,FALSE,0.027149321266968326,0.027149321266968326,finisher,,,,0,7.846153846153846,,,,1,
70263,Goldy Malik,FALSE,0.027149321266968326,0.027149321266968326,finisher,,,,2,6.428571428571429,,,,1,19.91
70265,Rishabh Sharma,FALSE,0.027149321266968326,0.027149321266968326,finishing allrounder,,,,2,8.742857142857142,,,,4,
70271,Sangam Bajpai,TRUE,0.027149321266968326,0.027149321266968326,finishing allrounder,,,,5,10.241379310344827,,,,7,
70277,Shahanshah Alam,FALSE,0.027149321266968326,0.027149321266968326,finishing allrounder,,,,2,13.304347826086957,,,,2,24.51
70278,Mohammad Suhail,FALSE,0.027149321266968326,0.027149321266968326,finisher,,,,0,6.8,,,,1,
70283,Arnav Bhardwaj,FALSE,0.027149321266968326,0.027149321266968326,finishing allrounder,,,,2,14.516129032258064,,,,3,
70288,Hardik Chaudhary,TRUE,0.027149321266968326,0.027149321266968326,finishing allrounder,,,,0,14.285714285714286,,,,1,
70300,Hardik Brahmbhatt,FALSE,0,0,finisher,,,,1,5.4,,,,1,
70301,Krish Sharma,FALSE,0.027149321266968326,0.027149321266968326,finisher,,,,0,9.3,,,,2,
70302,Yash Chaudhary,TRUE,0.027149321,0.027149321,finisher,,,,0,13.285714285714286,,,,1,
70309,Adi Khan,TRUE,0.027149321266968326,0.027149321266968326,finisher,,,,1,12.947368421052632,,,,1,
70311,Aryan Kapoor,TRUE,0.027149321266968326,0.027149321266968326,finishing allrounder,,,,3,6.2727272727272725,,,,3,
70326,Josef Behera,FALSE,0,0,finisher,,,,1,10.941176470588236,,,,1,
70329,Raaz Yadav,FALSE,0.027149321266968326,0.027149321266968326,finishing allrounder,,,,4,6.985074626865671,,,,4,
70343,Vikul Kousik,FALSE,0.027149321266968326,0.027149321266968326,finisher,,,,0,10,,,,1,25.9
70344,Aryan Garg,FALSE,0,0,finisher,,,,0,21,,,,1,
70373,Kishanveer Kishanveer,FALSE,0.027149321266968326,0.027149321266968326,finisher,,,,0,10.615384615384615,,,,1,
7107,Yatin Mangwani,FALSE,0.039421813,0.039421813,finishing allrounder,,,,4,7.862068965517241,,,,3,
72,Pankaj Singh,FALSE,0.058558559,0.040990991,finishing allrounder,,,,0,8.823529411764707,,,,2,40.56
7427,Lamabam Singh,FALSE,0.039421813,0.039421813,finishing allrounder,,,,4,6.571428571428571,,,,3,26.8
7444,SK Ismail,FALSE,0.039421813,0.039421813,finishing allrounder,,,,0,13.588235294117647,,,,2,23.59
7612,Dhanraj Sharma,FALSE,0.039421813,0.027595269,finishing allrounder,,,,0,9,,,,2,38.35
7767,Devaiah KS,FALSE,0.058558559,0.058558559,finishing allrounder,,,,2,10.54054054054054,,,,2,30.93
7778,Mansur Ali Khan Ludhi,FALSE,0.039421813,0.039421813,finisher,,,,2,7.333333333333333,,,,1,25.9
8084,Heramb Parab,FALSE,0.058558559,0.058558559,finishing allrounder,,,,0,10.5,,,,2,27.23
8100,Varun Choudhary,FALSE,0.097765363,0.083100559,finishing allrounder,,,,10,7.6438356164383565,,,,6,32.08
8215,Abhijeet Saket,FALSE,0.097765363,0.097765363,finishing allrounder,,,,6,7.589743589743589,,,,5,30.32
8218,Shiraz Ahmed,FALSE,0.039421813,0.039421813,finishing allrounder,,,,0,8.808510638297872,,,,2,
8220,Chengkam Sangma,FALSE,0.039421813,0.039421813,finishing allrounder,,,,0,5.625,,,,3,31.13
8529,Prince Balwant Rai Singh,FALSE,0.039421813,0.039421813,finisher,,,,0,12.461538461538462,,,,3,26.56
8614,William ORourke,FALSE,0.039421813,0.039421813,finishing allrounder,,,,11,7.969230769230769,,,,8,24.31
8635,Shubham Kamal Sharma,TRUE,0.19491525423728814,0.19491525423728814,finishing allrounder,,,,1,10.32,,,,2,28.67
8743,Muhammad Shehzad,FALSE,0,0,finisher,,,,1,1.3846153846153846,,,,1,21.81
8763,Duan Jansen,TRUE,0.36,0.36,finishing allrounder,,,,1,10.5,,,,1,25.57
15196,Vipin Singh,TRUE,0.19491525423728814,0.1656779661016949,finisher,,,,,,,,,2,32.1
174,Pinal Shah,TRUE,0.19491525423728814,0.13644067796610168,finisher,,,,,,,,,1,38.06
18328,Harjit Singh,FALSE,0.039421813,0.027595269,finisher,,,,,,,,,1,49.86
20306,Harsh Raj,FALSE,0.039421813,0.039421813,finisher,,,,,,,,,1,25.75
21069,Himanshu Singh,FALSE,0.039421813,0.039421813,finisher,,,,,,,,,3,28.18
25707,Binny Samual,FALSE,0.039421813,0.039421813,finisher,,,,,,,,,1,26.08
27276,Dhruv G Patel,FALSE,0.027149321266968326,0.027149321266968326,finisher,,,,,,,,,1,28.21
29195,Lalrinchhana,FALSE,0.039421813,0.027595269,finisher,,,,,,,,,1,38.91
31207,Saurish Chakraborty,FALSE,0.039421813,0.039421813,finisher,,,,,,,,,1,26.3
33680,Ahsan Bhatti,FALSE,0.039421813,0.039421813,top/middle,,,,,,,,,2,27.66
34979,Elligaram Sanketh,FALSE,0.039421813,0.039421813,finisher,,,,,,,,,2,26.14
35075,Jayram Reddy,TRUE,0.19491525423728814,0.1656779661016949,finisher,,,,,,,,,1,32.59
38630,Ayaz Khan,FALSE,0.039421813,0.039421813,finisher,,,,,,,,,3,
38633,Jitendra Paliwal,FALSE,0.039421813,0.039421813,finisher,,,,,,,,,1,25.9
38656,Pranav Kela,FALSE,0.039421813,0.039421813,finisher,,,,,,,,,1,27.98
39169,Hrishikesh Chavan,FALSE,0.027149321266968326,0.027149321266968326,finisher,,,,,,,,,2,19.22
39428,Nipumoni Kumar,FALSE,0.039421813,0.039421813,finisher,,,,,,,,,1,25.07
39489,Swapnil Pradhan,FALSE,0.039421813,0.039421813,finisher,,,,,,,,,1,25.9
39492,Shivaji Yadav,TRUE,0.2,0.13999999999999999,finisher,,,,,,,,,2,49.22
39498,Deeve Mody,FALSE,0.039421813,0.039421813,finisher,,,,,,,,,2,25.9
39500,Ganesh Masurkar,FALSE,0.039421813,0.039421813,finisher,,,,,,,,,1,25.9
39555,Lovekesh Bansal,TRUE,0.112,0.112,finisher,,,,,,,,,1,30.28
39560,Sanket Shivdatta Bhaye,TRUE,0.19491525423728814,0.13644067796610168,finisher,,,,,,,,,1,39.76
39561,Ausaf Chunawala,TRUE,0.19491525423728814,0.19491525423728814,finisher,,,,,,,,,1,25.9
40247,Advaith Asramam,FALSE,0,0,finisher,,,,,,,,,1,19.82
43307,Aayush Chamola,FALSE,0.039421813,0.039421813,finisher,,,,,,,,,1,26.46
43938,Yashpawanjot Singh,FALSE,0.039421813,0.039421813,finisher,,,,,,,,,1,22.6
44481,Tanishq Ahuja,FALSE,0.039421813,0.039421813,finisher,,,,,,,,,1,20.74
44824,Chaitanya Sharma,FALSE,0.027149321266968326,0.027149321266968326,finisher,,,,,,,,,1,24.15
46147,Brijendra Tripathi,FALSE,0.039421813,0.039421813,finisher,,,,,,,,,1,22.08
47781,Kinara Rai,FALSE,0.039421813,0.039421813,finisher,,,,,,,,,2,25.85
47784,Sepichem Chemdongse Jingru,FALSE,0.039421813,0.039421813,finisher,,,,,,,,,1,27.08
48126,Krishna Yadav,FALSE,0.039421813,0.039421813,finisher,,,,,,,,,1,24.22
4968,Shafiul Hayet,FALSE,0.058558559,0.058558559,finisher,,,,,,,,,1,28.01
50195,Dhruv Reddy,FALSE,0.039421813,0.039421813,finisher,,,,,,,,,1,21.48
5042,Aditya Shrivastav,FALSE,0.039421813,0.033508541,finisher,,,,,,,,,2,32.19
52105,Atharva Dikholkar,FALSE,0.027149321266968326,0.027149321266968326,finisher,,,,,,,,,2,17.3
52350,Avneesh Agarwal,FALSE,0,0,finisher,,,,,,,,,2,18.08
52352,Abhishek Kumar,FALSE,0,0,finisher,,,,,,,,,4,22.74
52354,Abisekh Shah Kumar,FALSE,0.027149321266968326,0.027149321266968326,finisher,,,,,,,,,6,23.11
52388,Karan Ganesh,FALSE,0,0,finisher,,,,,,,,,1,18.67
52448,Kshiteez Luitel,FALSE,0,0,top/middle,,,,,,,,,1,23.55
52689,sujay thakur,FALSE,0.039421813,0.027595269,finisher,,,,,,,,,1,53.25
54838,Manjirul Hoqe,FALSE,0.039421813,0.039421813,finisher,,,,,,,,,1,20.9
54844,Shiba Sinha,TRUE,0.039421813,0.039421813,finisher,,,,,,,,,4,18.75
54868,Bhargab Banerjee,FALSE,0.039421813,0.039421813,finisher,,,,,,,,,1,19.08
54885,Altaf Ali,FALSE,0.039421813,0.039421813,finisher,,,,,,,,,2,18.97
55412,Rahib Lal P,FALSE,0.039421813,0.039421813,finisher,,,,,,,,,1,30.02
55436,Abdul Nazeer,FALSE,0.039421813,0.039421813,finisher,,,,,,,,,1,25.35
55453,Hari Krishnan S,FALSE,0.039421813,0.039421813,finisher,,,,,,,,,2,18.9
55455,Ansar Ka,FALSE,0.039421813,0.027595269,finisher,,,,,,,,,1,37.23
55752,Ashik Muhammed,FALSE,0.039421813,0.039421813,finisher,,,,,,,,,1,25.9
56570,Udaibir Buttar,FALSE,0.039421813,0.039421813,finisher,,,,,,,,,1,21.9
56580,Manpreet Sandhu,FALSE,0.027149321266968326,0.027149321266968326,finisher,,,,,,,,,1,22.97
56614,Kumar Ishaan,FALSE,0.039421813,0.033508541,finisher,,,,,,,,,2,34.86
56832,Vikas Sharma,FALSE,0.039421813,0.039421813,finisher,,,,,,,,,2,24.57
5749,Shahid Wasif,FALSE,0.039421813,0.039421813,finisher,,,,,,,,,1,28.53
58231,Krishnakumar TV,FALSE,0.039421813,0.039421813,finisher,,,,,,,,,1,3.58
58397,Sagar Khatri,FALSE,0.039421813,0.039421813,finisher,,,,,,,,,1,
59061,R Akshay,FALSE,0.039421813,0.039421813,finisher,,,,,,,,,1,27.51
59281,Kunal Upadhyay,FALSE,0.039421813,0.039421813,finisher,,,,,,,,,1,26.58
59303,Krishna Garg,TRUE,0.039421813,0.039421813,finisher,,,,,,,,,1,19.06
59316,Abhishek Roshan,TRUE,0.039421813,0.039421813,finisher,,,,,,,,,1,24.5
59342,Harsh Singh,FALSE,0.039421813,0.039421813,finisher,,,,,,,,,1,20.8
60659,Shivendra Bhujbal,FALSE,0,0,finisher,,,,,,,,,1,
61069,Ankit Singh,FALSE,0,0,opener,,,,,,,,,1,23.96
62917,Ankit Choudhary,FALSE,0,0,finisher,,,,,,,,,2,19.51
63571,Vedant Gadia,FALSE,0.027149321266968326,0.027149321266968326,finisher,,,,,,,,,1,
63714,Tushar Bathe,FALSE,0.027149321266968326,0.027149321266968326,finisher,,,,,,,,,1,20.1
63744,Chaitanya Patil,FALSE,0.027149321266968326,0.027149321266968326,finisher,,,,,,,,,2,25.9
63753,Rushikesh Bhoir,FALSE,0.027149321266968326,0.027149321266968326,finisher,,,,,,,,,1,18.02
6378,Mehjoor Sofi,FALSE,0.039421813,0.033508541,finisher,,,,,,,,,1,34.62
63785,Aryaraj Nikan,FALSE,0.027149321266968326,0.027149321266968326,finisher,,,,,,,,,1,
65305,Atul Soni,FALSE,0,0,finisher,,,,,,,,,1,
65361,Karan Khadiya,FALSE,0,0,finisher,,,,,,,,,1,
65396,Rishbah Sharma,FALSE,0.027149321266968326,0.027149321266968326,finisher,,,,,,,,,1,
6590,Rajashekhar Harikant,FALSE,0.039421813,0.027595269,finisher,,,,,,,,,1,35.15
66482,Atharv Wanve,FALSE,0.027149321266968326,0.027149321266968326,top/middle,,,,,,,,,1,
66942,Iknoor Singh,FALSE,0.027149321266968326,0.027149321266968326,finisher,,,,,,,,,1,18.98
66957,Himanshu Kawale,FALSE,0.027149321266968326,0.027149321266968326,finisher,,,,,,,,,1,17.92
66972,Malhar Shirkey,FALSE,0.027149321266968326,0.027149321266968326,finisher,,,,,,,,,1,20.34
67168,MD Masoom Kaif,FALSE,0,0,finisher,,,,,,,,,1,
67197,Vaibhav Bambhania,FALSE,0.027149321266968326,0.027149321266968326,finisher,,,,,,,,,3,24.41
67278,Krishna Taunk,FALSE,0,0,finisher,,,,,,,,,2,
67442,Yash Patel,FALSE,0,0,finisher,,,,,,,,,1,22.21
68314,Parikshit Singh Bhati,FALSE,0.027149321266968326,0.027149321266968326,finisher,,,,,,,,,1,
68317,Samyak Jain,FALSE,0,0,finisher,,,,,,,,,2,
68318,Noor Ilahi,FALSE,0.027149321266968326,0.027149321266968326,finisher,,,,,,,,,1,
6851,Nikhil Patil,TRUE,0.2,0.13999999999999999,finisher,,,,,,,,,1,36
68577,Kss Jayanth,FALSE,0.027149321266968326,0.027149321266968326,finisher,,,,,,,,,1,
69833,Aryan Chaudhary,FALSE,0.027149321266968326,0.027149321266968326,finisher,,,,,,,,,1,16.9
69834,Bamang Chungya,FALSE,0,0,finisher,,,,,,,,,1,
69866,Kabak Yoki,FALSE,0.027149321266968326,0.027149321266968326,finisher,,,,,,,,,4,
69921,Nitin Saini,FALSE,0.027149321266968326,0.027149321266968326,finisher,,,,,,,,,2,18.38
70164,Surya Mohapatra,FALSE,0.027149321266968326,0.027149321266968326,finisher,,,,,,,,,1,
70200,Happy Kulvir,FALSE,0.039421813,0.039421813,opener,,,,,,,,,1,29.06
70201,Jaggi Jaggi,FALSE,0.027149321266968326,0.027149321266968326,finisher,,,,,,,,,1,
70207,Apram Virk,FALSE,0.027149321266968326,0.027149321266968326,finisher,,,,,,,,,1,
70208,Harjot Singh Dhawan,FALSE,0.039421813,0.039421813,top/middle,,,,,,,,,1,31.03
70269,Tushar Kumar,FALSE,0.027149321266968326,0.027149321266968326,finisher,,,,,,,,,1,
70354,Kshitiz Negi,TRUE,0.027149321266968326,0.027149321266968326,finisher,,,,,,,,,1,
8638,Basil Hameed,TRUE,0.057692307692307696,0.049038462,finisher,,,,,,,,,2,33.62
