player_id,player_name,career_is_capped,cap_prob_gb,cap_prob_gb_age,career_role_guess,career_batting_runs,career_bat_avg,career_bat_sr,career_bowling_wickets,career_bow_econ,career_matches_played,career_age_years,venue_fit_score,runs_slope,wk_slope
1018,Pavan Deshpande,False,0.0024764468624720675,0.0017335128037304472,top/middle,505.0,,111.23348017621146,2.0,5.571428571428571,21.0,36.19,1.127123513512922,35.499999999999964,
1028,Varun Aaron,False,0.011287468511598826,0.007901227958119178,finishing allrounder,9.0,,112.5,5.0,7.253731343283582,7.0,36.08,112.5,,4.999999999999998
1030,Harshad Khadiwale,False,3.453163909686597e-07,2.4172147367806175e-07,opener,54.0,,101.88679245283019,,,4.0,37.1,101.88679245283019,,
1031,Chirag Pathak,False,0.0005499421157293957,0.00038495948101057695,opener,41.0,,89.1304347826087,,,2.0,38.81,89.1304347826087,,
1033,Paras Dogra,True,0.9992601166744635,0.6994820816721243,top/middle,93.0,,138.80597014925374,,,5.0,41.02,1.5505509460808125,-37.499999999999986,
1039,Mandeep Singh,True,0.9999998895900057,0.8499999061515049,top/middle,952.0,,141.66666666666666,1.0,8.074074074074074,41.0,33.94,2.4334962278136434,114.99999999999999,
1040,Harpreet Singh,True,0.9999997759583772,0.8499998095646206,top/middle,669.0,,129.40038684719536,,,23.0,34.29,2.576659523387728,72.1,
1045,David Wiese,False,0.0916742656175695,0.06417198593229864,finisher,21.0,,190.9090909090909,0.0,12.666666666666666,3.0,40.53,1.2543246692148966,,
1063,Colin Ingram,False,0.001511167524109285,0.0010578172668764994,top/middle,333.0,,133.2,,,9.0,40.4,5.079503836436582,,
107,Mohammad Hafeez,False,0.0414435557404416,0.029010489018309115,finishing allrounder,96.0,,126.3157894736842,5.0,6.2727272727272725,11.0,45.11,1.6911315197316654,,
1071,Jaydev Unadkat,True,0.9999999999975471,0.849999999997915,finishing allrounder,261.0,,120.27649769585254,69.0,7.592592592592593,59.0,34.11,1.19299458185669,-20.6,0.6000000000000001
1077,David Miller,True,0.999999999958985,0.6999999999712895,finisher,1878.0,,137.98677443056576,,,91.0,36.46,2.0209547880114327,-41.899999999999984,
1082,Cameron Delport,False,0.006343780432020045,0.004440646302414031,top/middle,89.0,,141.26984126984127,,,4.0,36.54,2.684349178253275,,
1086,Amit Paunikar,True,0.8617224833917494,0.6032057383742245,top/middle,45.0,,136.36363636363637,,,1.0,37.61,136.36363636363637,,
1089,Shafiul Islam,False,0.6069057760809073,0.4248340432566351,finishing allrounder,3.0,,33.333333333333336,5.0,9.664122137404581,7.0,36.14,0.712566048031257,,1.0
109,Wriddhiman Saha,True,0.9999999958508627,0.6999999970956039,opener,1100.0,,111.78861788617886,,,57.0,41.09,3.6447835296604407,38.999999999999986,
1100,Dinesh Chandimal,True,0.9993406190951951,0.6995384333666366,top/middle,187.0,,100.53763440860214,,,10.0,36.02,4.467067247823153,-21.19230769230769,
1104,Mohammad Shahzad,False,3.765142525536533e-05,2.635599767875573e-05,opener,127.0,,116.5137614678899,,,7.0,38.88,5.332772435007188,,
1107,Mohammad Nabi,True,0.9999999999411555,0.6999999999588088,finishing allrounder,751.0,,125.37562604340567,37.0,7.28066037735849,56.0,40.9,1.9107842580736778,66.69999999999999,2.3000000000000003
1109,Samiullah Shinwari,False,0.024357321855785714,0.01705012529905,finishing allrounder,42.0,,84.0,6.0,7.230769230769231,6.0,37.91,2.4572969339372257,25.999999999999986,3.999999999999999
1113,Imrul Kayes,False,3.5150180354865835e-05,2.4605126248406083e-05,top/middle,590.0,,114.78599221789884,,,34.0,38.81,9.429638945214348,-58.19999999999999,
1114,Sohrawordi Shuvo,False,0.017258543094878693,0.012080980166415085,finisher,1.0,,100.0,0.0,15.428571428571429,2.0,37.02,100.0,,
1121,Jahurul Islam,False,0.00029349800476049,0.000205448603332343,top/middle,58.0,,74.35897435897436,,,6.0,38.96,4.8451866357220466,,
1161,AJ Blake,False,0.03139797536778334,0.021978582757448337,top/middle,53.0,,84.12698412698413,,,5.0,36.84,7.096560599426444,,
117,Ashok Dinda,False,0.18936984800201764,0.13255889360141235,finishing allrounder,1.0,,50.0,5.0,9.0,2.0,41.67,50.0,,
1171,Chris Woakes,False,0.048800199042599704,0.03416013932981979,finishing allrounder,67.0,,108.06451612903226,18.0,6.996389891696751,16.0,36.74,1.0252272941735399,-0.9999999999999998,-1.4999999999999998
1183,Alex Hales,False,0.11808052769313163,0.08265636938519214,opener,518.0,,148.0,,,17.0,36.9,3.1746877274916945,-12.071428571428578,
1187,Jason Roy,True,0.999999999788372,0.6999999998518603,opener,819.0,,128.16901408450704,,,31.0,35.35,1.9245781457840294,-66.42857142857143,
1195,Ben Stokes,False,0.4229711503773401,0.35952547782073907,batting allrounder,48.0,,100.0,1.0,8.461538461538462,6.0,34.48,1.704223780439993,7.499999999999995,-7.850462293418875e-17
1205,Jonny Bairstow,True,0.9999999998582239,0.6999999999007567,top/middle,1348.0,,141.44805876180482,,,46.0,36.17,3.973384301865359,-56.5,
1210,James Vince,False,0.09654702619469353,0.0820649722654895,top/middle,124.0,,133.33333333333334,,,6.0,34.7,0.8546503227828552,-40.66666666666666,
1219,David Willey,True,0.9999999987067432,0.6999999990947202,finishing allrounder,113.0,,100.89285714285714,22.0,7.061728395061729,23.0,35.74,1.061826409717106,9.499999999999995,-6.2803698347351e-16
126,Rohit Sharma,True,0.9999999999905254,0.6999999999933677,opener,2636.0,,134.69596320899336,0.0,11.142857142857142,101.0,38.58,2.5855281246723187,-51.4,
1280,Bavanaka Sandeep,True,0.9993258273826949,0.8494269532752907,batting allrounder,106.0,,108.16326530612245,1.0,5.3478260869565215,4.0,33.59,27.119280869695533,,
1318,Andre Russell,True,0.999999999998485,0.6999999999989395,finishing allrounder,1832.0,,158.88985255854294,108.0,9.423049391553329,107.0,37.58,3.268057143094377,-18.4,-2.4999999999999996
1327,Johnson Charles,True,0.9999999980642293,0.6999999986449605,top/middle,893.0,,137.80864197530863,1.0,7.5,34.0,36.87,2.0880709824783823,-1.2999999999999872,
137,Shreevats Goswami,True,0.9999029806541921,0.6999320864579345,opener,148.0,,123.33333333333333,,,6.0,36.53,4.408565461265647,-117.99999999999997,
138,Bharat Chipli,False,0.00860473539961085,0.006023314779727595,top/middle,1.0,,25.0,,,1.0,42.83,25.0,,
1389,Sean Abbott,True,0.9999999976998011,0.849999998044831,finishing allrounder,40.0,,105.26315789473684,27.0,8.657142857142857,18.0,33.74,1.2768105684609623,5.3999999999999995,1.2999999999999998
140,AB de Villiers,True,0.9999859566764168,0.6999901696734917,top/middle,313.0,,145.58139534883722,,,15.0,41.77,2.6624558148713016,,
142,Shikhar Dhawan,True,0.9999999999829106,0.6999999999880373,opener,1800.0,,123.03485987696514,,,54.0,39.98,7.809253460076079,-200.19999999999996,
143,Dinesh Karthik,True,0.9999999983810988,0.6999999988667691,finisher,1554.0,,151.1673151750973,0.0,18.0,95.0,40.49,1.7230407744083225,-65.59999999999998,
1440,Rahul Tripathi,True,0.9999999999852995,0.8499999999875046,top/middle,2323.0,,146.56151419558358,0.0,2.5714285714285716,98.0,34.74,3.5684789054579165,-4.199999999999994,
1465,Vishant More,False,0.0510281081428633,0.0433738919214338,top/middle,385.0,,120.3125,,,29.0,34.0,2.513494483647951,-40.49999999999999,
147,Pradeep Sangwan,True,0.9999969966463738,0.6999978976524616,finishing allrounder,2.0,,28.571428571428573,11.0,7.954285714285715,9.0,35.06,0.6783277711746619,-1.9999999999999996,-2.9999999999999987
1481,Kusal Perera,True,0.9999999998111782,0.6999999998678247,top/middle,828.0,,125.26475037821483,,,32.0,35.28,3.5381394360608978,48.74285714285713,
1486,Doug Bracewell,False,0.0078267225292526,0.005478705770476819,finishing allrounder,5.0,,71.42857142857143,0.0,7.153846153846154,2.0,35.16,71.42857142857143,,
1487,Adam Milne,True,0.9999999997718954,0.8499999998061111,finishing allrounder,78.0,,91.76470588235294,34.0,8.532019704433498,29.0,33.62,1.8100644169884854,-2.5999999999999988,3.3999999999999995
1497,Ronit More,False,0.0027744977672789772,0.0023583231021871306,finishing allrounder,36.0,,94.73684210526316,23.0,7.581661891117479,18.0,33.82,8.950184512375902,-6.642857142857142,-2.9999999999999996
1506,Nihal Ullal,False,8.68500586649262e-06,7.382254986518728e-06,opener,740.0,,110.61285500747384,,,42.0,32.85,13.146481707446295,-51.99999999999999,
1512,Vasuki Koushik,False,0.0008781783290790809,0.0007464515797172188,finishing allrounder,26.0,,81.25,42.0,7.166858457997699,41.0,33.19,0.8729160516189728,0.20000000000000004,1.2000000000000006
15162,Sandesh Drugwar,False,0.00016953083505512424,0.00016953083505512424,top/middle,9.0,,52.94117647058823,,,4.0,24.57,52.94117647058823,,
1519,Zahoor Farooqi,False,0.006216354364325672,0.006216354364325672,finishing allrounder,6.0,,120.0,2.0,8.790697674418604,5.0,27.11,120.0,,
15197,Ranjeet Darji,False,0.000633985807639691,0.000633985807639691,finishing allrounder,9.0,,128.57142857142858,4.0,10.363636363636363,5.0,30.81,128.57142857142858,,
15198,Kushal Kakad,True,0.999965187646916,0.999965187646916,finishing allrounder,60.0,,157.89473684210526,4.0,10.10958904109589,3.0,30.61,1.546917857026811,-13.999999999999996,0.9999999999999998
152,Ravindra Jadeja,True,0.9999999999973905,0.6999999999981733,finishing allrounder,1325.0,,131.8407960199005,65.0,7.407265774378585,81.0,36.97,4.004229505183477,9.800000000000002,-0.8999999999999999
15222,Sudip Kumar Gharami,True,0.9996652939674999,0.9996652939674999,top/middle,692.0,,123.13167259786476,,,31.0,26.69,2.3942205307206845,65.0,
15228,Dhrushant Soni,False,0.10170927152074336,0.10170927152074336,finishing allrounder,52.0,,162.5,7.0,7.430769230769231,7.0,30.13,0.7011950835885689,17.333333333333332,1.6666666666666665
15231,Ameya Soman,True,0.7144428430673371,0.500109990147136,top/middle,12.0,,150.0,,,1.0,35.3,150.0,,
1532,HS Sharath,False,0.0005827777247575889,0.0004953610660439506,finishing allrounder,131.0,,139.36170212765958,27.0,8.149797570850202,25.0,32.48,3.3898512779664647,-23.499999999999993,-1.4999999999999993
1541,Sean Williams,False,0.000584710450866455,0.00040929731560651844,finishing allrounder,21.0,,84.0,1.0,7.621621621621622,3.0,39.17,84.0,,
15551,Ackeem Auguste,False,0.10476340409295183,0.10476340409295183,top/middle,91.0,,146.7741935483871,,,6.0,22.21,2.2891959763043315,,
1566,Mohammed Shami,True,0.999999999584575,0.6999999997092025,finishing allrounder,67.0,,103.07692307692308,90.0,7.714867617107943,64.0,35.23,1.8721156935583534,2.657142857142856,-3.0999999999999996
1568,Kane Williamson,True,0.9999999999972966,0.6999999999981076,top/middle,857.0,,108.07061790668348,,,36.0,35.3,3.0787757262457176,-71.07142857142858,
1570,Wahab Riaz,False,0.0029937081151870915,0.002095595680630964,finishing allrounder,23.0,,135.2941176470588,15.0,5.8562874251497,7.0,40.41,2.2163780247627174,,
158,Amit Mishra,True,0.9999945395643183,0.6999961776950228,finishing allrounder,25.0,,65.78947368421052,16.0,8.227272727272727,17.0,43.01,3.2095832437136997,18.99999999999999,-0.5999999999999999
159,Manoj Tiwary,True,0.9966455893756563,0.6976519125629593,batting allrounder,212.0,,110.41666666666667,3.0,7.653543307086614,16.0,40.03,110.41666666666667,3.153846153846155,0.23076923076923084
1596,Moeen Ali,True,0.9999999999954057,0.699999999996784,finishing allrounder,1843.0,,135.11730205278593,75.0,7.651127819548872,109.0,38.44,2.6175607750113916,-149.20000000000002,-2.5999999999999996
1600,Benny Howell,False,0.0008611531962199458,0.000602807237353962,finishing allrounder,449.0,,138.58024691358025,16.0,6.9553398058252425,23.0,37.14,6.0355494328437596,11.000000000000007,3.499999999999999
1609,G Khera,True,0.9993709034551487,0.8494652679368764,top/middle,664.0,,125.04708097928437,2.0,7.2631578947368425,28.0,34.48,3.5522883208229032,-151.99999999999994,
161,Dwayne Bravo,True,0.9999990761499058,0.699999353304934,finishing allrounder,264.0,,128.15533980582524,65.0,6.688421052631579,45.0,42.14,2.2700058297409895,-58.499999999999986,-14.999999999999996
1612,Yuzvendra Chahal,True,0.9999999990368544,0.699999999325798,finishing allrounder,16.0,,43.24324324324324,149.0,7.706070287539936,114.0,35.35,1.225972586703134,-4.499999999999999,-4.699999999999999
1617,Rishi Dhawan,True,0.9999983204659466,0.6999988243261626,finishing allrounder,162.0,,117.3913043478261,23.0,7.533834586466165,23.0,35.77,1.7863505620077824,5.4999999999999964,-1.7000000000000002
1621,Sumit Singh,False,0.0019360917662222955,0.0013552642363556069,finishing allrounder,28.0,,71.7948717948718,3.0,7.166666666666667,4.0,38.21,1.1691108513208905,,
1622,Amit Kumar,False,0.0001900004877653063,0.0001330003414357144,opener,2.0,,22.22222222222222,2.0,8.0,3.0,36.0,22.22222222222222,,
16284,Habibur Rahman,True,0.9985171235658487,0.698961986496094,top/middle,317.0,,133.19327731092437,,,16.0,35.12,2.5909899943473076,174.99999999999994,
1629,Suraj Yadav,False,8.908274730587265e-06,6.235792311411086e-06,opener,110.0,,164.17910447761193,,,5.0,38.09,,,
1633,Chiranjeevi G,False,0.002160533598990299,0.001836453559141754,finishing allrounder,172.0,,121.98581560283688,11.0,7.427184466019417,12.0,33.44,5.8199132222086964,-42.66666666666666,-2.9999999999999996
164,Dhawal Kulkarni,True,0.9999931533728762,0.6999952073610133,finishing allrounder,6.0,,54.54545454545455,9.0,7.5477031802120145,13.0,36.96,54.54545454545455,,2.9999999999999996
167,Ajinkya Rahane,True,0.9999999995819402,0.699999999707358,top/middle,1836.0,,140.4743687834736,,,68.0,37.47,3.875361385113195,138.40000000000003,
1679,Ankeet Chavan,True,0.8608594871783927,0.6026016410248748,finishing allrounder,9.0,,90.0,1.0,4.775510204081633,2.0,40.08,90.0,,
1682,SS Mundhe,False,0.0015047893101488544,0.001053352517104198,finishing allrounder,284.0,,119.32773109243698,13.0,7.303448275862069,24.0,37.08,15.53527209104925,0.9999999999999999,0.7142857142857143
1684,Akshya Darekar,False,0.014080508429676087,0.00985635590077326,finishing allrounder,4.0,,28.571428571428573,8.0,7.93984962406015,8.0,37.32,28.571428571428573,,
1685,A Mithun,False,0.001416265735726062,0.0009913860150082433,finishing allrounder,172.0,,131.29770992366412,7.0,6.5504587155963305,12.0,36.09,1.5054343289359944,167.99999999999994,4.999999999999998
169,Robin Uthappa,True,0.9999988802803691,0.6999992161962584,top/middle,498.0,,135.69482288828337,,,20.0,40.04,2.1824783278765856,-37.99999999999998,
1699,Suryakumar Yadav,True,0.999999997981563,0.699999998587094,top/middle,4840.0,,157.91190864600327,2.0,6.75,152.0,35.2,2.9316926161710684,63.400000000000006,-1.9999999999999996
1701,Swapnil Singh,True,0.9999987926889254,0.8499989737855866,finishing allrounder,406.0,,125.69659442724458,24.0,7.1179487179487175,35.0,34.85,3.07209719209876,10.199999999999998,0.19999999999999987
1704,Abhimanyu Chauhan,False,0.08752915648372608,0.06127040953860825,batting allrounder,161.0,,121.05263157894737,4.0,8.26086956521739,10.0,39.16,11.443121316736608,-8.999999999999996,
1706,Parag Khanapurkar,True,0.9940457002034885,0.6958319901424419,finishing allrounder,23.0,,62.16216216216216,0.0,7.0,9.0,39.66,3.237930818917344,1.4999999999999998,0.0
1711,Selvam Suresh Kumar,False,0.0007296057199561974,0.0005107240039693381,finisher,18.0,,66.66666666666667,0.0,8.5,4.0,40.69,1.9441745994387163,,
1712,M Raja,False,0.011166358323680748,0.007816450826576523,finishing allrounder,8.0,,160.0,0.0,7.714285714285714,1.0,40.56,160.0,,
172,Shoaib Malik,False,0.0004370802470795009,0.00030595617295565064,top/middle,392.0,,133.33333333333334,3.0,7.787234042553192,17.0,43.82,5.9258655371959605,-165.99999999999997,
1727,Ankit Sharma,True,0.9991118628713784,0.8492450834406716,finishing allrounder,477.0,,117.77777777777777,24.0,6.174228675136116,24.0,34.6,4.91800882452074,60.29999999999999,0.5
1733,Priyank Panchal,False,0.03240325406531183,0.02268227784571828,opener,162.0,,137.28813559322035,,,6.0,35.63,5.070568468991879,-133.99999999999994,
175,RR Raje,True,0.9997624361478777,0.6998337053035144,finishing allrounder,99.0,,176.78571428571428,8.0,9.72972972972973,10.0,39.23,5.8706720521084,42.499999999999986,3.999999999999999
1758,Patrick Cummins,True,0.9999999999630833,0.8499999999686207,finishing allrounder,452.0,,154.26621160409556,64.0,8.436893203883495,53.0,32.55,1.2840030527646782,7.400000000000001,1.5
176,Yogesh Takawale,False,0.004763918604649656,0.0033347430232547586,finisher,153.0,,111.67883211678833,,,8.0,41.06,111.67883211678833,,
1772,Sheldon Cottrell,True,0.9892068578929711,0.6924448005250797,finishing allrounder,1.0,,100.0,17.0,7.217910447761194,15.0,36.27,100.0,,-1.9999999999999996
1776,Tanmay Mishra,False,0.045070097021406345,0.03154906791498444,finisher,32.0,,123.07692307692308,,,3.0,38.93,4.895508611800998,,
17898,Bilal Sami,True,0.7936312863094152,0.7936312863094152,finishing allrounder,0.0,,0.0,13.0,7.824324324324325,7.0,21.93,0.0,,-0.9999999999999998
17909,Riaz Hassan,False,0.0002053738449050703,0.0002053738449050703,finisher,9.0,,56.25,,,5.0,23.05,1.0058855909938687,,
17911,Nangeyalia Kharote,False,0.010247870285602645,0.010247870285602645,finishing allrounder,15.0,,55.55555555555556,0.0,7.068493150684931,4.0,24.59,0.6908239055785356,14.999999999999995,0.0
17937,Zubaid Akbari,True,0.998805155594357,0.998805155594357,opener,170.0,,122.3021582733813,0.0,6.0,7.0,25.57,3.784409948249004,-103.99999999999994,
18097,Aditya Singh,False,2.0335735807941125e-05,2.0335735807941125e-05,opener,235.0,,188.0,1.0,19.0,4.0,27.09,188.0,,
1810,Devon Thomas,True,0.983709143824533,0.6885964006771731,top/middle,49.0,,98.0,,,8.0,36.04,1.4784156418757015,,
18108,Vivek Kumar,False,0.00400602470729178,0.00400602470729178,finisher,23.0,,191.66666666666666,0.0,23.0,2.0,27.29,191.66666666666666,,
1812,Kedar Devdhar,False,0.0003558876321267503,0.0002491213424887252,opener,123.0,,124.24242424242425,,,3.0,35.95,124.24242424242425,,
18120,Vishal Singh,False,0.11731036537325537,0.11731036537325537,finisher,1.0,,100.0,,,3.0,31.92,100.0,,
1813,Deepak Chahar,True,0.9999999971800411,0.8499999976030349,finishing allrounder,137.0,,130.47619047619048,71.0,7.990140845070423,67.0,33.3,1.3961542480267104,3.1999999999999997,-0.4000000000000001
18135,Vikash Vishal,False,0.1426573903748749,0.1426573903748749,top/middle,25.0,,96.15384615384616,,,2.0,26.8,1.7846166271412685,-8.499999999999998,
1814,Ashok Menaria,False,3.354913370125531e-06,2.3484393590878716e-06,top/middle,190.0,,119.49685534591195,0.0,10.0,8.0,35.08,6.094442122652815,-119.99999999999996,
18154,Bal Krishna,True,0.9859300846438953,0.9859300846438953,finishing allrounder,4.0,,26.666666666666668,8.0,6.65,4.0,26.96,33.333333333333336,,-0.9999999999999997
1816,Robin Bist,False,0.5538943623751826,0.3877260536626278,finisher,67.0,,93.05555555555556,,,5.0,38.07,1.7010569782140508,,
18161,Bhanu Anand,False,1.2656803015136265e-07,1.2656803015136265e-07,opener,826.0,,126.88172043010752,,,24.0,,126.88172043010752,193.99999999999994,
1817,Unmukt Chand,False,0.0037430127842105875,0.0031815608665789995,top/middle,37.0,,75.51020408163265,,,5.0,32.67,1.9285918256102383,,
1827,Amit Yadav,True,0.9008095385487265,0.6305666769841085,finishing allrounder,9.0,,128.57142857142858,9.0,4.866666666666666,4.0,36.13,128.57142857142858,,
1828,Bhargav Bhatt,False,0.4441381742662177,0.3108967219863524,finishing allrounder,14.0,,200.0,8.0,6.812227074235808,15.0,35.54,240.0,-2.499999999999999,1.9999999999999996
1829,Shahbaz Nadeem,True,0.9999775064754443,0.699984254532811,finishing allrounder,27.0,,81.81818181818181,9.0,8.522292993630574,8.0,36.29,1.1304281547839212,0.4999999999999999,-1.4999999999999998
183,Saurabh Tiwary,True,0.9999979674685135,0.6999985772279594,top/middle,175.0,,104.16666666666667,,,9.0,35.91,4.089441656221848,-62.49999999999998,
1836,Shuvagoto Hom,False,5.02096138015594e-07,3.514672966109158e-07,finishing allrounder,441.0,,128.94736842105263,16.0,7.109826589595376,33.0,39.04,6.927195140566011,-6.499999999999999,1.9999999999999996
1842,Lewis Gregory,False,1.2505128738832704e-05,1.0629359428007798e-05,finisher,10.0,,90.9090909090909,1.0,12.5,1.0,33.51,90.9090909090909,,
1860,Biplab Samantray,False,0.004693954537495995,0.003285768176247196,batting allrounder,292.0,,139.71291866028707,21.0,7.414847161572053,12.0,36.95,1.761870821602195,39.38461538461539,9.999999999999996
1883,Anup Fulper,False,0.022888937644240367,0.016022256350968257,finisher,38.0,,126.66666666666667,,,3.0,42.07,2.7696734778112044,-0.9999999999999998,
1884,Ravi Jangid,False,0.0009291142975412747,0.0006503800082788922,finishing allrounder,21.0,,116.66666666666667,2.0,10.548387096774194,6.0,38.48,1.4685089149946102,-18.99999999999999,-1.9999999999999996
1885,Himanshu Joshi,False,3.9527519393894724e-05,2.7669263575726304e-05,top/middle,50.0,,111.11111111111111,0.0,13.846153846153847,1.0,38.76,111.11111111111111,,
1886,Akshay Wakhare,False,0.0163676363251118,0.01145734542757826,finishing allrounder,0.0,,0.0,1.0,6.795918367346939,5.0,40.15,0.0,,-0.9999999999999998
189,Harbhajan Singh,True,0.9997830388866596,0.6998481272206617,finishing allrounder,4.0,,100.0,0.0,8.0,3.0,45.4,100.0,,
1890,Kumar Deobrat,False,0.00010019210770566592,8.516329154981604e-05,top/middle,57.0,,101.78571428571429,,,3.0,33.09,12.064344823552508,6.4999999999999964,
1895,Avi Barot,False,0.00018308033648323726,0.00015561828601075168,opener,264.0,,192.7007299270073,1.0,10.333333333333334,4.0,33.42,192.7007299270073,,
19012,Zeeshan Ali,True,0.9999407547098351,0.6999585282968845,opener,144.0,,97.95918367346938,,,11.0,36.45,3.0024774477100142,15.214285714285712,
19020,Ateeq Iqbal,False,0.002166527663731473,0.0018415485141717522,finishing allrounder,3.0,,60.0,7.0,7.2993630573248405,8.0,33.97,1.9695553920533262,0.9999999999999998,-0.9999999999999998
19062,Shaik Rafi,False,0.027722675143341032,0.027722675143341032,finishing allrounder,6.0,,66.66666666666667,6.0,7.589743589743589,6.0,27.1,66.66666666666667,,
19072,Dharani Kumar,False,3.4090753605692844e-05,3.4090753605692844e-05,top/middle,81.0,,100.0,0.0,11.0,9.0,24.11,100.0,-76.99999999999997,
19074,Gulfaam Saleh,False,0.00022346083200055128,0.00022346083200055128,opener,32.0,,139.1304347826087,,,3.0,30.08,139.1304347826087,,
19083,Maheep Kumar,False,6.003590434877853e-07,6.003590434877853e-07,top/middle,325.0,,118.18181818181819,,,14.0,27.07,118.18181818181819,200.99999999999997,
19086,K N Prudhvi Raj,False,0.01042622449266139,0.01042622449266139,finisher,22.0,,64.70588235294117,,,6.0,26.21,64.70588235294117,,
19090,Gundluri Ashish Reddy,False,3.6670954268604904e-05,3.6670954268604904e-05,finisher,3.0,,100.0,,,5.0,23.36,100.0,,
19093,K Sai Rahul,False,3.6174288048302665e-08,3.6174288048302665e-08,batting allrounder,273.0,,152.51396648044692,4.0,8.916666666666666,11.0,26.21,152.51396648044692,46.999999999999986,-3.999999999999999
19096,Bodhala Vinay Kumar,False,0.016746056337437767,0.016746056337437767,finishing allrounder,94.0,,144.6153846153846,15.0,7.5566750629722925,19.0,26.99,1.7046176299437215,-45.999999999999986,-2.9999999999999996
19097,Andimani Teja,False,0.002608994170764811,0.002608994170764811,finishing allrounder,1.0,,100.0,1.0,12.0,2.0,24.91,100.0,,-0.9999999999999998
19098,Pyla Avinash,False,0.07526811120953497,0.07526811120953497,top/middle,342.0,,133.0739299610895,,,16.0,25.39,1.7264329849939273,-87.99999999999999,
19103,Dhruva Kumar Reddy,False,6.586241583357667e-06,6.586241583357667e-06,top/middle,231.0,,126.92307692307692,0.0,5.25,11.0,27.91,126.92307692307692,-60.999999999999986,
19108,B Varma,False,1.3353115006493152e-05,1.3353115006493152e-05,finishing allrounder,134.0,,154.02298850574712,6.0,10.246153846153845,15.0,26.74,154.02298850574712,-25.999999999999986,1.9999999999999996
19111,Shaik Abbas,False,9.02019421538699e-05,9.02019421538699e-05,finisher,107.0,,187.71929824561403,,,6.0,25.14,187.71929824561403,,
19112,Pinninti Tapaswi,False,0.020921324298862332,0.020921324298862332,batting allrounder,292.0,,156.14973262032086,7.0,8.635135135135135,14.0,29.29,3.833424835210531,66.49999999999997,1.9999999999999993
19125,Ayush Shukla,True,0.9972298440489165,0.9972298440489165,finishing allrounder,2.0,,25.0,6.0,9.03896103896104,8.0,23.08,1.3566555423493238,0.0,0.8571428571428571
19126,Pinninti Tejaswi,False,4.4102721628145225e-06,4.4102721628145225e-06,finishing allrounder,25.0,,92.5925925925926,7.0,8.01639344262295,14.0,25.46,92.5925925925926,-20.999999999999993,2.9999999999999996
19141,M Hemanth Reddy,False,3.266513863727158e-06,3.266513863727158e-06,batting allrounder,286.0,,154.59459459459458,8.0,8.016806722689076,12.0,23.08,154.59459459459458,51.99999999999997,7.999999999999998
19144,AV Surya,False,0.12626958912690225,0.12626958912690225,top/middle,59.0,,128.2608695652174,,,4.0,,128.2608695652174,,
19145,Aamer Jamal,False,0.10511496713620076,0.10511496713620076,finishing allrounder,38.0,,140.74074074074073,11.0,8.39344262295082,9.0,29.39,1.111857585577317,-0.4999999999999996,0.7857142857142859
19148,Karan Kannan,False,1.298433676761824e-05,1.298433676761824e-05,finishing allrounder,258.0,,109.7872340425532,14.0,6.619047619047619,22.0,24.04,109.7872340425532,55.999999999999986,9.999999999999996
1915,Adam Rossington,False,0.0011384379619122842,0.0009676722676254415,opener,23.0,,115.0,,,3.0,32.56,115.0,,
19150,Vinukonda Venu,False,0.009737075260440958,0.009737075260440958,finishing allrounder,10.0,,111.11111111111111,5.0,6.571428571428571,5.0,29.13,111.11111111111111,,
1923,Vinay Choudhary,False,0.0008624746840869117,0.0007331034814738749,finishing allrounder,27.0,,79.41176470588235,5.0,9.253731343283581,11.0,32.23,79.41176470588235,,
1924,Sam Billings,True,0.9999996582823609,0.8499997095400068,top/middle,257.0,,114.73214285714286,,,15.0,34.45,2.2936764099548106,-12.500000000000009,
19291,Robin Das,False,0.000886802934672096,0.000886802934672096,top/middle,0.0,,0.0,,,2.0,23.75,0.0,,
19309,Lahiru Udara,False,0.0026951778565036917,0.0026951778565036917,opener,103.0,,149.2753623188406,,,5.0,32.0,149.2753623188406,,
19312,Nuwan Thushara,True,0.999999790184206,0.999999790184206,finishing allrounder,4.0,,25.0,30.0,7.660550458715596,30.0,31.31,0.8714559975121635,-0.35714285714285704,4.285714285714285
19315,Vijayakanth Viyaskanth,False,0.47308734238162764,0.47308734238162764,finishing allrounder,26.0,,81.25,11.0,7.172413793103448,12.0,23.98,1.1366748807112994,-7.499999999999996,3.14018491736755e-16
19316,Maheesh Theekshana,True,0.9999999999979041,0.9999999999979041,finishing allrounder,76.0,,55.072463768115945,82.0,7.369598373157092,82.0,25.32,0.7504058343661132,6.700000000000002,2.9000000000000004
19401,Tharayil Antony Abeesh,False,0.0024810339265964403,0.002108878837606974,finishing allrounder,48.0,,165.51724137931035,17.0,6.203883495145631,8.0,32.55,165.51724137931035,,
19402,Pougajendy Akash,False,1.3793385686836689e-06,1.3793385686836689e-06,top/middle,464.0,,141.8960244648318,1.0,9.5,24.0,22.0,141.8960244648318,43.99999999999999,
19403,Ameer Zeeshan N,False,8.981829474615285e-05,8.981829474615285e-05,top/middle,741.0,,120.48780487804878,4.0,7.5,22.0,28.76,120.48780487804878,-8.333333333333332,
19404,Bhupender Chauhan,False,1.63337434922911e-05,1.63337434922911e-05,finishing allrounder,105.0,,92.10526315789474,15.0,7.359516616314199,21.0,31.07,92.10526315789474,-5.0769230769230775,1.1538461538461542
19405,George Samuel A,False,3.3707204297295336e-05,3.3707204297295336e-05,finisher,52.0,,85.24590163934427,,,11.0,,85.24590163934427,,
19406,Karthikeyan J,False,5.900401669749678e-07,5.015341419287227e-07,top/middle,566.0,,134.76190476190476,0.0,4.0,23.0,32.26,134.76190476190476,-14.038461538461537,
19409,SG Singh,True,0.9999766269781972,0.9999766269781972,finishing allrounder,506.0,,129.41176470588235,60.0,6.593785960874569,40.0,26.53,3.5464030308853403,68.97142857142855,6.514285714285713
1941,Devon Conway,True,0.999999999985216,0.8499999999874336,top/middle,1804.0,,128.125,,,58.0,34.39,2.661469752864314,-181.8,
19412,Mathan M,False,0.005623077616398877,0.005623077616398877,finishing allrounder,12.0,,133.33333333333334,8.0,8.048780487804878,6.0,27.59,133.33333333333334,,
19414,Shri Sivagunal S,False,0.0003844678777092456,0.0003844678777092456,finishing allrounder,35.0,,87.5,2.0,5.918918918918919,4.0,,87.5,,
19416,Vijai R,False,3.597064016963808e-05,3.597064016963808e-05,finishing allrounder,12.0,,100.0,26.0,7.213793103448276,22.0,26.87,100.0,-2.9999999999999996,-0.8846153846153847
19418,Vengadeshwaran,False,6.091438884544415e-07,6.091438884544415e-07,finishing allrounder,21.0,,91.30434782608695,7.0,7.384615384615385,8.0,29.93,91.30434782608695,,
19420,Alankrit Agarwal,False,2.0727771654291997e-07,2.0727771654291997e-07,top/middle,112.0,,93.33333333333333,,,8.0,,93.33333333333333,,
19422,Arjun Shetty,False,2.992233958708064e-05,2.5433988649018543e-05,top/middle,244.0,,109.90990990990991,,,8.0,34.12,109.90990990990991,,
19428,Jasvanth S,False,0.0011408886053644743,0.0011408886053644743,finishing allrounder,47.0,,106.81818181818181,11.0,6.63302752293578,9.0,27.98,106.81818181818181,,
19429,Mathavan M,False,0.0001393611652282598,0.0001393611652282598,finisher,110.0,,123.59550561797752,,,8.0,,123.59550561797752,,
19430,Nipun Gaikwad,False,1.2651222673568318e-05,1.2651222673568318e-05,top/middle,95.0,,86.36363636363636,,,8.0,,86.36363636363636,,
19433,Aditya Singh Chauhan,False,0.02266026750212855,0.02266026750212855,finishing allrounder,5.0,,50.0,6.0,9.10909090909091,5.0,22.35,50.0,0.03846153846153852,-0.4615384615384615
19434,Pravin R,False,1.8345558184361193e-07,1.8345558184361193e-07,finisher,123.0,,106.95652173913044,,,20.0,21.75,106.95652173913044,42.99999999999998,
19435,Rajaram Sivaramakrishnan,False,0.016681790336646473,0.016681790336646473,finishing allrounder,11.0,,73.33333333333333,9.0,8.37037037037037,8.0,25.12,73.33333333333333,1.6666666666666665,-1.0
19436,Govindaraajan AS,False,0.007488650534870494,0.007488650534870494,opener,79.0,,133.89830508474577,2.0,7.615384615384615,2.0,,133.89830508474577,,
19437,S Akshay Jain,False,0.0016618135082205594,0.0014125414819874756,finishing allrounder,3.0,,33.333333333333336,8.0,5.384615384615385,12.0,32.94,0.6845188127826887,-2.9999999999999996,
1944,Keshav Maharaj,True,0.9999999927722001,0.69999999494054,finishing allrounder,79.0,,92.94117647058823,26.0,7.375722543352601,25.0,35.8,1.4738591223067885,-21.499999999999993,0.5999999999999999
19440,Adil Tunda,False,3.923167373436994e-08,3.923167373436994e-08,finishing allrounder,21.0,,91.30434782608695,42.0,7.344632768361582,23.0,,91.30434782608695,-16.999999999999996,-9.999999999999996
19441,Parameeswaran S,True,0.9997205659291499,0.9997205659291499,batting allrounder,744.0,,125.04201680672269,18.0,7.818897637795276,34.0,25.76,3.2898554723319506,53.8,0.0
19442,B Prabhu,False,0.0008809544834678964,0.000748811310947712,top/middle,51.0,,145.71428571428572,,,5.0,33.29,145.71428571428572,,
19449,Sabari S,False,0.0006220749117743133,0.0006220749117743133,finishing allrounder,11.0,,122.22222222222223,3.0,6.895522388059701,4.0,24.93,122.22222222222223,,
19454,Satish Jangir,True,0.9954054362253276,0.9954054362253276,finishing allrounder,272.0,,144.68085106382978,25.0,7.810126582278481,28.0,27.65,144.68085106382978,-25.576923076923077,-1.5000000000000007
19455,Ramachandran Ragupathy,True,0.9907363614490727,0.9907363614490727,opener,340.0,,126.39405204460967,,,19.0,29.54,4.175214035069064,28.000000000000007,
19457,Ashwath S,False,2.29181360581483e-05,1.9480415649426054e-05,finishing allrounder,41.0,,97.61904761904762,7.0,4.604651162790698,6.0,32.54,97.61904761904762,,
19458,Kamaleeshwaran A,False,1.7096614388703692e-07,1.7096614388703692e-07,batting allrounder,588.0,,133.33333333333334,10.0,10.014084507042254,35.0,24.24,133.33333333333334,-3.6923076923076907,0.7692307692307694
19459,Karthik B Nair,False,7.431124699465851e-07,7.431124699465851e-07,finishing allrounder,88.0,,96.7032967032967,24.0,6.26932668329177,19.0,29.31,96.7032967032967,-22.66666666666666,-1.333333333333333
19460,Manikandan J,False,0.0001352532145417402,0.0001352532145417402,finisher,257.0,,109.36170212765957,3.0,9.68421052631579,35.0,27.01,109.36170212765957,-34.46153846153845,-1.0
19462,Yash Avinash Jadhav,False,0.0008206956100763004,0.0008206956100763004,top/middle,302.0,,116.15384615384616,,,24.0,26.44,2.8653077631534116,-39.199999999999996,
19464,Premraj Rajavelu,False,1.465955899991326e-07,1.465955899991326e-07,finisher,554.0,,131.9047619047619,3.0,7.811320754716981,31.0,20.5,131.9047619047619,-29.153846153846157,
19469,S Santhosh Kumaran,False,2.4342840167717693e-05,2.4342840167717693e-05,finishing allrounder,135.0,,131.06796116504853,14.0,8.289940828402367,21.0,27.65,131.06796116504853,-13.26923076923077,-0.4230769230769231
19470,Abin Mathew M,True,0.8178379508521024,0.8178379508521024,finishing allrounder,1.0,,100.0,6.0,7.489051094890511,8.0,28.06,100.0,,-0.11538461538461549
19472,Mohit Mittan,True,0.997553827661211,0.997553827661211,batting allrounder,378.0,,117.02786377708978,3.0,6.363636363636363,23.0,26.94,24.190431338090704,-62.35714285714289,1.0
19475,Nitish Manikin Salekar,False,6.628338140723629e-07,6.628338140723629e-07,batting allrounder,210.0,,111.70212765957447,6.0,6.142857142857143,8.0,,111.70212765957447,,
19476,Paras Ratnaparkhe,False,0.0012912846928426506,0.0009038992849898554,batting allrounder,341.0,,113.2890365448505,13.0,7.342465753424658,18.0,37.56,113.2890365448505,-2.3333333333333326,-1.4230769230769231
19477,Priyam Ashish M,False,2.1313333347721569e-07,2.1313333347721569e-07,opener,270.0,,133.66336633663366,,,10.0,26.15,133.66336633663366,,
19478,Surendiran P,False,1.5144440378831562e-06,1.5144440378831562e-06,finisher,123.0,,82.0,,,13.0,,82.0,-38.999999999999986,
19479,Gopal Thivagar,False,0.00018026407878045072,0.00018026407878045072,finishing allrounder,129.0,,105.73770491803279,26.0,8.403726708074535,26.0,31.07,105.73770491803279,-19.153846153846157,1.1999999999999997
19483,Sharadh Kishan A,False,0.00014639375986060386,0.00014639375986060386,finishing allrounder,5.0,,100.0,2.0,6.985074626865671,4.0,,100.0,,
19485,Akash Kargave,False,0.00033659308633608406,0.00033659308633608406,top/middle,645.0,,119.88847583643123,3.0,9.6,29.0,,4.627632519275784,36.5,-0.24999999999999994
19488,Ayyanar R,False,7.711821799813495e-06,7.711821799813495e-06,opener,101.0,,82.11382113821138,,,6.0,,82.11382113821138,,
19489,Palani R,False,1.9074560828133567e-06,1.9074560828133567e-06,finishing allrounder,18.0,,112.5,7.0,8.014925373134329,8.0,,112.5,,
19491,Pooviarasan Manogaran,False,9.91421472922448e-08,9.91421472922448e-08,finishing allrounder,66.0,,77.6470588235294,30.0,7.157360406091371,21.0,24.34,77.6470588235294,-8.0,-3.2307692307692304
19492,Surendar B,False,7.5726887210526e-07,7.5726887210526e-07,top/middle,70.0,,107.6923076923077,,,7.0,,107.6923076923077,1.333333333333333,
19495,Thennavan N,False,1.2234365033522657e-06,8.56405552346586e-07,top/middle,106.0,,120.45454545454545,2.0,9.692307692307692,7.0,38.17,120.45454545454545,,
19497,Venkadesan S,False,9.790221857206222e-05,9.790221857206222e-05,finishing allrounder,7.0,,46.666666666666664,7.0,8.290909090909091,5.0,,46.666666666666664,,
19499,Kaladi Babu,False,0.0003955853368123531,0.0003955853368123531,finisher,6.0,,60.0,,,3.0,,60.0,,
19530,Shahnawaz Dhani,True,0.9997861289319122,0.9997861289319122,finishing allrounder,16.0,,228.57142857142858,13.0,7.721311475409836,12.0,27.31,0.7033765636524003,-7.999999999999998,0.4999999999999999
19535,Rejaur Rahman Raja,False,4.35342031198087e-06,4.35342031198087e-06,finishing allrounder,39.0,,90.69767441860465,27.0,8.221757322175732,22.0,26.07,7.82084785688828,4.999999999999999,-0.8999999999999996
1955,James Fuller,False,0.022533556165547055,0.015773489315882936,finishing allrounder,18.0,,150.0,10.0,7.769230769230769,7.0,35.84,150.0,,-1.9999999999999996
196,Srikkanth Anirudha,False,0.031769221460379624,0.022238455022265735,opener,117.0,,127.17391304347827,,,6.0,38.62,2.2810974196540825,,
19662,Arka Sarkar,False,0.0013238439659445352,0.0013238439659445352,finishing allrounder,15.0,,65.21739130434783,2.0,7.2,4.0,25.4,65.21739130434783,,
19666,Arjun Kumar,False,0.00010964140946774086,0.00010964140946774086,finisher,20.0,,181.8181818181818,0.0,9.0,3.0,,181.8181818181818,,
19669,Aaditya Sharma,False,0.0004212192967781625,0.0004212192967781625,top/middle,313.0,,122.74509803921569,,,23.0,24.97,8.85284220140968,-76.99999999999996,
19673,Subham Sarkar,False,2.991817094736284e-05,2.991817094736284e-05,finishing allrounder,182.0,,132.84671532846716,8.0,7.048192771084337,11.0,,132.84671532846716,9.999999999999996,0.0
19674,Shubham Chatterjee,False,2.445132383876495e-06,2.445132383876495e-06,top/middle,250.0,,104.60251046025104,,,15.0,29.93,104.60251046025104,95.99999999999999,
19676,Satyaki Dutta,False,0.17175247244903694,0.17175247244903694,batting allrounder,25.0,,71.42857142857143,2.0,6.333333333333333,5.0,31.85,71.42857142857143,,
19677,Abhishek Bose,False,1.2253049253763682e-05,1.2253049253763682e-05,opener,61.0,,108.92857142857143,,,2.0,,108.92857142857143,,
19683,Toufik Mondal,False,4.58869675567837e-07,4.58869675567837e-07,finishing allrounder,232.0,,139.75903614457832,15.0,7.330645161290323,17.0,23.05,139.75903614457832,99.99999999999997,0.9999999999999998
19684,Arindam Ghosh,False,0.0001313767449507088,9.196372146549616e-05,top/middle,377.0,,109.27536231884058,,,14.0,38.46,109.27536231884058,-70.99999999999999,
19685,Raju Halder,False,0.000418856962219621,0.000418856962219621,finishing allrounder,0.0,,0.0,16.0,5.955390334572491,15.0,30.1,0.0,,7.999999999999998
19686,Dipanjan Mukherjee,False,1.6070586026828025e-07,1.365999812280382e-07,finisher,9.0,,81.81818181818181,0.0,12.0,2.0,32.04,81.81818181818181,,
19687,Akash Pandey,False,0.00604367797572321,0.00604367797572321,finishing allrounder,90.0,,93.75,17.0,6.884393063583815,19.0,26.81,1.1767413485504559,7.999999999999994,-0.4999999999999999
19691,Ranjot Khaira,False,0.12711245432116292,0.12711245432116292,top/middle,393.0,,102.87958115183245,0.0,16.0,24.0,27.12,1.4304316757878401,56.09999999999998,
19695,Anurag Tiwari,False,0.0003705976481708796,0.0003705976481708796,finishing allrounder,2.0,,100.0,6.0,7.248322147651007,12.0,30.03,100.0,,-1.9999999999999996
19696,Saurabh Singh,False,0.03888748309882054,0.03888748309882054,finisher,228.0,,111.76470588235294,1.0,8.459016393442623,16.0,28.13,2.8258280176094432,37.499999999999986,-0.9999999999999998
19697,Raj Pal,False,1.6276941036490395e-05,1.1393858725543275e-05,finishing allrounder,12.0,,120.0,8.0,6.795918367346939,5.0,41.96,120.0,,
19699,Ankur Pal,False,3.320288152219533e-06,3.320288152219533e-06,top/middle,287.0,,125.87719298245614,,,15.0,,125.87719298245614,-18.99999999999999,
197,Debabrata Das,False,0.007655337951175648,0.005358736565822953,finisher,43.0,,97.72727272727273,,,5.0,39.18,97.72727272727273,,
19700,Prince Yadav,False,0.00031470146644339966,0.00031470146644339966,finishing allrounder,627.0,,118.30188679245283,21.0,7.953810623556582,34.0,27.9,7.443049762619983,-80.49999999999999,4.499999999999998
19702,Suraj Jaiswal,False,2.12208913712224e-06,2.12208913712224e-06,finishing allrounder,82.0,,122.38805970149254,15.0,7.066666666666666,15.0,25.98,122.38805970149254,73.99999999999999,-6.999999999999998
19703,Sourav Paul,False,0.0034844801270189044,0.0034844801270189044,top/middle,12.0,,44.44444444444444,,,4.0,26.22,44.44444444444444,,
19706,Ramesh Prasad,False,0.017439259359513272,0.017439259359513272,finishing allrounder,1.0,,25.0,13.0,6.090909090909091,16.0,31.82,25.0,,0.9999999999999998
19708,Gaurav Chauhan,False,1.2503068815762266e-06,1.2503068815762266e-06,finisher,233.0,,144.72049689440993,3.0,7.45945945945946,13.0,,144.72049689440993,162.99999999999994,-2.9999999999999996
19710,Debopratim Halder,False,0.0007725324617481013,0.0007725324617481013,finishing allrounder,0.0,,0.0,9.0,7.714285714285714,5.0,23.04,0.0,,8.999999999999996
19712,Shakir Gandhi,False,0.05960825097998035,0.05960825097998035,top/middle,280.0,,120.6896551724138,,,23.0,26.3,1.9502009477975193,66.5,
19714,Abishek Porel,True,0.9999999993244737,0.9999999993244737,top/middle,1523.0,,136.83737646001796,,,61.0,23.11,3.7143262893588807,220.89999999999995,
19715,Tarun Godara,False,1.4778936284491833e-06,1.4778936284491833e-06,finisher,181.0,,131.15942028985506,,,14.0,26.15,131.15942028985506,-74.99999999999997,
19716,Samik Karmankar,False,0.0001916542985178681,0.0001916542985178681,finisher,1.0,,100.0,,,1.0,,100.0,,
19718,Vikas Singh,False,2.1822434141646741e-07,2.1822434141646741e-07,finishing allrounder,144.0,,112.5,4.0,8.976,13.0,26.12,112.5,-35.999999999999986,-3.999999999999999
19726,Avijit Singh,False,7.874619949508661e-05,7.874619949508661e-05,opener,24.0,,104.34782608695652,,,2.0,29.23,104.34782608695652,,
19727,Mohammad Kaif,False,3.364535906470613e-06,3.364535906470613e-06,finishing allrounder,19.0,,105.55555555555556,10.0,7.355769230769231,12.0,,105.55555555555556,,-5.999999999999999
19730,Siddharth Singh,False,0.0002855606029489906,0.0002855606029489906,opener,102.0,,134.21052631578948,,,4.0,,3.8561821381484087,,
19754,Raja Khan,False,0.01251027818223642,0.010633736454900957,finishing allrounder,0.0,,0.0,0.0,11.555555555555555,1.0,33.01,0.0,,
19781,Mitchell Owen,True,0.9999628184535445,0.9999628184535445,finisher,163.0,,148.1818181818182,2.0,10.0,12.0,24.2,1.243201767509587,,
198,Manish Pandey,True,0.9999999999355607,0.6999999999548924,top/middle,2012.0,,132.98083278255123,0.0,15.0,84.0,36.21,2.250837239855934,-10.59999999999999,
1980,Seekkuge Prasanna,False,4.4084973064952284e-05,3.08594811454666e-05,finishing allrounder,31.0,,147.61904761904762,2.0,8.5,4.0,40.42,147.61904761904762,,
19806,Harshit Rathod,False,0.00010063584777684145,0.00010063584777684145,finishing allrounder,22.0,,137.5,9.0,6.802816901408451,7.0,27.32,137.5,19.999999999999993,4.999999999999998
19809,Shekhar Majhi,False,0.025154155023965993,0.025154155023965993,finishing allrounder,9.0,,100.0,5.0,8.25,5.0,,100.0,,-0.9999999999999998
19811,Dibyashakti Chakrabarty,False,0.003515356610429339,0.003515356610429339,opener,51.0,,127.5,,,4.0,,127.5,,
19815,Swastik Samal,False,0.00018352986008761336,0.00018352986008761336,opener,230.0,,129.94350282485877,,,13.0,25.33,1.1234677498622085,25.499999999999993,
19821,Biswabhusan Bihari,False,0.00016458869024175312,0.00016458869024175312,finisher,139.0,,102.96296296296296,,,9.0,,102.96296296296296,-34.999999999999986,
19829,Sourav Gouda,False,0.00037392428823596513,0.00037392428823596513,finisher,169.0,,152.25225225225225,,,6.0,,154.25531914893617,,
19834,Maroju Prasanth,False,8.495302200449572e-05,8.495302200449572e-05,top/middle,14.0,,70.0,,,4.0,,70.0,-13.999999999999996,
19841,Ramachandra Behera,False,0.016002975663402905,0.013602529313892468,finisher,14.0,,116.66666666666667,,,4.0,32.48,116.66666666666667,,
19854,Rahul Choudhary,False,0.0019207495363158318,0.0019207495363158318,finishing allrounder,13.0,,108.33333333333333,3.0,4.92,3.0,,108.33333333333333,,
19857,Abhishek Yadav,False,0.0183086634960517,0.0183086634960517,finishing allrounder,144.0,,110.76923076923077,8.0,6.5181818181818185,22.0,30.47,1.5560437899606718,-27.49999999999999,-2.4999999999999996
19860,Aditya Rout,False,0.005496611718960199,0.005496611718960199,opener,158.0,,188.0952380952381,,,5.0,,188.0952380952381,,
19868,Pradeep Pradhan,False,0.04401653488680933,0.04401653488680933,finishing allrounder,10.0,,166.66666666666666,12.0,7.666666666666667,6.0,31.41,166.66666666666666,5.999999999999999,0.0
19870,Prayash Singh,False,0.01062315621368001,0.01062315621368001,finishing allrounder,136.0,,144.68085106382978,0.0,9.75,10.0,31.81,2.8968647912383383,34.999999999999986,0.0
19894,Mitchell Hay,False,0.42872112978877813,0.42872112978877813,finisher,87.0,,124.28571428571429,,,11.0,25.27,2.239729433377718,-0.9999999999999998,
19970,Lalith Mohan,False,0.00210363991256456,0.0014725479387951918,finishing allrounder,8.0,,160.0,12.0,7.059880239520958,16.0,35.69,160.0,7.999999999999998,1.1999999999999997
19971,Dheeraj Kumar,False,0.003133263068748901,0.003133263068748901,finisher,289.0,,162.35955056179776,,,17.0,26.23,1.142547675968091,22.257142857142853,
19972,Abhishek Thakuri,True,0.9928789657260629,0.9928789657260629,top/middle,20.0,,105.26315789473684,,,3.0,27.07,1.5856556077062025,3.999999999999999,
19973,Amlanjyoti Das,True,0.2722367670555868,0.2722367670555868,finishing allrounder,1.0,,33.333333333333336,2.0,7.255813953488372,2.0,23.86,33.333333333333336,,
19974,Mohit Mongia,False,1.6760346341540667e-07,1.6760346341540667e-07,finishing allrounder,101.0,,142.25352112676057,4.0,5.012658227848101,12.0,26.44,,,
19976,Pratyush Kumar,False,3.4858227986807935e-06,3.4858227986807935e-06,finisher,19.0,,126.66666666666667,,,3.0,30.41,,,
19977,Sakibul Gani,False,0.029695095986560997,0.029695095986560997,batting allrounder,614.0,,145.49763033175356,9.0,6.47191011235955,18.0,26.24,5.668222722639744,49.8,2.9999999999999987
19979,Sachin Kumar,False,0.013038002674453942,0.013038002674453942,finishing allrounder,102.0,,129.1139240506329,3.0,8.352941176470589,9.0,27.92,2.3937223830837073,-35.49999999999998,0.4999999999999999
19980,Vikash Yadav,False,0.002497592507712654,0.0017483147553988576,finisher,27.0,,150.0,,,1.0,37.82,150.0,,
19981,Amod Yadav,False,0.03499191717232966,0.03499191717232966,finishing allrounder,12.0,,48.0,5.0,6.989010989010989,4.0,23.96,1.3322834008708333,0.0,0.4999999999999998
19982,Hardik Tamore,True,0.9999891922939724,0.9999891922939724,top/middle,585.0,,150.0,,,27.0,28.1,3.259242496135481,62.7,
19983,Lakshay Thareja,False,0.04197497913046642,0.04197497913046642,finisher,302.0,,137.89954337899545,,,16.0,28.2,3.7219131982483566,50.714285714285715,
19984,Vaibhav Kandpal,False,2.899822659775291e-07,2.899822659775291e-07,batting allrounder,537.0,,143.96782841823057,6.0,8.598425196850394,20.0,25.29,143.96782841823057,-90.99999999999999,-1.9999999999999996
19985,Siddhant Sharma,False,7.282792672917151e-06,7.282792672917151e-06,finishing allrounder,56.0,,151.35135135135135,14.0,8.893401015228426,11.0,28.96,151.35135135135135,19.999999999999993,13.999999999999996
19986,Vishamber Kahlon,False,0.016119776396440976,0.016119776396440976,top/middle,0.0,,0.0,,,1.0,29.0,0.0,,
19988,Ishaan Gadekar,False,0.041828469658469994,0.041828469658469994,opener,242.0,,160.26490066225165,,,7.0,28.24,7.909522083549745,4.499999999999996,
19990,Priyesh Patel,False,0.027565994203100342,0.027565994203100342,top/middle,308.0,,152.47524752475246,,,7.0,24.11,15.966183522111587,78.66666666666664,
19992,RI Thakur,False,0.007104381400562922,0.007104381400562922,top/middle,16.0,,84.21052631578948,,,1.0,27.95,84.21052631578948,,
19993,Aman Kumar,False,0.0014636332928902444,0.0014636332928902444,finisher,16.0,,94.11764705882354,1.0,5.5,3.0,25.94,94.11764705882354,,
19997,Taranjit Singh,False,1.237931138506805e-06,8.665517969547634e-07,finishing allrounder,68.0,,97.14285714285714,8.0,7.104294478527607,18.0,38.67,97.14285714285714,-39.999999999999986,-1.9999999999999996
19998,Rajvardhan Hangargekar,False,0.011877665329424691,0.011877665329424691,finishing allrounder,161.0,,145.04504504504504,33.0,7.686832740213523,28.0,23.05,0.9761190266153639,-6.499999999999999,2.4999999999999987
19999,Dhanraj Pardeshi,False,0.008859781355954185,0.008859781355954185,finishing allrounder,1.0,,50.0,12.0,8.206451612903226,8.0,26.83,,,
20000,Ranjeet Nikam,False,0.0005043351379027232,0.0005043351379027232,finisher,386.0,,132.1917808219178,,,28.0,26.18,2.938512723859326,41.99999999999997,
20002,Arpit Gaud,False,0.010402871224700754,0.010402871224700754,opener,512.0,,155.15151515151516,,,21.0,29.4,2.097649662736618,36.384615384615394,
20003,Shantanu Raghuvanshi,False,1.1299591390400815e-06,1.1299591390400815e-06,finisher,41.0,,120.58823529411765,0.0,18.0,5.0,25.46,,,
20004,Rakesh Thakur,False,0.002687358271786366,0.002284254531018411,finisher,113.0,,91.869918699187,,,10.0,34.21,3.400990382505359,2.0285714285714294,
20005,Arshad Khan,True,0.9999999999247935,0.9999999999247935,finishing allrounder,368.0,,136.80297397769516,39.0,8.722689075630251,42.0,27.93,1.7169003544332844,10.999999999999998,0.4999999999999999
20006,Ramandeep Singh,True,0.9999999999951965,0.9999999999951965,finishing allrounder,1399.0,,160.98964326812427,59.0,7.9566878980891715,92.0,28.62,1.4607123456213342,89.1,2.7999999999999994
20009,Bharat Sharma,True,0.9996072566115402,0.9996072566115402,opener,125.0,,128.8659793814433,,,7.0,26.3,2.145204002093188,-2.3333333333333326,
2001,Yashodha Lanka,False,0.0014977739404137878,0.0012731078493517197,opener,106.0,,113.97849462365592,,,5.0,33.15,113.97849462365592,,
20011,Lakhan Singh,True,0.9998924396937122,0.9998924396937122,batting allrounder,272.0,,138.77551020408163,5.0,11.327102803738319,10.0,27.27,3.2878423828877534,-6.999999999999996,0.49999999999999983
20013,Tushar Saha,False,0.00041460005790584044,0.0002902200405340883,finishing allrounder,82.0,,86.3157894736842,14.0,4.947867298578199,12.0,40.19,,,
20014,Subham Ghosh,False,0.0184281962892051,0.0184281962892051,finishing allrounder,23.0,,71.875,3.0,8.776119402985074,5.0,27.14,6.952417171800305,-12.999999999999993,-2.9999999999999996
20015,Rajat Dey,False,0.00030275072228899035,0.00030275072228899035,finisher,171.0,,127.61194029850746,1.0,8.5,11.0,28.91,3.7924528851432484,4.499999999999993,
20017,Parvez Sultan,False,0.02238504796636971,0.02238504796636971,finishing allrounder,19.0,,95.0,13.0,7.816216216216216,9.0,22.36,95.0,,2.9999999999999996
20018,Sankar Paul,False,0.0035845015896668166,0.0035845015896668166,finishing allrounder,24.0,,120.0,1.0,6.48,5.0,25.03,4.703796907313031,3.9999999999999987,-0.9999999999999998
20020,Abhishek Goswami,False,0.00259533024239011,0.00259533024239011,opener,974.0,,126.16580310880829,,,34.0,28.05,4.6675740599289695,-132.49999999999994,
20021,Hardeep Singh,False,0.004563669155968865,0.004563669155968865,finisher,671.0,,183.33333333333334,0.0,6.0,37.0,30.43,4.865904017137908,215.49999999999994,
20022,Nalin Mishra,False,0.005003164287368909,0.005003164287368909,finisher,31.0,,96.875,,,4.0,29.94,96.875,2.9999999999999996,
20023,Karan Sharma,False,0.004466281854758025,0.004466281854758025,opener,1495.0,,126.58763759525826,13.0,6.795698924731183,47.0,27.07,2.946720067671804,91.09999999999997,1.1
20024,Nachiket Bhute,False,0.003524021857659548,0.003524021857659548,finishing allrounder,48.0,,208.69565217391303,6.0,9.631578947368421,7.0,20.46,0.7025529648354173,11.999999999999998,1.4999999999999998
20026,Sarbeswar Mohanty,False,0.0009887794620413765,0.0009887794620413765,finishing allrounder,75.0,,129.31034482758622,23.0,7.148936170212766,10.0,30.52,2.431431742083188,2.6538461538461537,-0.9999999999999998
20027,Mickil Jaiswal,True,0.9992432704415929,0.9992432704415929,finisher,94.0,,146.875,1.0,6.631578947368421,6.0,27.55,3.5401163168703755,-15.999999999999996,-0.4999999999999999
20029,Rahul Buddhi,True,0.9999722945919702,0.9999722945919702,top/middle,224.0,,113.13131313131314,0.0,12.0,16.0,28.19,3.2613619435850336,-6.6000000000000005,
2003,Bhanuka Rajapaksa,True,0.9999999999816689,0.8499999999844186,top/middle,618.0,,132.05128205128204,,,36.0,34.09,2.363783091164735,-39.39999999999999,
20030,Prateek Reddy,True,0.9989122652091015,0.9989122652091015,finisher,30.0,,83.33333333333333,,,5.0,24.99,0.9536111095353831,11.999999999999998,
20032,Sai Reddy,True,0.9994628072433787,0.9994628072433787,batting allrounder,33.0,,75.0,2.0,12.48,5.0,25.94,0.7935574283618488,-28.99999999999999,
20034,Rakesh Yadav,False,5.235720234734905e-06,5.235720234734905e-06,finishing allrounder,133.0,,162.1951219512195,0.0,11.52,5.0,26.23,162.1951219512195,,
20035,Rakshan Readdi,True,0.9774699523056605,0.9774699523056605,finishing allrounder,13.0,,130.0,13.0,7.7894736842105265,8.0,25.16,130.0,,1.4999999999999998
20036,MSR Charan,True,0.05372193505925983,0.05372193505925983,top/middle,0.0,,0.0,,,1.0,25.98,0.0,,
20041,Karnajit Yumnam,False,0.15102485525526022,0.15102485525526022,opener,18.0,,45.0,,,3.0,27.92,0.9398424968273684,-15.999999999999996,
20042,Langlonyamba Keishangbam,False,0.02700822810881416,0.02700822810881416,top/middle,45.0,,70.3125,0.0,5.0,3.0,27.98,1.523282718418972,-40.999999999999986,
20045,Nilesh Lamichaney,False,0.13808970013397193,0.11737624511387613,top/middle,81.0,,60.44776119402985,,,9.0,34.23,2.0265524778627046,-19.499999999999996,
20046,Lee Yong Lepcha,False,0.00908789418942761,0.007724710061013468,finishing allrounder,66.0,,62.857142857142854,17.0,5.198473282442748,16.0,34.06,1.191678689602628,4.499999999999998,7.499999999999997
20049,Mandup Bhutia,False,4.643233119801523e-06,4.643233119801523e-06,batting allrounder,65.0,,101.5625,7.0,7.8311688311688314,9.0,30.92,101.5625,,
20050,Tashi Bhalla,False,9.949336884052701e-05,6.96453581883689e-05,finisher,23.0,,71.875,,,4.0,41.41,71.875,,
20054,Sanidhya Hurkat,False,0.01885317749531268,0.01885317749531268,opener,575.0,,171.13095238095238,,,16.0,26.33,3.442159737884092,114.49999999999993,
20055,Techi Doria,False,0.0006609100112591292,0.0006609100112591292,finishing allrounder,40.0,,68.96551724137932,1.0,5.76,3.0,31.74,68.96551724137932,,
20056,Kamsha Yangfo,False,0.00016158806174048265,0.00013734985247941024,top/middle,83.0,,89.24731182795699,,,7.0,33.03,89.24731182795699,,
20057,Nabam Tempol,False,3.219593581206922e-07,3.219593581206922e-07,batting allrounder,69.0,,104.54545454545455,1.0,6.3,6.0,31.17,104.54545454545455,,
20062,Bobby Zothansanga,False,0.014423085809809635,0.010096160066866743,finishing allrounder,5.0,,33.333333333333336,2.0,7.54054054054054,5.0,39.26,33.333333333333336,0.4999999999999999,0.9999999999999998
20068,Joshua Ozukum,False,1.298958171918437e-06,1.298958171918437e-06,opener,124.0,,91.17647058823529,0.0,7.5,9.0,25.31,11.72692554927185,-15.499999999999996,
20069,Chopise Hopongkyu,False,0.005561687274092147,0.005561687274092147,finishing allrounder,6.0,,120.0,7.0,8.577181208053691,9.0,24.94,0.7011572645095923,-3.999999999999999,-0.9999999999999996
20072,Girish Rauturi,True,0.9998928492942594,0.9998928492942594,finishing allrounder,170.0,,180.85106382978722,13.0,7.517241379310345,9.0,28.3,180.85106382978722,-17.999999999999993,-0.9999999999999998
20073,Piyush Joshi,True,0.9998984889354195,0.9998984889354195,top/middle,461.0,,129.13165266106444,1.0,7.377049180327869,14.0,29.5,8.65488701522958,41.00000000000001,-0.4999999999999999
20074,Vijay Sharma,True,0.9988248898226012,0.9988248898226012,finisher,272.0,,135.3233830845771,2.0,7.6,23.0,27.19,4.074537636358759,21.799999999999997,
20075,Ashish Chaudhary,False,1.6873062190038863e-06,1.6873062190038863e-06,finishing allrounder,7.0,,100.0,0.0,10.5,2.0,27.12,100.0,,
20076,Agrim Tiwari,True,0.996990442754498,0.996990442754498,finishing allrounder,30.0,,115.38461538461539,31.0,8.666666666666666,21.0,29.62,3.3052383778105616,10.999999999999998,2.6999999999999993
20077,Yuvraj Chaudhary,True,0.9999657437214315,0.9999657437214315,batting allrounder,636.0,,152.8846153846154,17.0,7.262195121951219,20.0,24.14,3.784327041974832,42.99999999999998,2.499999999999999
20078,Arslan Khan,False,0.050865654834127604,0.050865654834127604,opener,76.0,,96.20253164556962,0.0,5.571428571428571,10.0,26.2,1.132005660749842,75.99999999999996,
20079,Jagjit Singh,False,0.007023308433246404,0.007023308433246404,finishing allrounder,32.0,,145.45454545454547,7.0,7.953488372093023,3.0,28.83,0.7013211766555143,-11.999999999999998,-2.9999999999999996
20080,Prabin Luha,False,0.0091218836393287,0.0091218836393287,finisher,77.0,,105.47945205479452,,,10.0,30.55,105.47945205479452,-62.99999999999998,
20081,Gourav Choudhury,False,0.0002773167252699882,0.0002773167252699882,opener,271.0,,166.25766871165644,,,7.0,26.43,7.560504547842444,35.999999999999986,
20083,Ankitkar Jaiswal,False,0.002982505232119867,0.002982505232119867,finishing allrounder,2.0,,200.0,4.0,6.767441860465116,4.0,24.35,200.0,,1.333333333333333
20084,Ashish Rai,False,0.004635401398114534,0.004635401398114534,finishing allrounder,1.0,,33.333333333333336,6.0,5.297872340425532,4.0,28.0,33.333333333333336,,
20085,Sunil Roul,False,0.009776819730836108,0.009776819730836108,finishing allrounder,1.0,,20.0,8.0,8.390243902439025,6.0,27.12,0.6692483759897145,0.4999999999999999,3.999999999999999
20086,Tarini Sa,False,0.014756045647576056,0.014756045647576056,finishing allrounder,8.0,,66.66666666666667,20.0,7.3754152823920265,15.0,29.2,0.697246230432634,0.7307692307692311,0.6857142857142854
20087,Walter Toppo,False,0.004806685502764855,0.004806685502764855,finisher,8.0,,100.0,,,1.0,31.15,100.0,,
20088,Denish Das,True,0.999692622618995,0.999692622618995,top/middle,313.0,,116.35687732342008,2.0,8.318181818181818,14.0,23.53,1.560724356933949,36.49999999999999,0.0
20111,Chinta Gandhi,False,0.002449758651200629,0.002449758651200629,finishing allrounder,3.0,,60.0,14.0,6.536170212765957,15.0,31.26,100.0,0.33333333333333326,3.333333333333333
20112,Bhanu Pania,False,0.002767920058849585,0.002767920058849585,finisher,236.0,,128.2608695652174,,,27.0,29.23,1.4024482562507856,10.600000000000003,
20116,Kaif Ahmed,True,0.9933501237574692,0.9933501237574692,finisher,311.0,,121.96078431372548,,,19.0,28.56,121.96078431372548,16.423076923076927,
20118,Mohit Raut,False,0.016716127109742688,0.016716127109742688,finishing allrounder,226.0,,103.19634703196347,20.0,7.1020408163265305,20.0,27.85,3.629861792490738,25.0,2.9999999999999996
20147,Digvijay Rangi,False,0.0022297450369084307,0.0022297450369084307,finisher,0.0,,0.0,0.0,4.666666666666667,2.0,27.62,0.0,,
20170,Suvankar Bal,False,0.004001374470786301,0.004001374470786301,finisher,103.0,,97.16981132075472,,,8.0,30.06,97.16981132075472,3.3076923076923084,
20171,Erik Roy,False,0.011343719045661007,0.011343719045661007,top/middle,357.0,,124.39024390243902,,,16.0,26.86,11.412377731264746,29.749999999999986,
20228,Saira Patil,True,0.9999977544912907,0.9999977544912907,finishing allrounder,354.0,,139.37007874015748,16.0,6.935064935064935,17.0,29.07,1.4116354382848104,80.39999999999999,3.999999999999999
20229,Mohammad Ali,False,0.001318222722378591,0.0011204893140218022,finishing allrounder,1.0,,100.0,8.0,8.41304347826087,5.0,33.07,100.0,,
20298,Anuj Raj,False,0.0030224449325120958,0.0030224449325120958,finishing allrounder,112.0,,186.66666666666666,24.0,6.6521739130434785,12.0,25.07,186.66666666666666,,2.884615384615385
20299,Suraj Kashyap,False,0.006142179388598022,0.006142179388598022,finishing allrounder,30.0,,90.9090909090909,7.0,7.352941176470588,4.0,22.29,3.602261480017233,6.4999999999999964,0.0
20301,Akash Raj,False,0.0033146134549718554,0.0033146134549718554,top/middle,29.0,,82.85714285714286,0.0,12.0,2.0,20.51,1.3848367389056027,-5.499999999999999,
2031,Sumit Mathur,False,3.170082021511654e-06,3.170082021511654e-06,finisher,152.0,,120.63492063492063,1.0,8.2,12.0,28.01,120.63492063492063,27.999999999999993,
20310,Ahmed Daniyal,True,0.9916307494356018,0.9916307494356018,finishing allrounder,41.0,,178.2608695652174,12.0,4.773480662983426,8.0,28.4,5.349010735647173,,9.999999999999996
20327,Usman Khan,False,0.31436683174685304,0.31436683174685304,top/middle,849.0,,136.2760834670947,,,37.0,30.55,3.3198439906845136,19.0,
2033,Jalaj Saxena,False,0.004242517166447278,0.0029697620165130946,finishing allrounder,304.0,,142.05607476635515,34.0,6.398286937901499,22.0,38.95,3.7652741692170864,54.8846153846154,0.7428571428571428
2037,Aniket Choudhary,True,0.9991263311362293,0.6993884317953605,finishing allrounder,20.0,,117.6470588235294,20.0,6.763636363636364,12.0,35.83,0.9656816416045921,-4.999999999999998,-0.39999999999999974
2054,Jason Behrendorff,True,0.9999917993649,0.6999942595554299,finishing allrounder,13.0,,65.0,29.0,8.33939393939394,22.0,35.6,3.0698397766072465,1.4999999999999998,2.7142857142857144
20693,Kuldip Yadav,True,0.99999891790315,0.99999891790315,finishing allrounder,1.0,,20.0,22.0,8.910569105691057,21.0,29.11,0.697246230432634,0.24999999999999994,2.6857142857142855
20694,Bhagath Varma,True,0.9817319302629339,0.9817319302629339,finisher,1.0,,100.0,1.0,5.5,2.0,27.18,100.0,,
207,Iqbal Abdulla,True,0.9843359490895133,0.6890351643626592,finishing allrounder,6.0,,120.0,2.0,11.833333333333334,3.0,35.98,120.0,,
20702,Tristan Stubbs,True,0.9999999998741367,0.9999999998741367,finisher,1281.0,,152.13776722090262,4.0,12.96,55.0,25.28,2.4954807508917507,148.9,0.19999999999999987
20704,Salman Mirza,False,0.012237519752238893,0.012237519752238893,finishing allrounder,0.0,,0.0,15.0,5.021052631578947,7.0,31.9,0.0,,
20711,Samarpit Joshi,False,0.0006208578168918693,0.0006208578168918693,top/middle,39.0,,139.28571428571428,,,1.0,26.19,139.28571428571428,,
20723,Mohit Avasthi,False,0.010619568246010474,0.009026633009108902,finishing allrounder,14.0,,100.0,29.0,8.523012552301255,21.0,33.02,1.6861839978734483,11.999999999999998,-0.09999999999999988
20730,Yash Kshirsagar,False,3.37439255665272e-06,3.37439255665272e-06,batting allrounder,532.0,,122.29885057471265,9.0,6.315789473684211,30.0,26.95,120.8994708994709,13.999999999999991,1.4999999999999993
20751,Vikas Rawat,True,0.954520263664215,0.8113422241145828,finishing allrounder,2.0,,66.66666666666667,4.0,10.333333333333334,5.0,33.1,66.66666666666667,,
20754,Ankit Manor,False,0.005029754889262992,0.005029754889262992,finishing allrounder,6.0,,60.0,3.0,7.015384615384615,4.0,24.94,60.0,,
20755,Kamal Singh,False,4.4751388214626555e-05,4.4751388214626555e-05,opener,85.0,,111.84210526315789,1.0,8.5,5.0,24.99,111.84210526315789,,
20756,Tanush Gusain,False,2.2830002538094916e-06,2.2830002538094916e-06,opener,176.0,,129.41176470588235,,,5.0,24.8,129.41176470588235,,
20757,Vijay Jethi,False,0.001245453034524166,0.001245453034524166,top/middle,29.0,,103.57142857142857,,,4.0,30.99,103.57142857142857,,
20760,Manan Hingrajia,False,0.000926363880944438,0.000926363880944438,opener,55.0,,75.34246575342466,4.0,7.0,5.0,27.77,75.34246575342466,,
20761,Aishwarya Mourya,False,7.423689996622386e-05,7.423689996622386e-05,finishing allrounder,138.0,,126.60550458715596,20.0,9.295336787564766,17.0,31.76,2.9116200896934474,-9.999999999999996,13.999999999999996
20762,Shivam Sharma,False,0.0021790950536216195,0.0021790950536216195,finishing allrounder,240.0,,131.14754098360655,21.0,7.414990859232176,28.0,30.03,8.393848176127499,-17.499999999999993,0.9999999999999992
20763,Jasmer Dhankar,False,0.00019969219863882187,0.00019969219863882187,finishing allrounder,14.0,,93.33333333333333,22.0,8.255874673629243,27.0,27.12,1.8592518403433393,2.9999999999999987,-5.499999999999998
20764,Munindra Maurya,False,0.02848105884730086,0.02848105884730086,finishing allrounder,5.0,,125.0,0.0,8.88,2.0,29.19,125.0,,0.0
20766,Fazil Fanoos,False,7.527668822986283e-05,7.527668822986283e-05,finishing allrounder,107.0,,117.58241758241758,32.0,7.325581395348837,26.0,28.14,4.267969007054426,-27.499999999999993,-3.0
20767,Vathsal Govind,False,6.6183832292788255e-06,6.6183832292788255e-06,top/middle,585.0,,109.34579439252336,,,27.0,25.9,9.056058566852961,3.9999999999999982,
20768,Nedumankuzhy Basil,False,0.00022100155617248406,0.00022100155617248406,finishing allrounder,13.0,,72.22222222222223,22.0,7.812646370023419,20.0,29.1,0.9722128005122088,0.9999999999999992,0.9999999999999986
20769,Kalliparambil Rojith Ganesh,False,0.03149550880776642,0.026771182486601458,finisher,115.0,,136.9047619047619,,,6.0,32.04,136.9047619047619,,
20797,Pathirikattu Midhun,False,6.191407346504837e-05,6.191407346504837e-05,finishing allrounder,77.0,,95.06172839506173,18.0,6.686567164179104,21.0,31.58,4.7307906164693785,0.4999999999999977,-2.499999999999999
20801,Akshay Manohar,False,0.00018182269623280667,0.00018182269623280667,batting allrounder,609.0,,122.28915662650603,4.0,6.5064935064935066,30.0,25.83,8.88330656099508,51.99999999999997,-0.9999999999999997
20802,Abdul Basith,False,0.06730163268470987,0.06730163268470987,finishing allrounder,722.0,,136.48393194706995,28.0,7.608695652173913,45.0,27.13,5.669537108637021,80.39999999999998,1.4999999999999982
20804,Alfi John,False,0.00021984560177337707,0.00021984560177337707,finishing allrounder,319.0,,152.6315789473684,5.0,7.738636363636363,26.0,24.45,27.876805744456732,57.499999999999986,-1.570092458683775e-16
20805,Venugopalan Vinod C V,False,1.492373248507092e-05,1.0446612739549644e-05,finishing allrounder,158.0,,117.91044776119404,25.0,6.601156069364162,25.0,38.32,1.111354200758782,-27.999999999999993,-20.999999999999993
20808,Dheeraj Prem,False,0.0010658037704830284,0.0010658037704830284,finisher,4.0,,25.0,,,5.0,,25.0,0.0,
20810,Riya Basheer,False,0.0030582442614232657,0.0030582442614232657,top/middle,445.0,,124.64985994397759,,,23.0,,20.560708572718145,-150.99999999999997,
20812,Varun Nayanar,False,0.0014818700565609468,0.0014818700565609468,top/middle,655.0,,121.5213358070501,,,26.0,23.09,3.4217547147807985,-122.99999999999997,
20813,Bharath M,False,0.015089351585245828,0.015089351585245828,top/middle,236.0,,122.91666666666667,,,13.0,28.63,25.44244382398758,1.9999999999999984,
20814,Maruthungal Ajinas,False,0.01751260495959488,0.01751260495959488,top/middle,681.0,,125.87800369685768,,,30.0,28.55,6.067353274937687,130.99999999999997,
20815,Sachin M S,False,2.277790433996002e-08,2.277790433996002e-08,top/middle,173.0,,94.02173913043478,0.0,14.0,8.0,,94.02173913043478,30.999999999999986,
20816,Akash Pillai,False,0.0011535932570258505,0.0011535932570258505,opener,120.0,,114.28571428571429,0.0,16.0,6.0,,13.662929123428015,-26.999999999999993,
20819,Akhil Scaria,False,0.003841442784691363,0.003841442784691363,finishing allrounder,604.0,,123.77049180327869,71.0,7.297509829619921,35.0,,5.95142023045129,130.99999999999994,9.999999999999995
20822,Gowtham Mohan,False,0.00022441684789740397,0.00022441684789740397,finishing allrounder,49.0,,89.0909090909091,1.0,8.4,8.0,,89.0909090909091,40.999999999999986,
20823,Niranjan V Dev,False,0.004153928922102398,0.004153928922102398,finisher,56.0,,78.87323943661971,,,12.0,,8.736939232926794,7.999999999999998,
20824,Amal Ramesh,False,0.105958596445503,0.105958596445503,finishing allrounder,2.0,,66.66666666666667,13.0,6.9397590361445785,10.0,,66.66666666666667,0.0,-1.9999999999999996
20825,Abhijith K,False,0.0003296286937308662,0.0003296286937308662,finishing allrounder,13.0,,81.25,3.0,8.25,3.0,,81.25,,
20826,Vinil S,False,0.0009492448240599173,0.0009492448240599173,finishing allrounder,29.0,,82.85714285714286,25.0,6.534521158129176,25.0,26.69,8.565015475719413,-6.9999999999999964,2.9999999999999987
20828,Vishnu Raj,False,4.224252409848688e-06,4.224252409848688e-06,opener,416.0,,100.0,,,22.0,,6.182123011792491,2.4999999999999947,
20829,Abhishek Nair,False,0.00032240120138089584,0.00032240120138089584,opener,862.0,,119.55617198335645,,,33.0,21.47,24.219767449749156,80.99999999999996,
20830,Albin Alias,False,0.0003416824395480172,0.0003416824395480172,top/middle,27.0,,65.85365853658537,,,5.0,,65.85365853658537,,
20831,Krishna Prasad,False,1.6851932899960673e-05,1.6851932899960673e-05,opener,1054.0,,130.6071871127633,,,30.0,26.41,7.546872779898689,155.49999999999991,
20832,Harikrishnan K N,False,0.004288321749700932,0.004288321749700932,finishing allrounder,135.0,,99.26470588235294,6.0,7.11864406779661,11.0,,22.352904177065646,-4.999999999999998,1.9999999999999996
20834,Atul Diamond Sowri,False,0.012350900875390924,0.012350900875390924,finisher,60.0,,139.53488372093022,,,5.0,,139.53488372093022,,
20836,Rahul Chandran,False,0.04411214648081949,0.04411214648081949,finishing allrounder,1.0,,50.0,17.0,7.921450151057402,15.0,,50.0,,3.499999999999999
20837,Febin Albert,False,2.6909398849813616e-05,2.6909398849813616e-05,finishing allrounder,2.0,,25.0,7.0,6.8354430379746836,4.0,,25.0,,
20839,Sreeraj R,False,0.015214112375813294,0.015214112375813294,finishing allrounder,58.0,,148.71794871794873,17.0,6.459183673469388,11.0,,148.71794871794873,,-14.999999999999995
20843,Anand Joseph,False,7.709646405827589e-05,7.709646405827589e-05,finishing allrounder,136.0,,112.39669421487604,26.0,7.202970297029703,22.0,30.11,1.3408572998766832,-12.0,1.9999999999999991
20844,Aadidev T J,False,6.321677893024496e-06,6.321677893024496e-06,opener,257.0,,106.19834710743801,,,11.0,,106.19834710743801,-20.999999999999993,
20845,Aravind K S,False,0.0025528212231622164,0.0025528212231622164,top/middle,28.0,,58.333333333333336,,,5.0,,58.333333333333336,-27.999999999999993,
20846,Sanju Sanjeev,False,0.0005334186852540325,0.0005334186852540325,top/middle,125.0,,135.8695652173913,,,5.0,,135.8695652173913,,
20848,Kiran Sagar M,False,0.00022238177237643702,0.00022238177237643702,finishing allrounder,3.0,,75.0,15.0,7.177777777777778,16.0,,2.062970720135751,-0.9999999999999998,0.9999999999999998
20850,Jose Perayil,False,0.06073831400916507,0.06073831400916507,finishing allrounder,44.0,,95.65217391304348,9.0,7.641025641025641,10.0,27.67,21.061808198591738,3.999999999999999,-4.710277376051325e-16
20854,Prasoon Prasad,False,0.0003885388319423536,0.0003885388319423536,finishing allrounder,154.0,,205.33333333333334,12.0,5.869565217391305,14.0,,0.7023340200218794,111.99999999999997,-3.999999999999999
20855,Monu Krishna,False,9.31539492813134e-05,9.31539492813134e-05,finishing allrounder,14.0,,48.275862068965516,24.0,7.425882352941176,19.0,25.19,48.275862068965516,,2.9999999999999987
20861,Ashwin Anand,False,0.00042850721668288605,0.00042850721668288605,batting allrounder,195.0,,116.76646706586827,1.0,8.516129032258064,8.0,,116.76646706586827,56.99999999999997,0.9999999999999998
20862,Ananthakrishnan J,False,0.0006075136417380502,0.0006075136417380502,finishing allrounder,130.0,,130.0,8.0,6.0,11.0,,2.060998274328302,-37.49999999999999,
20863,Abhishek R Nair,False,0.00011678612850192009,0.00011678612850192009,top/middle,83.0,,90.21739130434783,2.0,7.75,7.0,,90.21739130434783,48.99999999999999,
20864,Adithya Krishnan K,False,1.1806169969599132e-05,1.1806169969599132e-05,finishing allrounder,13.0,,50.0,4.0,5.503759398496241,7.0,,50.0,,
20865,Sreehari Nair,False,0.0003222274123951656,0.0003222274123951656,finishing allrounder,28.0,,62.22222222222222,30.0,6.235714285714286,27.0,27.51,3.684387138391481,6.499999999999998,1.4999999999999993
20866,Muhammed Sharafuddeen,False,0.0024833903855952257,0.0024833903855952257,finishing allrounder,324.0,,150.69767441860466,54.0,7.458715596330276,33.0,,2.524260055016895,64.49999999999997,-1.9999999999999996
20867,Rabin Krishna M,False,0.0007280410677891791,0.0007280410677891791,finishing allrounder,88.0,,133.33333333333334,6.0,4.764705882352941,5.0,,133.33333333333334,,
20869,Asif Salam,False,0.0005122204290092863,0.0005122204290092863,finishing allrounder,1.0,,33.333333333333336,8.0,7.538461538461538,7.0,,33.333333333333336,,
20870,Subin S,False,0.00037198577141330056,0.00037198577141330056,top/middle,173.0,,98.29545454545455,,,17.0,,7.921690887548939,-8.000000000000002,
20871,Gireesh P G,False,0.0012258687273139274,0.0012258687273139274,finisher,110.0,,104.76190476190476,,,15.0,,1.5044219774935828,-21.999999999999996,
20874,Anand Krishnan,False,1.3224995012475194e-05,1.3224995012475194e-05,opener,797.0,,118.07407407407408,0.0,12.0,28.0,,6.698833608439052,103.49999999999999,
20875,Jofin Jose C,False,0.004158636864642251,0.004158636864642251,finishing allrounder,39.0,,60.9375,4.0,7.6,8.0,,60.9375,,
20877,Anuj Jotin,False,0.0001363494438750927,0.0001363494438750927,top/middle,300.0,,111.52416356877323,0.0,12.0,16.0,,11.834312055162075,-40.49999999999999,
20878,Neeraj Kumar M N,False,6.5989005832879105e-06,6.5989005832879105e-06,top/middle,63.0,,150.0,,,2.0,,150.0,,
20879,Mannembeth Sreeroop,False,0.000197986458622893,0.000197986458622893,finishing allrounder,126.0,,100.8,17.0,8.903225806451612,15.0,,5.523779359053082,29.999999999999993,-0.4999999999999996
20880,Vaisakh Chandran,False,6.705879977198153e-05,6.705879977198153e-05,finishing allrounder,5.0,,71.42857142857143,7.0,6.4941176470588236,13.0,,71.42857142857143,,2.4999999999999996
20881,Vishnu P Kumar,False,0.0008520348926899207,0.0008520348926899207,finishing allrounder,0.0,,0.0,3.0,7.176470588235294,3.0,,0.0,,-2.9999999999999996
20882,Muhammed Afriedh K T,False,0.00021071168112929726,0.00021071168112929726,finishing allrounder,5.0,,166.66666666666666,5.0,7.135135135135135,4.0,,166.66666666666666,,
20884,Afrad Reshab P N,False,0.0006763983075580969,0.0006763983075580969,finishing allrounder,11.0,,78.57142857142857,11.0,6.098360655737705,9.0,,78.57142857142857,,-4.999999999999998
20886,Nikhil Thottath,False,8.956234075656424e-05,8.956234075656424e-05,finisher,512.0,,135.09234828496042,,,27.0,26.02,15.805696696149559,12.999999999999996,
20887,Sreenath Kodakkadath,False,0.026261917398763202,0.026261917398763202,top/middle,133.0,,110.83333333333333,,,6.0,,110.83333333333333,,
20894,Aman Khan,True,0.9999999998290194,0.9999999998290194,batting allrounder,1154.0,,157.2207084468665,46.0,7.461847389558233,51.0,29.01,2.2672531009785164,125.79999999999998,8.6
20937,Arjun Sharma,False,0.12619286344687408,0.12619286344687408,finishing allrounder,14.0,,175.0,6.0,5.506849315068493,3.0,29.51,0.8210872688791694,,
20985,Raman Bishnoi,False,4.725335857704896e-05,4.725335857704896e-05,finishing allrounder,155.0,,174.1573033707865,12.0,6.6467065868263475,10.0,27.93,4.254437926382173,,
20987,Bhagmender Lather,False,0.15986441627832976,0.15986441627832976,finishing allrounder,201.0,,125.625,7.0,8.095890410958905,9.0,28.44,2.687404948861055,55.49999999999998,0.9999999999999998
20989,Vivrant Sharma,True,0.9999790535388839,0.9999790535388839,top/middle,97.0,,107.77777777777777,0.0,9.714285714285714,6.0,28.28,2.2907173774459815,-37.499999999999986,
20990,Vivek Vashisht,False,0.0001823919627322789,0.0001823919627322789,finishing allrounder,9.0,,60.0,7.0,7.515789473684211,6.0,27.06,60.0,,
21008,Rishav Raj,False,0.0022229725279454987,0.0022229725279454987,finisher,0.0,,0.0,,,2.0,29.81,0.0,,
2101,Quinton de Kock,True,0.9999999995992741,0.849999999659383,opener,2164.0,,132.4357405140759,,,75.0,32.94,2.6264116726136124,-143.10000000000002,
21026,Kumar Rajnish,False,0.011946825746052162,0.011946825746052162,finisher,27.0,,84.375,,,2.0,31.91,84.375,,
21029,Bipin Saurabh,False,0.010705241481895155,0.010705241481895155,opener,328.0,,135.53719008264463,,,9.0,26.02,10.031619338779688,-28.599999999999998,
21058,Baljeet Singh Bihari,False,1.0514360109006933e-05,1.0514360109006933e-05,top/middle,21.0,,105.0,,,1.0,23.2,105.0,,
2119,Kennar Lewis,False,0.00018228721081847604,0.00015494412919570463,opener,123.0,,109.82142857142857,,,9.0,34.28,10.876430758201668,-23.499999999999993,
21196,Mohammad Waheed,False,0.0012447908939861427,0.0012447908939861427,finishing allrounder,1.0,,100.0,2.0,7.75,1.0,22.2,100.0,,
21388,Martin Coetzee,False,0.042330796151525026,0.029631557306067514,finisher,37.0,,160.8695652173913,,,3.0,37.12,160.8695652173913,,
217,Ben Cutting,False,0.015975812481554254,0.011183068737087977,finisher,38.0,,86.36363636363636,1.0,8.8,3.0,38.82,0.8889947442017071,,
21784,Brad Evans,False,0.005988058217131911,0.005988058217131911,finishing allrounder,8.0,,47.05882352941177,8.0,7.836734693877551,4.0,28.68,2.746343473251906,,
21790,Tashinga Musekiwa,False,0.01951904939127539,0.01951904939127539,finisher,19.0,,76.0,,,4.0,25.79,1.314983175124003,,
2199,Mominul Haque,False,0.0005417097870845628,0.00046045331902187835,top/middle,69.0,,82.14285714285714,1.0,7.0,5.0,34.16,1.099764682056677,-34.49999999999999,
220,David Warner,True,0.9999999998208198,0.6999999998745738,opener,1812.0,,134.32171979243884,,,53.0,39.08,2.6111721856762853,32.20000000000002,
2201,Arafat Sunny,False,1.9855669587356727e-05,1.3898968711149709e-05,finishing allrounder,93.0,,76.85950413223141,32.0,6.689127105666156,34.0,39.16,16.425618496974835,18.999999999999996,1.7999999999999992
2205,Ziaur Rahman,False,0.0004807663329709789,0.0003365364330796852,finishing allrounder,247.0,,129.3193717277487,14.0,8.181818181818182,24.0,38.98,2.136519334298818,-22.299999999999997,0.7999999999999998
2207,Mizanur Rahman,False,0.0038525913661175714,0.0032747026611999355,top/middle,44.0,,63.768115942028984,,,7.0,34.33,2.7516758214805006,-1.0000000000000004,
2208,Mukhtar Ali,False,0.0006318885632126664,0.0004423219942488665,finishing allrounder,29.0,,80.55555555555556,3.0,8.736263736263735,13.0,36.13,3.049856229896219,2.9999999999999996,0.9999999999999998
2210,Sabbir Rahman,False,0.0499911279848692,0.04249245878713882,top/middle,347.0,,119.65517241379311,0.0,8.0,22.0,34.01,2.116294116236056,28.78571428571429,
2212,Ariful Haque,False,0.0003133719523246262,0.0002663661594759323,finishing allrounder,423.0,,125.51928783382789,3.0,9.891089108910892,39.0,33.02,3.45471860698229,41.7,0.29999999999999993
2213,Soumya Sarkar,False,0.0026913609947595615,0.0022876568455456273,top/middle,844.0,,109.6103896103896,9.0,8.81578947368421,53.0,32.75,5.813482130319726,27.100000000000016,0.10000000000000007
2214,Gulbadin Naib,True,0.9999992217321017,0.8499993384722864,batting allrounder,202.0,,117.44186046511628,2.0,6.8478260869565215,14.0,34.48,1.4828397485541351,9.499999999999986,0.9999999999999998
2216,Amir Hamza Hotak,False,0.012812833166866898,0.010890908191836864,finishing allrounder,17.0,,48.57142857142857,8.0,6.5675675675675675,10.0,34.29,0.5602266054646273,-8.499999999999995,-3.9999999999999982
2218,Anamul Haque,False,0.0009470492421238693,0.0008049918558052888,top/middle,1282.0,,120.0374531835206,,,50.0,32.94,2.580377356844959,11.999999999999996,
2226,Nasir Hossain,False,0.001669011121045557,0.0014186594528887233,batting allrounder,366.0,,115.82278481012658,16.0,6.502463054187192,12.0,33.99,5.011832110491366,,
2228,Alauddin Babu,False,0.0017256475018614778,0.0014668003765822561,finishing allrounder,100.0,,119.04761904761905,17.0,8.083969465648854,13.0,33.98,2.010968991396637,-13.214285714285714,-0.7142857142857142
2229,Al-Amin Hossain,False,0.0015121957777262751,0.0012853664110673338,finishing allrounder,38.0,,62.295081967213115,25.0,8.681912681912682,23.0,32.92,0.5637318875148396,-16.499999999999996,-7.499999999999996
223,Steven Smith,True,0.9999999999892817,0.6999999999924972,top/middle,380.0,,115.5015197568389,,,22.0,36.48,4.760585836313142,-48.39999999999999,
2230,Kamrull Rabbi,False,0.002765276973132714,0.0023504854271628067,finishing allrounder,18.0,,138.46153846153845,26.0,9.086124401913876,24.0,33.96,0.917451100595422,-4.399999999999999,-3.0
2231,Nazmul Islam,False,0.00014020626697399486,0.00011917532692789563,finishing allrounder,13.0,,65.0,17.0,7.424749163879599,16.0,34.69,65.0,-10.999999999999998,-2.3
2232,Sohag Gazi,False,0.00018231374033657912,0.00015496667928609225,finishing allrounder,23.0,,56.09756097560975,13.0,8.04149377593361,12.0,34.31,0.690132948565642,-0.33333333333333326,-2.3333333333333326
2234,Nadif Chowdhury,False,0.24922028308668556,0.1744541981606799,finisher,6.0,,600.0,,,1.0,38.6,600.0,,
224,Moises Henriques,True,0.9999976035660914,0.6999983224962639,finishing allrounder,166.0,,103.75,4.0,4.388059701492537,15.0,38.82,3.8763463153979205,,
2246,Tom Latham,False,0.05604533150502124,0.04763853177926805,top/middle,353.0,,107.95107033639144,,,13.0,33.65,3.3056907198559355,17.499999999999993,
2249,Taijul Islam,False,0.0002775393188794796,0.00023590842104755766,finishing allrounder,9.0,,90.0,12.0,6.893203883495145,15.0,33.8,90.0,-1.7142857142857146,1.4
2250,Colin de Grandhomme,False,1.9256212379287022e-05,1.3479348665500915e-05,batting allrounder,18.0,,72.0,1.0,4.363636363636363,5.0,39.35,72.0,,
2254,Rahul Shukla,False,0.3429138878070803,0.2400397214649562,finishing allrounder,1.0,,100.0,7.0,9.096774193548388,3.0,35.25,100.0,,-1.4999999999999998
2255,Sujit Nayak,True,0.9979734079571063,0.6985813855699744,finishing allrounder,135.0,,128.57142857142858,1.0,6.571428571428571,8.0,36.43,1.6423198626512294,0.7499999999999959,-0.4999999999999999
2256,Apoorv Wankhade,True,0.9999858462980563,0.8499879693533479,top/middle,466.0,,139.1044776119403,,,20.0,33.7,4.385330868472775,6.300000000000002,
22565,Waseem Muhammad,True,0.9992349458892527,0.9992349458892527,opener,103.0,,100.0,,,4.0,31.79,1.3002887263049514,100.99999999999999,
22568,Kadeem Alleyne,False,0.0016264020392404294,0.0016264020392404294,finisher,10.0,,66.66666666666667,0.0,8.0,3.0,24.9,0.8998533449756817,,
2257,Chirag Jani,False,0.04194562190094463,0.029361935330661237,finishing allrounder,580.0,,116.70020120724347,61.0,7.217948717948718,39.0,36.05,1.7964968014437954,15.3,3.0
2258,Sanju Samson,True,0.9999999976372731,0.9999999976372731,top/middle,3666.0,,145.01582278481013,,,132.0,31.04,1.8962325818600265,81.19999999999999,
2259,Kuldeep Raval,False,0.00019480047848686479,0.00013636033494080535,finishing allrounder,75.0,,127.11864406779661,6.0,6.068965517241379,5.0,39.99,127.11864406779661,,
2261,Harshal Patel,True,0.9999999999987923,0.6999999999991545,finishing allrounder,314.0,,110.95406360424029,149.0,8.019444444444444,99.0,35.01,2.0997578559591026,-20.099999999999998,-5.9
22862,Aks Swadhin,False,0.0010082007287702617,0.0010082007287702617,finishing allrounder,1.0,,100.0,3.0,8.426966292134832,4.0,23.12,100.0,,
22868,Zahiduzzaman Khan,False,0.0004874093534002247,0.0004874093534002247,finisher,18.0,,85.71428571428571,,,1.0,29.4,85.71428571428571,,
22876,Towfiq Khan,False,0.012722907456887585,0.010814471338354448,top/middle,116.0,,104.50450450450451,,,7.0,34.46,2.2690248361974614,29.99999999999999,
22877,Imran Uzzaman,False,0.017859153659633007,0.017859153659633007,top/middle,52.0,,72.22222222222223,,,9.0,31.06,2.9781522072369717,-2.9999999999999996,
22888,Sajjadul Haque,False,0.0014894243841343526,0.0010425970688940469,top/middle,0.0,,0.0,,,1.0,35.88,0.0,,
22889,Sabbir Hossain,False,0.0062762422047442255,0.0062762422047442255,batting allrounder,79.0,,103.94736842105263,2.0,11.16,11.0,28.7,1.69540302258802,58.999999999999986,0.0
22892,Rahmat Ali,False,0.00020094361241457576,0.00020094361241457576,finishing allrounder,0.0,,0.0,1.0,6.0,1.0,,0.0,,
22896,Pritom Kumar,False,0.049580132212189466,0.049580132212189466,top/middle,12.0,,57.142857142857146,,,3.0,24.02,1.2510058939183204,-5.999999999999999,
22920,Jacob Duffy,True,0.9999978338526538,0.9999978338526538,finishing allrounder,24.0,,82.75862068965517,40.0,6.449477351916376,29.0,31.32,1.377797781883062,1.1428571428571426,6.285714285714283
2299,Gurkeerat Singh Mann,False,0.00770111524457017,0.005390780671199119,batting allrounder,83.0,,92.22222222222223,0.0,7.125,7.0,35.41,1.4711208179887534,2.499999999999999,
23,Piyush Chawla,True,0.9999999999887976,0.6999999999921583,finishing allrounder,155.0,,104.72972972972973,58.0,7.756232686980609,48.0,36.92,1.008097566412043,32.1,9.2
2304,Tymal Mills,True,0.999999998461814,0.8499999986925418,finishing allrounder,8.0,,53.333333333333336,11.0,10.239669421487603,12.0,33.29,0.6648861638517507,-7.999999999999998,-6.999999999999998
23146,Tahjibul Islam,False,0.000534681607943204,0.000534681607943204,finisher,7.0,,116.66666666666667,,,2.0,21.34,116.66666666666667,,
2315,Reece Topley,True,0.9999999999163725,0.9999999999163725,finishing allrounder,27.0,,75.0,37.0,8.277915632754343,36.0,31.76,1.6867657840096844,-1.9285714285714284,-4.099999999999999
2316,Chris Morris,True,0.9999878596003166,0.6999915017202215,finishing allrounder,67.0,,126.41509433962264,17.0,8.15267175572519,11.0,38.58,1.116974800889018,,
2320,Trent Boult,True,0.9999999999988387,0.699999999999187,finishing allrounder,93.0,,108.13953488372093,91.0,7.620507399577167,83.0,36.35,1.7786999867096667,-1.3999999999999992,0.6
2321,Olly Stone,False,0.006839780974584855,0.005813813828397126,finishing allrounder,0.0,,0.0,0.0,8.4,1.0,32.13,0.0,,
23311,Jacob Bethell,True,0.9999999995291726,0.9999999995291726,top/middle,420.0,,154.98154981549814,4.0,9.391304347826088,20.0,22.09,2.6354579679510732,73.99999999999999,3.999999999999999
2334,Dwaine Pretorius,True,0.9999997752858,0.69999984270006,finishing allrounder,188.0,,132.3943661971831,20.0,7.921182266009852,21.0,36.66,2.136938729032781,2.000000000000003,-0.5999999999999999
234,Daniel Christian,True,0.9999998987438512,0.6999999291206958,finishing allrounder,105.0,,114.1304347826087,8.0,7.782857142857143,16.0,42.57,1.286381252397157,,
23423,Ram R,False,0.0659106061769631,0.0659106061769631,top/middle,319.0,,110.38062283737024,,,24.0,24.8,2.122554571450236,26.499999999999996,
23426,TD Lokesh Raj,False,0.00573895065730004,0.00573895065730004,finishing allrounder,51.0,,96.22641509433963,22.0,6.981412639405204,15.0,25.57,1.5007007597411666,-4.371428571428569,1.5428571428571427
23428,S Abhishek,False,1.20596170946026e-06,1.20596170946026e-06,top/middle,103.0,,90.35087719298245,,,7.0,25.79,90.35087719298245,,
23430,AVR Rathnam,False,0.00841800154722453,0.00841800154722453,finisher,12.0,,150.0,,,1.0,29.71,150.0,,
23431,Kishoor G,False,0.00027221188376868466,0.00027221188376868466,finishing allrounder,6.0,,42.857142857142854,12.0,10.294416243654823,11.0,,0.6892367681251205,1.9999999999999996,-2.9999999999999996
23432,Suganesh M,False,5.747981216239053e-05,5.747981216239053e-05,finisher,8.0,,61.53846153846154,,,1.0,,61.53846153846154,,
23434,N Mohammed Ashik,False,0.004734957467602107,0.004734957467602107,opener,14.0,,45.16129032258065,,,3.0,27.6,45.16129032258065,,
23435,M Rooban Raj,False,0.01730076452152666,0.01730076452152666,finishing allrounder,0.0,,0.0,1.0,4.384615384615385,3.0,27.32,0.0,0.0,
23436,Affan Khader M,False,0.0003823560530735321,0.0003823560530735321,finisher,0.0,,0.0,,,1.0,,0.0,,
23440,Karuppusamy A,False,0.00014786554889696435,0.00010350588422787503,finishing allrounder,24.0,,92.3076923076923,8.0,7.610738255033557,11.0,38.63,3.335710074507395,1.5,-0.9999999999999997
23441,Sharun Kumar,False,0.008651652861322304,0.008651652861322304,finishing allrounder,2.0,,40.0,3.0,6.72972972972973,3.0,27.35,40.0,,
23443,Arjun Murthy,False,0.001867518707594526,0.001867518707594526,top/middle,84.0,,100.0,,,13.0,23.97,2.3794410553813132,-2.0,
23445,Jitendra Kumar CH,False,0.0001419175341314131,0.0001419175341314131,finisher,162.0,,120.0,0.0,7.666666666666667,18.0,,3.9774794902941437,13.100000000000001,
23448,Sri Neranjan R,False,0.006617446372109132,0.005624829416292762,batting allrounder,211.0,,104.97512437810946,6.0,10.038461538461538,17.0,33.49,2.852466023351088,43.99999999999998,5.999999999999999
23450,Sai Sudharsan,True,0.9999999999685716,0.9999999999685716,top/middle,3253.0,,140.8834993503681,1.0,6.3,77.0,24.11,3.9443309889775895,103.10000000000002,
23451,Jayaraman Suresh Kumar,False,4.050335791713106e-07,3.44278542295614e-07,top/middle,1066.0,,136.49167733674776,,,40.0,35.0,8.244869570978034,-20.39999999999999,
23452,Atheeq Ur Rahman Ma,False,0.009688670868304172,0.009688670868304172,finisher,419.0,,132.17665615141956,4.0,5.5,24.0,27.96,7.570691603843327,46.800000000000004,
23457,Yudheeswaran Valliappan,False,0.004651576180670454,0.004651576180670454,finishing allrounder,4.0,,22.22222222222222,29.0,8.711009174311927,28.0,27.76,0.7296211562980123,-0.19999999999999998,0.3999999999999998
23459,Ganesh R,False,0.0059618335178707365,0.0059618335178707365,finishing allrounder,0.0,,0.0,1.0,11.538461538461538,2.0,,0.0,,
23461,Amith VP,False,2.1938356798032223e-05,2.1938356798032223e-05,opener,1001.0,,119.59378733572282,,,38.0,23.19,4.021339734036028,37.89999999999999,
23462,M Mathivannan,False,1.5213312352512758e-05,1.5213312352512758e-05,finishing allrounder,78.0,,95.1219512195122,29.0,6.780748663101604,34.0,24.94,2.9970103166329376,-5.999999999999998,-0.7000000000000004
23464,Advaith Sharma,False,0.0030409817718210115,0.0030409817718210115,finishing allrounder,5.0,,55.55555555555556,1.0,2.88,1.0,,55.55555555555556,,
23467,Gurjapneet Singh,True,0.9999997510451542,0.9999997510451542,finishing allrounder,99.0,,139.43661971830986,50.0,6.682872928176796,38.0,27.05,2.3266492892038064,12.942857142857141,0.7428571428571423
2347,Colin Ackermann,False,0.0011607717446882587,0.00098665598298502,opener,2.0,,28.571428571428573,1.0,9.5,2.0,34.65,28.571428571428573,,
23470,P Praveen Kumar,False,1.5287877809360937e-05,1.5287877809360937e-05,opener,46.0,,104.54545454545455,,,3.0,25.99,104.54545454545455,,
23472,Gowtham V,False,0.0015055122766791983,0.0015055122766791983,finishing allrounder,18.0,,85.71428571428571,8.0,6.484848484848484,7.0,23.38,1.0183429189299054,-15.999999999999996,-0.9999999999999996
23473,Rajkumar K,False,0.004886040931864948,0.004886040931864948,top/middle,183.0,,93.36734693877551,,,14.0,,4.195625859302237,-5.599999999999999,
23474,Saravanan PK,False,0.00018244557066022152,0.00018244557066022152,finishing allrounder,198.0,,135.6164383561644,15.0,7.383233532934132,22.0,,4.544195842692358,21.2,-0.29999999999999993
23475,Rocky B,False,0.01028632092951528,0.008743372790087989,finishing allrounder,0.0,,0.0,15.0,6.974729241877256,15.0,32.72,0.0,,0.885714285714286
2351,Danushka Gunathilaka,True,0.9999982391991815,0.8499985033193043,top/middle,241.0,,103.87931034482759,1.0,8.689655172413794,21.0,34.7,1.776947738878183,-4.785714285714284,0.4999999999999999
2361,Temba Bavuma,True,0.9999943079533852,0.6999960155673696,opener,175.0,,102.94117647058823,,,15.0,35.53,1.3228040632341918,-20.499999999999993,
2362,William Bosisto,False,6.299803811473014e-06,5.354833239752062e-06,top/middle,298.0,,124.68619246861925,2.0,5.441860465116279,10.0,32.22,6.401305719253104,147.99999999999997,
2364,Ashton Agar,False,0.009531050345691105,0.00810139279383744,finishing allrounder,81.0,,80.1980198019802,10.0,5.461538461538462,13.0,32.12,1.3975796004580412,4.999999999999998,1.9999999999999996
2367,Travis Head,True,0.9999999995292361,0.9999999995292361,opener,1472.0,,166.3276836158192,0.0,13.363636363636363,47.0,31.91,3.401867996920962,190.60000000000002,0.0
23686,T Ajith Kumar,False,0.0017579527126259033,0.0017579527126259033,finishing allrounder,0.0,,0.0,4.0,5.27710843373494,3.0,28.18,0.0,,
2373,Ashton Turner,True,0.9998897438829096,0.8499062823004732,finishing allrounder,74.0,,77.08333333333333,1.0,4.304347826086956,10.0,32.84,3.500916594778485,-12.07142857142857,
2379,Ben Duckett,True,0.9999999934354398,0.9999999934354398,top/middle,518.0,,149.71098265895955,,,19.0,31.11,1.8507801734864957,3.9285714285714266,
2382,Jamie Overton,True,0.9999998437039113,0.9999998437039113,finishing allrounder,65.0,,118.18181818181819,15.0,8.418367346938776,16.0,31.63,1.3407112499063158,18.99999999999999,6.999999999999998
23857,Tharun J,False,0.0005546225085341931,0.0005546225085341931,finishing allrounder,11.0,,91.66666666666667,1.0,9.9375,4.0,24.41,91.66666666666667,,
23858,Vignesh E,False,0.0667561385655468,0.0667561385655468,finishing allrounder,5.0,,83.33333333333333,8.0,7.125,5.0,30.68,83.33333333333333,,
23859,Jerish A,False,0.00021278506967539274,0.00021278506967539274,finisher,55.0,,114.58333333333333,,,5.0,25.88,114.58333333333333,,
2386,Niroshan Dickwella,False,0.0863193342165246,0.0863193342165246,top/middle,14.0,,60.869565217391305,,,2.0,29.43,2.3613790404232176,,
23860,Logesh P,False,3.000969050256037e-08,3.000969050256037e-08,top/middle,409.0,,106.23376623376623,0.0,2.0,30.0,25.79,106.23376623376623,-43.88461538461539,
23861,Palanisamy P,False,0.00028481111728749086,0.00028481111728749086,finisher,30.0,,53.57142857142857,,,15.0,29.87,53.57142857142857,1.0384615384615385,
23862,Sivamurugan M,False,0.004239076022825549,0.004239076022825549,top/middle,199.0,,118.45238095238095,,,15.0,28.51,118.45238095238095,-6.500000000000001,
23863,Vijith A,False,0.001772632388025222,0.001772632388025222,finishing allrounder,2.0,,40.0,6.0,7.419354838709677,4.0,30.43,40.0,,
23864,Vishal Khokhar,False,0.000310637617169283,0.000310637617169283,finishing allrounder,53.0,,94.64285714285714,26.0,7.798319327731092,17.0,26.01,94.64285714285714,-14.999999999999998,4.666666666666665
23865,Amarnath AC,False,0.00044967733614409,0.00044967733614409,finishing allrounder,2.0,,66.66666666666667,0.0,7.846153846153846,2.0,25.49,66.66666666666667,,
23866,Gautham Srinivas R B,False,6.08270996463053e-07,6.08270996463053e-07,top/middle,69.0,,75.82417582417582,,,15.0,27.45,75.82417582417582,-14.999999999999998,
23867,Jay Pandey,False,3.949411580379461e-06,3.949411580379461e-06,top/middle,337.0,,103.37423312883436,2.0,5.285714285714286,17.0,31.18,103.37423312883436,24.333333333333325,-0.6666666666666665
23868,Lawrence B,False,0.0037170455515127764,0.0037170455515127764,finisher,5.0,,14.705882352941176,0.0,7.578947368421052,2.0,28.03,14.705882352941176,,
23869,Mohamed Safeequddin,False,6.033346727712813e-06,6.033346727712813e-06,finishing allrounder,143.0,,111.71875,29.0,7.19106699751861,20.0,25.26,111.71875,-0.6538461538461541,0.5
23870,Sathya Kumar A,False,3.923744166921071e-05,3.923744166921071e-05,finishing allrounder,1.0,,9.090909090909092,5.0,6.8023255813953485,9.0,29.15,9.090909090909092,,
23871,Jullian Jacab,False,1.384657781192375e-06,1.384657781192375e-06,finishing allrounder,159.0,,111.97183098591549,16.0,6.759740259740259,22.0,25.98,111.97183098591549,-6.230769230769231,1.333333333333333
23872,Madhankumar K,False,0.0014667109894277782,0.0014667109894277782,finishing allrounder,0.0,,0.0,7.0,6.642857142857143,6.0,28.93,0.0,,
23873,Saie Sharan Y,False,0.0010275314872529875,0.0010275314872529875,finishing allrounder,1.0,,50.0,12.0,7.076086956521739,9.0,23.74,50.0,,-1.846153846153846
23874,Siva Kumar S,False,0.00465273533454072,0.003954825034359612,finishing allrounder,29.0,,103.57142857142857,14.0,6.193548387096774,9.0,34.24,103.57142857142857,,
23875,Vijay Rajaram,False,0.002055301871821297,0.0017470065910481023,finishing allrounder,13.0,,100.0,8.0,6.47191011235955,5.0,34.59,100.0,,
23876,Aleti Karthik Reddy,False,0.00011947338668381843,0.00011947338668381843,finishing allrounder,92.0,,113.58024691358025,2.0,6.625,7.0,27.06,113.58024691358025,,
23877,Kumar P,False,3.1926023528100674e-06,2.234821646967047e-06,top/middle,104.0,,96.29629629629629,,,7.0,41.34,96.29629629629629,,
23878,Malladi Subrahmanyam Sarma,False,1.0995097629035558e-05,1.0995097629035558e-05,finishing allrounder,12.0,,44.44444444444444,6.0,5.055555555555555,5.0,26.36,44.44444444444444,,
23879,Sanjay Kansal R,False,0.000896899337864198,0.000896899337864198,finishing allrounder,3.0,,33.333333333333336,1.0,8.4,2.0,24.07,33.333333333333336,,
23880,Ajith Kumar A,False,7.522973546580983e-05,7.522973546580983e-05,opener,108.0,,96.42857142857143,,,6.0,28.94,96.42857142857143,,
23881,Muhammed Salmanul Faris,False,2.5103962304364117e-05,2.5103962304364117e-05,finisher,12.0,,80.0,,,4.0,29.11,80.0,,
23882,Murugan P,False,6.520246600050801e-06,6.520246600050801e-06,finishing allrounder,32.0,,118.51851851851852,5.0,6.7368421052631575,9.0,28.62,118.51851851851852,,
23883,Shreeraj Anant Gharat,False,7.78833116131286e-06,7.78833116131286e-06,top/middle,177.0,,112.0253164556962,,,9.0,25.2,112.0253164556962,,
2394,Angelo Perera,False,0.0023075563988039765,0.0016152894791627835,top/middle,17.0,,85.0,,,1.0,35.76,85.0,,
2399,Dushmantha Chameera,True,0.9999999999981479,0.8499999999984257,finishing allrounder,100.0,,104.16666666666667,51.0,7.809782608695652,49.0,33.88,1.1554301086115097,-4.115384615384611,-1.6
24017,Brian Bennett,False,0.0001493494962306399,0.0001493494962306399,opener,141.0,,128.1818181818182,0.0,4.0,4.0,22.05,18.11743105004819,,
2407,Dhananjaya de Silva,True,0.9999997057087406,0.8499997498524295,batting allrounder,261.0,,114.97797356828194,2.0,7.463414634146342,17.0,34.22,2.5810166698835673,-6.1000000000000005,0.49999999999999983
2410,Akshdeep Nath,False,0.0038665115767872725,0.0032865348402691813,top/middle,809.0,,120.38690476190476,2.0,9.054545454545455,32.0,32.55,4.92611708416281,99.50000000000001,-1.9999999999999996
2411,Sandeep Sharma,True,0.9999999997426472,0.8499999997812501,finishing allrounder,34.0,,70.83333333333333,67.0,8.012631578947369,61.0,32.53,1.0383658782691783,1.570092458683775e-16,4.3999999999999995
2412,Smit Patel,False,0.0006911904090594135,0.0005875118477005015,top/middle,22.0,,81.48148148148148,,,3.0,32.53,81.48148148148148,,
2413,Prashant Chopra,False,0.001288445115468717,0.0010951783481484094,opener,266.0,,101.52671755725191,1.0,14.0,12.0,33.14,2.7732527956942286,-3.942857142857145,
2414,Roosh Kalaria,False,0.1390937766057526,0.1182297101148897,finishing allrounder,7.0,,175.0,3.0,7.636363636363637,3.0,32.86,175.0,,
2415,Baba Aparajith,True,0.9999996351432888,0.9999996351432888,batting allrounder,1621.0,,130.8313155770783,33.0,6.621359223300971,48.0,31.39,3.243543846129476,10.200000000000005,-4.0
2416,Kyle Mayers,True,0.9999999999737663,0.8499999999777014,batting allrounder,1499.0,,142.2201138519924,14.0,6.469973890339426,58.0,33.22,2.6756006288864733,-66.1,1.9999999999999996
2417,Akeal Hosein,True,0.999999999996019,0.8499999999966161,finishing allrounder,236.0,,116.25615763546799,62.0,7.285094066570188,64.0,32.59,1.8585800742429452,1.7000000000000024,2.9999999999999996
24177,V Manga Satya Sumanth,False,0.0003315305840757073,0.0002320714088529951,top/middle,44.0,,102.32558139534883,,,1.0,40.65,102.32558139534883,,
24178,Sowrrow Singh,False,0.001634751858854367,0.001634751858854367,finishing allrounder,10.0,,111.11111111111111,6.0,7.912087912087912,4.0,,111.11111111111111,,
2418,Justin Greaves,False,0.0016047717886697485,0.0016047717886697485,top/middle,6.0,,120.0,,,1.0,31.75,120.0,,
24180,A Angappan,False,0.00023069196865498054,0.00023069196865498054,opener,31.0,,134.7826086956522,,,2.0,,134.7826086956522,,
2420,Ronsford Beaton,False,0.0001407945309593046,0.0001196753513154089,finishing allrounder,10.0,,71.42857142857143,1.0,9.0,2.0,33.19,71.42857142857143,,
24204,Sabari Rajasekar,False,0.0068648833252896455,0.0068648833252896455,finisher,8.0,,133.33333333333334,,,3.0,,133.33333333333334,,
24235,Deepak Shetty,True,0.9978360714694451,0.8481606607490283,finishing allrounder,2.0,,66.66666666666667,11.0,9.591549295774648,9.0,34.25,66.66666666666667,,0.4999999999999999
24245,Shoaib Khan,False,0.0012907402324387224,0.001097129197572914,finisher,9.0,,69.23076923076923,0.0,8.333333333333334,1.0,32.97,69.23076923076923,,
24247,Unnimon Sabu,False,2.0483605040212256e-07,2.0483605040212256e-07,top/middle,15.0,,60.0,0.0,14.0,4.0,28.03,60.0,,
24253,Ajith V,False,0.00018623201242710935,0.00018623201242710935,finishing allrounder,5.0,,71.42857142857143,20.0,6.501070663811563,28.0,31.52,1.0201464803059765,2.9999999999999996,0.4999999999999998
24254,Unnikrishnan Manukrishnan,False,0.0018156552379416844,0.0018156552379416844,finishing allrounder,265.0,,153.17919075144508,27.0,7.496746203904555,28.0,27.15,4.259418409983076,-6.999999999999998,-3.499999999999998
24256,Sanjay Raj,False,0.0031771061750872315,0.0031771061750872315,top/middle,255.0,,127.5,,,15.0,31.29,57.21615174974709,206.9999999999999,
24259,Neel Sunny,False,0.0004530690789776732,0.0004530690789776732,top/middle,339.0,,127.44360902255639,0.0,13.0,19.0,27.32,3.1083740042680654,-30.999999999999986,
24260,Rahul Sharma I,False,0.0007627890603142089,0.0007627890603142089,finisher,253.0,,116.05504587155963,0.0,6.6923076923076925,31.0,30.16,5.214684580101527,5.499999999999994,
24263,Abhishek P Nair,False,0.01041158639242958,0.01041158639242958,batting allrounder,330.0,,130.95238095238096,2.0,8.355555555555556,25.0,25.3,5.666051921713958,11.500000000000004,1.9999999999999996
24265,Adithya Mohan,False,7.370489260826167e-06,7.370489260826167e-06,finisher,3.0,,75.0,,,1.0,26.0,75.0,,
24266,Arjun K,False,0.00795919596868693,0.00795919596868693,finisher,395.0,,125.0,,,33.0,29.74,2.6425187231533487,60.999999999999986,
24267,Biju Narayanan,False,0.00012675391974994473,0.00012675391974994473,finishing allrounder,59.0,,173.52941176470588,36.0,6.1450777202072535,26.0,30.65,12.815173083095079,9.999999999999996,-2.5
24273,Anaz Nazeer,False,0.0006357383270068621,0.0006357383270068621,top/middle,93.0,,98.93617021276596,,,12.0,21.79,3.6034881786353736,18.99999999999999,
24278,Renjith Raveendran,False,0.0006098347775482211,0.000518359560915988,finishing allrounder,1.0,,10.0,5.0,9.10344827586207,4.0,32.49,10.0,,
24279,Mohmmed Anas EU,False,0.0006302683028614359,0.0006302683028614359,finisher,78.0,,121.875,0.0,20.0,6.0,26.46,121.875,,
24282,Sachin PS,False,0.3349844702301085,0.3349844702301085,finisher,94.0,,140.29850746268656,,,10.0,27.86,2.752587250753918,-14.499999999999993,
24283,Midhun PK,False,0.02841718045729517,0.02841718045729517,finishing allrounder,2.0,,50.0,6.0,6.0588235294117645,5.0,31.58,50.0,,1.9999999999999996
24285,K Rakesh,False,7.212811609626955e-05,5.048968126738868e-05,finishing allrounder,65.0,,95.58823529411765,1.0,7.457142857142857,8.0,42.54,95.58823529411765,,
24287,Rahul P,False,0.0002589593952001321,0.0002201154859201123,top/middle,153.0,,161.05263157894737,,,5.0,33.81,161.05263157894737,,
24289,Devaadithyan S R,False,0.004138605830708537,0.004138605830708537,top/middle,8.0,,38.095238095238095,,,2.0,23.29,38.095238095238095,,
24292,Anoop G,False,0.0003039784093661464,0.0003039784093661464,finishing allrounder,4.0,,66.66666666666667,11.0,8.169014084507042,12.0,27.22,0.6948239136595661,,-6.999999999999998
24297,Balu Babu,False,0.0006430184833685951,0.0006430184833685951,finishing allrounder,101.0,,88.59649122807018,15.0,7.621621621621622,14.0,31.04,3.384188523340086,-22.499999999999993,-1.9999999999999996
24301,Preetish Pavan,False,0.0007893023925324879,0.0007893023925324879,top/middle,29.0,,67.44186046511628,0.0,24.0,6.0,21.77,67.44186046511628,,
24302,Appu Prakash,False,0.0008103345963123061,0.0008103345963123061,opener,130.0,,82.27848101265823,,,10.0,21.63,0.6954558158626304,-39.999999999999986,
24305,Ameersha SN,False,0.00472745640004869,0.00472745640004869,opener,138.0,,135.2941176470588,,,10.0,24.35,21.96871039790597,39.999999999999986,
24307,Afrad Nazar,False,0.00010364579038516025,0.00010364579038516025,finishing allrounder,3.0,,75.0,1.0,7.3,3.0,27.12,75.0,,
24310,Liston Augustine,False,0.1716039796088276,0.1716039796088276,top/middle,39.0,,105.4054054054054,,,3.0,27.83,0.6979949602093525,,
24311,Sooraj CS,False,0.011234796866554526,0.011234796866554526,finishing allrounder,3.0,,60.0,0.0,7.6,2.0,30.73,60.0,,
24313,Govind Pai,False,8.731820353917813e-05,8.731820353917813e-05,top/middle,461.0,,115.82914572864321,,,23.0,21.21,25.391455053665386,22.49999999999998,
24316,Sanjeev Satheesan,False,0.007037484887664274,0.007037484887664274,finisher,248.0,,151.21951219512195,,,15.0,23.14,37.348998750903824,85.49999999999999,
24320,Mohammed T,False,0.02027585160492583,0.014193096123448079,top/middle,351.0,,132.95454545454547,,,20.0,35.46,5.387078432965733,46.999999999999986,
24321,Muhammed Ashiq,False,0.0008057485966993685,0.0008057485966993685,finisher,103.0,,114.44444444444444,0.0,24.0,5.0,28.44,114.44444444444444,,
24323,Sivaraj S,False,0.0005692318195184866,0.00048384704659071363,finishing allrounder,15.0,,75.0,15.0,6.4125,21.0,32.83,2.016834263669875,-0.9999999999999998,10.999999999999998
24326,Amal G,False,0.0009410624444079441,0.0009410624444079441,finishing allrounder,126.0,,131.25,22.0,7.414141414141414,22.0,29.24,4.600491435376688,-19.999999999999993,8.999999999999998
24327,Rohan Nair,False,0.09688838910049048,0.09688838910049048,top/middle,294.0,,139.33649289099526,,,9.0,22.88,1.980142508449973,153.99999999999994,
24328,Anuraj J S,False,0.012393888347769895,0.012393888347769895,finishing allrounder,0.0,,0.0,10.0,7.6,8.0,22.95,0.0,,-5.999999999999999
24336,Omar Abubacker,False,0.002366096849409039,0.002366096849409039,opener,224.0,,103.70370370370371,3.0,8.065573770491802,14.0,23.21,8.899417613862873,69.99999999999997,
24339,Sreeharsh V Nair,False,0.18148383708597116,0.18148383708597116,top/middle,26.0,,59.09090909090909,,,5.0,23.99,59.09090909090909,17.999999999999993,
24344,Saly V Samson,False,7.505101247552866e-05,6.379336060419936e-05,finishing allrounder,215.0,,127.2189349112426,5.0,6.915254237288136,18.0,32.9,8.445499448409564,86.99999999999997,4.999999999999998
24345,Mohammed Ishaaq,False,0.00011981427759760888,0.00011981427759760888,finishing allrounder,1.0,,20.0,18.0,6.6765578635014835,21.0,25.87,20.0,,-13.999999999999996
24347,Mashood P P,False,1.589322098841245e-05,1.589322098841245e-05,finisher,29.0,,100.0,,,7.0,25.12,100.0,-10.999999999999998,
2435,Malinda Pushpakumara,False,0.01691685480963842,0.011841798366746894,finishing allrounder,6.0,,60.0,4.0,7.3,3.0,38.68,60.0,,
24351,Yadhu Krishnan C,False,0.0026822559411734874,0.0026822559411734874,finishing allrounder,4.0,,30.76923076923077,0.0,8.5,1.0,26.06,30.76923076923077,,
24354,Bovas M Justin,False,0.0010299507046690735,0.0010299507046690735,finishing allrounder,14.0,,66.66666666666667,3.0,6.2,4.0,27.68,66.66666666666667,,
24355,Aditya Vinod,False,0.035335085426434196,0.035335085426434196,finishing allrounder,6.0,,120.0,11.0,6.951219512195122,8.0,,120.0,,6.999999999999998
24358,Jerin PS,False,0.00038807554053707695,0.00038807554053707695,finishing allrounder,70.0,,129.62962962962962,37.0,6.834782608695652,30.0,23.88,2.354895423323165,-11.999999999999998,6.499999999999998
2436,Dasun Shanaka,True,0.9999999997767226,0.8499999998102142,finishing allrounder,1009.0,,127.88339670468947,32.0,7.809917355371901,57.0,34.21,1.7761539329467355,-24.599999999999998,1.2999999999999998
24372,Muzahir Raza,True,0.998902087934139,0.998902087934139,finishing allrounder,46.0,,164.28571428571428,5.0,7.875,6.0,23.56,0.7012855370614547,45.999999999999986,0.9999999999999998
2439,Akila Dananjaya,True,0.999035769477782,0.8491804040561147,finishing allrounder,7.0,,87.5,4.0,8.097902097902098,7.0,32.15,0.9055717424953573,0.33333333333333326,0.0
2442,Lahiru Madushanka,False,0.03963577671999808,0.03369041021199837,finisher,1.0,,33.333333333333336,,,1.0,33.2,33.333333333333336,,
2443,Dilshan Munaweera,False,0.0002300302362279216,0.0001610211653595451,opener,51.0,,87.93103448275862,0.0,10.105263157894736,3.0,36.59,6.9965982953024115,,
24475,Rehan Ahmed,False,0.044184233326487535,0.044184233326487535,finishing allrounder,38.0,,126.66666666666667,14.0,9.67741935483871,10.0,21.29,1.0375270424533964,-27.999999999999993,-5.999999999999999
24555,Vijayaraj B,False,1.8441468040411795e-05,1.8441468040411795e-05,top/middle,9.0,,64.28571428571429,,,2.0,25.65,64.28571428571429,,
24556,Dhwaj Raichura,False,0.0007232013923095864,0.0006147211834631485,finisher,49.0,,140.0,,,4.0,32.1,140.0,,
24559,Rohit Kumar,False,0.00011487873912041351,0.00011487873912041351,finishing allrounder,1.0,,50.0,1.0,9.136363636363637,3.0,,50.0,,
24570,Vaibhav Yadav,False,0.00044602163757418144,0.00044602163757418144,finishing allrounder,1.0,,50.0,19.0,6.4106463878327,12.0,25.08,50.0,0.9999999999999998,-10.999999999999998
24572,Sasank Singh,False,0.0003531374023918646,0.0003531374023918646,top/middle,145.0,,106.61764705882354,,,8.0,,106.61764705882354,32.99999999999999,
24576,Suprodip Debnath,False,3.887668020545694e-05,3.887668020545694e-05,opener,1.0,,20.0,,,1.0,,20.0,,
24578,Avirup Gupta,False,0.0014359372037573977,0.001220546623193788,finisher,9.0,,128.57142857142858,,,3.0,34.17,128.57142857142858,,
24580,Sumanta Gupta,False,5.407896730828696e-07,4.596712221204391e-07,top/middle,260.0,,127.45098039215686,1.0,6.0,13.0,34.8,127.45098039215686,-67.99999999999999,
24587,Sk Hossain-I,False,8.437857116688317e-05,8.437857116688317e-05,opener,157.0,,149.52380952380952,,,4.0,28.21,149.52380952380952,,
24590,Ayan Gupta,False,0.0017917212833198635,0.0017917212833198635,finisher,72.0,,128.57142857142858,1.0,3.0,4.0,30.68,128.57142857142858,,
24598,Arin Roy,False,0.0003782163085831444,0.0003782163085831444,finisher,5.0,,125.0,,,1.0,,125.0,,
24599,Geet Puri,False,0.014883607343895293,0.014883607343895293,finishing allrounder,27.0,,84.375,22.0,7.330827067669173,16.0,31.06,84.375,-24.999999999999993,-5.999999999999999
2460,Ravikant Singh,False,0.00967941091095609,0.00967941091095609,finisher,1.0,,100.0,0.0,7.894736842105263,2.0,31.69,100.0,,
24603,Kaushik Maity,False,0.001254002352606825,0.001254002352606825,finishing allrounder,71.0,,94.66666666666667,12.0,6.949253731343283,17.0,26.12,8.934379287130998,-6.0,2.9999999999999996
24605,Akash Ghatak,False,0.00020018057085282955,0.00020018057085282955,finishing allrounder,18.0,,150.0,7.0,8.756756756756756,6.0,29.12,150.0,,
24606,Ronit Ghosh,False,2.0889522147375534e-06,2.0889522147375534e-06,finisher,196.0,,163.33333333333334,3.0,3.4285714285714284,13.0,27.25,163.33333333333334,39.999999999999986,
24610,Yuvraj Deepak Keswani,False,0.001118089480935109,0.001118089480935109,finisher,72.0,,133.33333333333334,,,5.0,25.09,133.33333333333334,19.999999999999993,
2463,Ryan Burl,False,0.008948682407976541,0.008948682407976541,finishing allrounder,682.0,,134.251968503937,8.0,7.980861244019139,30.0,31.62,14.10801365443266,155.99999999999994,3.999999999999999
24764,Abdullah Al Mamun,False,0.013212615166679185,0.013212615166679185,top/middle,51.0,,87.93103448275862,,,3.0,22.0,2.347086869206798,,
24767,Ripon Mondol,True,0.9996903848766939,0.9996903848766939,finishing allrounder,26.0,,144.44444444444446,35.0,7.617511520737327,19.0,22.69,2.520203233705091,3.499999999999999,8.999999999999995
24768,Md Ashiqur Zaman,False,0.002578455441536889,0.002578455441536889,finishing allrounder,0.0,,0.0,0.0,9.724137931034482,3.0,23.03,0.0,,0.0
24779,Ijaz Ahmadzai,False,8.239909239780975e-06,8.239909239780975e-06,top/middle,12.0,,42.857142857142854,,,1.0,22.43,42.857142857142854,,
24808,Avinash Kumar,False,0.0004954330216955095,0.0004954330216955095,top/middle,7.0,,41.1764705882353,,,2.0,,41.1764705882353,,
24809,Shuvam Dey,False,8.920845402378493e-07,8.920845402378493e-07,top/middle,245.0,,106.06060606060606,,,15.0,30.24,106.06060606060606,-46.999999999999986,
24811,Prabhat Maurya,False,0.0012696348491909738,0.0012696348491909738,finishing allrounder,0.0,,0.0,1.0,8.608695652173912,2.0,23.13,0.0,,
2483,Lizaad Williams,True,0.999999998924342,0.8499999990856907,finishing allrounder,13.0,,52.0,23.0,9.41566265060241,17.0,32.15,0.8249317024074659,1.114285714285714,-0.8857142857142856
2485,Babar Azam,True,0.9999999994183155,0.9999999994183155,top/middle,2024.0,,128.9993626513703,,,65.0,31.12,3.1877410942353688,-29.599999999999994,
24867,Ompal Boken,False,0.0060337633555543006,0.00422363434888801,finisher,10.0,,41.666666666666664,,,4.0,37.11,41.666666666666664,,
24888,Nipan Deka,False,2.18740440061387e-05,2.18740440061387e-05,finishing allrounder,226.0,,193.16239316239316,14.0,5.7844311377245505,13.0,24.03,2.1245210260157537,-19.571428571428577,0.0
24889,Akash Sengupta,False,0.017391934783942846,0.017391934783942846,finishing allrounder,59.0,,155.26315789473685,10.0,8.359550561797754,7.0,25.08,1.2223465917055671,-23.499999999999993,-3.999999999999999
24890,Ayush Agarwal,True,0.9983446877528581,0.9983446877528581,top/middle,127.0,,113.39285714285714,,,9.0,24.64,33.354095328225846,-112.99999999999997,
24893,Ishan Ahmed,False,0.019764807580757184,0.019764807580757184,batting allrounder,191.0,,97.94871794871794,7.0,6.1875,10.0,26.92,1.4680784814821175,164.99999999999994,-0.9999999999999998
24895,Nibir Deka,False,5.769656842858156e-06,5.769656842858156e-06,top/middle,218.0,,127.48538011695906,,,8.0,24.03,9.98223369653663,,
24898,Gaurav Talukdar,False,0.004045115941712383,0.004045115941712383,top/middle,0.0,,0.0,,,1.0,24.1,0.0,,
2490,Mohammad Nawaz,True,0.9999999991262727,0.9999999991262727,finishing allrounder,827.0,,127.62345679012346,66.0,7.262119967132293,65.0,31.69,3.189395146717588,47.3,4.3
24900,Nihar Deka,True,0.9963008123547292,0.9963008123547292,batting allrounder,112.0,,107.6923076923077,7.0,6.452830188679245,7.0,24.03,107.6923076923077,,
24901,Roshan Basfor,False,0.008293628720572722,0.007049584412486813,finisher,252.0,,90.0,,,17.0,34.13,7.601952156826705,-30.499999999999993,
24902,Aman Chetry,False,0.00027190166906422287,0.00027190166906422287,finishing allrounder,196.0,,97.02970297029702,13.0,5.7012448132780085,17.0,26.02,2.671164234288549,12.5,-0.5000000000000003
24903,Abdul Ajij Khuraishi,False,0.0007777410864698316,0.0007777410864698316,finishing allrounder,2.0,,100.0,1.0,4.928571428571429,1.0,24.23,100.0,,
24905,Dharani Rabha,True,0.999745898735975,0.999745898735975,finishing allrounder,132.0,,141.93548387096774,15.0,7.902439024390244,15.0,28.21,5.430004642972724,19.28571428571429,3.214285714285714
24906,Deepak Gohain,True,0.99643685909202,0.8469713302282169,finishing allrounder,9.0,,128.57142857142858,22.0,4.942857142857143,11.0,33.79,160.0,,
24908,Sandip Paul Mazumder,False,5.320733326718244e-05,5.320733326718244e-05,finisher,2.0,,66.66666666666667,,,2.0,,66.66666666666667,,
24913,Nihar Narah,False,0.011099473817804729,0.011099473817804729,top/middle,46.0,,112.1951219512195,0.0,5.0,5.0,23.13,27.8040941537881,21.999999999999996,
24914,Danish Das,False,0.0002688630975343406,0.0002688630975343406,opener,46.0,,112.1951219512195,,,3.0,25.27,112.1951219512195,,
24915,Bishal Saha,False,0.009835578238998513,0.009835578238998513,top/middle,360.0,,109.7560975609756,,,14.0,24.46,5.861629060196625,45.49999999999998,
24916,Kalam Raiza,False,0.0033281791692552124,0.0033281791692552124,finishing allrounder,128.0,,113.27433628318585,19.0,5.33587786259542,14.0,27.3,138.0952380952381,-69.99999999999997,-8.999999999999996
24918,Shivam Mittal,False,0.0003457423511547916,0.0003457423511547916,batting allrounder,20.0,,47.61904761904762,1.0,6.947368421052632,5.0,22.71,47.61904761904762,,
24919,Sekhar Barman,True,0.9648027833992826,0.6753619483794978,finishing allrounder,0.0,,0.0,5.0,7.776699029126213,10.0,36.96,0.0,,-2.9999999999999996
24920,Nasir Ullah,False,2.9255005443999974e-05,2.9255005443999974e-05,top/middle,107.0,,107.0,,,8.0,24.47,107.0,,
24921,Manashjyoti Gogoi,True,0.8925791731703159,0.7586922971947685,top/middle,57.0,,93.44262295081967,,,4.0,33.07,93.44262295081967,-44.999999999999986,
24922,Sunil Lachit,False,0.02015696400500631,0.02015696400500631,finishing allrounder,37.0,,154.16666666666666,26.0,6.08,16.0,25.97,3.130841089688586,5.9999999999999964,2.499999999999999
24926,Vikram Rawat,False,0.0017159394685828354,0.0017159394685828354,batting allrounder,0.0,,0.0,1.0,7.45945945945946,2.0,22.99,0.0,,
24928,Siddarth Sharma,False,0.0087873270617269,0.0087873270617269,batting allrounder,47.0,,82.45614035087719,14.0,4.666666666666667,4.0,26.97,82.45614035087719,,
24929,Raj Agarwal,False,9.516178349677169e-05,9.516178349677169e-05,batting allrounder,166.0,,167.67676767676767,3.0,6.285714285714286,4.0,29.1,167.67676767676767,,
24931,Denish Ahmed,False,0.0013425010761275997,0.0013425010761275997,finishing allrounder,73.0,,110.60606060606061,0.0,8.712328767123287,10.0,25.27,5.620708926687373,27.49999999999999,0.0
24932,Asif Wasimul Haque,False,0.0002055970173613805,0.0002055970173613805,top/middle,107.0,,118.88888888888889,0.0,5.571428571428571,6.0,,118.88888888888889,,
24934,Dibakar Johori,True,0.9976220843460616,0.9976220843460616,finishing allrounder,6.0,,150.0,9.0,6.545454545454546,6.0,,150.0,,
24935,Hridip Deka,False,0.002835846936134858,0.002835846936134858,finishing allrounder,14.0,,93.33333333333333,6.0,6.130434782608695,4.0,26.13,93.33333333333333,,
24937,Rabi Chetri,True,0.9992699167562666,0.9992699167562666,finishing allrounder,13.0,,65.0,13.0,6.7611940298507465,9.0,22.95,27.52428999478669,8.999999999999996,4.999999999999998
24938,Sahil Ahmed,False,0.0017302253929022179,0.0017302253929022179,finishing allrounder,14.0,,41.1764705882353,2.0,5.277777777777778,8.0,,37.5,-7.999999999999998,0.0
24940,Chanakya Sarma,False,2.405010816412572e-05,1.6835075714888004e-05,finishing allrounder,47.0,,138.23529411764707,13.0,6.174418604651163,11.0,37.41,1.0979064004995107,20.499999999999993,-4.499999999999998
24941,Anurag Talukdar,False,0.40797328117485265,0.40797328117485265,finisher,222.0,,173.4375,,,9.0,27.93,11.80072371781364,-12.999999999999993,
24943,Gunjan Deka,False,0.0024865302821251794,0.0024865302821251794,batting allrounder,99.0,,137.5,16.0,7.101449275362318,10.0,25.1,137.5,-92.99999999999999,-5.999999999999999
24945,Nilotpal Das,False,0.005004164151897897,0.005004164151897897,finisher,0.0,,0.0,0.0,8.571428571428571,1.0,24.71,0.0,,
24947,Pushparaj Sharma,False,3.00279961801517e-05,3.00279961801517e-05,finishing allrounder,1.0,,14.285714285714286,37.0,5.609756097560975,25.0,31.19,100.0,-0.9999999999999998,-1.9999999999999996
24948,Akash Chetri,False,0.00021658462911748442,0.00021658462911748442,finishing allrounder,162.0,,131.70731707317074,8.0,6.4945054945054945,15.0,24.47,98.21428571428571,51.99999999999997,5.999999999999999
24949,Kunal Sarma,False,0.03427622798025914,0.03427622798025914,finishing allrounder,95.0,,141.7910447761194,7.0,8.029411764705882,8.0,26.81,5.085721437545764,-16.499999999999996,0.4999999999999999
250,Aaron Finch,True,0.9999999998589324,0.6999999999012526,opener,618.0,,118.61804222648752,,,27.0,39.03,2.7382879809125806,363.99999999999994,
25027,Abir Chakraborty,False,0.004781071138469529,0.004781071138469529,finishing allrounder,31.0,,64.58333333333333,12.0,6.73109243697479,11.0,27.02,1.438818901185841,-10.499999999999996,0.0
25030,Zaman Khan,True,0.9883160143239239,0.9883160143239239,finishing allrounder,9.0,,81.81818181818181,11.0,7.012345679012346,12.0,24.21,1.1281701807502524,-6.999999999999998,2.9999999999999996
25048,Umran Malik,True,0.9999997254369041,0.9999997254369041,finishing allrounder,28.0,,155.55555555555554,48.0,8.101960784313725,37.0,26.01,1.003288155540864,19.999999999999993,-2.4999999999999996
25108,Ayush Singh,False,0.0006097938966609924,0.0006097938966609924,top/middle,43.0,,113.15789473684211,,,8.0,22.18,113.15789473684211,26.999999999999993,
25128,Nqabayomzi Peter,True,0.997940377389444,0.997940377389444,finishing allrounder,18.0,,105.88235294117646,7.0,8.271428571428572,6.0,23.96,2.451851115784055,,-4.999999999999998
25132,Praful Hinge,False,0.00026310597360704917,0.00026310597360704917,finishing allrounder,6.0,,100.0,8.0,8.535211267605634,6.0,23.85,100.0,,
25133,Kshitiz Dahiya,False,6.495216531719958e-06,6.495216531719958e-06,finishing allrounder,62.0,,105.08474576271186,3.0,6.4186046511627906,6.0,27.68,105.08474576271186,,
25136,Adhyan Daga,False,0.0001286734616395109,0.0001286734616395109,top/middle,178.0,,167.9245283018868,0.0,10.0,7.0,26.01,167.9245283018868,,
25138,Harsh Dubey,True,0.9999990386322112,0.9999990386322112,finishing allrounder,76.0,,110.14492753623189,11.0,7.7101449275362315,13.0,23.35,0.8138127575826875,36.99999999999999,2.6999999999999993
25139,Shubham Dubey,True,0.9999999990467623,0.9999999990467623,finisher,565.0,,152.7027027027027,,,27.0,31.25,1.8443046350149455,46.1,
25148,Aniruddha Choudhari,False,6.150764964451023e-05,6.150764964451023e-05,opener,45.0,,104.65116279069767,0.0,6.0,5.0,26.39,104.65116279069767,,
25150,Akshay Dullarwar,False,1.803703510873509e-06,1.803703510873509e-06,finishing allrounder,5.0,,71.42857142857143,1.0,7.161290322580645,5.0,28.62,71.42857142857143,,
25151,Yash Kadam,False,1.5372647466222462e-06,1.5372647466222462e-06,batting allrounder,184.0,,132.37410071942446,4.0,6.0,7.0,25.91,132.37410071942446,,
25152,Ganesh Bhosle,False,1.3742605532975578e-05,1.3742605532975578e-05,finishing allrounder,4.0,,40.0,3.0,5.1940298507462686,5.0,24.15,40.0,,
25155,Tushar Kadu,False,2.4903760469653995e-06,2.4903760469653995e-06,top/middle,10.0,,90.9090909090909,,,3.0,19.02,90.9090909090909,,
25156,Shivam Deshmukh,False,0.0012380570045641718,0.0012380570045641718,top/middle,113.0,,144.87179487179486,,,7.0,24.18,144.87179487179486,,
25160,Satyam Bhoyar,False,9.210678455807949e-05,9.210678455807949e-05,top/middle,28.0,,87.5,0.0,10.0,5.0,23.71,87.5,,
25162,Sooraj Rai,False,5.740617870299011e-05,5.740617870299011e-05,finishing allrounder,23.0,,115.0,6.0,6.605504587155964,7.0,29.12,115.0,,
25170,Parth Rekhade,False,0.004796070973789213,0.004796070973789213,batting allrounder,110.0,,161.76470588235293,2.0,7.514563106796117,6.0,26.36,1.3051442909057234,107.99999999999997,1.9999999999999996
25172,Aman Mokhade,False,0.0004381338001631428,0.0004381338001631428,top/middle,90.0,,104.65116279069767,0.0,14.0,7.0,24.86,1.9222857317293756,29.333333333333325,
25173,Mandar Mahalle,False,0.0006818182250816505,0.0006818182250816505,batting allrounder,107.0,,113.82978723404256,2.0,7.972602739726027,6.0,,1.6594171837176666,80.99999999999996,1.9999999999999996
25181,Nayan Chavan,False,0.0002493118093866818,0.0002493118093866818,finisher,13.0,,65.0,,,2.0,25.86,65.0,,
25182,Gaurav Dhoble,False,0.00047279106775614696,0.00047279106775614696,finishing allrounder,16.0,,61.53846153846154,3.0,7.0,3.0,,61.53846153846154,,
25184,Rahul Dongarwar,False,0.008979830009417388,0.008979830009417388,finishing allrounder,0.0,,0.0,2.0,8.105263157894736,3.0,23.58,0.0,,
25187,Shanmesh Deshmukh,False,2.4488660745128245e-05,2.4488660745128245e-05,finishing allrounder,4.0,,57.142857142857146,13.0,9.695121951219512,7.0,26.48,57.142857142857146,,
25213,Dewald Brevis,True,0.9999999902329827,0.9999999902329827,top/middle,722.0,,155.93952483801297,1.0,16.0,24.0,22.58,2.206165489500898,104.19999999999997,
25216,Andile Simelane,True,0.9991319776687002,0.9991319776687002,finishing allrounder,34.0,,94.44444444444444,5.0,9.947368421052632,6.0,22.9,1.362036133474736,-7.999999999999998,-2.9999999999999996
2523,Will Young,False,0.00278954534665487,0.0023711135446566394,top/middle,221.0,,87.6984126984127,,,16.0,33.01,4.4105607524132795,-8.642857142857144,
25231,Samay Shrivastava,True,0.9992464444890494,0.849359477815692,finishing allrounder,15.0,,53.57142857142857,3.0,8.08860759493671,9.0,34.71,4.166666666666665,10.999999999999998,0.9999999999999998
2526,Ish Sodhi,True,0.9999999995927549,0.8499999996538417,finishing allrounder,103.0,,88.79310344827586,49.0,7.897897897897898,53.0,33.07,1.1506073884172012,4.2,2.6999999999999997
2531,Joe Root,False,0.011307495516871047,0.00961137118934039,top/middle,10.0,,66.66666666666667,0.0,7.0,3.0,34.91,66.66666666666667,,
2533,Najibullah Zadran,True,0.999871517878315,0.8498907901965677,finisher,373.0,,122.69736842105263,,,24.0,32.74,2.4892670101213374,53.499999999999986,
2534,Rahmat Shah,True,0.10260980261122415,0.08721833221954053,top/middle,3.0,,50.0,,,1.0,32.39,50.0,,
25341,Mahfuzur Rabby,False,0.24479585796078515,0.24479585796078515,finishing allrounder,20.0,,58.8235294117647,2.0,6.657534246575342,5.0,20.55,2.708638360175695,-9.999999999999996,-1.9999999999999996
25353,Numan Shah,False,0.0008812097341336578,0.0008812097341336578,top/middle,20.0,,105.26315789473684,,,1.0,19.6,105.26315789473684,,
25534,Chad Bowes,False,0.13896071337707508,0.11811660637051381,opener,157.0,,121.70542635658914,,,8.0,33.11,2.396036228806976,,
2558,Jayojit Basu,False,0.0012049358243369586,0.000843455077035871,opener,141.0,,106.81818181818181,,,9.0,36.2,106.81818181818181,,
2561,Sandipan Das Sr,False,0.01762909150091922,0.014984727775781335,finishing allrounder,53.0,,69.73684210526316,8.0,9.6,12.0,32.99,69.73684210526316,-30.999999999999986,-3.999999999999999
2563,Arnab Nandi,True,0.9975109098559835,0.6982576368991884,finishing allrounder,25.0,,75.75757575757575,6.0,8.0,9.0,38.21,75.75757575757575,6.999999999999999,0.0
2564,WS Porel,False,5.287138961643908e-05,3.700997273150735e-05,top/middle,223.0,,92.5311203319502,,,14.0,36.24,92.5311203319502,-122.99999999999997,
25662,Jarajapu Durgakumar,False,0.007468681226502369,0.007468681226502369,finishing allrounder,23.0,,82.14285714285714,1.0,8.307692307692308,5.0,25.19,82.14285714285714,4.999999999999998,0.9999999999999998
25663,Mitta Reddy,False,3.461711694534753e-05,3.461711694534753e-05,finisher,177.0,,152.58620689655172,,,12.0,23.85,152.58620689655172,2.9999999999999996,
25664,Yarragunta Pramod,False,0.0015747853168397478,0.0015747853168397478,finishing allrounder,4.0,,40.0,9.0,9.0,8.0,27.08,40.0,1.9999999999999996,-2.9999999999999996
25665,Uddaraju Varma,False,0.0015838306285432832,0.0015838306285432832,finishing allrounder,0.0,,0.0,4.0,7.147826086956521,5.0,26.32,0.0,,
25666,Sujit Yadav,False,8.812653469848662e-06,7.490755449371362e-06,finishing allrounder,90.0,,100.0,13.0,5.558139534883721,13.0,34.44,100.0,19.999999999999993,-4.999999999999998
25669,Priyansh Arya,True,0.9999999969716089,0.9999999969716089,opener,1865.0,,173.97388059701493,0.0,9.454545454545455,48.0,24.86,4.490196422152692,386.4999999999999,0.0
25670,Samar Dubhashi,False,0.005003130566580983,0.005003130566580983,finisher,6.0,,54.54545454545455,,,1.0,30.18,54.54545454545455,,
25671,Umang Kumar,False,0.04138392035644351,0.04138392035644351,top/middle,280.0,,145.83333333333334,0.0,10.0,14.0,24.96,2.1292435943067938,36.49999999999999,
25672,Abhinav Tandel,False,0.00018706235433539947,0.00018706235433539947,finisher,4.0,,50.0,1.0,11.1,1.0,27.18,50.0,,
25676,Sajeevan Akhil,False,1.012733858432628e-05,8.608237796677338e-06,finishing allrounder,475.0,,110.72261072261072,26.0,6.824242424242424,33.0,34.73,7.6156286919675935,34.99999999999998,2.499999999999999
25678,Swapnil Fulpagar,False,0.13248310592409349,0.13248310592409349,top/middle,90.0,,116.88311688311688,,,3.0,27.03,116.88311688311688,,
25679,Salil Arora,False,6.273011871734409e-07,6.273011871734409e-07,top/middle,673.0,,147.58771929824562,,,28.0,23.05,147.58771929824562,25.499999999999982,
25680,Suraj Ahuja,False,0.00020809609605109084,0.00020809609605109084,finisher,823.0,,144.13309982486865,,,40.0,26.18,1.7634583678355606,52.29999999999999,
25683,PS Poonia,True,0.9996690524906894,0.9996690524906894,finishing allrounder,55.0,,148.64864864864865,8.0,8.089887640449438,8.0,30.96,5.051674223757565,18.99999999999999,0.0
25686,SS Majumder,False,0.00020206841759205592,0.00014144789231443914,finisher,3.0,,50.0,1.0,8.5,1.0,37.94,50.0,,
25687,Bikramkumar Das,False,0.013056435178540202,0.013056435178540202,opener,326.0,,126.84824902723736,,,11.0,26.03,1.3670002700369857,-35.400000000000006,
25689,Amit Ali,False,0.08392828444876103,0.08392828444876103,finishing allrounder,19.0,,76.0,2.0,11.617021276595745,4.0,23.09,6.952417171800311,-0.4999999999999999,0.0
25692,Bobby Yadav,False,2.3338165680056523e-05,2.3338165680056523e-05,finishing allrounder,98.0,,98.98989898989899,19.0,8.693548387096774,20.0,27.93,3.157306259729148,11.999999999999995,-5.499999999999998
25694,Chandan Sahani,True,0.8912984653978135,0.8912984653978135,finisher,52.0,,108.33333333333333,,,3.0,27.82,108.33333333333333,,
25695,Akshat Pandey,False,0.0011902272504914094,0.001011693162917698,finishing allrounder,73.0,,119.67213114754098,7.0,9.297520661157025,15.0,32.69,3.4299013392646476,-2.214285714285715,1.6428571428571435
25696,Yuvraj Singh,False,0.0019254348716260434,0.0019254348716260434,finishing allrounder,12.0,,100.0,15.0,6.941704035874439,10.0,27.26,1.2180576879287153,4.999999999999998,-1.5000000000000002
25697,Aravind Kothandapani,False,4.655538890358549e-05,4.655538890358549e-05,top/middle,284.0,,121.88841201716738,,,10.0,,121.88841201716738,,
25700,L Singha,False,0.0024761876146989744,0.0024761876146989744,finishing allrounder,16.0,,80.0,4.0,8.113636363636363,6.0,28.93,1.042235870489349,13.999999999999996,1.9999999999999996
25704,Md Saptulla,False,0.1640396493996457,0.1640396493996457,finishing allrounder,21.0,,84.0,12.0,7.7215189873417724,15.0,27.46,5.065464394704865,3.499999999999999,3.499999999999999
25705,James Lepcha,False,0.00010753542296485682,7.527479607539977e-05,top/middle,60.0,,73.17073170731707,,,6.0,36.59,73.17073170731707,,
25706,Sourabh Majumdar,True,0.9985915381754262,0.9985915381754262,finishing allrounder,21.0,,105.0,31.0,7.678958785249458,20.0,26.81,0.8615906907766742,2.0999999999999996,6.299999999999998
25708,Nikhil Kohli,False,0.000381609974641561,0.000381609974641561,finishing allrounder,13.0,,144.44444444444446,8.0,5.931818181818182,4.0,20.48,144.44444444444446,,
25710,Amrit Lubana,False,4.4665851303034375e-06,4.4665851303034375e-06,finishing allrounder,123.0,,101.65289256198348,11.0,7.282442748091603,10.0,28.6,7.632490752530564,94.99999999999997,8.999999999999996
25712,bharath sharma,True,0.9998740887430597,0.9998740887430597,finishing allrounder,188.0,,108.04597701149426,51.0,6.996515679442509,39.0,30.03,1.5542395593383627,-2.0000000000000004,-0.8000000000000007
25715,Pite van Biljon,False,7.138409487242551e-05,4.996886641069786e-05,finisher,36.0,,120.0,,,3.0,39.62,120.0,,
2573,Evin Lewis,True,0.9999999999554274,0.8499999999621133,opener,986.0,,148.94259818731118,,,42.0,33.92,2.0984930811559286,-55.2,
25780,Harshit Rathoad,False,0.017943990539262687,0.017943990539262687,finishing allrounder,0.0,,0.0,2.0,8.523364485981308,5.0,27.32,0.0,,
25843,Jay Gohil,False,0.06102192036827314,0.06102192036827314,top/middle,764.0,,139.9267399267399,,,30.0,24.95,1.8273200765559978,39.6,
25844,Navneet Vora,False,1.819596087710367e-05,1.819596087710367e-05,finishing allrounder,0.0,,0.0,9.0,6.917197452229299,8.0,30.93,0.0,,-6.999999999999998
25845,Aezaz Kothariya,False,5.412786821414926e-06,5.412786821414926e-06,top/middle,176.0,,113.54838709677419,,,12.0,30.32,113.54838709677419,1.7857142857142858,
26075,Indrajit Orang,False,2.891417291220968e-06,2.891417291220968e-06,finisher,111.0,,94.0677966101695,,,8.0,26.06,94.0677966101695,,
26076,Agniswar Das,False,0.0012798809220704373,0.0012798809220704373,top/middle,80.0,,108.10810810810811,,,5.0,18.04,108.10810810810811,,
2611,Alex Ross,False,6.553051663421554e-05,5.570093913908321e-05,top/middle,460.0,,118.25192802056556,,,19.0,33.61,9.409444986549252,-243.99999999999994,
26157,Mithilesh Das,False,0.00018323269253878145,0.00018323269253878145,finishing allrounder,8.0,,44.44444444444444,1.0,7.880597014925373,6.0,31.98,44.44444444444444,,
26159,Anik Nandi,False,0.005725601040648703,0.005725601040648703,finisher,10.0,,166.66666666666666,1.0,8.0,3.0,24.67,166.66666666666666,,
26161,Chandan Singh,False,4.69103299928783e-06,4.69103299928783e-06,finishing allrounder,126.0,,144.82758620689654,9.0,6.222222222222222,7.0,28.86,144.82758620689654,,
26162,Subhankar Das,False,2.1157055800191125e-05,2.1157055800191125e-05,opener,2.0,,28.571428571428573,1.0,7.68,1.0,,28.571428571428573,,
26165,Ronak Agarwal,False,5.379371749620945e-07,5.379371749620945e-07,opener,221.0,,106.76328502415458,12.0,4.972222222222222,10.0,25.21,106.76328502415458,,
26169,Sonu Singh,False,1.9621748356172055e-05,1.9621748356172055e-05,finishing allrounder,104.0,,160.0,9.0,5.640718562874252,8.0,29.91,160.0,,
2633,Jason Holder,True,0.9999999999974485,0.8499999999978312,finishing allrounder,664.0,,131.22529644268775,112.0,8.058371735791091,85.0,34.06,1.9215759028334354,10.999999999999998,-2.6
2636,Adam Zampa,True,0.9999999999231715,0.8499999999346958,finishing allrounder,32.0,,62.745098039215684,68.0,8.07,53.0,33.66,0.7498964132067526,-0.6000000000000001,2.4999999999999996
2639,Marcus Stoinis,True,0.9999999999982769,0.6999999999987938,finishing allrounder,1760.0,,146.05809128630705,42.0,8.874015748031496,97.0,36.28,2.4759006962070265,47.2,0.7000000000000004
26459,Bikash Das,False,3.037519912558394e-06,3.037519912558394e-06,finisher,213.0,,85.88709677419355,,,21.0,25.8,20.621848355143676,7.9999999999999885,
26468,Sourav Dey,False,0.0033426910779733696,0.0033426910779733696,finishing allrounder,2.0,,50.0,0.0,11.076923076923077,3.0,21.93,0.6924183694528013,,
26497,Rajkumar Pal,False,0.0024515020184584396,0.0024515020184584396,finishing allrounder,5.0,,38.46153846153846,5.0,8.035714285714286,6.0,,38.46153846153846,,
26498,Tanmoy Pramanick,False,0.010714857574358184,0.010714857574358184,finishing allrounder,72.0,,124.13793103448276,2.0,10.0,7.0,31.09,124.13793103448276,23.999999999999996,
2650,Raymon Reifer,False,0.023136912829652613,0.01966637590520472,finishing allrounder,57.0,,101.78571428571429,4.0,8.74074074074074,6.0,34.55,2.4747640860362567,-3.999999999999999,1.9999999999999996
26514,Nimesh Vimukthi,False,0.0071471891455617735,0.0071471891455617735,finishing allrounder,23.0,,121.05263157894737,1.0,7.747572815533981,4.0,28.56,121.05263157894737,,
26519,Janith Liyanage,True,0.9967652836714194,0.9967652836714194,top/middle,95.0,,85.58558558558559,,,6.0,30.38,3.121049297614631,4.999999999999999,
26530,Treveen Mathew,False,0.0019669620837357666,0.0019669620837357666,finishing allrounder,4.0,,28.571428571428573,7.0,4.909090909090909,3.0,21.45,28.571428571428573,,
2654,Kesrick Williams,False,0.0028064535161144676,0.001964517461280127,finisher,9.0,,60.0,0.0,5.0,1.0,35.88,60.0,,
26543,Kaushik Giri,False,0.013227461461306092,0.013227461461306092,batting allrounder,308.0,,103.70370370370371,11.0,4.981132075471698,19.0,29.0,5.032555171003784,79.99999999999997,8.999999999999996
26557,Abhijeet Bhagat,False,0.00017042226273010212,0.00017042226273010212,opener,40.0,,97.5609756097561,,,4.0,22.13,97.5609756097561,,
2657,Rahkeem Cornwall,False,0.0005969143852292444,0.0005073772274448577,opener,22.0,,122.22222222222223,4.0,6.885245901639344,3.0,32.82,122.22222222222223,,
2661,Shamarh Brooks,True,0.9947698893791016,0.6963389225653711,top/middle,150.0,,95.54140127388536,,,8.0,37.15,1.651391049812689,,
26646,Rahul Chopra,True,0.9976606651899411,0.9976606651899411,top/middle,108.0,,93.91304347826087,,,6.0,31.05,1.1287397427833017,-31.999999999999993,
26663,Kwena Maphaka,True,0.9999901223193917,0.9999901223193917,finishing allrounder,27.0,,103.84615384615384,14.0,9.428571428571429,12.0,19.64,1.038182184591576,-4.999999999999998,5.999999999999999
2667,Andre McCarthy,False,0.006566536713820696,0.004596575699674487,top/middle,0.0,,0.0,,,1.0,38.47,0.0,,
26692,Kuldeep Gehi,False,0.005676186120826904,0.005676186120826904,top/middle,45.0,,97.82608695652173,,,5.0,30.83,5.155270303044178,-8.499999999999998,
26694,Siddharth Mahesh Patidar,False,0.07638483784518445,0.07638483784518445,top/middle,410.0,,131.4102564102564,,,20.0,28.05,7.514371048922753,73.85714285714285,
26695,Aman B Bhadoriya,False,5.9381227190340806e-05,5.9381227190340806e-05,finishing allrounder,174.0,,168.93203883495147,9.0,7.476923076923077,15.0,24.11,177.77777777777777,13.999999999999996,2.5714285714285707
26702,Joseph Lalthankhuma,True,0.9896361682600281,0.9896361682600281,batting allrounder,98.0,,76.5625,2.0,8.4,9.0,25.17,2.9823869191787904,5.999999999999997,
26703,Remruatdika Ralte,True,0.9737089657664388,0.9737089657664388,finishing allrounder,7.0,,53.84615384615385,1.0,7.578947368421052,3.0,27.31,53.84615384615385,,
26704,Vikash Kumar,False,0.0651459179307711,0.0651459179307711,finisher,24.0,,104.34782608695652,,,6.0,28.99,1.2097018711904077,-9.42055475210265e-16,
26707,RB Bishnoi,False,0.005125693872262773,0.0035879857105839408,finishing allrounder,2.0,,15.384615384615385,4.0,7.666666666666667,3.0,35.84,15.384615384615385,,
26708,Myendung Singpho,False,0.02507261651149491,0.02507261651149491,batting allrounder,100.0,,129.87012987012986,2.0,9.076923076923077,5.0,29.1,1.5428238028009573,48.99999999999999,0.0
2671,Liton Das,True,0.9999999982391636,0.9999999982391636,opener,2320.0,,123.93162393162393,,,90.0,31.12,3.594990589919793,127.60000000000001,
26713,Kumar Nyompu,False,0.032839580774183606,0.027913643658056063,opener,9.0,,37.5,,,1.0,33.38,37.5,,
26714,Techi Sonam,False,0.000596748107079562,0.000596748107079562,finisher,43.0,,97.72727272727273,1.0,0.75,9.0,28.48,97.72727272727273,,
26716,Hem Chetri,False,0.0002361968649038022,0.0002361968649038022,finisher,205.0,,119.18604651162791,2.0,10.046511627906977,9.0,25.17,1.3938140832589485,180.99999999999997,1.9999999999999996
26717,Khrievitso Kense,False,0.00200631348242208,0.00200631348242208,finishing allrounder,3.0,,30.0,6.0,9.246575342465754,9.0,21.72,0.6517997393095765,2.9999999999999996,0.0
26722,Rahul Tamang,False,1.6617497668296167e-06,1.6617497668296167e-06,finishing allrounder,23.0,,121.05263157894737,12.0,5.4495412844036695,10.0,31.84,121.05263157894737,,
26734,Ram Gurung,False,0.002020953827967047,0.002020953827967047,finisher,5.0,,83.33333333333333,0.0,11.0,3.0,27.62,0.697246230432634,-4.999999999999998,
26735,Riboklang Hynniewta,False,0.0003977813852353915,0.0003977813852353915,top/middle,0.0,,0.0,0.0,6.5,2.0,28.2,0.0,,
2680,Nurul Hasan,False,0.040990676686983106,0.03484207518393564,finisher,936.0,,118.33122629582806,,,73.0,32.02,2.964209223409528,46.99999999999999,
2681,Taskin Ahmed,True,0.999993180841874,0.999993180841874,finishing allrounder,218.0,,117.20430107526882,98.0,7.3090909090909095,66.0,30.65,2.245550728753616,18.999999999999996,9.899999999999999
26819,Uday Saharan,False,1.3427730851527494e-05,1.3427730851527494e-05,top/middle,119.0,,98.34710743801652,0.0,2.0,9.0,21.22,98.34710743801652,10.499999999999996,
26830,Nishant Kumar Sindhu,True,0.9999553260852735,0.9999553260852735,finishing allrounder,162.0,,136.1344537815126,5.0,6.4,9.0,21.63,4.423175430359826,-6.500000000000002,0.9999999999999998
26831,Siddarth Yadav,False,0.0001559779239004768,0.0001559779239004768,top/middle,800.0,,148.975791433892,3.0,10.8,29.0,22.29,7.61273459243749,11.500000000000002,
26832,Aneeshwar Gautam Narendra,False,0.0014992630954467488,0.0014992630954467488,top/middle,484.0,,109.50226244343891,4.0,9.0,36.0,22.86,3.9520507371728164,53.39999999999998,-0.9999999999999997
26833,Dinesh Bana,False,0.0019427438118441505,0.0019427438118441505,top/middle,17.0,,106.25,,,1.0,20.95,106.25,,
26834,Raj Bawa,True,0.9999997570855749,0.9999997570855749,finishing allrounder,245.0,,125.0,14.0,7.226277372262774,20.0,23.04,3.211011560695931,51.39999999999999,4.999999999999999
26835,Kaushal Tambe,True,0.998850068882213,0.998850068882213,finisher,303.0,,102.71186440677967,2.0,7.785714285714286,28.0,23.12,4.069753848817071,-45.999999999999986,7.850462293418875e-17
26836,Vicky Ostwal,False,0.00022396947309792574,0.00022396947309792574,finishing allrounder,299.0,,115.0,26.0,6.718110236220473,30.0,23.24,4.005540245979174,82.99999999999997,1.9999999999999991
26837,Ravi Kumar,False,0.3767169134984324,0.3767169134984324,finishing allrounder,6.0,,66.66666666666667,15.0,8.890243902439025,9.0,22.08,66.66666666666667,,2.1428571428571432
26839,Haseebullah Khan,False,0.07834677101591339,0.07834677101591339,top/middle,36.0,,120.0,,,3.0,22.69,1.1281913227370848,,
2684,Sharjeel Khan,False,0.01781222755043911,0.012468559285307377,opener,52.0,,86.66666666666667,,,8.0,36.28,3.6020496238167894,-1.9999999999999996,
26843,Maaz Sadaqat,True,0.9999317791322452,0.9999317791322452,opener,259.0,,167.09677419354838,7.0,4.333333333333333,5.0,20.53,167.09677419354838,,
26848,Ghazi Ghouri,True,0.9751825473237421,0.9751825473237421,top/middle,64.0,,112.28070175438596,,,5.0,,112.28070175438596,,
26854,SM Meherob Hasan,True,0.9997838165164635,0.9997838165164635,finishing allrounder,156.0,,105.4054054054054,12.0,6.55,15.0,23.33,2.1081080154131806,59.99999999999998,11.999999999999998
2687,Roston Chase,True,0.9999999995718747,0.8499999996360935,finishing allrounder,564.0,,115.57377049180327,32.0,6.767045454545454,39.0,33.68,1.070939564403347,104.19999999999997,2.6
26882,Divyansh Joshi,False,0.000388224620022324,0.000388224620022324,finishing allrounder,155.0,,142.2018348623853,0.0,10.578947368421053,16.0,24.17,3.665019234305661,12.499999999999995,0.0
26885,Bihari Rai,False,6.734538113328773e-05,6.734538113328773e-05,finishing allrounder,1.0,,10.0,50.0,7.262711864406779,34.0,26.31,0.6352378253510408,-0.9999999999999998,-2.4999999999999987
26890,Kunal Tyagi,False,0.0026562384284949283,0.0026562384284949283,finishing allrounder,0.0,,0.0,21.0,6.79626168224299,29.0,,0.0,,2.9999999999999996
26891,Vishal Pandey,False,0.004077757938884347,0.0028544305572190424,top/middle,14.0,,53.84615384615385,,,5.0,44.09,2.582535222562419,-11.999999999999998,
26894,Vineet Dubey,False,0.006248143920491608,0.006248143920491608,finisher,3.0,,60.0,0.0,13.384615384615385,1.0,,60.0,,
26898,Sahab Sing,False,4.879608288404774e-05,4.879608288404774e-05,finisher,24.0,,92.3076923076923,1.0,11.4,3.0,28.19,92.3076923076923,,
26899,Kunal Yadav,False,0.0029005770816526825,0.0029005770816526825,finishing allrounder,2.0,,100.0,3.0,9.027027027027026,10.0,25.93,100.0,,-0.4999999999999999
26901,Anchit Yadav,False,2.233244579362746e-05,2.233244579362746e-05,opener,1.0,,14.285714285714286,,,3.0,23.21,14.285714285714286,,
26902,Hannan Rizwan,False,0.0013684693770637168,0.0013684693770637168,top/middle,45.0,,86.53846153846153,,,3.0,,86.53846153846153,,
26906,Angkrish Raghuvanshi,True,0.9999996819182041,0.9999996819182041,top/middle,785.0,,129.32454695222404,,,38.0,20.44,4.964497698447029,218.4999999999999,
26908,Aaradhya Yadav,False,0.0009200726334080762,0.0009200726334080762,top/middle,704.0,,117.72575250836121,,,30.0,21.48,18.088654376304994,114.99999999999997,
26909,Yash Dhull,True,0.9999990055942954,0.9999990055942954,top/middle,1215.0,,133.5164835164835,,,36.0,23.04,3.9098958267667174,77.6,
26910,Ansh Gosai,False,6.659120035071997e-05,6.659120035071997e-05,top/middle,308.0,,121.25984251968504,3.0,6.0,15.0,21.16,121.25984251968504,36.50000000000001,
26911,Harnoor Singh Pannu,False,0.0016428707119459291,0.0016428707119459291,opener,791.0,,143.8181818181818,,,16.0,22.83,143.8181818181818,-426.9999999999999,
26913,Shaik Rasheed,True,0.9999975104563988,0.9999975104563988,top/middle,813.0,,127.2300469483568,0.0,10.428571428571429,29.0,21.17,4.361872303075664,114.49999999999997,0.0
26988,Jitenkumar Ramanandi,True,0.997401683445574,0.997401683445574,finishing allrounder,25.0,,178.57142857142858,6.0,6.857142857142857,2.0,31.2,178.57142857142858,,
27,Christopher Gayle,True,0.9999999539035439,0.6999999677324807,top/middle,632.0,,114.28571428571429,3.0,5.670329670329671,33.0,46.18,3.0200950266692277,-149.99999999999994,-0.9999999999999998
27004,Hassnain Shah,False,0.031344108594592864,0.02664249230540393,finishing allrounder,1.0,,20.0,2.0,8.930232558139535,2.0,33.11,0.687656906711917,,
27059,Karan Sonavale,True,0.99765699173428,0.99765699173428,top/middle,73.0,,115.87301587301587,1.0,9.0,6.0,,9.210833162782627,30.999999999999986,
27069,Utkarsh Sahu,False,4.102599075501087e-05,4.102599075501087e-05,finishing allrounder,13.0,,81.25,2.0,9.0,4.0,25.9,81.25,,
27071,Vinayak Shukla,True,0.8805196479526052,0.8805196479526052,finisher,23.0,,92.0,,,3.0,31.44,2.062970720135751,,
27137,Hammad Mirza,True,0.9999385794355515,0.9999385794355515,top/middle,220.0,,132.53012048192772,,,9.0,27.55,5.925515731241666,133.99999999999994,
27196,Rahul Singh,False,7.933056836763873e-05,6.743098311249293e-05,finishing allrounder,13.0,,65.0,12.0,5.916666666666667,9.0,33.21,60.0,,
27259,Jishan Alam,True,0.998484324867256,0.998484324867256,opener,222.0,,110.44776119402985,7.0,7.9655172413793105,16.0,21.05,4.259379486413625,191.99999999999997,4.999999999999998
27279,Pradeep Yadav,False,3.997202707905823e-05,3.997202707905823e-05,finishing allrounder,2.0,,28.571428571428573,6.0,6.8076923076923075,10.0,,,,
27283,Karan Umatt,False,4.289329920074101e-06,4.289329920074101e-06,finishing allrounder,3.0,,75.0,10.0,8.520710059171599,10.0,21.35,,,
27285,Amit Bhandari,False,3.603833369767585e-05,2.5226833588373094e-05,finisher,2.0,,22.22222222222222,,,3.0,47.15,,,
27286,Dhairya Pandey,False,8.763624513800251e-07,8.763624513800251e-07,finisher,6.0,,100.0,,,5.0,24.5,,,
27287,Parikshit Patidar,False,2.205268289867794e-07,2.205268289867794e-07,finisher,32.0,,133.33333333333334,0.0,6.0,10.0,23.59,,,
27293,Raj Limbani,False,3.07427772202643e-06,3.07427772202643e-06,finishing allrounder,23.0,,135.2941176470588,16.0,8.970297029702971,15.0,20.81,80.0,14.999999999999995,13.999999999999996
27296,Atharva Joshi,False,5.49161899972253e-07,5.49161899972253e-07,finishing allrounder,65.0,,122.64150943396227,2.0,8.666666666666666,6.0,21.57,,,
27301,Kartik Bharwad,False,0.0002344762729677987,0.0002344762729677987,finishing allrounder,1.0,,33.333333333333336,1.0,8.384615384615385,9.0,23.18,,,
27302,Dhruv Patel,False,1.395884237394598e-08,1.395884237394598e-08,opener,121.0,,123.46938775510205,,,11.0,22.9,,,
27304,Rajveer Jadhav,False,3.838029022560433e-05,3.838029022560433e-05,top/middle,143.0,,128.82882882882882,,,9.0,,,,
27306,Aayush Rai,False,1.1377874426730637e-05,1.1377874426730637e-05,top/middle,6.0,,54.54545454545455,,,7.0,23.21,,,
27310,Yashwardhan Singh,False,3.81795594934838e-05,3.81795594934838e-05,finisher,13.0,,216.66666666666666,1.0,13.333333333333334,1.0,23.27,,,
27311,Keyur Kale,False,3.0186190349093636e-05,3.0186190349093636e-05,finishing allrounder,21.0,,95.45454545454545,9.0,8.193548387096774,10.0,21.59,,,
27318,Tasmay Bedade,False,5.060386088158948e-07,5.060386088158948e-07,finisher,45.0,,115.38461538461539,,,4.0,23.22,,,
27326,Lakshit Toksiya,False,1.0045179998391453e-05,1.0045179998391453e-05,finishing allrounder,5.0,,166.66666666666666,19.0,7.824324324324325,11.0,,,,
27327,Sukirt Pandey,False,1.986707133214459e-06,1.986707133214459e-06,top/middle,134.0,,101.51515151515152,1.0,6.529411764705882,6.0,29.7,,,
27328,Lakshy Padhiyar,False,4.968266274847738e-07,4.968266274847738e-07,top/middle,121.0,,153.16455696202533,,,8.0,24.14,,,
27342,Amit Passi,False,1.7806630871669528e-07,1.7806630871669528e-07,opener,100.0,,175.43859649122808,,,6.0,26.25,,,
27343,Kinit Patel,False,1.0636200479503297e-06,1.0636200479503297e-06,finisher,13.0,,81.25,,,5.0,24.28,,,
27345,Shlok Desai,False,8.204171671266806e-08,8.204171671266806e-08,batting allrounder,77.0,,110.0,4.0,7.457142857142857,11.0,28.22,,,
27349,Rachesh Tandel,False,1.9415172876375864e-06,1.9415172876375864e-06,finisher,64.0,,100.0,,,7.0,,,,
27364,Simranjeet Kang,True,0.9543262078826731,0.9543262078826731,finishing allrounder,2.0,,22.22222222222222,3.0,5.419354838709677,2.0,29.35,22.22222222222222,,
27373,Muhammad Farooq,True,0.9984646406909643,0.8486949445873196,finishing allrounder,10.0,,32.25806451612903,7.0,5.928571428571429,5.0,33.14,0.6810998247310053,-9.999999999999996,-6.999999999999998
27380,Harshit Kaushik,True,0.9999342758422467,0.9999342758422467,finishing allrounder,26.0,,108.33333333333333,0.0,12.48,5.0,29.19,1.0506835244460817,,
27391,Vishnu Sukumaran,True,0.862180410397385,0.7328533488377772,top/middle,15.0,,83.33333333333333,1.0,2.5714285714285716,2.0,34.9,83.33333333333333,,
274,Martin Guptill,True,0.9997823279440022,0.6998476295608015,opener,237.0,,144.5121951219512,,,7.0,39.16,4.155840018074554,-66.99999999999997,
27452,Hemant Punde,False,1.3690919627161383e-05,1.3690919627161383e-05,finishing allrounder,19.0,,118.75,3.0,6.989010989010989,11.0,27.72,,,
27453,Ram Bharwad,False,3.8107700538556376e-06,3.8107700538556376e-06,finisher,7.0,,53.84615384615385,2.0,14.470588235294118,7.0,26.9,,,
27464,Aayan Khan,True,0.9821835971889116,0.9821835971889116,finishing allrounder,9.0,,180.0,2.0,9.285714285714286,2.0,20.03,180.0,,
27465,Nilansh Keswani,True,0.9474721405650095,0.9474721405650095,batting allrounder,24.0,,88.88888888888889,1.0,7.75,2.0,22.3,88.88888888888889,,
27466,Dhruv Parashar,True,0.9991693466066486,0.9991693466066486,finishing allrounder,23.0,,60.526315789473685,1.0,6.257142857142857,4.0,20.94,1.4288839753449085,20.999999999999993,0.9999999999999998
27469,Aryansh Sharma,True,0.1923140079653147,0.1923140079653147,opener,9.0,,50.0,,,2.0,20.98,50.0,,
27478,Utsav Chaudhary,False,4.5818439441238524e-07,4.5818439441238524e-07,finisher,18.0,,100.0,,,11.0,22.49,,,
27487,Mahesh Pithiya,False,0.0002576423941400196,0.0002576423941400196,finishing allrounder,30.0,,115.38461538461539,16.0,7.447368421052632,21.0,23.93,300.0,5.999999999999999,1.9999999999999991
27490,Akshay more,False,4.851858673331158e-07,4.851858673331158e-07,top/middle,125.0,,135.8695652173913,,,7.0,29.19,,,
2750,Alex Carey,False,0.001940650815682422,0.0016495531933300586,top/middle,91.0,,95.78947368421052,,,11.0,34.25,3.3238909187655357,-5.749999999999998,
27504,Dushan Hemantha,False,0.010357455591332651,0.010357455591332651,finishing allrounder,13.0,,130.0,19.0,6.180722891566265,7.0,31.51,4.748294398222632,,
27516,Ihsanullah Ihsanullah,False,0.011384804914271128,0.011384804914271128,finishing allrounder,6.0,,75.0,7.0,6.3125,4.0,23.13,75.0,,
27517,Yasir Khan,True,0.9958968685747495,0.9958968685747495,top/middle,106.0,,110.41666666666667,,,9.0,23.62,6.2305724654942525,-19.999999999999993,
2755,Siddhesh Lad,True,0.9999275531200152,0.8499384201520129,batting allrounder,368.0,,123.9057239057239,3.0,6.770642201834862,16.0,33.51,3.1614183304884267,56.57142857142857,-0.028571428571428633
2756,Shashank Singh,True,0.9999999999748999,0.8499999999786648,finisher,1274.0,,143.30708661417322,20.0,9.109311740890687,65.0,34.02,2.2203317801503117,173.80000000000004,2.5999999999999988
2758,Kevin Almeida,False,0.008741903393753005,0.008741903393753005,top/middle,343.0,,129.92424242424244,0.0,18.0,9.0,25.9,9.974047003591966,150.49999999999994,
2767,Shivam Sharma,False,2.616144810420332e-06,2.2237230888572824e-06,finishing allrounder,161.0,,146.36363636363637,14.0,8.514851485148515,17.0,32.21,146.36363636363637,34.999999999999986,-1.9999999999999996
2772,Abhay negi,True,0.9990001312443846,0.8491501115577269,finishing allrounder,131.0,,154.11764705882354,7.0,7.632,10.0,33.11,21.430518664368204,-21.499999999999996,-4.999999999999998
278,Tim Southee,True,0.9999999998344191,0.6999999998840933,finishing allrounder,50.0,,89.28571428571429,60.0,7.733041575492341,39.0,36.96,0.8548052223588523,5.0,-1.9999999999999996
2780,Liyan Khan,False,0.00018114354972632632,0.00015397201726737736,top/middle,115.0,,108.49056603773585,,,7.0,34.02,6.03062194594681,,
2781,Ravikumar Samarth,True,0.9997962327965269,0.8498267978770478,opener,772.0,,130.18549747048903,3.0,7.392857142857143,29.0,32.84,30.28345583243621,-20.000000000000004,2.9999999999999996
2790,Praveen Dubey,False,0.025614553004560937,0.021772370053876795,finishing allrounder,487.0,,146.24624624624624,31.0,7.924324324324324,38.0,32.41,2.3608371773065784,42.68571428571428,0.9999999999999998
27953,Jyotsnil Singh,False,0.00017402946874412796,0.00017402946874412796,opener,340.0,,128.78787878787878,2.0,3.8181818181818183,18.0,27.95,7.35257817205781,10.999999999999998,
27956,Prashant Solanki,True,0.9999998730297358,0.9999998730297358,finishing allrounder,67.0,,126.41509433962264,57.0,8.431654676258994,44.0,25.76,1.5784697029856047,-6.499999999999998,5.8999999999999995
27957,Siddharth Raut,True,0.9964670379594689,0.8469969822655485,finishing allrounder,11.0,,122.22222222222223,23.0,7.738515901060071,15.0,32.43,122.22222222222223,,2.499999999999999
27958,Sachin Yadav,True,0.9942379616439313,0.9942379616439313,top/middle,474.0,,133.89830508474577,,,20.0,31.64,2.820878584519137,81.99999999999997,
27959,Hrithik Shokeen,True,0.9999981106859067,0.9999981106859067,finishing allrounder,447.0,,122.46575342465754,22.0,7.5,38.0,25.86,1.835106620764691,23.699999999999992,0.7999999999999998
27960,Mayank Yadav,True,0.9999903827297533,0.9999903827297533,finishing allrounder,1.0,,100.0,19.0,7.166666666666667,14.0,23.45,100.0,,1.1
27961,Dev Lakra,False,0.00024082941451821052,0.00024082941451821052,finishing allrounder,235.0,,129.12087912087912,2.0,9.953488372093023,19.0,22.42,0.8996429654839694,93.99999999999999,1.9999999999999996
27962,Saurav Chauhan,True,0.9999952133721435,0.9999952133721435,top/middle,446.0,,135.56231003039514,0.0,11.0,20.0,25.5,2.057335332975956,47.4,
27964,Anshul Kamboj,True,0.999999716480735,0.999999716480735,finishing allrounder,34.0,,85.0,20.0,8.279635258358663,19.0,24.97,1.8814249291955263,1.3999999999999995,1.7999999999999994
27968,Avdhoot Dandekar,False,3.422415082822346e-05,2.3956905579756422e-05,opener,25.0,,86.20689655172414,,,2.0,35.39,86.20689655172414,,
27969,Anubhav Santosh Agarwal,False,0.00045233976299962155,0.00045233976299962155,finishing allrounder,27.0,,150.0,3.0,9.473684210526315,7.0,29.07,183.33333333333334,4.999999999999998,0.9999999999999998
27970,Gurnoor Singh,False,0.011337575366115987,0.011337575366115987,finishing allrounder,92.0,,148.38709677419354,32.0,8.13953488372093,24.0,25.51,1.111312493331982,13.999999999999996,13.999999999999996
27971,Prerit Dutta,False,5.944965531819269e-06,5.944965531819269e-06,finishing allrounder,435.0,,138.53503184713375,35.0,6.94949494949495,29.0,27.18,138.53503184713375,-65.99999999999999,-3.9999999999999982
27972,Aditya Jadeja,False,0.009971339957136675,0.009971339957136675,finishing allrounder,9.0,,69.23076923076923,21.0,7.560975609756097,13.0,23.69,69.23076923076923,,7.499999999999997
27973,Kevin Jivrajani,False,0.002427906324201229,0.002427906324201229,top/middle,144.0,,102.12765957446808,,,6.0,27.28,102.12765957446808,-6.999999999999998,
27976,Rakesh Pattanaik,False,0.004770225753803234,0.004054691890732749,finishing allrounder,154.0,,122.22222222222223,13.0,7.11377245508982,15.0,33.41,3.784678181478887,-16.999999999999996,0.9999999999999998
27980,Shahbaz Hussain,False,0.0230184272374767,0.0230184272374767,finisher,16.0,,55.172413793103445,,,4.0,28.96,4.325916781456764,3.999999999999999,
27981,Vishvas Malik,False,0.05688165860489965,0.05688165860489965,finishing allrounder,9.0,,100.0,2.0,12.0,4.0,28.08,100.0,,
28,Ishant Sharma,True,0.9999998723428757,0.699999910640013,finishing allrounder,6.0,,46.15384615384615,43.0,7.606879606879607,40.0,37.23,1.1437908496732028,1.4999999999999998,0.7999999999999999
2800,Ganga Sridhar Raju,False,1.7166312636697693e-05,1.459136574119304e-05,opener,968.0,,115.65113500597371,13.0,7.206030150753769,39.0,32.59,5.257892291739481,-36.6,0.08571428571428556
28018,Ashok Sharma,True,0.9953793886362235,0.9953793886362235,finishing allrounder,0.0,,0.0,3.0,8.024096385542169,3.0,23.44,0.0,,
28019,Ramesh Kumar,False,0.001598513115194662,0.001598513115194662,finishing allrounder,11.0,,137.5,11.0,6.634615384615385,11.0,26.9,137.5,,
28020,Shubham Garhwal,False,0.05824857232400221,0.05824857232400221,top/middle,35.0,,116.66666666666667,,,3.0,30.54,1.7523129598220866,20.999999999999993,
28021,Saurabh Dubey,False,0.6345352851838041,0.6345352851838041,finishing allrounder,11.0,,55.0,8.0,7.608695652173913,7.0,27.84,55.0,,
28183,Eden Tom,False,0.0002984306617937923,0.0002984306617937923,finishing allrounder,109.0,,137.9746835443038,11.0,8.112359550561798,19.0,20.4,2.4841377997831264,-80.99999999999996,-4.999999999999998
2823,Sohrab Dhaliwal,True,0.9996701648167816,0.8497196400942644,finishing allrounder,625.0,,168.01075268817203,26.0,7.403389830508474,35.0,34.02,1.2848042748428539,-78.49999999999999,-3.4999999999999996
28280,Sarvesh Rohilla,True,0.7410830225821008,0.7410830225821008,finisher,45.0,,125.0,,,3.0,21.97,125.0,,
28353,Saurav Kr Shan,False,0.0006149101775277431,0.0006149101775277431,opener,54.0,,83.07692307692308,,,7.0,26.92,83.07692307692308,35.999999999999986,
28354,Debajit Boruah,False,4.640478875291044e-05,3.944407043997388e-05,batting allrounder,305.0,,94.1358024691358,16.0,5.2405063291139244,20.0,32.85,8.019226001361183,-36.49999999999999,0.0
28355,Nabajeet Ghosh,False,0.010910013672026944,0.010910013672026944,top/middle,46.0,,97.87234042553192,,,9.0,31.81,1.3501554210357647,33.99999999999999,
28358,Priyangshu Dutta,False,1.5490138342807708e-05,1.5490138342807708e-05,finisher,49.0,,104.25531914893617,,,7.0,21.59,104.25531914893617,,
28359,Arnab Borah,False,9.135849726845737e-05,9.135849726845737e-05,top/middle,211.0,,88.65546218487395,,,12.0,20.85,98.7012987012987,-58.999999999999986,
28363,Pranjit Bora,False,3.5616709694408146e-05,3.5616709694408146e-05,finisher,81.0,,75.70093457943925,0.0,6.0,11.0,,27.400180305547295,-52.99999999999999,
28368,Debraj Shrestha,False,0.0002258212653601114,0.0002258212653601114,finishing allrounder,43.0,,110.25641025641026,5.0,4.188679245283019,3.0,,110.25641025641026,,
28374,Joges Sarma,False,0.0004551306282555021,0.0004551306282555021,top/middle,0.0,,0.0,,,3.0,,0.0,,
28393,Dhruba Jyoti Das,True,0.9995640237207134,0.9995640237207134,finishing allrounder,133.0,,103.90625,7.0,5.718120805369128,11.0,30.9,6.26798932259463,-34.999999999999986,-2.9999999999999996
28394,Bijoy Deb,False,0.00016676183079091496,0.00016676183079091496,batting allrounder,34.0,,94.44444444444444,6.0,6.473684210526316,3.0,,94.44444444444444,,
28396,Saurav Dey,False,0.0016730741559686992,0.0016730741559686992,finishing allrounder,76.0,,102.70270270270271,2.0,7.9772727272727275,8.0,,1.1159956464190772,-7.999999999999998,0.0
28401,Bikash Chetry,False,0.0013058355719816805,0.0013058355719816805,finishing allrounder,36.0,,48.0,21.0,4.622568093385214,12.0,,45.45454545454545,15.999999999999996,14.999999999999995
28402,Amanjit Daulagupu,False,9.464465115759792e-05,9.464465115759792e-05,finishing allrounder,14.0,,50.0,0.0,4.0,2.0,,50.0,,
28406,Uday Shankar Das,False,0.015039361852557033,0.015039361852557033,finisher,18.0,,120.0,,,3.0,,120.0,,
28408,Arijit Dutta,False,5.372672902582754e-05,5.372672902582754e-05,opener,16.0,,53.333333333333336,,,3.0,,53.333333333333336,,
28410,Jogeswar Bhumij,False,0.0006091886001639218,0.0005178103101393335,finishing allrounder,106.0,,117.77777777777777,9.0,4.090909090909091,5.0,33.41,117.77777777777777,,
28411,Kallol Bhuyan,False,3.133255132768137e-05,3.133255132768137e-05,top/middle,18.0,,78.26086956521739,,,5.0,,78.26086956521739,,
28412,Siddartha Sankar Baruah,True,0.9999644134523209,0.9999644134523209,batting allrounder,237.0,,158.0,4.0,7.151515151515151,5.0,,158.0,,
28413,Dibash Hazarika,True,0.9998037839370201,0.9998037839370201,top/middle,287.0,,108.30188679245283,1.0,6.428571428571429,20.0,,3.890393872368022,206.9999999999999,-0.9999999999999998
28414,Rohit Prasad Rowniar,True,0.9995108281329075,0.9995108281329075,finishing allrounder,29.0,,85.29411764705883,15.0,6.101694915254237,10.0,,7.890242523339209,-26.999999999999993,-2.9999999999999996
28417,Dipankar Borah,False,7.105179781324897e-05,7.105179781324897e-05,top/middle,24.0,,66.66666666666667,,,2.0,,66.66666666666667,,
28420,Shraban Kumar Khound,False,0.0037888918540815502,0.0037888918540815502,top/middle,128.0,,93.43065693430657,0.0,4.0,8.0,,16.506944830387035,-11.999999999999998,
28421,Daikho Das,False,0.0018327454160767646,0.0018327454160767646,finishing allrounder,74.0,,100.0,3.0,7.52112676056338,5.0,19.57,100.0,,
28422,Pawan Kr Majhi,False,9.371730327681095e-06,9.371730327681095e-06,finishing allrounder,15.0,,46.875,5.0,4.56198347107438,5.0,,46.875,,
28423,Abinash Rowniar,True,0.9728667876231796,0.9728667876231796,finisher,32.0,,53.333333333333336,,,6.0,,0.6891378141418264,-31.999999999999993,
28424,Rahul Rajak,False,0.001547435954515673,0.001547435954515673,finisher,0.0,,0.0,,,1.0,,0.0,,
28426,Bikash Kurmi,True,0.9985867178913868,0.9985867178913868,finishing allrounder,20.0,,51.282051282051285,10.0,4.690140845070423,8.0,,1.8117810415617088,-3.999999999999999,-3.999999999999999
28427,Aamir Noor Ali,True,0.9978971725550124,0.9978971725550124,top/middle,34.0,,70.83333333333333,1.0,8.625,5.0,,70.83333333333333,,
28428,Kishan Rajak,False,0.00012476253459900623,0.00012476253459900623,finishing allrounder,0.0,,0.0,3.0,7.880597014925373,4.0,,0.0,,
28430,Parag Barman,False,0.016482622702548064,0.011537835891783643,finishing allrounder,1.0,,50.0,2.0,7.5,5.0,35.28,0.697246230432634,-0.9999999999999998,0.0
28431,Nipujit Kalita,False,9.819977046453305e-05,9.819977046453305e-05,finisher,6.0,,46.15384615384615,,,4.0,26.01,46.15384615384615,,
28433,Pritish Raha Ray,False,0.004120310097574259,0.004120310097574259,finishing allrounder,0.0,,0.0,10.0,5.389830508474576,8.0,21.9,0.0,,7.999999999999998
28437,Ranjan Bikash Das,False,0.05971577390184252,0.05971577390184252,finishing allrounder,2.0,,50.0,2.0,9.627906976744185,7.0,19.04,50.0,,1.9999999999999996
28438,Hrishikesh Das,False,0.40770880600455084,0.40770880600455084,finisher,28.0,,215.3846153846154,,,3.0,19.11,215.3846153846154,,
28444,Anup Bhujel,False,0.0009572972028492129,0.0009572972028492129,finishing allrounder,13.0,,40.625,2.0,6.821917808219178,6.0,,,,
28450,Sanjib Barman,False,0.0032401508064697627,0.0032401508064697627,batting allrounder,311.0,,92.55952380952381,15.0,5.977528089887641,17.0,22.87,111.32075471698113,-192.9999999999999,-12.999999999999993
28458,Rohan Hazarika,True,0.9580060844714218,0.9580060844714218,top/middle,111.0,,100.0,,,9.0,21.4,100.0,-4.999999999999998,
28460,Tajinder Singh,True,0.9996202420652682,0.9996202420652682,finishing allrounder,188.0,,137.22627737226279,19.0,4.906882591093117,19.0,,158.46153846153845,-71.99999999999997,-12.999999999999993
28461,Mit Rajkumar,False,1.6211474037253892e-06,1.6211474037253892e-06,opener,15.0,,83.33333333333333,,,1.0,21.03,,,
28464,Angshuman Katoni,False,9.604163602759517e-06,9.604163602759517e-06,top/middle,230.0,,98.71244635193133,,,13.0,22.7,88.23529411764706,-183.99999999999994,
28465,Mayukh Hazarika,True,0.9897462557480197,0.9897462557480197,finishing allrounder,15.0,,60.0,12.0,7.984962406015038,9.0,21.66,60.0,0.9999999999999998,-5.999999999999999
28466,Shuhel Rahman,False,0.15435904675045994,0.15435904675045994,finishing allrounder,24.0,,80.0,4.0,9.875,5.0,,80.0,,
2847,Shardul Thakur,True,0.9999999999990696,0.8499999999992092,finishing allrounder,330.0,,138.65546218487395,82.0,8.708926261319535,72.0,34.11,1.4414636748322855,-6.899999999999998,-1.6000000000000003
28472,Om Mahanta,False,0.00011287096104086639,0.00011287096104086639,finishing allrounder,7.0,,70.0,0.0,10.25,2.0,,70.0,,0.0
28475,Kironjyoti Saikia,False,4.9843946550423935e-05,4.9843946550423935e-05,finishing allrounder,1.0,,100.0,2.0,4.588235294117647,4.0,,100.0,,
28476,Sumanta Jha,False,7.782080284075294e-05,7.782080284075294e-05,batting allrounder,31.0,,93.93939393939394,3.0,7.714285714285714,2.0,,93.93939393939394,,
28477,Diptesh Saha,False,0.00032560843787288657,0.00032560843787288657,opener,20.0,,60.60606060606061,1.0,9.529411764705882,4.0,,60.60606060606061,,
28478,Wasim Ahmed,True,0.9273532281125265,0.9273532281125265,finisher,8.0,,40.0,,,5.0,23.95,40.0,3.999999999999999,
28479,Hirok Jyoti Deka,True,0.9999593590074656,0.9999593590074656,top/middle,262.0,,112.44635193133047,1.0,6.136363636363637,17.0,,4.280805686514064,73.99999999999999,
28482,Naheen Islam,True,0.9377184972119189,0.9377184972119189,top/middle,33.0,,82.5,,,4.0,20.21,82.5,,
28484,Gaurav Saikia,False,0.0008502655692508677,0.0008502655692508677,opener,23.0,,63.888888888888886,,,2.0,,0.6926268857914529,-11.499999999999996,
28486,Moina Basfor,False,0.0030299547495019376,0.0030299547495019376,top/middle,10.0,,58.8235294117647,,,4.0,,1.0461735423507283,7.999999999999998,
28488,Ashim Das,False,0.00029745347141725374,0.00029745347141725374,finisher,54.0,,87.09677419354838,,,4.0,,87.09677419354838,,
28490,Rohit Sen,True,0.9997740738078299,0.9997740738078299,top/middle,324.0,,137.87234042553192,0.0,9.0,17.0,,2.1021786103330338,9.499999999999986,
28492,Samrat Biswas,True,0.985608781958025,0.985608781958025,finishing allrounder,8.0,,57.142857142857146,13.0,4.718181818181818,11.0,,57.142857142857146,,6.999999999999998
28502,Sujit Nandi,False,4.1427325732307793e-05,4.1427325732307793e-05,finisher,21.0,,72.41379310344827,,,2.0,,72.41379310344827,,
28505,Affan Ahmed,True,0.9925442057380548,0.9925442057380548,finisher,205.0,,104.06091370558376,,,20.0,20.14,3.1755142624436083,106.99999999999997,
28509,Kalyan Gogoi,True,0.9995477086067315,0.8496155523157217,batting allrounder,106.0,,88.33333333333333,8.0,6.850393700787402,5.0,34.22,88.33333333333333,,
28511,Pracheer Changmai,False,0.0006581910108162207,0.0006581910108162207,finishing allrounder,47.0,,79.66101694915254,9.0,4.810344827586207,5.0,,79.66101694915254,,
28514,Santanu Dhar,True,0.9908152090191457,0.9908152090191457,finishing allrounder,19.0,,126.66666666666667,8.0,5.857142857142857,7.0,,126.66666666666667,,
28515,Ritupan Phatowali,False,0.02075329411737665,0.014527305882163654,finisher,59.0,,100.0,,,4.0,35.72,100.0,,
28517,Raju Das,True,0.9964878342149439,0.9964878342149439,top/middle,66.0,,103.125,,,6.0,,103.125,,
2852,Jagadeesha Suchith,True,0.9999985615183331,0.9999985615183331,finishing allrounder,583.0,,131.9004524886878,72.0,7.044094488188977,59.0,31.86,1.5275145045661587,28.4,1.1000000000000012
28521,Raihan Jomeel Mazumder,True,0.6142632181427848,0.6142632181427848,finisher,38.0,,92.6829268292683,,,4.0,,92.6829268292683,,
28523,Prashant Kumar,True,0.9993222558960088,0.9993222558960088,top/middle,154.0,,115.78947368421052,2.0,5.052631578947368,6.0,,115.78947368421052,,
28526,Parvej Musaraf,True,0.9996711549467916,0.9996711549467916,opener,247.0,,166.8918918918919,11.0,4.771084337349397,7.0,22.04,166.8918918918919,-246.9999999999999,-8.999999999999996
28530,Himangshu Saraswat,False,0.010892205873277735,0.010892205873277735,finishing allrounder,96.0,,124.67532467532467,6.0,5.045454545454546,8.0,20.14,5.956984715220576,91.99999999999997,5.999999999999999
28539,Bishwajit Sahu das,False,0.002479924337857001,0.002479924337857001,finisher,13.0,,92.85714285714286,,,2.0,22.21,92.85714285714286,,
2854,Manisankar Murasingh,False,0.020283257433777534,0.017240768818710905,finishing allrounder,196.0,,149.61832061068702,12.0,6.237410071942446,12.0,32.9,5.222077009950358,8.999999999999998,-0.7999999999999998
2855,Pritam Das,True,0.9999590856867913,0.6999713599807539,finishing allrounder,6.0,,300.0,6.0,7.868852459016393,3.0,37.11,300.0,,
2856,Pallavkumar Das,True,0.9999607914883936,0.6999725540418754,batting allrounder,234.0,,131.46067415730337,4.0,9.418604651162791,19.0,35.86,1.4648432291541942,4.999999999999997,-0.9999999999999998
28568,Nzanthung Mozhui,False,0.0016692547270206967,0.0016692547270206967,opener,5.0,,27.77777777777778,,,1.0,29.99,27.77777777777778,,
28569,Yugandhar Singh,False,0.0004295918398548362,0.0004295918398548362,opener,73.0,,96.05263157894737,,,3.0,20.1,96.05263157894737,,
2857,Govind Podder,False,0.008756700134874063,0.007443195114642953,batting allrounder,240.0,,118.81188118811882,3.0,8.89090909090909,12.0,34.21,1.3718602963156414,25.999999999999986,0.4999999999999999
2858,Sibsankar Roy,False,0.00782009079296977,0.005474063555078838,batting allrounder,96.0,,117.07317073170732,3.0,5.3023255813953485,7.0,35.13,2.715868901676416,-42.499999999999986,-0.4999999999999999
2859,Gokul Sharma,False,0.00018224278045979816,0.0001275699463218587,batting allrounder,77.0,,122.22222222222223,2.0,7.573770491803279,3.0,38.02,122.22222222222223,,
286,Kane Richardson,True,0.9999951608645666,0.8499958867348816,finishing allrounder,0.0,,0.0,18.0,8.495575221238939,10.0,34.79,0.0,,-6.2803698347351e-16
2860,Srikar Bharat,True,0.9999873347685586,0.8499892345532748,top/middle,1238.0,,142.6267281105991,,,40.0,32.15,1.9252535414956293,46.599999999999994,
2862,Sachin Baby,False,0.0027116575383599973,0.001898160276851998,batting allrounder,1579.0,,146.7472118959108,18.0,7.415929203539823,45.0,36.94,3.1687973868533015,109.50000000000003,0.6285714285714283
2863,Sandeep Warrier,True,0.9999992129337913,0.8499993309937226,finishing allrounder,4.0,,57.142857142857146,57.0,6.953895071542131,58.0,34.65,0.9343170232832044,-0.19999999999999996,0.6000000000000001
2865,Hanuma Vihari,False,0.028300528413214572,0.024055449151232387,top/middle,441.0,,135.27607361963192,8.0,7.051546391752577,14.0,32.12,5.196806269915871,106.28571428571432,
28655,Muhammad Rohid,True,0.9975621768858447,0.9975621768858447,finishing allrounder,4.0,,80.0,9.0,8.615384615384615,6.0,23.16,0.6996854958048256,,
2868,Ishwar Pandey,False,0.004086593768097905,0.0028606156376685334,finishing allrounder,3.0,,37.5,2.0,6.405405405405405,3.0,36.28,37.5,,
2869,Ankit Rajpoot,False,0.06663950439976433,0.06663950439976433,finishing allrounder,9.0,,60.0,23.0,6.709677419354839,16.0,31.98,2.002506232192147,2.9999999999999996,10.999999999999998
2870,RS Paliwal,False,0.20382034417648365,0.1732472925500111,top/middle,169.0,,146.95652173913044,,,8.0,33.92,2.8152860040373504,12.285714285714285,
28700,Mohit Goraniya,False,0.0006923920682150259,0.000588533257982772,finishing allrounder,1.0,,50.0,4.0,5.814432989690721,4.0,33.25,50.0,,
2872,Siddarth Kaul,True,0.9999959345404222,0.6999971541782956,finishing allrounder,173.0,,142.97520661157026,63.0,7.900928792569659,44.0,35.52,1.6531447224912714,24.999999999999996,2.6999999999999993
28741,Anil Sharma,True,0.9973534575743634,0.9973534575743634,top/middle,63.0,,74.11764705882354,0.0,9.0,5.0,,74.11764705882354,,
2875,Thalaivan Sargunam,False,0.003486734010641582,0.0024407138074491073,finisher,3.0,,37.5,,,1.0,40.53,37.5,,
28756,Haider Ali,True,0.8989190927729181,0.8989190927729181,finishing allrounder,7.0,,87.5,2.0,6.107142857142857,3.0,31.56,87.5,,
2876,Axar Patel,True,0.9999999999872591,0.9999999999872591,finishing allrounder,1570.0,,135.3448275862069,116.0,7.098591549295775,127.0,31.85,2.599994399876713,83.80000000000001,1.4043333874306804e-16
2877,Vijay Shankar,True,0.9999999999879807,0.8499999999897836,batting allrounder,1338.0,,131.9526627218935,28.0,7.758812615955473,69.0,34.84,3.1328797419406094,46.99999999999999,0.5999999999999998
2878,Mohit Sharma,True,0.9999999992534421,0.6999999994774094,finishing allrounder,3.0,,15.0,51.0,8.85820895522388,40.0,37.19,0.6335627755852632,0.4999999999999998,1.7000000000000002
28788,Tanish Suri,False,0.00046225862457166625,0.00046225862457166625,top/middle,48.0,,117.07317073170732,,,2.0,20.48,117.07317073170732,,
2879,Ravi Karthikeyan,False,0.00869032583083009,0.007386776956205576,finishing allrounder,71.0,,80.68181818181819,3.0,6.337078651685394,10.0,32.84,1.048177854475951,54.99999999999998,2.9999999999999996
2881,Royston Dias,True,0.9990106980508274,0.9990106980508274,finishing allrounder,8.0,,66.66666666666667,13.0,8.244094488188976,13.0,25.9,1.9695553920533262,-1.9999999999999996,4.999999999999998
2884,Manan Vohra,False,0.1580146849956585,0.1343124822463097,opener,517.0,,124.27884615384616,,,19.0,32.36,5.506090578739974,50.400000000000006,
2888,Chaturanga de Silva,False,0.014543740818353081,0.010180618572847156,finishing allrounder,152.0,,109.35251798561151,12.0,6.996805111821086,18.0,35.86,2.5401622933669854,-36.999999999999986,-2.499999999999999
2892,Asif Ali,True,0.9970079931422643,0.8474567941709247,finisher,115.0,,117.34693877551021,,,18.0,34.15,1.199059042150389,104.99999999999997,
28967,Tim Robinson,False,0.36242588809083937,0.36242588809083937,opener,455.0,,136.22754491017963,,,21.0,23.58,2.953814640012609,178.99999999999994,
28996,Yasar Mustafa,False,2.7220010266012338e-05,2.7220010266012338e-05,finishing allrounder,9.0,,50.0,6.0,7.076923076923077,4.0,,50.0,,
29066,Zakary Foulkes,False,0.0008300503105244001,0.0008300503105244001,finishing allrounder,59.0,,128.2608695652174,17.0,7.857142857142857,14.0,23.48,1.1620749215316706,-8.999999999999996,-0.9999999999999998
29178,Khiangte Vanrotlinga,False,0.002843514563897807,0.002843514563897807,finishing allrounder,8.0,,66.66666666666667,7.0,10.16326530612245,4.0,20.97,66.66666666666667,,
29182,Lalhruai Ralte,True,0.9701865653556131,0.8246585805522711,finishing allrounder,5.0,,71.42857142857143,5.0,9.46788990825688,6.0,33.71,71.42857142857143,,-0.9999999999999997
29193,Jehu Anderson,True,0.9835065763843532,0.9835065763843532,opener,85.0,,80.95238095238095,,,7.0,26.04,3.3728326889977462,-4.999999999999998,
2921,Fakhar Zaman,True,0.999999942755802,0.6999999599290613,top/middle,966.0,,129.49061662198392,,,43.0,35.63,2.3322451537031723,55.8,
29220,Lalhriatrenga,True,0.9966563838890689,0.9966563838890689,finishing allrounder,29.0,,49.152542372881356,0.0,9.5,7.0,25.94,7.096077721118812,-4.999999999999998,
29221,F Van Lalmuanzuala,False,0.009543734992078163,0.009543734992078163,finisher,45.0,,57.69230769230769,,,6.0,27.27,21.420095339182406,13.999999999999996,
29295,Rosiamliana Ralte Junior,True,0.9822522843186724,0.6875765990230707,finisher,1.0,,100.0,1.0,13.846153846153847,1.0,37.94,100.0,,
2930,Rassie van der Dussen,True,0.9999999999931406,0.6999999999951984,top/middle,558.0,,129.16666666666666,,,27.0,36.8,2.1433473053094763,-21.300000000000004,
2933,Jasprit Bumrah,True,0.9999999987879296,0.9999999987879296,finishing allrounder,28.0,,70.0,95.0,6.502219403931515,68.0,31.97,0.989568791729871,-2.0000000000000004,2.1
29454,Anish Charak,False,0.0017028566741878173,0.0017028566741878173,finishing allrounder,68.0,,65.38461538461539,4.0,8.130841121495328,7.0,25.6,1.0283241576830635,-19.999999999999993,-0.5
2947,Sohaib Maqsood,False,0.07937645323834415,0.0555635172668409,top/middle,52.0,,157.57575757575756,,,6.0,38.62,2.187254819626753,,
295,Wayne Parnell,True,0.9999999990240129,0.699999999316809,finishing allrounder,103.0,,92.7927927927928,21.0,8.153172866520787,20.0,36.33,1.793566148895968,0.5000000000000014,0.9999999999999998
29556,Rahul Dev,False,5.444457031653832e-05,4.627788476905757e-05,opener,127.0,,169.33333333333334,,,4.0,33.59,169.33333333333334,,
29558,Muhammad Irfan,True,0.9691432300291403,0.8237717455247692,finishing allrounder,36.0,,90.0,3.0,8.3,3.0,32.57,90.0,,
29673,J Biakthanpuia,True,0.6493018078916221,0.6493018078916221,top/middle,7.0,,33.333333333333336,,,1.0,28.0,33.333333333333336,,
2972,Yasim Murtaza,True,0.9999886283757927,0.8499903341194238,finishing allrounder,172.0,,108.86075949367088,5.0,7.631799163179917,11.0,34.98,2.312500101189644,30.92857142857143,1.214285714285714
29771,Arun Ka,False,0.011728005659592762,0.009968804810653847,top/middle,250.0,,108.69565217391305,,,18.0,32.05,4.4891437332048785,-85.99999999999996,
29775,Akhil Sajeev,False,0.00019061315925545917,0.00019061315925545917,finishing allrounder,54.0,,103.84615384615384,13.0,8.580310880829016,9.0,24.5,103.84615384615384,-15.999999999999996,-3.499999999999999
29777,Jaganathan M R,False,3.634239017843812e-05,3.634239017843812e-05,opener,56.0,,90.3225806451613,,,4.0,22.35,90.3225806451613,3.999999999999999,
29779,Abhiram V,False,0.000334002621719288,0.000334002621719288,top/middle,83.0,,94.31818181818181,,,7.0,23.15,94.31818181818181,-16.999999999999996,
29780,Mohammed Kaif,False,9.777499842041934e-07,6.844249889429354e-07,finisher,90.0,,132.35294117647058,,,8.0,44.99,132.35294117647058,,
29781,Vyshnav E P,False,0.00034051804642505515,0.00034051804642505515,finishing allrounder,35.0,,152.17391304347825,3.0,6.551020408163265,8.0,27.51,152.17391304347825,0.9999999999999998,-2.9999999999999996
29787,Neeraj Prakash,False,0.00246727087871813,0.00246727087871813,finisher,1.0,,100.0,,,1.0,23.58,100.0,,
29788,Arjun Suresh,False,0.0024132129124482243,0.0024132129124482243,finisher,35.0,,100.0,0.0,6.0,4.0,24.16,100.0,,
29789,Mohammed Safeer,False,0.009173142189684949,0.009173142189684949,finishing allrounder,7.0,,140.0,11.0,6.440677966101695,8.0,26.45,140.0,,4.999999999999998
29790,Mohammed Rizwan,False,0.0021031922517427354,0.0021031922517427354,finishing allrounder,16.0,,94.11764705882354,0.0,7.75,2.0,22.81,94.11764705882354,,
29793,Kamil Aboobacker,False,0.005041136527384937,0.005041136527384937,top/middle,52.0,,115.55555555555556,,,3.0,22.07,115.55555555555556,,
29795,S Anand Sagar,False,0.0005576996349389725,0.0005576996349389725,opener,338.0,,125.18518518518519,,,15.0,23.5,45.12069919928865,249.99999999999991,
29796,Harikrishan U,False,0.00013738791859626743,0.00013738791859626743,finishing allrounder,1.0,,16.666666666666668,36.0,6.708971553610503,22.0,23.88,16.666666666666668,0.9999999999999998,1.4999999999999993
29797,Anandhu Sunil,False,0.00285303666712841,0.00285303666712841,top/middle,59.0,,103.50877192982456,,,2.0,29.52,103.50877192982456,,
29798,Vishnu N Babu,False,0.0001242448040430529,0.0001242448040430529,opener,226.0,,126.25698324022346,0.0,6.0,5.0,30.57,126.25698324022346,,
29800,Akhil Kg,False,0.001941009427285303,0.001941009427285303,finishing allrounder,25.0,,131.57894736842104,6.0,10.0,11.0,28.04,9.828244467095844,6.9999999999999964,0.9999999999999996
29803,Alwin Philip,False,0.00014097386185014544,0.00014097386185014544,finishing allrounder,50.0,,90.9090909090909,8.0,5.758389261744966,7.0,25.88,90.9090909090909,-15.999999999999996,3.999999999999999
29806,Pavan Sreedhar,False,0.06464114611955869,0.06464114611955869,finisher,31.0,,93.93939393939394,,,6.0,,2.1537343478215267,,
29807,Mohit Krishna S,False,0.0001361977504999728,0.0001361977504999728,finishing allrounder,10.0,,83.33333333333333,2.0,8.0,2.0,,83.33333333333333,,
29808,Arjun Venugopal,False,0.0008417854838409507,0.0008417854838409507,finishing allrounder,20.0,,100.0,6.0,8.25,7.0,21.51,100.0,,
29809,Ujwal Krishna Ku,False,0.002414702557730626,0.002414702557730626,top/middle,153.0,,100.0,,,11.0,24.0,1.9595056005971034,52.99999999999999,
29811,Mohammed Enaan,False,0.023145680005941232,0.023145680005941232,finishing allrounder,98.0,,112.64367816091954,12.0,7.75,13.0,19.03,2.7242594097204313,-6.4999999999999964,-1.4999999999999993
29812,Shine Jacob,False,0.0010262546402553293,0.0010262546402553293,finishing allrounder,69.0,,89.6103896103896,12.0,7.486725663716814,14.0,22.06,1.2126735281782692,-68.99999999999999,-11.999999999999998
29814,Vishnu Tm,False,0.012477002816025103,0.012477002816025103,finishing allrounder,0.0,,0.0,3.0,7.285714285714286,3.0,27.81,0.0,,
29815,Akarsh Ak,False,0.00032139234396592,0.00032139234396592,finisher,175.0,,111.46496815286625,,,10.0,20.74,111.46496815286625,26.999999999999993,
29816,Vivek Kp,False,0.006711230184816315,0.00469786112937142,finishing allrounder,0.0,,0.0,2.0,6.714285714285714,2.0,37.73,0.0,,
29817,Ajinas K,False,0.000417661624598938,0.000417661624598938,finishing allrounder,135.0,,123.85321100917432,20.0,8.404040404040405,17.0,26.53,3.2423210781589646,-29.499999999999986,5.499999999999998
29820,Gokul Gopinath,False,0.009128786306391686,0.009128786306391686,finishing allrounder,3.0,,60.0,6.0,8.387096774193548,6.0,26.59,60.0,,
29833,Bashir Ahmad,False,0.0002152621511325335,0.0002152621511325335,finisher,2.0,,33.333333333333336,0.0,10.8,1.0,20.38,33.333333333333336,,
2984,Sikandar Raza,False,0.02269942657991957,0.015889598605943696,finishing allrounder,431.0,,127.51479289940828,11.0,7.4297872340425535,20.0,39.59,3.492090611104807,3.0999999999999988,0.49999999999999983
2985,Mark Wood,True,0.9999930114726405,0.6999951080308483,finishing allrounder,27.0,,135.0,32.0,7.120689655172414,16.0,35.87,1.0577372804817526,2.499999999999999,-0.6999999999999997
29888,Harshit Rana,True,0.9999999999020843,0.9999999999020843,finishing allrounder,155.0,,118.3206106870229,63.0,8.563691073219658,51.0,23.93,1.4579580263388192,54.07142857142859,11.1
2997,Paul Meekeren,False,0.0003759924599076456,0.00031959359092149876,finishing allrounder,2.0,,40.0,5.0,6.923076923076923,6.0,32.86,40.0,,
30199,Akshay Shiv,False,0.028809307424199116,0.028809307424199116,top/middle,210.0,,111.70212765957447,,,9.0,26.93,2.212957624666892,197.9999999999999,
30216,Sharon S,False,0.03369637985659234,0.03369637985659234,finisher,64.0,,87.67123287671232,,,9.0,22.58,5.267788419642627,55.999999999999986,
3024,Mohammad Rizwan,True,0.9999999029711105,0.8499999175254439,opener,2163.0,,121.17647058823529,,,64.0,33.49,2.680496416919403,-3.50000000000001,
3033,Usman Qadir,False,0.040751522221413046,0.03463879388820109,finishing allrounder,37.0,,102.77777777777777,15.0,7.878594249201278,18.0,32.3,0.8856532791279126,1.6428571428571437,-0.2142857142857143
3038,Hussain Talat,True,0.9975341386818118,0.9975341386818118,batting allrounder,89.0,,104.70588235294117,4.0,8.44186046511628,8.0,29.79,3.805642896889463,,
304,Murali Vijay,False,0.014866261510493958,0.01040638305734577,top/middle,224.0,,163.5036496350365,,,4.0,41.65,6.95923171821515,,
30470,Gokul Rajan,False,0.00013065900530836227,0.00013065900530836227,finisher,0.0,,0.0,0.0,13.714285714285714,1.0,26.44,0.0,,
30497,Athuljith Anu,False,3.248281429396724e-05,3.248281429396724e-05,opener,106.0,,126.19047619047619,,,8.0,31.54,126.19047619047619,0.0,
305,Ravichandran Ashwin,True,0.9999999999968372,0.699999999997786,finishing allrounder,1041.0,,132.27445997458705,88.0,7.0198228595529315,100.0,39.2,3.3334130329766305,65.4,2.0000000000000004
3056,Iftikhar Ahmed,True,0.9999999970184064,0.6999999979128844,finishing allrounder,1217.0,,125.72314049586777,16.0,6.661290322580645,60.0,35.23,2.8617181715652236,-51.49999999999999,1.1999999999999997
30722,Shushruth V S,False,0.0107408240901707,0.0107408240901707,finisher,42.0,,123.52941176470588,,,4.0,25.03,123.52941176470588,-37.99999999999998,
30728,J Reddy,False,0.0029871256604105815,0.0029871256604105815,opener,63.0,,98.4375,,,4.0,27.3,98.4375,,
30730,Vinay Pratap Singh,False,0.0056406306776388485,0.0056406306776388485,finishing allrounder,35.0,,81.3953488372093,5.0,7.777777777777778,8.0,24.88,81.3953488372093,,
30740,P Sunil Kumar,False,0.0008952188857863654,0.0008952188857863654,finisher,29.0,,126.08695652173913,,,3.0,23.13,126.08695652173913,22.999999999999993,
30749,Subramaniyan K,False,0.023680084752441738,0.016576059326709216,finishing allrounder,21.0,,116.66666666666667,8.0,5.868852459016393,10.0,41.54,116.66666666666667,,
30759,Nitin Pranav V,False,1.1313080569041379e-08,1.1313080569041379e-08,finishing allrounder,288.0,,113.38582677165354,3.0,8.222222222222221,20.0,21.81,113.38582677165354,133.99999999999994,2.9999999999999996
30762,Siddharth Naidu,False,0.004431576576947181,0.004431576576947181,finisher,25.0,,73.52941176470588,,,4.0,26.1,73.52941176470588,,
3077,Usama Mir,False,0.047892629734581596,0.047892629734581596,finishing allrounder,7.0,,100.0,5.0,8.390243902439025,5.0,29.93,1.0964907540736328,,
30774,Shishir Hr,False,0.00018889454235698506,0.00018889454235698506,finishing allrounder,0.0,,0.0,12.0,6.966824644549763,11.0,23.12,0.0,,-7.999999999999998
30778,Tejveer singh,False,0.003068651678055705,0.003068651678055705,finishing allrounder,1.0,,50.0,1.0,10.046511627906977,3.0,23.05,50.0,,
30786,Saurabh Yadav,False,0.010852426171409774,0.009224562245698308,finishing allrounder,10.0,,100.0,1.0,9.046153846153846,4.0,32.38,100.0,,
3091,Sahibzada Farhan,True,0.9999971278016949,0.9999971278016949,opener,727.0,,128.90070921985816,,,21.0,29.72,3.25768794457862,633.9999999999998,
3097,Shan Masood,False,0.0008159092980593193,0.0005711365086415234,top/middle,220.0,,118.91891891891892,,,12.0,36.12,8.381977476487132,,
31157,Bhagyaraj Chudasama,False,1.9786266951765004e-07,1.9786266951765004e-07,finisher,180.0,,115.38461538461539,,,14.0,22.97,115.38461538461539,3.8571428571428585,
31158,Rishi Patel,False,7.1366642491758856e-06,7.1366642491758856e-06,finishing allrounder,49.0,,96.07843137254902,3.0,6.909090909090909,4.0,26.3,96.07843137254902,,
31159,Yuvrajsinh Dodiya,False,1.4353757255245185e-05,1.4353757255245185e-05,finishing allrounder,5.0,,83.33333333333333,2.0,8.938775510204081,8.0,25.15,83.33333333333333,,
31160,Ankur Panvar,False,0.07467001750059286,0.07467001750059286,finishing allrounder,0.0,,0.0,23.0,7.546583850931677,15.0,26.21,0.0,,3.499999999999999
31163,Satyajeetsingh Gohil,False,7.820635257498649e-05,7.820635257498649e-05,finishing allrounder,13.0,,65.0,0.0,6.5,2.0,26.3,65.0,,
31165,Sonu Batham,False,0.053827477200875676,0.03767923404061297,finishing allrounder,14.0,,200.0,6.0,8.117647058823529,7.0,36.0,200.0,,-1.7142857142857146
31166,Siddhant Rana,False,5.468125057484453e-07,5.468125057484453e-07,top/middle,371.0,,138.43283582089552,,,17.0,24.77,138.43283582089552,112.35714285714286,
31167,Abrar Shaikh,False,0.15992366359210738,0.13593511405329128,top/middle,64.0,,108.47457627118644,,,3.0,32.29,108.47457627118644,,
31168,Tarang Goel,False,0.0003731521303833995,0.0003731521303833995,opener,600.0,,141.84397163120568,,,28.0,26.28,1.3836246613730756,-41.39999999999999,
31170,Raxit Mehta,False,4.054407353328726e-05,4.054407353328726e-05,top/middle,470.0,,118.9873417721519,,,14.0,22.02,118.9873417721519,56.64285714285716,
31171,Nihar Vaghela,False,5.490965151472077e-07,5.490965151472077e-07,top/middle,153.0,,84.06593406593407,,,16.0,24.27,84.06593406593407,-6.857142857142858,
31172,Adityarajsinh Rathore,False,0.005907006099289885,0.005907006099289885,finishing allrounder,39.0,,111.42857142857143,5.0,8.660869565217391,9.0,23.31,111.42857142857143,,1.4999999999999998
31177,Kamlesh Makwana,False,0.00027696029092972533,0.00027696029092972533,finishing allrounder,3.0,,75.0,2.0,7.875,4.0,26.3,75.0,,
31178,Aditya H Jadeja,False,9.838124376637307e-07,9.838124376637307e-07,finishing allrounder,21.0,,131.25,7.0,7.51948051948052,8.0,26.3,131.25,18.99999999999999,0.9999999999999998
31179,Arjun Rathod,False,0.0018631918799212645,0.0018631918799212645,finisher,10.0,,50.0,,,3.0,27.91,50.0,,
31180,Sammar Gajjar,False,0.005667135974184872,0.005667135974184872,finishing allrounder,342.0,,128.57142857142858,19.0,6.417827298050139,20.0,22.29,2.044762178727331,34.99999999999999,-2.0999999999999996
31181,Suresh Tamil,False,0.0001607436864665657,0.0001607436864665657,finishing allrounder,13.0,,144.44444444444446,4.0,7.2,4.0,26.3,144.44444444444446,,
31182,Neel Pandya,False,0.002260656243097598,0.002260656243097598,finishing allrounder,1.0,,33.333333333333336,5.0,8.73913043478261,4.0,23.8,33.333333333333336,,
31183,Pavan Parmar,False,4.91641870287002e-05,4.91641870287002e-05,finisher,73.0,,155.31914893617022,1.0,8.0,7.0,24.36,155.31914893617022,11.499999999999996,
31184,Hetvik Kotak,False,0.0017850469864538632,0.0017850469864538632,top/middle,334.0,,123.24723247232473,,,15.0,24.13,1.6340360895057935,53.28571428571429,
31186,Prasham Rajdev,False,8.873505779884044e-06,8.873505779884044e-06,top/middle,47.0,,94.0,,,6.0,23.97,94.0,-8.071428571428571,
31187,Satyam Khamrai,False,0.005022219712124014,0.005022219712124014,finishing allrounder,22.0,,88.0,10.0,7.656441717791411,12.0,24.21,88.0,,2.9999999999999996
31189,Aryandev Jhala,False,1.355828348717147e-07,1.355828348717147e-07,top/middle,214.0,,123.69942196531792,,,9.0,31.7,123.69942196531792,81.99999999999997,
31190,Chirag Sisodiya,False,0.0002164526268737628,0.0002164526268737628,top/middle,307.0,,140.8256880733945,,,16.0,31.78,140.8256880733945,-19.571428571428577,
31191,Hitendra Jadeja,False,7.947325514797192e-06,7.947325514797192e-06,finishing allrounder,111.0,,132.14285714285714,4.0,8.836363636363636,9.0,26.3,132.14285714285714,-30.999999999999986,0.0
31192,Kuldeep Sharma,False,0.0004422666857303791,0.00030958668001126533,finishing allrounder,0.0,,0.0,4.0,6.1395348837209305,4.0,39.17,0.0,,
31193,Niket Joshi,False,0.0003732932735914837,0.0003732932735914837,finisher,48.0,,129.72972972972974,,,3.0,28.06,129.72972972972974,,
31194,Pranav Karia,False,5.740799321561103e-05,5.740799321561103e-05,finishing allrounder,31.0,,114.81481481481481,10.0,7.292817679558011,11.0,26.96,114.81481481481481,-8.499999999999998,-1.9999999999999996
31198,Pranav Pravin Nandha,False,0.0008189001949529253,0.0008189001949529253,finisher,0.0,,0.0,1.0,9.0,1.0,,0.0,,
31199,Amit Ranjan,False,1.2955727806301922e-05,1.2955727806301922e-05,finishing allrounder,233.0,,133.90804597701148,2.0,7.5,14.0,25.06,133.90804597701148,30.5,-0.9999999999999998
31201,Dev Dand,False,3.394118983893007e-07,3.394118983893007e-07,batting allrounder,94.0,,94.94949494949495,5.0,8.035087719298245,8.0,25.12,94.94949494949495,49.999999999999986,0.9999999999999998
31202,Krishnakant Pathak,False,1.4485050812504298e-06,1.2312293190628654e-06,opener,354.0,,135.1145038167939,,,18.0,33.49,135.1145038167939,9.85714285714286,
31203,Parswaraj Rana,False,4.393228032557801e-06,4.393228032557801e-06,batting allrounder,424.0,,141.33333333333334,21.0,6.898876404494382,14.0,24.93,141.33333333333334,70.99999999999999,-0.4999999999999999
31205,Ruchit Ahir,False,0.04969639088208895,0.04969639088208895,top/middle,372.0,,140.37735849056602,,,14.0,25.08,4.085313235655077,59.19999999999999,
31206,Viharsinh Jadeja,False,0.00331407691673968,0.00331407691673968,finishing allrounder,87.0,,158.1818181818182,2.0,11.23943661971831,5.0,30.19,158.1818181818182,-44.999999999999986,1.9999999999999996
31209,Alok Ranjan,False,0.002030716158079245,0.002030716158079245,top/middle,64.0,,114.28571428571429,,,4.0,27.3,114.28571428571429,,
31210,Ramesh Padiyachi,False,0.00015993566552945812,0.00015993566552945812,finishing allrounder,10.0,,90.9090909090909,10.0,7.8584070796460175,12.0,27.0,90.9090909090909,,0.35714285714285726
31211,Nakul Ayachi,False,0.024667514211456996,0.020967387079738446,finisher,9.0,,128.57142857142858,,,1.0,34.69,128.57142857142858,,
31223,Fenil Soni,False,0.0001077812870167267,0.0001077812870167267,finishing allrounder,5.0,,45.45454545454545,1.0,7.2,4.0,26.3,45.45454545454545,,
31227,Vidhwath Kaverappa,True,0.9999998055827013,0.9999998055827013,finishing allrounder,12.0,,46.15384615384615,63.0,7.62406015037594,48.0,26.75,0.7306773541669284,-2.7,-4.499999999999999
3125,Nicholas Pooran,True,0.9999999998855436,0.9999999998855436,top/middle,3243.0,,146.21280432822363,,,134.0,30.15,2.535150256138643,28.300000000000004,
3126,Miguel Cummins,False,0.001464250456648519,0.0010249753196539633,finisher,8.0,,53.333333333333336,0.0,13.846153846153847,1.0,35.23,53.333333333333336,,
31291,Rohit Karanjkar,False,5.7591915581105555e-06,4.895312824393972e-06,top/middle,154.0,,145.28301886792454,,,9.0,34.86,,,
31293,Advay Shidhaye,False,1.4112715975303986e-07,1.4112715975303986e-07,finisher,146.0,,121.66666666666667,0.0,19.0,12.0,27.87,121.66666666666667,9.999999999999996,
3135,Yannic Cariah,False,0.0035760739253071633,0.0030396628365110885,finishing allrounder,7.0,,116.66666666666667,2.0,7.377049180327869,3.0,33.43,1.5077837088591797,0.4999999999999999,0.0
31365,Jyotir Purohit,False,0.00017680147252292276,0.00017680147252292276,finisher,41.0,,85.41666666666667,,,5.0,28.65,85.41666666666667,-32.99999999999999,
314,Ravi Bopara,False,0.015167889744249128,0.010617522820974388,batting allrounder,101.0,,118.82352941176471,2.0,7.5,8.0,40.56,2.667065776394811,,
3144,Thomas Curran,False,0.004355065578469387,0.004355065578469387,finishing allrounder,31.0,,119.23076923076923,7.0,8.45,5.0,30.71,1.1929673072057299,,
31513,Ethan Dsouza,False,3.951692868405742e-05,3.951692868405742e-05,top/middle,7.0,,77.77777777777777,1.0,9.473684210526315,1.0,19.7,77.77777777777777,,
31518,Akshat Raghuwanshi,True,0.9998393058560759,0.9998393058560759,top/middle,451.0,,161.64874551971326,,,14.0,22.2,3.0532748005697314,70.57142857142857,
31520,Suved Parkar,True,0.9404467870644421,0.9404467870644421,top/middle,235.0,,149.6815286624204,,,9.0,24.64,1.0473830199394758,,
31529,Robin Minz,True,0.9997115509025818,0.9997115509025818,top/middle,100.0,,100.0,,,7.0,23.2,1.677833250762854,,
31685,Madhan Kumar S,False,0.000698466683098792,0.000698466683098792,finisher,8.0,,61.53846153846154,,,3.0,29.56,22.1297533502071,,
31688,Pranav Kumar,False,0.00011935682004276214,0.00011935682004276214,finishing allrounder,80.0,,101.26582278481013,0.0,7.454545454545454,3.0,26.3,2.8775276101206977,,
31692,Guruswamy Ajitesh Ajitesh,False,9.366541219991035e-05,9.366541219991035e-05,top/middle,754.0,,143.89312977099237,,,37.0,23.17,2.551048791595806,-52.4,
31694,Krish Jain,False,0.001048623661360039,0.001048623661360039,finisher,11.0,,157.14285714285714,,,2.0,26.3,157.14285714285714,,
31695,K Easwaran,False,3.1198555541785326e-05,3.1198555541785326e-05,finishing allrounder,1.0,,12.5,35.0,7.205417607223477,21.0,26.3,0.6517997393095765,0.9999999999999998,0.29999999999999993
31696,Karthick Manikandan V S,False,0.3020321021490755,0.3020321021490755,finishing allrounder,41.0,,136.66666666666666,13.0,7.885714285714286,8.0,26.3,1.1199038802628203,3.3571428571428577,-0.8999999999999996
31697,Akash Kumar,False,1.0455854762842883e-05,1.0455854762842883e-05,finishing allrounder,13.0,,81.25,0.0,7.674418604651163,4.0,22.11,81.25,,
31701,Niranjan N,False,0.00032133612775440176,0.00032133612775440176,top/middle,28.0,,87.5,,,2.0,26.3,15.4589839805691,,
31702,Gohulmoorthi S,False,0.014763454627065976,0.014763454627065976,finishing allrounder,20.0,,60.60606060606061,3.0,7.928571428571429,5.0,26.3,1.3244908824081685,-1.0000000000000002,0.0
31704,Ajay K Krishna,False,0.006262925894604239,0.006262925894604239,finishing allrounder,4.0,,26.666666666666668,26.0,7.483695652173913,18.0,3.44,1.3980141755067628,-0.3999999999999999,-2.1999999999999997
31706,Sunny Sandhu,False,0.0018204799637428415,0.0018204799637428415,finishing allrounder,444.0,,137.88819875776397,33.0,7.273743016759776,28.0,22.12,3.0168253514918697,4.999999999999996,-1.2999999999999996
31707,Rithik S,False,0.00762436457906042,0.00762436457906042,finisher,450.0,,140.18691588785046,,,31.0,23.78,5.262803319853455,11.799999999999999,
31708,Vignesh S Iyer,False,0.001128973507824056,0.001128973507824056,top/middle,27.0,,103.84615384615384,,,3.0,26.3,1.1289487666663176,,
31712,Balu Surya,False,0.0002736838330387537,0.0002736838330387537,finishing allrounder,0.0,,0.0,13.0,6.703583061889251,17.0,26.3,0.0,,-2.8999999999999995
31714,Manoj Kumar,False,0.06169941976315671,0.06169941976315671,finishing allrounder,1.0,,100.0,2.0,11.18918918918919,2.0,26.3,100.0,,
31715,V P Diran,False,0.0013698568039288747,0.0013698568039288747,finishing allrounder,18.0,,90.0,5.0,9.306122448979592,15.0,26.3,3.391638855873311,-4.999999999999998,0.5
3174,Matt Henry,True,0.9999997204650821,0.8499997623953198,finishing allrounder,8.0,,53.333333333333336,25.0,7.979633401221996,24.0,33.95,0.8617949126648048,2.9999999999999987,-3.499999999999999
321,Fidel Edwards,False,0.012683230824377709,0.008878261577064395,finishing allrounder,0.0,,0.0,3.0,7.392857142857143,4.0,43.8,0.0,,
32236,Maddila Vardhan,False,3.339799997114244e-07,3.339799997114244e-07,top/middle,155.0,,126.01626016260163,,,12.0,23.82,126.01626016260163,46.999999999999986,
32237,Mopada Ravikiran,False,7.05069494087967e-08,7.05069494087967e-08,finisher,95.0,,120.25316455696202,0.0,14.0,11.0,23.35,120.25316455696202,32.99999999999999,
32241,Akula Vijay,False,7.873657783618628e-05,7.873657783618628e-05,finisher,83.0,,127.6923076923077,,,6.0,23.93,127.6923076923077,,
32244,Tripurana Vijay,False,0.01713952067333912,0.01713952067333912,finishing allrounder,106.0,,102.9126213592233,21.0,6.923076923076923,16.0,24.22,3.593064290831654,-1.25607396694702e-15,0.4999999999999996
32246,Bendalam Satvi,False,0.00018994728263891774,0.00018994728263891774,finisher,160.0,,126.98412698412699,,,14.0,25.59,126.98412698412699,-43.99999999999999,
32248,Yeddala Kumar Reddy,False,0.004726904359233434,0.004726904359233434,finishing allrounder,3.0,,33.333333333333336,9.0,9.21951219512195,7.0,25.95,33.333333333333336,,-8.999999999999996
32250,Yadla Vasu,False,4.202295284538569e-05,4.202295284538569e-05,finishing allrounder,29.0,,76.3157894736842,10.0,7.012987012987013,14.0,24.16,76.3157894736842,-4.999999999999998,-1.9999999999999996
32251,M Datta Reddy,False,3.171991319441392e-05,3.171991319441392e-05,finisher,114.0,,152.0,,,12.0,21.93,152.0,61.99999999999997,
32252,Penmetsa Panduranga Raju,False,0.0178948501306996,0.0178948501306996,finisher,213.0,,148.95104895104896,,,13.0,23.59,2.151162924895649,80.99999999999996,
32259,Garimella Poorna Teja,False,6.230398038970223e-09,6.230398038970223e-09,top/middle,298.0,,131.27753303964758,0.0,13.0,15.0,21.66,131.27753303964758,71.99999999999997,
32260,Yara Sandeep,False,0.0002724084815690235,0.0002724084815690235,finisher,240.0,,117.07317073170732,4.0,6.244897959183674,15.0,26.15,51.547157545526,61.99999999999999,1.9999999999999996
32261,Vamsi Krishna,False,0.011447179279212698,0.011447179279212698,top/middle,251.0,,133.51063829787233,,,14.0,24.36,2.2684290466428068,-54.99999999999998,
32262,Kaldhi Kumar,False,0.00040929395516140724,0.00040929395516140724,finishing allrounder,31.0,,103.33333333333333,10.0,6.9655172413793105,9.0,27.38,103.33333333333333,16.999999999999996,-7.999999999999998
32264,Gutta Rohit,False,1.2482452187726038e-05,1.2482452187726038e-05,finisher,389.0,,174.4394618834081,,,15.0,24.16,174.4394618834081,56.99999999999997,
32265,Kothakoona Lakshman,False,0.010881176749422973,0.010881176749422973,top/middle,88.0,,104.76190476190476,,,5.0,26.65,104.76190476190476,-71.99999999999997,
32271,Sanaboyina Tarun,False,0.024918919348917094,0.024918919348917094,top/middle,435.0,,122.53521126760563,,,19.0,26.67,29.41742378369675,34.999999999999986,
32272,Chennuboina Sandeep Kumar,False,0.0004479125041278277,0.0004479125041278277,top/middle,89.0,,117.10526315789474,,,6.0,24.53,117.10526315789474,72.99999999999999,
32273,Jagarlapudi Ram,False,0.00045110507692611406,0.00045110507692611406,finishing allrounder,12.0,,100.0,19.0,7.686832740213523,14.0,23.46,100.0,-9.999999999999996,-0.9999999999999998
32277,P Pavan Kumar,False,2.5391402348302053e-05,2.5391402348302053e-05,top/middle,214.0,,129.6969696969697,,,11.0,22.95,129.6969696969697,-153.99999999999994,
32279,Thanneru Krishna,False,0.00016527838637044127,0.00016527838637044127,top/middle,128.0,,87.67123287671232,,,8.0,25.1,87.67123287671232,-73.99999999999999,
32280,Pathuri Manohar,False,0.0019733004909888176,0.0019733004909888176,finishing allrounder,0.0,,0.0,5.0,7.4,3.0,29.11,0.0,,
32282,Kodavandla Sudharsian,False,0.0010067066490904938,0.0010067066490904938,finishing allrounder,5.0,,45.45454545454545,29.0,7.75,17.0,28.91,45.45454545454545,,-10.999999999999998
32284,Kalidindi Narasimha Raju,False,2.763702542350699e-06,2.763702542350699e-06,finishing allrounder,105.0,,136.36363636363637,7.0,9.23076923076923,9.0,23.08,136.36363636363637,50.999999999999986,4.999999999999998
32285,Munnangi Abhinav,False,5.556281261458605e-05,5.556281261458605e-05,top/middle,276.0,,131.42857142857142,,,9.0,20.79,131.42857142857142,261.99999999999994,
32289,Pitta Tendulkar,False,0.00016763486217095234,0.00016763486217095234,top/middle,133.0,,122.01834862385321,,,10.0,20.3,122.01834862385321,42.99999999999998,
32291,Chennu Siddhardha,False,7.892529602126893e-05,7.892529602126893e-05,finishing allrounder,24.0,,114.28571428571429,5.0,6.305084745762712,10.0,24.39,114.28571428571429,11.999999999999998,2.9999999999999996
32293,Shambu Akhil,False,0.022949612704091144,0.022949612704091144,finishing allrounder,0.0,,0.0,9.0,6.8321167883211675,6.0,27.1,0.0,,8.999999999999996
32300,Kavuri Saiteja,False,0.003553161319043156,0.003553161319043156,finishing allrounder,1.0,,14.285714285714286,10.0,9.0,10.0,25.83,14.285714285714286,0.9999999999999998,-3.925231146709437e-17
32302,Joshua Brown,False,0.1063070284207547,0.1063070284207547,opener,133.0,,135.71428571428572,,,6.0,31.92,7.170518314175518,,
3241,Ankit Bawane,False,9.287402693574125e-05,7.894292289538006e-05,top/middle,1089.0,,129.95226730310262,,,32.0,32.94,33.05893567478698,-91.49999999999999,
32413,Mohan Doss R,False,0.0001625368600631834,0.0001625368600631834,top/middle,10.0,,90.9090909090909,,,2.0,23.59,90.9090909090909,,
3242,Varun Sood,False,0.10203336517604142,0.07142335562322899,finisher,1.0,,50.0,1.0,12.9,1.0,35.12,50.0,,
32423,Karthiraja U,False,0.05782606133442474,0.05782606133442474,top/middle,75.0,,125.0,,,4.0,22.38,125.0,-58.999999999999986,
32426,Sai Hariram K,False,9.283579112789035e-06,9.283579112789035e-06,finisher,200.0,,90.9090909090909,0.0,6.0,21.0,20.93,90.9090909090909,-109.99999999999996,
32427,Jashwanth R,False,1.2156313274870133e-05,1.2156313274870133e-05,opener,528.0,,123.07692307692308,,,18.0,21.02,123.07692307692308,-25.999999999999986,
3245,Jaen Kotze,False,0.0066801667643286156,0.0066801667643286156,top/middle,22.0,,61.111111111111114,,,3.0,31.59,1.1893558672055726,,
32488,Ragavan Ramamoorthy,False,1.5721284473486814e-06,1.5721284473486814e-06,top/middle,692.0,,135.95284872298626,,,24.0,19.84,135.95284872298626,157.99999999999994,
32705,Faridoon Dawoodzai,False,0.0057735139465872175,0.0057735139465872175,finishing allrounder,1.0,,100.0,6.0,8.076923076923077,4.0,20.0,100.0,,-1.9999999999999996
3272,Fabian Allen,True,0.9999992290900325,0.9999992290900325,finishing allrounder,141.0,,138.23529411764707,12.0,8.2,25.0,30.56,1.5659341411958208,-31.71428571428571,-2.3571428571428577
3275,Alzarri Joseph,True,0.9999999999998326,0.9999999999998326,finishing allrounder,128.0,,90.14084507042253,64.0,8.815533980582524,55.0,29.02,1.9044027565655914,-6.999999999999998,-5.799999999999999
3276,Gudakesh Moti-Kanhai,False,0.009078367449105456,0.009078367449105456,finishing allrounder,162.0,,125.5813953488372,29.0,7.8398637137989775,28.0,30.66,1.363734852669203,31.49999999999999,-6.2803698347351e-16
3280,Nazmul Hossain Shanto,True,0.9999950110887293,0.9999950110887293,top/middle,1241.0,,105.25869380831213,4.0,7.391304347826087,57.0,27.26,5.177337715808749,-105.1,-1.4999999999999993
3281,Mosaddek Hossain,False,0.020300114374584798,0.020300114374584798,finishing allrounder,528.0,,110.69182389937107,24.0,7.537735849056604,48.0,29.96,2.2366681022769463,-11.199999999999994,0.19999999999999993
3282,Mehidy Hasan Miraz,True,0.9999998767018302,0.9999998767018302,batting allrounder,1177.0,,120.10204081632654,57.0,7.677121771217712,67.0,28.09,2.8553534141384738,46.69999999999999,1.0999999999999996
3284,Rahatul Ferdous,False,0.013766525852846332,0.013766525852846332,finishing allrounder,26.0,,173.33333333333334,3.0,5.884615384615385,3.0,30.15,4.140176545253254,,
3285,Abu Haider,True,0.9999299802310219,0.9999299802310219,finishing allrounder,141.0,,114.63414634146342,43.0,8.501567398119123,32.0,29.78,1.2941068129725901,8.099999999999998,6.299999999999998
3286,Mohammad Nihaduzzaman,False,1.7204753850885138e-05,1.7204753850885138e-05,finishing allrounder,43.0,,47.77777777777778,24.0,6.813380281690141,27.0,27.0,2.334896071843854,-1.000000000000001,-3.999999999999999
32862,Allah Ghazanfar,True,0.9999668242529929,0.9999668242529929,finishing allrounder,1.0,,20.0,12.0,5.614973262032086,9.0,18.37,0.6692483759897145,,0.0
3287,Jubair Hossain,False,0.00975082427038413,0.00975082427038413,finishing allrounder,1.0,,50.0,1.0,8.363636363636363,5.0,30.21,50.0,,-0.9999999999999998
3293,Vaibhav Rawal,False,9.07103541419355e-06,7.710380102064518e-06,finisher,416.0,,137.2937293729373,,,18.0,34.05,137.2937293729373,-17.999999999999993,
3297,Shimron Hetmyer,True,0.9999999999800184,0.9999999999800184,finisher,1867.0,,140.37593984962405,,,107.0,28.92,2.9192458654195126,-17.0,
3298,Jofra Archer,True,0.9999999999609053,0.9999999999609053,finishing allrounder,108.0,,117.3913043478261,37.0,8.159685863874346,32.0,30.66,1.0333542036006043,41.99999999999999,7.499999999999998
3299,Andrew Tye,False,0.1521385843261347,0.10649700902829429,finishing allrounder,22.0,,104.76190476190476,11.0,7.5375,7.0,38.96,1.2634926596003677,,-4.999999999999998
3304,Munim Shahriar,False,0.004066771879106392,0.004066771879106392,opener,293.0,,111.83206106870229,,,17.0,25.9,2.613631951979202,-36.57142857142858,
33050,Tushar Singh,False,1.3039999611298943e-05,1.3039999611298943e-05,finisher,453.0,,131.6860465116279,,,30.0,25.9,59.46614275036203,3.500000000000001,
33051,Akshan Rao,False,0.0014794161276249654,0.0014794161276249654,finisher,12.0,,60.0,,,1.0,23.8,60.0,,
33052,Rohan Naveen,False,0.0580661330623724,0.0580661330623724,finishing allrounder,325.0,,128.4584980237154,5.0,7.675675675675675,26.0,24.69,3.645325613836273,26.899999999999995,0.5000000000000001
33053,Sagar Solanki,False,0.07586258305110674,0.07586258305110674,finisher,22.0,,59.45945945945946,,,5.0,25.9,1.0432446306694951,-9.999999999999996,
33054,Saurabh Srivastava,False,0.013994883891744136,0.013994883891744136,finishing allrounder,54.0,,84.375,11.0,6.1525423728813555,12.0,24.37,3.2048907139213014,14.999999999999995,3.499999999999999
33056,Bu Shiva Kumar,False,0.0020546415824253907,0.0020546415824253907,batting allrounder,232.0,,108.41121495327103,5.0,7.333333333333333,10.0,25.9,3.9539363353789434,-105.99999999999999,-4.999999999999998
33058,Monish Reddy,False,3.451065154738541e-05,3.451065154738541e-05,finishing allrounder,17.0,,121.42857142857143,37.0,8.25,31.0,23.0,121.42857142857143,-14.999999999999995,2.5
33060,Aditya Goyal,False,3.263114235995111e-06,3.263114235995111e-06,finishing allrounder,55.0,,103.77358490566037,28.0,7.76158940397351,25.0,24.9,103.77358490566037,20.999999999999993,-5.999999999999997
33062,Lochan Appanna,False,0.004670198258824966,0.004670198258824966,finishing allrounder,86.0,,122.85714285714286,1.0,8.338983050847459,13.0,26.98,2.830672241713242,11.999999999999998,0.9999999999999998
33063,S Shivaraj,False,0.00018993544404063682,0.0001614451274345413,finisher,553.0,,154.46927374301677,0.0,6.0,45.0,32.38,19.274822661351234,3.9000000000000004,
33065,Chaitanya Shankar S,False,0.008529678478561259,0.008529678478561259,finisher,32.0,,114.28571428571429,,,3.0,,114.28571428571429,,
33067,Ravichandran Smaran,True,0.9997938244120211,0.9997938244120211,top/middle,1189.0,,149.1844416562108,,,38.0,22.56,2.065315753494493,177.29999999999995,
33068,Rajvir Wadhwa,False,0.0005892938547142297,0.0005892938547142297,finishing allrounder,31.0,,73.80952380952381,4.0,9.29203539823009,11.0,21.83,2.9685330857149825,6.9999999999999964,1.570092458683775e-16
33069,Utham Aiyappa,False,0.0004980469153678521,0.0004980469153678521,finishing allrounder,4.0,,57.142857142857146,8.0,7.441558441558442,8.0,27.06,2.062970720135751,,
33072,Aneesh V,True,0.9916054042870361,0.9916054042870361,top/middle,727.0,,110.48632218844985,,,40.0,3.32,9.974880990980896,-16.699999999999996,
33074,LR Chethan,False,5.915587434210593e-05,5.915587434210593e-05,opener,1434.0,,151.26582278481013,,,47.0,25.51,1.3761921746413759,-50.800000000000004,
33075,Kumar L R,False,5.193334500552337e-06,5.193334500552337e-06,finishing allrounder,99.0,,89.1891891891892,43.0,8.262569832402235,35.0,24.85,9.815011958679003,-3.299999999999999,0.30000000000000004
33076,Rishi Bopanna,False,9.108655179240364e-05,9.108655179240364e-05,finishing allrounder,71.0,,112.6984126984127,26.0,8.488120950323975,25.0,28.22,1.9763284560462433,-26.999999999999986,-4.999999999999997
33077,Paras Arya,False,0.00016154549225293397,0.00016154549225293397,finishing allrounder,0.0,,0.0,17.0,7.466666666666667,21.0,25.9,0.0,,-0.10000000000000007
33078,Lochan Gowda,False,1.0501234644780633e-05,1.0501234644780633e-05,top/middle,481.0,,138.2183908045977,,,21.0,25.9,138.2183908045977,108.92857142857142,
33079,Shaun Tristan Joseph,False,2.1452324376215383e-05,2.1452324376215383e-05,finisher,9.0,,56.25,,,1.0,-14.1,56.25,,
3308,Rohan Prem,False,0.0002954240299967775,0.00020679682099774424,top/middle,16.0,,59.25925925925926,,,3.0,39.2,59.25925925925926,,
33080,Tanay Valmik,False,0.001058637180018127,0.001058637180018127,finisher,10.0,,166.66666666666666,0.0,7.0,1.0,26.8,166.66666666666666,,
33081,Kush Marathe,False,0.00028056017101625835,0.00028056017101625835,top/middle,24.0,,77.41935483870968,,,3.0,20.49,77.41935483870968,,
33083,Bangalore Mohith,False,0.00022006546724946032,0.00022006546724946032,finisher,171.0,,99.4186046511628,,,18.0,-14.1,7.516026924183829,16.9,
33084,Rohan Patil,False,0.0001047790434898388,0.0001047790434898388,top/middle,1088.0,,143.72523117569352,,,43.0,24.27,1.940763509428543,-30.199999999999992,
33085,Mohammed Jawad,False,1.073973732589381e-06,1.073973732589381e-06,top/middle,476.0,,134.8441926345609,,,17.0,25.0,134.8441926345609,55.999999999999986,
33088,Kruthik Krishna,False,0.00046792073750593884,0.00046792073750593884,finisher,29.0,,65.9090909090909,,,8.0,23.32,2.889206968897413,-3.8999999999999995,
33089,Shashi Kumar Kamble,False,0.0046810372483966824,0.0046810372483966824,finishing allrounder,61.0,,152.5,17.0,8.241935483870968,24.0,23.12,0.700770628116156,11.071428571428575,2.214285714285715
33090,Yashovardhan Mithilesh Parantap,False,3.0320420827991667e-05,3.0320420827991667e-05,finishing allrounder,188.0,,140.29850746268656,11.0,8.300970873786408,20.0,22.98,140.29850746268656,33.57142857142858,1.2142857142857142
33093,Sujay Sateri,False,0.0026772535363344904,0.0026772535363344904,finisher,62.0,,112.72727272727273,,,8.0,25.9,5.071986455906759,,
33095,Macneil Noronha,True,0.9999982779560488,0.9999982779560488,batting allrounder,860.0,,137.1610845295056,21.0,8.105263157894736,44.0,24.18,2.3083677625562617,34.19999999999999,2.6999999999999993
33096,Raghuveer Pavalur,False,0.0004031436898578658,0.0004031436898578658,opener,6.0,,50.0,,,2.0,25.9,50.0,,
33098,Dheeraj Gowda,False,8.065225788273699e-05,8.065225788273699e-05,finishing allrounder,18.0,,94.73684210526316,0.0,12.142857142857142,4.0,25.9,94.73684210526316,-15.999999999999996,0.0
331,Mashrafe Mortaza,False,0.0002985298445880765,0.00020897089121165355,finishing allrounder,95.0,,101.06382978723404,23.0,6.983333333333333,23.0,42.14,1.4812125861542786,1.9999999999999958,-1.0000000000000004
33114,Milan Rathnayake,False,0.0003961973322101515,0.0003961973322101515,finishing allrounder,82.0,,149.0909090909091,4.0,8.444444444444445,4.0,29.32,149.0909090909091,,
33161,Desmond Anthony,False,0.05147106000082615,0.05147106000082615,finisher,8.0,,53.333333333333336,,,4.0,28.85,0.8946771241212499,,
3318,Rahul Dalal,False,0.3326225625142198,0.2827291781370868,top/middle,34.0,,200.0,,,1.0,33.82,200.0,,
332,Angelo Mathews,False,0.0003796510303634186,0.000265755721254393,finishing allrounder,52.0,,157.57575757575756,3.0,7.666666666666667,3.0,38.49,157.57575757575756,,
3320,Jayant Yadav,True,0.9999878269388756,0.6999914788572128,finishing allrounder,39.0,,105.4054054054054,6.0,7.273972602739726,14.0,35.84,0.9082648926917751,-14.49999999999999,-1.4999999999999993
3322,SM Shaikh,True,0.999985009206395,0.8499872578254357,top/middle,101.0,,142.25352112676057,,,8.0,35.0,2.063591984406249,32.499999999999986,
3323,Jimmy Neesham,True,0.9999999999272513,0.6999999999490759,finishing allrounder,670.0,,135.9026369168357,40.0,8.525735294117647,52.0,35.19,1.6017621457452256,33.79999999999999,3.2
3330,Hardik Pandya,True,0.9999999999968703,0.8499999999973398,batting allrounder,2654.0,,135.47728432873916,85.0,8.029714285714286,129.0,32.13,2.9333704802112877,23.500000000000014,5.100000000000002
3331,Babasafi Pathan,False,0.0001885180440798899,0.0001885180440798899,finishing allrounder,5.0,,71.42857142857143,11.0,8.576271186440678,11.0,31.27,0.0,1.2499999999999996,0.7499999999999999
33498,Ajay Gouda,False,0.0013883093360748929,0.0013883093360748929,finishing allrounder,11.0,,91.66666666666667,2.0,12.352941176470589,2.0,25.2,91.66666666666667,,
33504,Dhruv Raj Borah,False,5.0997299690722196e-05,5.0997299690722196e-05,finisher,163.0,,183.14606741573033,,,4.0,22.82,183.14606741573033,,
33506,Jacky Ali,False,0.00025111930824082117,0.00025111930824082117,finishing allrounder,52.0,,115.55555555555556,8.0,5.722007722007722,13.0,22.9,141.1764705882353,43.99999999999999,0.0
33508,Jitu Ali,False,1.1976848981243981e-05,1.1976848981243981e-05,batting allrounder,174.0,,95.08196721311475,5.0,5.8474576271186445,14.0,24.98,8.751634076129468,-46.999999999999986,-0.4999999999999999
3351,Sumit Ruikar,False,0.004786188424384403,0.003350331897069082,finishing allrounder,81.0,,144.64285714285714,12.0,7.16012084592145,15.0,35.47,8.881938387508205,6.642857142857142,1.1999999999999997
33513,Ziyad Zaman,False,0.09553320745494692,0.09553320745494692,finishing allrounder,37.0,,72.54901960784314,5.0,7.297297297297297,8.0,20.96,72.54901960784314,-24.999999999999993,4.999999999999998
33514,Sumit Ghadigarkar,False,0.024720033840634995,0.021012028764539746,top/middle,281.0,,144.10256410256412,,,9.0,33.63,1.4304820408894288,-100.99999999999999,
33520,Pradyun Kumar Saikia,False,2.9751163003801104e-05,2.9751163003801104e-05,opener,81.0,,102.53164556962025,,,4.0,22.86,88.0,,
33540,Reshab Dipak,False,0.0060990621283945395,0.0060990621283945395,finishing allrounder,49.0,,106.52173913043478,10.0,6.76510067114094,9.0,21.56,6.216281181013345,-0.9999999999999998,7.999999999999998
33675,Mohammad Naeem,True,0.5514876432496622,0.5514876432496622,opener,42.0,,116.66666666666667,,,4.0,26.63,116.66666666666667,,
3373,Aizaz Khan,True,0.9999242186839653,0.8499355858813705,finishing allrounder,47.0,,65.27777777777777,4.0,8.385093167701863,10.0,32.68,1.7340548647550116,3.3571428571428568,0.9285714285714285
3374,Mark Chapman,True,0.9999999960144388,0.9999999960144388,top/middle,1125.0,,139.40520446096653,0.0,4.0,59.0,31.42,1.8777661477758876,55.40000000000001,
3377,Babar Hayat,True,0.9999195270910817,0.8499315980274194,top/middle,353.0,,109.28792569659443,,,11.0,33.89,1.7119329774403198,39.78571428571429,
33787,Sudhanshu Verma,False,0.00934590258214668,0.0065421318075026755,finishing allrounder,4.0,,33.333333333333336,8.0,7.580357142857143,12.0,38.92,0.6829604817887834,3.999999999999999,5.999999999999999
3382,Nizakat Khan,True,0.9984083958127459,0.848647136440834,top/middle,218.0,,107.92079207920793,,,11.0,33.39,2.4952896627507033,29.928571428571416,
3383,Kinchit Shah,True,0.9990740576983757,0.9990740576983757,finishing allrounder,73.0,,97.33333333333333,2.0,11.571428571428571,8.0,29.97,2.2627886687365066,0.33333333333333326,
33969,Tinotenda Maposa,False,0.016938066256547327,0.016938066256547327,finishing allrounder,9.0,,52.94117647058823,2.0,6.552631578947368,4.0,22.66,1.4322511031225271,,
34044,Kuwar Pathak,True,0.9999140254579844,0.9999140254579844,top/middle,569.0,,155.8904109589041,,,20.0,27.01,4.2584960589639005,-114.49999999999997,
34155,Gagan Vats,False,3.558428896540531e-07,3.558428896540531e-07,top/middle,27.0,,225.0,,,4.0,25.73,225.0,,
344,Sheldon Jackson,True,0.9999982888618725,0.6999988022033107,top/middle,836.0,,118.41359773371104,,,33.0,39.16,3.844736590532067,12.228571428571428,
34406,Vivek Yadav,False,3.3521371360972626e-05,2.3464959952680837e-05,finisher,27.0,,84.375,0.0,7.846153846153846,3.0,38.95,84.375,,
34440,Harikrishnan R,False,2.0838138452992326e-05,2.0838138452992326e-05,finisher,101.0,,95.28301886792453,,,8.0,25.9,95.28301886792453,8.999999999999996,
34443,Shoun Roger,False,0.02891790957725574,0.02891790957725574,top/middle,534.0,,121.91780821917808,2.0,7.421052631578948,26.0,,2.5996950545555624,124.49999999999994,-0.9999999999999996
34444,Vijay Vishwanath,False,0.008934211736348441,0.008934211736348441,finishing allrounder,38.0,,95.0,19.0,7.044534412955466,14.0,21.17,1.635186982660387,12.999999999999998,-2.9999999999999996
34466,Arafat Minhas,True,0.9999708761608038,0.9999708761608038,finishing allrounder,107.0,,135.44303797468353,6.0,4.434782608695652,6.0,20.9,3.864611916650254,-56.99999999999997,0.0
34485,Sufiyan Muqeem,True,0.9999049356384131,0.9999049356384131,finishing allrounder,26.0,,104.0,28.0,5.572649572649572,14.0,26.03,1.2258010254528728,5.999999999999999,9.999999999999996
3450,Aswin Crist,True,0.9994727864587524,0.9994727864587524,finishing allrounder,95.0,,89.62264150943396,26.0,8.669789227166277,24.0,31.38,1.3921812479424844,-10.642857142857146,-1.8571428571428574
3451,Baba Indrajith,False,0.1898707041652697,0.1898707041652697,top/middle,1086.0,,130.68592057761734,,,50.0,31.39,2.013965075281015,45.300000000000004,
3452,Umashankar Sushil,False,3.899917734154322e-06,2.729942413908025e-06,finisher,55.0,,98.21428571428571,,,7.0,36.32,98.21428571428571,,
3453,Rahil S Shah,False,1.1724566912098578e-06,8.207196838469005e-07,finishing allrounder,15.0,,75.0,39.0,7.228021978021978,38.0,40.1,2.351288821450578,-0.5000000000000006,-1.2
34546,Aryan Bisht,True,0.9816649713497053,0.9816649713497053,finisher,60.0,,77.92207792207792,1.0,6.260869565217392,5.0,21.02,4.843287453013123,,
3459,Gitmoy Basu,False,5.323926358316734e-05,3.726748450821714e-05,top/middle,82.0,,93.18181818181819,,,7.0,40.73,93.18181818181819,67.99999999999999,
346,Anustup Mazumder,True,0.9473769520363258,0.663163866425428,top/middle,329.0,,106.81818181818181,,,18.0,41.57,106.81818181818181,0.38461538461538464,
3461,SD Chatterjee,True,0.9993880025908047,0.849479802202184,top/middle,324.0,,121.80451127819549,,,21.0,34.04,2.874626911256138,20.399999999999995,
3462,Writtick Chatterjee,True,0.9999998554541432,0.8499998771360217,batting allrounder,624.0,,133.90557939914163,28.0,6.528440366972477,31.0,33.16,3.0981193409104693,67.29999999999998,2.5000000000000004
3463,Abhimanyu Easwaran,False,0.023379148929715043,0.023379148929715043,opener,246.0,,129.47368421052633,,,8.0,30.22,4.337288383370379,129.99999999999994,
3464,Sayan Shekhar Mandal,False,8.226888508703923e-05,5.7588219560927455e-05,top/middle,124.0,,105.08474576271186,1.0,11.625,8.0,36.04,105.08474576271186,-17.999999999999993,-0.9999999999999998
3469,Shreyas Gopal,True,0.9999999828656271,0.849999985435783,finishing allrounder,804.0,,119.46508172362556,86.0,7.726375176304654,68.0,32.23,1.9057331521325063,3.4000000000000092,4.3
3474,Vinoop Manoharan,False,0.00013241811625569754,0.0001125553988173429,batting allrounder,611.0,,133.6980306345733,9.0,6.457831325301205,28.0,33.46,3.426905756436557,159.99999999999997,-2.499999999999999
3479,Chama Milind,True,0.9999968599859075,0.9999968599859075,finishing allrounder,77.0,,154.0,14.0,7.515789473684211,13.0,31.23,3.0728647510095217,-6.357142857142859,0.9999999999999997
348,Cheteshwar Pujara,False,0.13656284484496037,0.09559399139147225,opener,132.0,,123.3644859813084,,,5.0,37.84,7.752539413956877,,
3481,Ravi Kiran,False,0.12462371446414924,0.10593015729452686,finishing allrounder,2.0,,50.0,5.0,5.877551020408164,1.0,34.82,50.0,,
34880,Saad Masood,True,0.9966772246999972,0.9966772246999972,finishing allrounder,84.0,,133.33333333333334,10.0,6.838709677419355,4.0,20.96,133.33333333333334,,
3489,Salman Agha,True,0.9999999903930054,0.8499999918340545,top/middle,507.0,,110.45751633986929,3.0,8.782608695652174,28.0,32.01,1.521861449528283,433.9999999999998,
34961,Tunish Sawkar,True,0.9981961663007647,0.9981961663007647,finisher,108.0,,131.70731707317074,,,6.0,27.17,1.4408869588258595,-79.99999999999997,
34962,Mohit Redkar,True,0.9965700331704577,0.9965700331704577,finishing allrounder,20.0,,133.33333333333334,13.0,8.431034482758621,12.0,25.16,3.8043599083885984,6.4999999999999964,-0.5
34964,Vishal Jayswal,False,0.02468341061127988,0.02468341061127988,finishing allrounder,103.0,,171.66666666666666,12.0,8.710659898477157,11.0,27.65,1.5311489486648084,25.099999999999998,1.9999999999999996
34966,Lone Nasir,False,0.005206465449632594,0.005206465449632594,finishing allrounder,3.0,,60.0,2.0,6.387096774193548,3.0,28.22,60.0,,
34967,Ashwin Das,False,0.02835622665987734,0.02835622665987734,finishing allrounder,227.0,,158.74125874125875,30.0,8.501457725947521,21.0,29.95,1.4211158090932952,15.099999999999996,6.1999999999999975
34968,Pukhraj Mann,False,0.00962146008373939,0.00962146008373939,top/middle,423.0,,146.875,,,17.0,24.47,1.3273521677179563,157.99999999999997,
34969,Manav Suthar,True,0.9999842297252342,0.9999842297252342,finishing allrounder,28.0,,127.27272727272727,5.0,6.991304347826087,7.0,23.32,1.7120505620156563,5.9999999999999964,0.5
34971,Anirudh Singh,False,0.33804193412922773,0.33804193412922773,finisher,7.0,,233.33333333333334,2.0,5.333333333333333,1.0,23.12,233.33333333333334,,
34972,Bikramjit Debnath,False,9.157799402064486e-05,9.157799402064486e-05,finisher,3.0,,100.0,0.0,9.0,1.0,26.92,100.0,,
34973,Deepak Khatri,False,0.004612402640390596,0.004612402640390596,finishing allrounder,16.0,,123.07692307692308,2.0,5.75,3.0,30.98,123.07692307692308,,
34974,Sridam Tapan Paul,False,0.35199127716109485,0.35199127716109485,top/middle,149.0,,175.2941176470588,,,6.0,23.82,1.141078597387517,3.3571428571428554,
34975,Karthikeya Jaiswal,False,0.00041496822406672957,0.00041496822406672957,finishing allrounder,0.0,,0.0,7.0,9.661016949152541,8.0,27.99,0.0,,
34978,Patkuri Nitish Reddy,True,0.09559620624584829,0.09559620624584829,top/middle,0.0,,0.0,,,1.0,24.99,0.0,,
34982,Chingakham Bidash,False,0.00013347792963808576,0.00013347792963808576,finishing allrounder,37.0,,119.35483870967742,0.0,10.741935483870968,6.0,24.85,10.084718008764337,10.999999999999998,0.0
34983,Nabam Hachang,False,1.690326730626678e-05,1.690326730626678e-05,finisher,48.0,,97.95918367346938,,,7.0,25.9,97.95918367346938,,
34990,Vishal Dangwal,True,0.9984845483794682,0.9984845483794682,finisher,101.0,,142.25352112676057,,,13.0,29.12,4.9299416683651005,-14.499999999999995,
34991,Rajan Kumar,True,0.9999718822854377,0.9999718822854377,finishing allrounder,57.0,,167.64705882352942,21.0,6.4822695035460995,19.0,29.39,2.3876510493393064,54.99999999999998,0.8999999999999999
34993,Avinov Choudhury,False,0.00065714633284698,0.00065714633284698,finishing allrounder,16.0,,80.0,4.0,7.338129496402877,11.0,25.99,0.96879969013227,2.9999999999999996,0.2142857142857143
34995,Raghuvendra Singh,False,0.002711673299853074,0.002711673299853074,finishing allrounder,10.0,,111.11111111111111,2.0,8.333333333333334,3.0,22.32,0.6991962783101712,-4.999999999999998,
34998,Piyush Dahiya,False,0.0009295783181061238,0.0009295783181061238,finisher,7.0,,63.63636363636363,,,1.0,22.34,63.63636363636363,,
34999,Yuvraj Singh,False,0.00033503149019404417,0.00033503149019404417,opener,13.0,,108.33333333333333,,,1.0,21.04,108.33333333333333,,
35001,Gaurav Sharma,False,0.0007613369708411605,0.0007613369708411605,finishing allrounder,4.0,,50.0,0.0,12.727272727272727,2.0,31.39,50.0,,
35002,Sushil Barik,False,0.00015273981341614365,0.00015273981341614365,finishing allrounder,23.0,,115.0,9.0,7.461538461538462,10.0,23.09,115.0,6.999999999999998,-2.9999999999999996
35003,OT Munde,False,1.3314730605918036e-05,1.3314730605918036e-05,opener,172.0,,113.90728476821192,1.0,7.741935483870968,9.0,22.45,113.90728476821192,73.99999999999999,
35005,Aasirwad Swain,False,0.00029725123331418856,0.00029725123331418856,top/middle,202.0,,132.0261437908497,,,8.0,20.73,132.0261437908497,23.999999999999996,
35007,Anwesh Sharma,False,0.006580330507651715,0.006580330507651715,top/middle,109.0,,83.84615384615384,,,9.0,24.76,2.567060721147343,100.99999999999999,
35008,Ankur Malik,False,0.020225406596836575,0.020225406596836575,finishing allrounder,459.0,,121.75066312997347,12.0,7.564102564102564,38.0,22.06,2.640996651800426,-40.999999999999986,3.499999999999999
35010,Pankaj Rawat,False,0.0008407543198778274,0.0007146411718961533,top/middle,219.0,,93.58974358974359,,,12.0,32.51,1.8003420170088522,96.49999999999994,
35011,James Rai,False,9.131660057466331e-07,9.131660057466331e-07,finishing allrounder,63.0,,105.0,8.0,7.732394366197183,10.0,,105.0,,
35013,Gagandeep Singh,True,0.9982003245154542,0.9982003245154542,finishing allrounder,227.0,,123.3695652173913,1.0,7.279411764705882,13.0,28.21,3.027912388937864,26.49999999999999,0.4999999999999999
35014,Mayank Yadav,False,8.541256432736185e-05,8.541256432736185e-05,finishing allrounder,77.0,,114.92537313432835,31.0,6.5588235294117645,18.0,23.06,3.5420970294071377,50.999999999999986,12.999999999999993
35015,Ayush Pandey,False,0.0017976668644311663,0.0017976668644311663,opener,665.0,,145.51422319474835,,,15.0,22.19,14.562395045679878,80.99999999999996,
35016,Prateek Yadav,False,0.00240734605622484,0.00240734605622484,finisher,424.0,,172.35772357723576,2.0,9.551020408163266,17.0,26.78,13.58369063985803,3.999999999999999,
35018,Yogesh Tiwari,False,0.0004267846547471788,0.0004267846547471788,opener,198.0,,105.88235294117646,,,9.0,28.05,142.30769230769232,-49.999999999999986,
35019,Akshit Rana,False,0.0011728020012749768,0.0011728020012749768,finisher,21.0,,100.0,,,8.0,23.8,100.0,,
35020,Rohit Dhanda,False,0.0003587102833971052,0.0003587102833971052,finishing allrounder,1.0,,50.0,14.0,6.763636363636364,9.0,28.02,50.0,,
35067,Harsh Desai,False,0.0011920998067514088,0.0011920998067514088,top/middle,227.0,,128.97727272727272,,,15.0,23.07,1.2554718571784125,44.642857142857146,
35069,Chanchal Rathore,False,0.0009459370839490684,0.0009459370839490684,top/middle,195.0,,125.80645161290323,,,14.0,23.0,3.0653726891686137,12.214285714285714,
35070,Kamal Tripathi,True,0.998619107426128,0.998619107426128,finishing allrounder,117.0,,164.7887323943662,22.0,7.092936802973978,18.0,27.29,1.0616246971666485,20.999999999999993,0.28571428571428553
35071,Kunal Rathore,True,0.9998973615773379,0.9998973615773379,finisher,177.0,,165.42056074766356,,,8.0,23.13,1.3175848146974505,22.28571428571429,
35072,Ramakrishna Ghosh,False,0.005097899373775758,0.005097899373775758,finishing allrounder,226.0,,136.96969696969697,17.0,7.716455696202532,24.0,28.25,7.438304874022569,-57.99999999999998,0.9999999999999998
35074,Yogesh Sharma,False,0.17859683658263412,0.17859683658263412,finishing allrounder,1.0,,20.0,3.0,9.287671232876713,9.0,27.2,0.697246230432634,-0.4999999999999999,0.4999999999999999
35076,Aniketh Reddy,True,0.9130629503659595,0.9130629503659595,finishing allrounder,2.0,,33.333333333333336,6.0,7.222222222222222,5.0,25.08,100.0,,0.4999999999999999
35102,Zikria Islam,True,0.9794482591195582,0.9794482591195582,finishing allrounder,57.0,,135.71428571428572,0.0,9.67741935483871,5.0,26.14,0.5717902981153201,,
35120,Saishiv Lingaraju,True,0.03875313707183689,0.03875313707183689,top/middle,48.0,,97.95918367346938,0.0,20.0,3.0,26.16,97.95918367346938,,
35122,Faisal Shah,True,0.91990870899627,0.91990870899627,finishing allrounder,10.0,,66.66666666666667,5.0,7.3076923076923075,3.0,28.57,1.7781260322742038,,
35125,Hashim Sayed,False,1.088600486531279e-05,1.088600486531279e-05,finishing allrounder,5.0,,100.0,1.0,7.32,3.0,28.91,100.0,,
35133,Sufyan Yousuf,False,1.0802466171061169e-05,1.0802466171061169e-05,opener,5.0,,62.5,,,2.0,25.92,62.5,,
3530,Jagdish Zope,False,0.002733366997575603,0.002733366997575603,finishing allrounder,25.0,,104.16666666666667,13.0,6.7384615384615385,14.0,30.22,36.36363636363637,-16.999999999999996,0.49999999999999895
35317,Aravindaraj Ramasamy,False,0.0006907904568267789,0.0006907904568267789,finishing allrounder,8.0,,50.0,18.0,8.785714285714286,17.0,29.72,50.0,-1.9999999999999996,3.0
35319,Amatea,False,0.000343386678501705,0.000343386678501705,opener,5.0,,55.55555555555556,,,1.0,25.9,55.55555555555556,,
35320,Neeraj Singh Rathour,False,0.02684913085903681,0.02684913085903681,top/middle,3.0,,75.0,,,1.0,27.89,75.0,,
3533,Nikhil Naik,False,0.0032584617953801943,0.0032584617953801943,finisher,593.0,,146.0591133004926,,,30.0,31.05,2.8886149846404137,-1.004859173557616e-14,
35388,Bikash Singh,False,0.00023986242627444248,0.0002038830623332761,finisher,23.0,,57.5,0.0,7.846153846153846,4.0,33.02,1.745014393211572,-2.9999999999999996,
3539,Ben McDermott,True,0.9999957132196634,0.9999957132196634,top/middle,244.0,,101.2448132780083,,,13.0,30.96,1.8060465768434784,3.499999999999998,
3543,Shahidullah Kamal,True,0.2588876741223388,0.2588876741223388,finisher,24.0,,72.72727272727273,,,5.0,26.8,72.72727272727273,,
3544,Usman Ghani,False,0.14534578816735444,0.14534578816735444,top/middle,296.0,,106.85920577617328,,,12.0,29.02,4.330402938466747,201.99999999999997,
3550,Sharafuddin Ashraf,True,0.9951935310056335,0.9951935310056335,finishing allrounder,40.0,,125.0,4.0,7.036363636363636,9.0,30.88,2.0896258424087595,-5.999999999999999,0.28571428571428575
35644,J Rajashekar Reddy,False,0.002637386540548376,0.002637386540548376,top/middle,2.0,,40.0,,,1.0,27.3,40.0,,
35649,Rahul Jayasankar,False,0.0004652319271233622,0.0004652319271233622,finisher,7.0,,58.333333333333336,,,3.0,22.01,58.333333333333336,,
3578,Imad Wasim,False,0.0009584434258811237,0.0006709103981167865,finishing allrounder,279.0,,112.95546558704453,29.0,5.642994241842611,25.0,36.94,2.39115930299873,19.071428571428566,1.0000000000000002
35883,Sahil Lotra,False,0.00047630087632037816,0.00047630087632037816,finishing allrounder,6.0,,100.0,1.0,6.268656716417911,3.0,27.08,100.0,,
35884,Musaif Ajaz,False,0.004115556943695059,0.004115556943695059,top/middle,26.0,,113.04347826086956,,,2.0,23.32,1.091594089166511,,
35885,Rahul Shivam Chandrol,False,0.00011694447480579662,0.00011694447480579662,top/middle,84.0,,137.70491803278688,,,10.0,25.11,123.52941176470588,41.999999999999986,
35886,Gaurav Chaudhary,False,0.0055122649379124875,0.0055122649379124875,finishing allrounder,278.0,,144.04145077720207,19.0,6.9185667752443,24.0,27.08,144.04145077720207,-18.499999999999986,-1.4999999999999993
35889,Kartik Biswal,False,0.011410588221441798,0.011410588221441798,top/middle,171.0,,99.4186046511628,2.0,5.045454545454546,10.0,28.41,4.5949892240740455,39.999999999999986,0.0
35893,Bhavesh Seth,True,0.9996446118110855,0.9996446118110855,finisher,6.0,,200.0,,,3.0,28.14,200.0,,
35897,Rohan Suresh,False,2.270112874977916e-06,2.270112874977916e-06,finishing allrounder,11.0,,61.111111111111114,8.0,8.230366492146597,12.0,,61.111111111111114,,-1.333333333333333
35899,Aayush Thakur,False,0.007202825706281798,0.007202825706281798,finishing allrounder,49.0,,136.11111111111111,15.0,8.767527675276753,14.0,23.01,4.360487557246439,42.99999999999998,3.499999999999998
359,Rangaraj Suthesh,False,0.00035087874974310435,0.00024561512482017305,finishing allrounder,4.0,,36.36363636363637,19.0,6.283185840707965,15.0,38.64,2.432207367551565,0.0,-8.999999999999996
35900,Teshi Tiku,False,1.697613159158709e-05,1.4429711852849025e-05,finisher,47.0,,146.875,0.0,10.5,6.0,33.9,146.875,,
35903,Sylvester Mylliempdah,False,0.00017405692437475064,0.00014794838571853804,top/middle,33.0,,58.92857142857143,,,2.0,33.2,58.92857142857143,,
360,Bhuvneshwar Kumar,True,0.9999999999854321,0.6999999999898024,finishing allrounder,323.0,,97.58308157099698,164.0,6.996506827564306,141.0,35.81,2.5848117172478022,1.8999999999999997,2.3000000000000007
36045,Alok Kumar,False,0.007101197482514867,0.007101197482514867,finisher,5.0,,250.0,0.0,8.307692307692308,1.0,31.11,250.0,,
3605,Aiden Markram,True,0.9999999999983706,0.9999999999983706,top/middle,2350.0,,137.99177921315325,17.0,8.690140845070422,89.0,31.15,2.986217512439725,-9.299999999999999,0.3
3613,Shakeel Ahmed,True,0.999778600996986,0.6998450206978901,finishing allrounder,32.0,,78.04878048780488,1.0,7.536585365853658,4.0,37.81,2.061018558732776,15.999999999999996,-0.9999999999999998
36153,Syed Haider,False,0.07323829254287972,0.07323829254287972,top/middle,60.0,,122.44897959183673,,,1.0,24.59,122.44897959183673,,
36184,Ansh Yadav,False,0.0058558700592608965,0.004099109041482627,top/middle,287.0,,117.62295081967213,1.0,7.333333333333333,9.0,37.61,9.122111597532204,-114.49999999999994,-0.4999999999999999
36188,Nishant Kushwah,False,7.288171594221934e-05,7.288171594221934e-05,top/middle,243.0,,114.62264150943396,,,13.0,31.11,0.6986896637193616,121.49999999999997,
36189,Shaurya Singh,False,1.115017246972431e-05,1.115017246972431e-05,batting allrounder,391.0,,124.92012779552715,6.0,6.927835051546392,31.0,,11.430900836883502,-27.49999999999999,-1.4999999999999993
36192,Jamshed Alam,False,0.0037237300431504283,0.0037237300431504283,finishing allrounder,1.0,,100.0,2.0,12.375,3.0,31.39,100.0,,-1.9999999999999996
3622,Hayden Walsh,True,0.9993953684186723,0.8494860631558714,finishing allrounder,22.0,,91.66666666666667,23.0,7.246290801186944,18.0,33.59,0.8483564094366113,-1.9999999999999996,-4.8571428571428585
3623,Hasan Ali,False,0.002566402674488689,0.002566402674488689,finishing allrounder,58.0,,131.8181818181818,27.0,8.437054631828978,19.0,31.4,0.9160129038848343,-6.114285714285714,0.31428571428571456
3627,Andile Phehlukwayo,True,0.9998707244554975,0.9998707244554975,finishing allrounder,60.0,,103.44827586206897,11.0,9.620111731843576,11.0,29.73,1.6507907376953572,-5.399999999999999,0.6999999999999997
3628,Kagiso Rabada,True,0.9999999999989184,0.9999999999989184,finishing allrounder,167.0,,113.60544217687075,83.0,8.214499700419413,71.0,30.51,1.11160372483091,-6.200000000000002,-5.300000000000001
3629,Corbin Bosch,True,0.9998697902954321,0.9998697902954321,finishing allrounder,98.0,,113.95348837209302,17.0,6.918032786885246,8.0,31.21,1.2603774262907388,,
36292,Parush Mandal,False,0.022960503619789144,0.022960503619789144,finishing allrounder,1.0,,14.285714285714286,4.0,9.363636363636363,7.0,23.26,0.0,0.9999999999999998,0.0
36304,Vandit Joshi,False,0.0002706689227917965,0.0002706689227917965,batting allrounder,137.0,,125.68807339449542,6.0,7.05699481865285,12.0,24.59,69.96224105077127,98.99999999999994,5.999999999999999
36328,Mangesh Yadav,False,4.393119452258262e-05,4.393119452258262e-05,finishing allrounder,64.0,,177.77777777777777,16.0,7.819148936170213,9.0,24.13,66.66666666666667,55.999999999999986,11.999999999999998
36336,Akhil Yadav,False,1.0070700065509899e-05,1.0070700065509899e-05,finisher,53.0,,135.89743589743588,,,4.0,22.71,,,
3635,Jason Smith,False,0.016998166331568244,0.016998166331568244,top/middle,6.0,,100.0,,,1.0,31.13,100.0,,
36363,Ayush Mankar,False,2.212524813251627e-06,2.212524813251627e-06,finishing allrounder,10.0,,100.0,2.0,9.906976744186046,7.0,25.69,,,
3639,Brandon King,True,0.9999999998172411,0.9999999998172411,opener,1362.0,,127.7673545966229,,,61.0,30.95,2.3031710025871863,-52.79999999999998,
3641,Ben Dwarshuis,True,0.9999999899898967,0.9999999899898967,finishing allrounder,50.0,,73.52941176470588,22.0,8.841059602649006,11.0,31.43,1.2149224107965404,17.428571428571434,5.714285714285717
3642,Atit Sheth,True,0.9999328094784152,0.9999328094784152,finishing allrounder,445.0,,183.1275720164609,56.0,8.199004975124378,33.0,29.81,1.0309741221816473,55.6,3.4000000000000004
3643,Monu Kumar Singh,False,0.0036179069854535436,0.0036179069854535436,finishing allrounder,11.0,,91.66666666666667,5.0,8.0625,3.0,31.06,91.66666666666667,,
3644,Kuldeep Yadav,True,0.9999999999954137,0.9999999999954137,finishing allrounder,171.0,,80.28169014084507,104.0,7.138353765323993,79.0,30.95,1.1921969613591172,-0.8999999999999999,5.700000000000002
3645,Sarfaraz Khan,True,0.9999999999636275,0.9999999999636275,top/middle,388.0,,116.16766467065868,0.0,3.0,29.0,28.08,1.495627173802206,8.499999999999998,
3646,Karan Kaila,False,0.002565416994782212,0.002565416994782212,finishing allrounder,57.0,,116.3265306122449,13.0,5.225,11.0,31.22,116.3265306122449,,6.4999999999999964
3647,Shreyas Iyer,True,0.9999999999823779,0.9999999999823779,top/middle,2517.0,,137.9934210526316,0.0,6.75,94.0,30.97,2.4036573840792697,46.9,
3648,Deepak Hooda,True,0.9999999999930109,0.9999999999930109,batting allrounder,1167.0,,124.54642475987193,11.0,7.267605633802817,79.0,30.61,2.4265231381623202,-65.19999999999999,-0.8999999999999999
3649,Akhil Herwadkar,False,0.006659417971897782,0.006659417971897782,opener,314.0,,145.37037037037038,2.0,6.0,11.0,31.07,3.234309461946009,61.357142857142875,0.0
365,Rajesh Bishnoi,False,1.3088464356365845e-05,9.16192504945609e-06,top/middle,48.0,,88.88888888888889,,,7.0,38.14,5.784804530427213,-8.999999999999996,
3650,Aamir Gani,True,0.990831179226752,0.990831179226752,finishing allrounder,39.0,,70.9090909090909,16.0,6.12,19.0,29.25,70.9090909090909,18.99999999999999,1.4999999999999993
3651,Ricky Bhui,True,0.9999836817802726,0.9999836817802726,top/middle,998.0,,150.3012048192771,,,28.0,29.16,2.1615553326172505,43.50000000000001,
3652,Ankush Bains,True,0.9994146485628143,0.9994146485628143,top/middle,123.0,,109.82142857142857,,,10.0,29.95,3.0150566937925545,-104.99999999999997,
3653,Avesh Khan,True,0.9999999999992815,0.9999999999992815,finishing allrounder,73.0,,140.3846153846154,131.0,8.17986577181208,101.0,28.95,1.4627455239144778,0.6000000000000006,-5.300000000000001
3654,Amad Butt,False,0.15580332355016546,0.15580332355016546,finishing allrounder,11.0,,73.33333333333333,5.0,8.613861386138614,5.0,30.55,3.219187238511663,,
36553,Jediah Blades,False,7.643125241889964e-05,7.643125241889964e-05,finishing allrounder,4.0,,40.0,3.0,9.225,3.0,23.62,40.0,,
3659,Dominic Sibley,False,1.4917489004521625e-05,1.4917489004521625e-05,opener,3.0,,37.5,,,1.0,30.23,37.5,,
366,Gaurav Dhiman,False,0.001179138246450594,0.0008253967725154157,top/middle,43.0,,102.38095238095238,1.0,10.0,3.0,38.95,102.38095238095238,,
3660,Luke Wood,True,0.9999995460698798,0.9999995460698798,finishing allrounder,32.0,,133.33333333333334,25.0,8.778082191780822,18.0,30.32,1.2919864852180396,25.999999999999986,1.6999999999999995
3661,Minod Bhanuka,True,0.6598566827863646,0.6598566827863646,opener,64.0,,91.42857142857143,,,3.0,30.58,91.42857142857143,,
3664,Binura Fernando,True,0.9998883735665085,0.9998883735665085,finishing allrounder,36.0,,92.3076923076923,20.0,6.640167364016737,22.0,30.38,2.556054516358107,-2.1000000000000014,2.0999999999999996
3669,Sadeera Samarawickrama,True,0.9998445005094933,0.9998445005094933,top/middle,113.0,,108.65384615384616,,,5.0,30.24,1.8126520886546025,28.333333333333332,
36713,Mirzadanish Alam,False,0.02473668565473768,0.021026182806527027,finisher,29.0,,80.55555555555556,,,4.0,33.56,80.55555555555556,,
3672,Kusal Mendis,True,0.9999999998449045,0.9999999998449045,top/middle,1207.0,,123.54145342886387,,,48.0,30.81,2.3852470365115725,48.30000000000001,
3673,Ramesh Mendis,True,0.9999494609619481,0.9999494609619481,finishing allrounder,75.0,,102.73972602739725,3.0,6.133333333333334,13.0,30.39,1.9123583825463792,8.07692307692308,-0.11538461538461538
36743,Tadakamalla Mohith,False,9.114690715914744e-06,9.114690715914744e-06,finishing allrounder,87.0,,111.53846153846153,8.0,7.976470588235294,7.0,24.34,111.53846153846153,,
36759,Aaryan Chavda,False,0.001201119898229395,0.001201119898229395,finishing allrounder,0.0,,0.0,8.0,7.416666666666667,7.0,20.4,,,
3697,Kyle Jamieson,True,0.9999999991773492,0.9999999991773492,finishing allrounder,79.0,,106.75675675675676,28.0,8.517560073937153,25.0,30.91,1.7122014777413073,-12.749999999999996,1.7499999999999998
36982,Suyash Sharma,True,0.9999991553985109,0.9999991553985109,finishing allrounder,3.0,,42.857142857142854,63.0,7.812982998454405,57.0,22.54,1.089494502837968,-0.9999999999999998,6.2803698347351e-16
36983,Mohit Rathee,True,0.9999975399379085,0.9999975399379085,finishing allrounder,48.0,,109.0909090909091,8.0,7.8133333333333335,11.0,26.87,45.21591723370395,0.4999999999999977,3.925231146709437e-17
36984,Raghav Goyal,True,0.999970952895298,0.999970952895298,finishing allrounder,60.0,,103.44827586206897,11.0,6.461538461538462,15.0,24.83,0.6980574269485763,29.99999999999999,0.4999999999999999
370,Arun Karthik,True,0.9999778541256092,0.6999844978879264,top/middle,1324.0,,134.96432212028543,,,50.0,39.78,7.452974505299525,-25.7,
3700,Tim Seifert,True,0.9999997831823341,0.9999997831823341,top/middle,894.0,,144.89465153970826,,,35.0,30.95,2.220809298955936,75.10000000000001,
37036,Priyanshu Moliya,False,4.86294444497612e-07,4.86294444497612e-07,batting allrounder,211.0,,145.51724137931035,4.0,7.111111111111111,12.0,20.44,,,
37037,Aanjaneya Suryavanshi,True,0.998630316891774,0.998630316891774,top/middle,370.0,,122.51655629139073,,,18.0,22.83,18.5917364327532,-3.999999999999997,
37052,Naman Dhir,True,0.9999999999529945,0.9999999999529945,batting allrounder,1727.0,,167.66990291262135,26.0,7.9126637554585155,69.0,25.91,3.682188203482703,35.49999999999998,1.9999999999999996
37054,Jass Inder Singh,False,2.359858515471963e-06,2.359858515471963e-06,finishing allrounder,11.0,,68.75,10.0,6.8730650154798765,16.0,28.95,68.75,3.499999999999999,0.0
37074,R Sibi,False,0.0017183754726653676,0.0017183754726653676,finisher,31.0,,110.71428571428571,,,1.0,27.96,110.71428571428571,,
37103,R K Jayant,False,0.0037519355434346,0.0037519355434346,finisher,43.0,,95.55555555555556,,,2.0,19.94,1.614879652867171,,
37114,S Raghavendran,False,0.009233725009750638,0.006463607506825446,finisher,43.0,,104.8780487804878,,,5.0,37.69,1.1159201310957918,,
37201,,False,0.00014521835415625274,0.00014521835415625274,unknown,71.0,,122.41379310344827,,,0.0,,122.41379310344827,,
3727,Matthew Short,True,0.9999999998487963,0.9999999998487963,top/middle,499.0,,142.16524216524218,8.0,8.79611650485437,27.0,30.05,2.249553412715934,-91.99999999999997,-3.14018491736755e-16
37311,Shiv Mathur,False,0.006035032575331969,0.006035032575331969,finisher,62.0,,114.81481481481481,,,3.0,17.85,114.81481481481481,,
37319,Etamize Dhileepan,False,0.00181522031421432,0.00181522031421432,top/middle,5.0,,83.33333333333333,,,1.0,28.06,83.33333333333333,,
37321,Slakshy Jain,False,1.483467406505111e-05,1.483467406505111e-05,finishing allrounder,23.0,,63.888888888888886,7.0,7.226086956521739,15.0,23.4,1.16881569986578,-4.999999999999998,-6.999999999999998
37354,G Godson,False,0.007014653718566672,0.00491025760299667,finishing allrounder,15.0,,83.33333333333333,4.0,7.408695652173913,6.0,36.16,1.7077604548357135,,-1.9999999999999996
37356,T Saran,False,0.006675334662073036,0.006675334662073036,opener,5.0,,33.333333333333336,,,3.0,30.13,0.687656906711917,,
37360,M Viju Arul,False,0.5770512131758847,0.5770512131758847,finishing allrounder,2.0,,40.0,5.0,12.092307692307692,5.0,31.5,40.0,,-0.4999999999999999
37373,Venkatesh Bhuvaneshwar,False,0.0003168776596538281,0.0003168776596538281,finishing allrounder,12.0,,54.54545454545455,3.0,8.7,1.0,24.56,54.54545454545455,,
37563,Sagar Gowtham,False,0.00042848031897870826,0.00042848031897870826,finisher,40.0,,160.0,,,3.0,26.48,160.0,25.999999999999986,
3757,Jyot Chhaya,False,4.1038229651572555e-05,2.8726760756100787e-05,finishing allrounder,121.0,,100.83333333333333,3.0,6.696428571428571,14.0,35.98,5.7393933865920035,-30.999999999999986,-0.42857142857142866
37572,Shafiq Jan,True,0.981434861011692,0.981434861011692,finishing allrounder,5.0,,166.66666666666666,4.0,8.64,3.0,31.81,166.66666666666666,,
37578,Sj Arunkumar,False,0.0005853983055187048,0.0005853983055187048,finisher,31.0,,67.3913043478261,0.0,10.0,8.0,21.78,1.9127412942573279,-0.9999999999999998,
37580,P Bhuvaneswaran,False,0.044208987544231,0.044208987544231,finishing allrounder,48.0,,90.56603773584905,28.0,7.521739130434782,22.0,31.87,1.4892098342665974,-16.49999999999999,-4.999999999999998
3759,Vishnu Solanki,False,0.013471684928315783,0.011450932189068416,top/middle,526.0,,135.56701030927834,,,30.0,33.11,4.675061927436894,0.6999999999999993,
37590,Kta Madhava Prasad,False,0.01791080227465528,0.01791080227465528,finisher,44.0,,110.0,,,4.0,20.45,6.207420503373628,,
37597,S Sanjeevi Kandeepan,False,0.020286853223641294,0.020286853223641294,top/middle,6.0,,100.0,,,1.0,29.53,100.0,,
376,Ravikant Shukla,True,0.9986408494005599,0.6990485945803918,finisher,55.0,,177.41935483870967,,,3.0,38.39,9.674797546554629,,
37604,M Udhayakumar,False,0.007436858731603043,0.007436858731603043,finishing allrounder,1.0,,50.0,2.0,10.5,2.0,29.08,50.0,,
37612,Zubair khan,True,0.9122188940877738,0.9122188940877738,finisher,31.0,,140.9090909090909,,,2.0,24.93,140.9090909090909,,
37630,Mohamed Ali,False,0.014892907497271275,0.014892907497271275,finishing allrounder,310.0,,129.7071129707113,13.0,8.431718061674008,20.0,21.15,3.0083999155232544,47.499999999999964,0.9999999999999992
37631,P Vignesh,False,0.0001362777577931581,0.0001362777577931581,finishing allrounder,1.0,,33.333333333333336,13.0,7.293103448275862,15.0,20.64,33.333333333333336,,-8.999999999999996
3768,Hardik Rathod,False,0.01554420598547011,0.010880944189829076,finishing allrounder,2.0,,40.0,3.0,4.266666666666667,3.0,37.22,40.0,,
37730,Divij Mehra,False,0.0006986282120691106,0.0006986282120691106,finishing allrounder,12.0,,120.0,5.0,9.071428571428571,4.0,23.17,120.0,,
37731,Musheer Khan,False,0.027845761190710205,0.027845761190710205,batting allrounder,136.0,,133.33333333333334,7.0,7.880597014925373,8.0,20.74,1.433599830196689,,
37732,Prasad Pawar,True,0.999990297668471,0.999990297668471,top/middle,564.0,,147.64397905759162,,,23.0,30.82,2.848514539017705,225.99999999999994,
37752,Ajay Chetan J,False,0.023093875665929436,0.023093875665929436,finisher,4.0,,22.22222222222222,,,5.0,23.92,1.5888600443960386,-1.9999999999999996,
37755,Vidyuth P,False,0.004026775802622031,0.004026775802622031,finishing allrounder,9.0,,150.0,5.0,7.591836734693878,4.0,25.19,0.7026900973385412,,
37757,R Vimal Khumar,False,0.05516657466551786,0.05516657466551786,top/middle,600.0,,119.28429423459245,,,27.0,22.98,4.019306971225265,57.99999999999999,
37774,H I Waseem Ahmed,False,0.06679611091858974,0.06679611091858974,opener,368.0,,121.8543046357616,,,14.0,24.51,5.504182063353003,-65.99999999999999,
3779,Pritam Chakraborty,False,0.00444460384994577,0.00444460384994577,finishing allrounder,2.0,,66.66666666666667,10.0,5.796610169491525,6.0,31.2,66.66666666666667,,
3780,Vivek Singh,True,0.9996644948357597,0.8497148206103957,top/middle,703.0,,129.9445471349353,2.0,6.967741935483871,25.0,32.07,3.6153385428838845,18.299999999999997,
3781,M Mohammed,True,0.9999747412222025,0.8499785300388721,finishing allrounder,301.0,,95.55555555555556,71.0,7.2370517928286855,50.0,33.98,1.8713268105873502,-11.000000000000004,-2.1999999999999997
37812,Shyam Sundar,False,0.05396331874038555,0.05396331874038555,top/middle,118.0,,100.0,,,8.0,25.08,3.0608088454022653,-117.99999999999997,
3782,M Shahrukh Khan,True,0.9999999999920675,0.9999999999920675,finishing allrounder,1943.0,,156.18971061093248,52.0,7.405172413793103,115.0,30.51,3.9839246957895353,2.399999999999998,1.3000000000000005
37870,Sunil Krishna,False,0.019194137013937452,0.019194137013937452,finisher,34.0,,147.82608695652175,,,4.0,23.72,1.2888276746489844,,
37871,Athish S R,False,0.00016439865434313375,0.00016439865434313375,top/middle,37.0,,97.36842105263158,,,3.0,21.36,8.004083056487241,,
37879,Khawaja Nafay,False,0.002770156143207362,0.002770156143207362,opener,214.0,,133.75,,,8.0,,6.063579737787058,93.99999999999997,
37939,Nahid Rana,False,0.17032566541138916,0.17032566541138916,finishing allrounder,4.0,,16.0,14.0,7.2,17.0,23.15,0.7454881730188649,-0.4999999999999998,1.9999999999999991
3798,Karan Shah,True,0.9997864109423863,0.9997864109423863,top/middle,58.0,,170.58823529411765,,,4.0,29.44,2.3409808641466716,-0.9999999999999998,
3802,Anshuman Rath,False,0.28110676527812,0.28110676527812,opener,124.0,,82.11920529801324,1.0,7.8,9.0,28.06,3.453954312517828,107.99999999999997,0.9999999999999998
38050,Isitha Wijesundera,False,0.16755496897905225,0.16755496897905225,finishing allrounder,11.0,,110.0,1.0,10.875,2.0,28.54,2.423464293084804,0.9999999999999998,0.9999999999999998
3807,Gurinder Singh,False,0.00010536554651149515,8.956071453477087e-05,finishing allrounder,36.0,,72.0,3.0,8.409448818897637,6.0,33.38,72.0,,
3808,Jiwanjot Singh,False,0.023449861944996257,0.01641490336149738,top/middle,129.0,,122.85714285714286,,,3.0,35.06,11.935015862733412,-32.499999999999986,
38125,Akhil Rawat,True,0.9998811925005439,0.9998811925005439,top/middle,496.0,,163.1578947368421,,,18.0,,5.932765025248612,-0.9999999999999979,
38435,Rajendra Singh,False,5.05243852806818e-05,5.05243852806818e-05,batting allrounder,48.0,,97.95918367346938,3.0,7.518987341772152,6.0,-42.89,97.95918367346938,,
38436,Saurav Dihingya,False,0.0031395189477920853,0.0031395189477920853,opener,306.0,,134.21052631578948,,,9.0,21.91,3.798407194231765,65.99999999999999,
38438,Rohit Singh,False,0.00024105205140319573,0.00024105205140319573,finishing allrounder,26.0,,89.65517241379311,24.0,6.168,12.0,20.96,2.177355318093119,10.999999999999998,0.0
38439,Jay Borah,False,0.15676434301648187,0.15676434301648187,top/middle,223.0,,126.70454545454545,,,10.0,24.12,3.972178025190278,96.99999999999997,
38440,Amit Yadav,True,0.998207925018858,0.998207925018858,finishing allrounder,36.0,,257.14285714285717,2.0,7.276595744680851,6.0,29.98,257.14285714285717,,
38442,Kankan Kalita,True,0.9988358527466615,0.9988358527466615,finishing allrounder,208.0,,108.33333333333333,21.0,5.736677115987461,17.0,26.63,7.057059902970416,-16.499999999999993,-2.9999999999999996
38443,Shubham Kumar Gupta,False,5.826711218182283e-05,5.826711218182283e-05,finishing allrounder,12.0,,54.54545454545455,7.0,8.052631578947368,5.0,20.33,54.54545454545455,,
38444,Bishal Sharma,False,0.0005343221176937063,0.0005343221176937063,top/middle,270.0,,103.05343511450381,5.0,6.346153846153846,12.0,20.94,142.46575342465752,-61.99999999999997,2.9999999999999996
38445,Tej Khan,False,6.359810479448695e-05,6.359810479448695e-05,finishing allrounder,98.0,,108.88888888888889,8.0,6.962264150943396,13.0,19.9,110.71428571428571,-35.999999999999986,0.0
38446,Palla Karunakar,False,0.0002291542545132721,0.0002291542545132721,finishing allrounder,81.0,,75.0,2.0,7.384615384615385,8.0,21.28,88.23529411764706,16.999999999999996,0.0
38447,Avijit Singha Roy,False,8.088056923477762e-09,5.661639846434434e-09,opener,140.0,,122.80701754385964,0.0,9.5,7.0,38.77,122.80701754385964,,
38578,Prashant Chaudhary,False,0.00015381109959121592,0.00015381109959121592,finishing allrounder,108.0,,109.0909090909091,6.0,8.181818181818182,12.0,25.9,8.091604508577646,13.499999999999996,-1.4999999999999998
3858,Jatinder Singh,True,0.9998454898006073,0.699891842860425,opener,148.0,,110.44776119402985,0.0,21.0,6.0,36.73,1.8253123278971606,-41.999999999999986,
38617,Tarun Singh,False,3.364239032585163e-05,2.8596031776973887e-05,batting allrounder,196.0,,104.81283422459893,9.0,7.190476190476191,9.0,32.12,104.81283422459893,,
38618,Arjun Dani,True,0.9994584506048952,0.9994584506048952,finishing allrounder,245.0,,137.64044943820224,7.0,6.795918367346939,15.0,,13.890112498080626,,2.499999999999999
38619,Rahul Sawant,True,0.9999828633198808,0.9999828633198808,finishing allrounder,31.0,,193.75,13.0,7.2485549132947975,9.0,25.9,1.3632756525862684,,2.499999999999999
38621,Raj Waghela,True,0.9536014089584007,0.9536014089584007,finisher,38.0,,71.69811320754717,,,8.0,25.9,2.0797124666084628,14.999999999999995,
38625,Nutan Goel,False,0.0039970702080522735,0.0039970702080522735,opener,41.0,,120.58823529411765,,,3.0,25.9,1.0397978736155462,,
38628,Jayesh Pokhare,False,6.875975218666727e-06,6.875975218666727e-06,finisher,4.0,,80.0,,,2.0,-14.1,80.0,,
38632,Prince Badiani,True,0.9726654681037421,0.9726654681037421,finishing allrounder,0.0,,0.0,3.0,9.4375,6.0,,0.0,,0.4999999999999999
38638,Aryan Kiran Badhe,True,0.9996285925625504,0.9996285925625504,finishing allrounder,4.0,,133.33333333333334,6.0,8.326530612244898,2.0,23.71,133.33333333333334,,
38639,Vaibhav Chougalle,True,0.9636580693090687,0.9636580693090687,finishing allrounder,44.0,,91.66666666666667,3.0,9.891891891891891,16.0,25.9,91.66666666666667,5.999999999999999,0.9999999999999998
38640,Sachin Bhosale,True,0.9993581763214641,0.9993581763214641,finishing allrounder,190.0,,150.79365079365078,52.0,7.079837618403247,38.0,27.9,12.739141950661155,5.4999999999999885,-1.0000000000000002
38642,Aditya Rajhans,False,0.00028687039444555537,0.00028687039444555537,finishing allrounder,4.0,,33.333333333333336,1.0,6.7272727272727275,3.0,25.9,33.333333333333336,,
38643,Suraj Shinde,True,0.9970187033437043,0.9970187033437043,finisher,152.0,,146.15384615384616,,,10.0,25.9,1.6225658552021345,-63.999999999999986,
38644,Jay Jain,False,0.00018520712049641797,0.00018520712049641797,top/middle,47.0,,87.03703703703704,,,5.0,25.9,3.5785113515540057,,
38646,Shashwat Jagtap,False,0.0005967137998707502,0.0005967137998707502,top/middle,98.0,,98.98989898989899,,,5.0,25.9,8.364358872374387,,
38648,Prayash Thakur,True,0.99975416142389,0.99975416142389,finishing allrounder,15.0,,107.14285714285714,6.0,9.466666666666667,3.0,25.9,1.0022197060436164,,
38650,M Krishna,False,0.008949394261027222,0.008949394261027222,opener,4.0,,50.0,,,2.0,25.9,0.6924183694528013,,
38651,Yashovardhan Singh,False,3.3064646846932483e-05,3.3064646846932483e-05,finisher,402.0,,118.93491124260355,3.0,4.92,29.0,23.27,5.376320882889429,-64.49999999999997,-2.9999999999999996
38652,Nihal Vadera,False,0.03747048393754254,0.03747048393754254,top/middle,52.0,,118.18181818181819,,,3.0,25.9,3.0059151689559833,,
38654,Sahil Jadhav,False,0.0012237603091090844,0.0012237603091090844,finisher,87.0,,104.81927710843374,,,11.0,25.9,1.629212648906555,17.499999999999993,
38655,Praful Devkate,False,0.00021129645344288876,0.00021129645344288876,finisher,7.0,,350.0,0.0,7.636363636363637,2.0,25.9,350.0,,
38657,Harshal Jadhav,False,0.009549467093883029,0.009549467093883029,top/middle,186.0,,157.6271186440678,0.0,12.5,6.0,24.11,2.3206372350216244,42.99999999999998,
38658,Yash Dicholkar,True,0.9993136894123553,0.9993136894123553,finishing allrounder,12.0,,50.0,10.0,6.728155339805825,11.0,-14.1,2.603600604113351,3.999999999999999,4.999999999999998
38659,Adithya Khanvilkar,False,0.00017054112660772451,0.00017054112660772451,top/middle,12.0,,85.71428571428571,0.0,12.0,1.0,25.9,85.71428571428571,,
38699,Ninad Kadam,True,0.9988481702385434,0.8490209447027619,finisher,108.0,,168.75,1.0,9.6,5.0,33.03,3.9786255413564926,,
38700,Ajay Singh,False,0.0044719089018168245,0.0044719089018168245,finishing allrounder,1.0,,100.0,2.0,10.032786885245901,5.0,25.9,100.0,,0.0
3871,Aamir Kaleem,True,0.9995942601907798,0.6997159821335458,opener,135.0,,117.3913043478261,8.0,7.486238532110092,6.0,44.02,9.141087176411427,22.999999999999993,1.9999999999999996
3876,Sufyan Mehmood,True,0.9971495684288929,0.847577133164559,finishing allrounder,22.0,,70.96774193548387,2.0,9.64864864864865,6.0,34.1,1.1344028481990376,3.999999999999999,-1.9999999999999996
3882,Steven Taylor,False,0.012835597833802613,0.010910258158732221,opener,84.0,,97.67441860465117,,,7.0,32.05,2.592585321978907,31.999999999999993,
38855,Mohammad Saifuddin,True,0.9999945782531069,0.9999945782531069,finishing allrounder,305.0,,119.6078431372549,64.0,7.002024291497976,46.0,29.88,1.5950703167386817,36.1,4.3
39011,Jitesh Raut,False,6.980522748897814e-05,6.980522748897814e-05,opener,72.0,,90.0,,,7.0,30.0,90.0,,
39013,Omkar Chettiar,False,9.489237961259093e-05,9.489237961259093e-05,opener,18.0,,94.73684210526316,,,3.0,25.73,94.73684210526316,,
39016,Pranav Dhawande,False,0.00010503859468446653,0.00010503859468446653,top/middle,37.0,,92.5,,,4.0,25.54,92.5,,
39018,Siddhant Singh,False,3.629454618585686e-05,3.629454618585686e-05,finisher,22.0,,129.41176470588235,1.0,11.0,4.0,25.8,3.8902372628280606,,
39019,Hrushikesh Pawar,False,7.4401639107342345e-06,7.4401639107342345e-06,batting allrounder,84.0,,110.52631578947368,2.0,7.594936708860759,6.0,30.22,110.52631578947368,,
39023,Pankaj Patil,False,0.0011442137807855276,0.0008009496465498693,finishing allrounder,9.0,,150.0,12.0,9.496062992125983,6.0,37.05,,,
39029,Atul Singh,False,0.015264194459332296,0.015264194459332296,finishing allrounder,8.0,,114.28571428571429,6.0,8.590909090909092,7.0,31.09,114.28571428571429,,
39035,Japjeet Singh Randhawa,True,0.9913461607424684,0.9913461607424684,top/middle,99.0,,84.61538461538461,1.0,4.421052631578948,6.0,28.04,1.8642698985603137,47.499999999999986,
39038,Yash Singh,False,1.6620497532616038e-05,1.6620497532616038e-05,finishing allrounder,4.0,,50.0,18.0,4.9156626506024095,7.0,25.07,50.0,,
39040,Kaushik Kharat,False,5.191525459618295e-05,5.191525459618295e-05,finisher,101.0,,97.11538461538461,,,5.0,29.07,97.11538461538461,,
39041,Harsh Mogaveera,False,4.890853906966394e-06,4.890853906966394e-06,top/middle,401.0,,168.48739495798318,2.0,10.325581395348838,15.0,22.34,121.7948717948718,-210.99999999999994,
39042,Arman Shaikh,False,0.00010126980555454238,7.088886388817966e-05,top/middle,113.0,,114.14141414141415,,,8.0,38.02,114.14141414141415,,
39043,Yogesh Patil,False,8.906566037253206e-07,6.234596226077243e-07,finishing allrounder,93.0,,169.0909090909091,4.0,7.672131147540983,7.0,36.89,169.0909090909091,,
39044,Ajay Mishra,False,0.0013179843565011486,0.0013179843565011486,finishing allrounder,39.0,,105.4054054054054,13.0,6.915254237288136,12.0,30.41,1.6739159044953842,,
39047,Aayush Singh,False,2.7802561703755017e-05,2.7802561703755017e-05,finishing allrounder,19.0,,90.47619047619048,4.0,6.39344262295082,4.0,22.57,90.47619047619048,,
39051,Aryan Kadam,False,0.0002809316834275516,0.0002809316834275516,finishing allrounder,1.0,,100.0,1.0,5.086956521739131,5.0,20.79,100.0,,
39064,Shreyash Gurav,False,6.606798132101226e-05,6.606798132101226e-05,finishing allrounder,8.0,,88.88888888888889,9.0,5.36,6.0,25.74,8.36435887237438,,
39065,Prabhakar Nishad,False,1.9538234027936697e-05,1.9538234027936697e-05,finishing allrounder,3.0,,75.0,8.0,7.077844311377246,8.0,26.4,75.0,,
39066,Sahil Phegade,False,0.005824642643240783,0.005824642643240783,finishing allrounder,4.0,,100.0,10.0,4.173913043478261,5.0,25.25,100.0,,
39070,Sandesh Koli,False,0.050489555291430704,0.0429161219977161,finishing allrounder,15.0,,187.5,8.0,6.382978723404255,4.0,33.88,187.5,,
39071,Aryaman Thakkar,False,0.0016652017250824694,0.0016652017250824694,top/middle,50.0,,71.42857142857143,,,5.0,22.96,71.42857142857143,,
39074,Aniket Khadpe,False,4.830065587101507e-06,4.830065587101507e-06,finishing allrounder,27.0,,75.0,12.0,7.090909090909091,7.0,25.9,75.0,,
39081,Vicky Patil,False,2.4275242866704243e-06,2.4275242866704243e-06,opener,197.0,,99.4949494949495,,,9.0,29.1,99.4949494949495,,
39082,Harsh Shrawage,False,5.792452347872198e-07,5.792452347872198e-07,opener,3.0,,42.857142857142854,,,1.0,25.55,42.857142857142854,,
39084,Jay Dhatrak,False,8.719050719364298e-06,8.719050719364298e-06,finisher,13.0,,61.904761904761905,,,4.0,22.09,61.904761904761905,,
39092,Shreeraj Gharat,True,0.9943874037416571,0.9943874037416571,top/middle,90.0,,125.0,,,4.0,25.2,2.048164958000461,24.999999999999993,
39094,Dashrath Chavan,False,2.815907410431851e-05,2.815907410431851e-05,finishing allrounder,62.0,,96.875,13.0,5.625,8.0,23.06,96.875,,
39095,Omkar Rahate,False,8.623727275113217e-06,8.623727275113217e-06,opener,19.0,,63.333333333333336,,,1.0,27.19,63.333333333333336,,
39097,Sahil Gode,False,0.0072683844209730526,0.0072683844209730526,top/middle,30.0,,90.9090909090909,,,4.0,23.78,3.0515849088644025,,
39100,Aditya Yadav,False,1.3120168285669979e-05,1.3120168285669979e-05,finishing allrounder,91.0,,122.97297297297297,2.0,8.909090909090908,9.0,29.32,2.1444437081903915,,
39105,Shubham Yadav,False,0.00035058930508132034,0.00035058930508132034,finishing allrounder,2.0,,40.0,1.0,9.125,3.0,18.98,40.0,,
39107,Aquib Mubin Shaikh,False,0.0005995112469664223,0.00041965787287649557,finisher,2.0,,25.0,,,3.0,35.08,25.0,,
39108,Parag Ramchandra Jadhav,False,0.0006417788969080072,0.0006417788969080072,finishing allrounder,57.0,,96.61016949152543,3.0,7.4,6.0,28.45,96.61016949152543,,
39109,Om Kamat,False,0.01942959051325772,0.01942959051325772,finisher,187.0,,108.09248554913295,,,11.0,23.48,2.1510461256910465,82.49999999999997,
39110,Vishwajit Jagdale,False,2.2115896318562392e-09,2.2115896318562392e-09,finisher,163.0,,139.31623931623932,0.0,13.666666666666666,8.0,24.74,139.31623931623932,,
39111,Ravi Vishwakarma,False,0.0022493925422585204,0.0019119836609197422,batting allrounder,7.0,,87.5,3.0,6.48,2.0,33.93,87.5,,
39113,Kalash Rai,False,0.0007572214386577621,0.0007572214386577621,finisher,98.0,,130.66666666666666,,,3.0,21.59,130.66666666666666,,
39117,Ashwin Shelke,False,0.0001283686665010302,0.0001283686665010302,finishing allrounder,58.0,,87.87878787878788,12.0,5.3076923076923075,9.0,27.73,87.87878787878788,,
39121,Abhishek Jain,False,8.752241529260474e-05,8.752241529260474e-05,finisher,31.0,,103.33333333333333,,,3.0,25.1,103.33333333333333,,
39125,Sanket More,False,0.06532769078783275,0.06532769078783275,finishing allrounder,9.0,,112.5,2.0,6.8076923076923075,4.0,30.43,112.5,,
39129,Rugved More,False,0.018245788778991603,0.018245788778991603,top/middle,164.0,,120.58823529411765,,,8.0,23.75,4.3973727643125455,,
39130,Jahangir Ansari,False,4.1686988278408304e-07,4.1686988278408304e-07,finisher,20.0,,100.0,0.0,13.0,2.0,26.14,100.0,,
39132,Anil Amit Panday,False,4.7742367595761825e-05,4.7742367595761825e-05,finishing allrounder,27.0,,128.57142857142858,2.0,4.75,2.0,26.91,128.57142857142858,,
39133,Satyalaksh Jain,False,1.9860303600487905e-06,1.9860303600487905e-06,top/middle,153.0,,93.86503067484662,0.0,8.25,9.0,26.02,93.86503067484662,,
39137,Prateet Gotsurve,False,1.591717950179432e-05,1.591717950179432e-05,finisher,8.0,,50.0,,,5.0,23.12,50.0,,
39141,Parth Chandan,False,6.3680897661096455e-06,6.3680897661096455e-06,finishing allrounder,75.0,,115.38461538461539,10.0,4.8,6.0,25.46,115.38461538461539,,
39144,Anurag Divekar,False,2.8285744930690715e-05,2.8285744930690715e-05,finisher,24.0,,72.72727272727273,,,3.0,21.44,72.72727272727273,,
39148,Vaibhav Bhardwaj,False,9.757498969666144e-06,9.757498969666144e-06,finishing allrounder,97.0,,142.64705882352942,3.0,4.105263157894737,5.0,22.06,142.64705882352942,,
39150,Shashank Shekhar,False,0.0012348622190588125,0.0012348622190588125,finisher,33.0,,106.45161290322581,,,5.0,31.1,106.45161290322581,,
39151,Ajay Pandey,False,0.0015787014363194494,0.001341896220871532,top/middle,58.0,,87.87878787878788,,,5.0,32.95,87.87878787878788,,
39153,Arun Yadav,False,4.1585256930989347e-07,3.5347468391340946e-07,finishing allrounder,86.0,,126.47058823529412,6.0,6.47244094488189,8.0,33.57,126.47058823529412,,
39157,Shaun Rodrigues,False,1.80107073569359e-05,1.80107073569359e-05,top/middle,314.0,,136.52173913043478,,,8.0,23.76,136.52173913043478,,
39158,Ankit Vishwakarma,False,5.227420159951648e-06,5.227420159951648e-06,finishing allrounder,16.0,,43.24324324324324,4.0,8.457142857142857,5.0,25.74,43.24324324324324,,
3916,Jitesh Sharma,True,0.999999999875522,0.8499999998941937,finisher,1626.0,,152.38987816307403,,,93.0,32.1,2.954257484633267,96.90000000000002,
39161,Kunal Nawarange,False,0.00046810395280494853,0.00046810395280494853,finishing allrounder,1.0,,33.333333333333336,0.0,8.727272727272727,4.0,21.3,33.333333333333336,,
39165,Akhilesh Shimpi,False,8.190526358545923e-05,8.190526358545923e-05,finishing allrounder,7.0,,36.8421052631579,1.0,9.310344827586206,5.0,25.1,36.8421052631579,,
39166,Manoj Yadav,False,0.00070222113807345,0.0004915547966514149,finishing allrounder,27.0,,108.0,17.0,8.988326848249027,14.0,37.53,108.0,8.999999999999996,-8.999999999999996
3917,Urvesh Patel,False,0.07025635402062504,0.049179447814437525,top/middle,12.0,,133.33333333333334,,,1.0,37.85,133.33333333333334,,
39176,Shourya Nilesh Desai,False,3.3144024200123974e-05,3.3144024200123974e-05,top/middle,119.0,,104.3859649122807,,,7.0,19.35,104.3859649122807,,
39177,Sagar Jadhav,True,0.9996166218091836,0.9996166218091836,finishing allrounder,75.0,,159.5744680851064,12.0,8.238461538461538,13.0,29.98,1.0962794142037617,23.499999999999993,4.999999999999998
39178,Zaid Patankar,True,0.9926284934715747,0.9926284934715747,finishing allrounder,2.0,,25.0,8.0,8.299065420560748,7.0,,0.6737574870297706,,
39180,Atharva Dakway,False,0.0011473214048177247,0.0011473214048177247,finishing allrounder,1.0,,14.285714285714286,25.0,8.539325842696629,16.0,22.42,0.0,,-20.999999999999993
39181,Ronaki Anilkumar,False,1.3851828318677935e-05,1.3851828318677935e-05,top/middle,66.0,,74.15730337078652,,,6.0,25.9,74.15730337078652,,
39182,Shubham Punyarthi,False,5.792217385551836e-06,5.792217385551836e-06,opener,208.0,,130.8176100628931,,,7.0,27.65,130.8176100628931,,
39183,Meet Jain,False,0.00011447545485870862,0.00011447545485870862,finisher,28.0,,82.3529411764706,0.0,7.0,5.0,20.08,82.3529411764706,,
39186,Ashitosh Mali,False,4.5557472281255905e-06,4.5557472281255905e-06,finishing allrounder,4.0,,66.66666666666667,0.0,6.0,3.0,23.87,66.66666666666667,,
39193,Pratik Warang,False,4.293501997734604e-07,4.293501997734604e-07,top/middle,97.0,,100.0,,,6.0,21.2,100.0,,
392,Chidhambaram Gautam,False,2.670834154141227e-05,1.869583907898859e-05,top/middle,37.0,,119.35483870967742,,,1.0,39.72,119.35483870967742,,
39200,Badrey Alam,True,0.9911167861904123,0.8424492682618504,finishing allrounder,1.0,,33.333333333333336,6.0,12.733333333333333,6.0,33.56,33.333333333333336,,
39201,Nabil Samad,False,0.00023556088239471223,0.00016489261767629854,finishing allrounder,2.0,,66.66666666666667,7.0,5.46875,9.0,39.13,66.66666666666667,,-1.3571428571428572
39202,Anamul Haque (1),False,0.0006273406362589259,0.0006273406362589259,finishing allrounder,3.0,,42.857142857142854,1.0,7.255813953488372,2.0,25.37,42.857142857142854,,
39208,Harsh Prakas Gawli,True,0.999637611991168,0.999637611991168,top/middle,616.0,,131.90578158458243,,,17.0,27.05,6.889706388047608,-89.99999999999997,
3921,Arpit Vasavada,False,0.0002006612532678729,0.00014046287728751103,finisher,269.0,,120.08928571428571,6.0,7.2727272727272725,16.0,37.08,9.817167353666088,22.230769230769234,-0.6666666666666665
39210,Aryan Anand Pandey,False,0.0001224449546379722,0.0001224449546379722,finishing allrounder,22.0,,122.22222222222223,20.0,9.268292682926829,13.0,21.85,,,3.999999999999999
3923,N Gangta,False,0.008181660067641199,0.006954411057495019,finisher,179.0,,130.65693430656935,,,9.0,33.23,28.78809139407111,-94.99999999999997,
3926,Rahul Tewatia,True,0.9999999999323834,0.8499999999425258,finishing allrounder,943.0,,131.8881118881119,11.0,9.065573770491802,85.0,32.52,2.03992189060619,-30.699999999999996,-3.499999999999999
39288,Bhavesh Patel,False,0.0001431693596473368,0.00010021855175313576,batting allrounder,67.0,,121.81818181818181,3.0,7.277777777777778,7.0,38.16,121.81818181818181,,
393,Kedar Jadhav,True,0.999995366152794,0.6999967563069558,top/middle,339.0,,128.4090909090909,1.0,6.0,18.0,40.67,1.8672214088203825,0.6428571428571523,
39355,Vaibhav Mali,True,0.9999842324369705,0.9999842324369705,batting allrounder,263.0,,133.502538071066,11.0,6.774193548387097,16.0,31.43,2.6457258751756583,104.49999999999997,3.499999999999999
39357,Awaish Khan,True,0.007387447990493523,0.007387447990493523,finisher,14.0,,70.0,,,2.0,25.9,70.0,,
39358,Ripal Shah,True,0.99438899834875,0.99438899834875,finisher,72.0,,133.33333333333334,3.0,7.2631578947368425,2.0,25.9,133.33333333333334,,
39359,Ravinder Solanki,True,0.46785489940803415,0.46785489940803415,finishing allrounder,0.0,,0.0,1.0,6.461538461538462,1.0,25.9,0.0,,
39360,Manan Bhatt,True,0.009467112624374992,0.009467112624374992,finisher,12.0,,80.0,,,1.0,25.9,80.0,,
39361,Irfan Umair,True,0.9981141749272701,0.9981141749272701,finishing allrounder,16.0,,177.77777777777777,5.0,8.170212765957446,9.0,29.33,177.77777777777777,,2.499999999999999
39362,Chetan Bisht,False,6.5788503402840835e-06,6.5788503402840835e-06,opener,11.0,,91.66666666666667,,,1.0,25.9,91.66666666666667,,
39365,S Rakshith,False,0.0011351972229284768,0.0011351972229284768,top/middle,1.0,,16.666666666666668,,,1.0,25.9,16.666666666666668,,
39366,Rajesh Sharma,False,0.00030288468881151353,0.00030288468881151353,finisher,4.0,,100.0,,,1.0,25.9,100.0,,
39374,Muhammad Zohaib,True,0.9990305928443391,0.9990305928443391,top/middle,27.0,,90.0,,,3.0,27.14,1.2550432147787411,,
39375,Manjeet Deka,False,0.00019093401255638914,0.00019093401255638914,finisher,107.0,,125.88235294117646,1.0,8.0,9.0,21.23,0.6996168726583183,20.999999999999993,
39376,Saidur Rahman,False,0.0014869522069270139,0.0014869522069270139,finishing allrounder,12.0,,100.0,2.0,6.39344262295082,3.0,29.08,100.0,,
39378,Debo Nath,False,0.0007709623216771165,0.0005396736251739815,finishing allrounder,0.0,,0.0,2.0,8.382352941176471,3.0,52.8,0.0,,
39379,Nichay Sarma,False,0.00013322304273344934,0.00013322304273344934,finishing allrounder,41.0,,78.84615384615384,1.0,6.3428571428571425,3.0,21.35,78.84615384615384,,
39380,Gaurav Thakuria,False,0.023083819799154148,0.023083819799154148,top/middle,111.0,,78.16901408450704,,,6.0,24.68,17.28882002338967,4.499999999999998,
39381,Rohan Jyoti Rabha,False,0.000402621342445039,0.000402621342445039,top/middle,59.0,,115.68627450980392,,,3.0,22.91,115.68627450980392,,
39383,Bishal Mogor,False,0.005825620090456178,0.005825620090456178,top/middle,95.0,,95.0,0.0,5.666666666666667,7.0,24.11,12.082630510264583,15.499999999999993,
39384,Biplob Karmakar,False,0.014044992500507844,0.014044992500507844,batting allrounder,6.0,,40.0,1.0,6.681818181818182,3.0,21.43,40.0,,
39385,Chinmoy Rabha,False,1.1411892900370886e-05,1.1411892900370886e-05,finisher,12.0,,57.142857142857146,0.0,18.0,3.0,21.64,57.142857142857146,,
39386,Anupam Hazarika,False,0.0011663686712357463,0.0011663686712357463,opener,3.0,,42.857142857142854,,,1.0,30.74,42.857142857142854,,
39387,Akshya Deka,False,0.002884878442675633,0.002884878442675633,finishing allrounder,1.0,,10.0,22.0,5.535055350553505,12.0,24.04,0.643412220951876,-0.9999999999999998,7.999999999999998
39389,Biswajit Chamua,False,2.6096509776224033e-05,2.6096509776224033e-05,top/middle,68.0,,67.32673267326733,,,7.0,20.28,67.32673267326733,,
39391,Ankit Gupta,False,0.00013178100786236116,0.00013178100786236116,opener,20.0,,74.07407407407408,,,1.0,19.31,74.07407407407408,,
39392,Abhishek Kumar Ray,False,0.000598770940732285,0.000598770940732285,top/middle,54.0,,76.05633802816901,,,4.0,18.95,76.05633802816901,,
39393,Bhargav Bhuyan,False,0.00016363316071278027,0.00016363316071278027,finisher,1.0,,10.0,0.0,7.5,2.0,20.55,10.0,,
39394,Arvind Biswas,True,0.9996077103053276,0.9996077103053276,finishing allrounder,82.0,,210.25641025641025,8.0,6.348837209302325,7.0,28.08,26.649578092657293,3.999999999999999,-5.999999999999999
39395,Jugen Das,True,0.9995279827810873,0.9995279827810873,finishing allrounder,123.0,,111.81818181818181,7.0,5.868131868131868,8.0,28.09,4.325875359345138,46.999999999999986,
39396,Imran Seikh,True,0.9981345778562439,0.9981345778562439,finishing allrounder,115.0,,176.92307692307693,16.0,6.046875,17.0,23.96,158.53658536585365,-84.99999999999997,-11.999999999999998
39397,Dinbandhu Payeng,True,0.9985194154195763,0.9985194154195763,finishing allrounder,27.0,,81.81818181818181,7.0,5.909090909090909,9.0,21.12,1.603774269521688,-10.999999999999998,-0.9999999999999998
39398,Nipul Nath,True,0.9734399956359837,0.9734399956359837,finishing allrounder,1.0,,100.0,6.0,6.36,10.0,25.9,100.0,,1.9999999999999996
39400,Bikiran Das,True,0.9983410465434487,0.9983410465434487,finishing allrounder,162.0,,148.62385321100916,24.0,6.149377593360996,14.0,25.9,1.3028959683673882,41.999999999999986,3.999999999999999
39401,Asif Wasimul  Haque,True,0.9997883143976686,0.9997883143976686,batting allrounder,195.0,,104.83870967741936,6.0,5.790697674418604,11.0,28.19,7.038007419805282,56.99999999999997,
39402,Massoor Ali,False,0.0006301758038768261,0.0004411230627137782,top/middle,86.0,,89.58333333333333,,,4.0,39.9,89.58333333333333,,
39403,Subham Das,False,0.00025176421263290664,0.00025176421263290664,finishing allrounder,3.0,,75.0,6.0,5.923076923076923,4.0,25.9,75.0,,
39404,Arun Sonar,False,0.0031259804486861416,0.0031259804486861416,batting allrounder,311.0,,113.91941391941391,3.0,6.861702127659575,20.0,22.8,7.658646936887519,-4.000000000000007,0.9999999999999998
39405,Abhishek Patel,True,0.9601953210197358,0.9601953210197358,top/middle,37.0,,69.81132075471699,,,5.0,21.2,69.81132075471699,,
39406,Ansh Kumar Shah,False,0.0015323748761326102,0.0015323748761326102,finisher,12.0,,60.0,,,4.0,19.61,60.0,,
39407,Anshu Pandey,False,0.0023095125925422506,0.0023095125925422506,finisher,1.0,,11.11111111111111,,,4.0,18.69,11.11111111111111,,
39408,Sanjay Singh,False,0.0005874146233196267,0.0005874146233196267,finisher,269.0,,121.17117117117117,,,14.0,22.78,136.8421052631579,-164.99999999999994,
39409,Ayushman Malakar,False,0.0012937719385018095,0.0012937719385018095,finishing allrounder,34.0,,178.94736842105263,13.0,5.621621621621622,12.0,20.1,1.270680489388135,12.999999999999993,-0.4999999999999999
39410,Diwiz Pathak,False,2.0757917896243057e-05,2.0757917896243057e-05,opener,210.0,,86.06557377049181,,,8.0,19.74,7.911262845513277,-85.99999999999996,
39412,Ankush Mazumder,False,0.0016383699505459134,0.0016383699505459134,top/middle,144.0,,98.63013698630137,,,13.0,24.3,8.834572562343041,-1.9999999999999993,
39413,Nishant Singhania,False,0.14652790598120236,0.14652790598120236,finishing allrounder,20.0,,76.92307692307692,13.0,5.061224489795919,11.0,20.1,3.1727033748446116,-4.999999999999998,-6.2803698347351e-16
39414,Chirantan Das,False,0.025135663586235465,0.017594964510364824,finishing allrounder,4.0,,22.22222222222222,1.0,6.72,4.0,40.92,0.6670163778515361,-3.999999999999999,-0.9999999999999998
39416,Bibek Dutta,True,0.986289919842639,0.986289919842639,opener,138.0,,80.23255813953489,,,5.0,19.02,80.23255813953489,,
39418,Sushanta Bikash Bharadwaj,False,0.0030451617089491843,0.0030451617089491843,batting allrounder,54.0,,65.06024096385542,7.0,6.6,5.0,24.83,3.791560769878182,-14.999999999999995,
39419,Dipu Gogoi,False,0.0066262224923523535,0.0066262224923523535,top/middle,44.0,,63.768115942028984,0.0,14.0,7.0,22.76,1.975185791778594,4.999999999999998,
39420,Srimanta Tungkhungia,False,0.006035942278263343,0.005130550936523841,finisher,7.0,,70.0,,,2.0,33.66,70.0,,
39421,Rahul Agrawal,False,7.163611231024748e-05,7.163611231024748e-05,top/middle,23.0,,67.6470588235294,,,2.0,22.44,67.6470588235294,,
39422,Raiyan Rahat Hussain,False,0.006684266765449428,0.006684266765449428,finishing allrounder,20.0,,166.66666666666666,5.0,5.04,4.0,20.2,166.66666666666666,,
39423,Baibhab Bora,False,0.0069096472468950735,0.0069096472468950735,finishing allrounder,12.0,,92.3076923076923,5.0,7.674418604651163,4.0,20.09,92.3076923076923,,
39424,Dhiraj Deka,False,0.0006925322716811164,0.0006925322716811164,finisher,66.0,,90.41095890410959,,,4.0,20.04,90.41095890410959,,
39425,Bargis Hazarika,False,1.8437889401316375e-06,1.8437889401316375e-06,opener,58.0,,131.8181818181818,0.0,6.0,3.0,25.91,131.8181818181818,,
39426,Deepjyoti Sarma,False,0.00025876539625386565,0.00025876539625386565,top/middle,44.0,,122.22222222222223,,,4.0,23.55,122.22222222222223,,
39427,Deep Nath,False,0.0025840879220488957,0.0025840879220488957,finishing allrounder,6.0,,85.71428571428571,2.0,5.375,3.0,29.05,85.71428571428571,,
39430,Deepak Gogoi,False,0.0015067361540768228,0.0012807257309652993,finisher,1.0,,33.333333333333336,0.0,12.75,1.0,33.48,33.333333333333336,,
39431,Sameer Sinha,False,1.0900440363599704e-07,1.0900440363599704e-07,top/middle,92.0,,72.44094488188976,0.0,19.5,10.0,21.21,57.69230769230769,31.999999999999993,
39432,Harsh Kumar,False,0.0015105301728007624,0.0015105301728007624,finishing allrounder,41.0,,146.42857142857142,5.0,4.375,4.0,20.08,146.42857142857142,,
39433,Samair Sharma,False,0.004115900274117331,0.004115900274117331,finishing allrounder,1.0,,25.0,3.0,6.070588235294117,4.0,26.98,25.0,,
39434,Ram Chandra Das,False,6.869741440304871e-05,6.869741440304871e-05,batting allrounder,29.0,,42.64705882352941,2.0,6.461538461538462,4.0,23.38,42.64705882352941,,
39435,Biki Roy,False,0.01135064625841643,0.01135064625841643,finisher,61.0,,105.17241379310344,1.0,7.411764705882353,5.0,25.9,2.670365140421157,-18.499999999999996,
39436,Abhishek Deb,True,0.9928290483187536,0.9928290483187536,top/middle,134.0,,103.07692307692308,,,6.0,20.11,15.162005455381886,-49.999999999999986,
39437,Sambhu Roy,False,0.0004175248304017151,0.0004175248304017151,finishing allrounder,8.0,,72.72727272727273,8.0,4.588235294117647,4.0,29.9,72.72727272727273,,
39438,Amit Baishya,False,4.769276254047021e-05,4.769276254047021e-05,finisher,11.0,,68.75,,,4.0,29.2,68.75,,
39441,Aditya Gupta,False,7.74229730187278e-05,7.74229730187278e-05,finishing allrounder,4.0,,100.0,3.0,4.363636363636363,5.0,25.9,100.0,,
39444,Basil Hameed,False,0.00237145615627076,0.002015737732830146,finishing allrounder,45.0,,132.35294117647058,0.0,11.6,1.0,33.62,132.35294117647058,,
39447,Girijashankar Menaria,False,0.0008487079797790995,0.0008487079797790995,top/middle,0.0,,0.0,1.0,6.5,1.0,25.9,0.0,,
39449,Syan Mandal,False,8.212334233849432e-05,8.212334233849432e-05,opener,68.0,,119.29824561403508,1.0,10.32,2.0,25.9,1.2077901402964564,,
39450,Ali Murtuza,False,0.008402181768172251,0.008402181768172251,finishing allrounder,3.0,,75.0,2.0,7.8,2.0,25.9,75.0,,
39454,Iqbal Emmon,False,0.00032721613122058184,0.00032721613122058184,finishing allrounder,0.0,,0.0,2.0,10.857142857142858,1.0,18.98,0.0,,
39455,Maruf Mridha,False,0.0008944762215043931,0.0008944762215043931,finishing allrounder,2.0,,100.0,0.0,8.4,1.0,19.54,100.0,,
39481,Vishal Dubey,False,0.008326090904893226,0.008326090904893226,finisher,11.0,,50.0,,,3.0,29.93,50.0,,
39490,Aishwary Surve,True,0.996997262695908,0.996997262695908,finishing allrounder,66.0,,160.97560975609755,9.0,9.707865168539326,10.0,25.9,5.74988946599219,16.999999999999996,1.4999999999999998
39491,Yash Chavan,True,0.9986245273374117,0.9986245273374117,finishing allrounder,28.0,,140.0,6.0,8.8125,7.0,25.9,5.529496834716548,,1.9999999999999996
39493,Irfan Ali,True,0.5490846991383979,0.5490846991383979,finisher,43.0,,195.45454545454547,,,2.0,25.9,195.45454545454547,,
39494,Harshvardhan,True,0.8168088228061167,0.8168088228061167,finisher,13.0,,216.66666666666666,,,2.0,25.9,216.66666666666666,,
39495,Milind Ramesh,True,0.9547918140784812,0.9547918140784812,finishing allrounder,4.0,,80.0,2.0,11.806451612903226,4.0,30.03,80.0,,0.9999999999999998
39497,Abhimanyu Chavan,False,0.00039921219892639144,0.00039921219892639144,opener,62.0,,155.0,,,2.0,25.9,10.710848233396543,,
39499,Dhanit Raut,False,0.027249087757123817,0.027249087757123817,finishing allrounder,14.0,,116.66666666666667,14.0,8.025974025974026,8.0,25.9,1.8071309120444008,5.999999999999999,2.9999999999999996
395,Karn Sharma,True,0.9999999869005702,0.6999999908303991,finishing allrounder,292.0,,152.08333333333334,49.0,8.550632911392405,48.0,38.1,2.1158833106963533,45.99999999999999,4.899999999999998
39501,Omkar Jadhav,False,0.00030988753200980964,0.00030988753200980964,opener,0.0,,0.0,,,1.0,25.9,0.0,,
39502,Rakesh I,False,4.1699849105271685e-05,4.1699849105271685e-05,finishing allrounder,47.0,,162.06896551724137,14.0,5.109375,6.0,25.9,162.06896551724137,,
39503,Prayag Kumar,False,5.1045402295451726e-06,5.1045402295451726e-06,finishing allrounder,7.0,,58.333333333333336,4.0,6.827586206896552,5.0,25.9,58.333333333333336,,
39504,Pragnesh Kanpillewar,False,0.007139757016151119,0.007139757016151119,batting allrounder,56.0,,90.3225806451613,3.0,7.473684210526316,7.0,24.16,2.6767999854273956,,
39506,Harsh Sanghvi,False,3.8212233765390646e-07,3.8212233765390646e-07,top/middle,473.0,,146.8944099378882,,,27.0,25.9,112.21374045801527,20.499999999999964,
39508,Piyush Salvi,False,2.442252915630938e-05,2.442252915630938e-05,finishing allrounder,2.0,,66.66666666666667,32.0,7.412698412698413,21.0,25.9,,,3.999999999999999
39535,Amitava Das,False,0.005913842933033376,0.005913842933033376,finishing allrounder,9.0,,90.0,5.0,7.75,3.0,25.9,90.0,,
39536,Anirban Chakraborty,False,0.00597052377857984,0.00597052377857984,finishing allrounder,3.0,,75.0,6.0,3.710526315789474,3.0,25.9,75.0,,
39537,Dipu Chetry,False,0.013191963881251044,0.013191963881251044,finisher,5.0,,27.77777777777778,,,3.0,31.78,27.77777777777778,,
39539,Nawaz Sharif,False,0.0011079999926870167,0.0011079999926870167,finishing allrounder,0.0,,0.0,2.0,3.3698630136986303,3.0,25.9,0.0,,
3954,Andy Balbernie,False,0.003041751739558138,0.002585488978624417,opener,101.0,,101.0,,,5.0,34.91,5.001376048122765,,
39541,Al Amin Mazumder,False,0.00029491144361905753,0.00029491144361905753,top/middle,17.0,,65.38461538461539,,,3.0,25.9,65.38461538461539,,
39542,Pranjal Saikia,False,0.0013647877233742879,0.0013647877233742879,finisher,1.0,,50.0,,,2.0,25.9,50.0,,
39544,Saksham Parashar,True,0.9984029160876453,0.9984029160876453,finishing allrounder,53.0,,132.5,0.0,14.076923076923077,8.0,25.9,1.0989720478720824,23.499999999999993,0.0
39545,Gaurish Jadhav,True,0.9846539599219774,0.9846539599219774,top/middle,38.0,,111.76470588235294,,,3.0,25.9,0.6985279303439083,18.99999999999999,
39548,Vishal Harsh,False,7.748563513904925e-05,7.748563513904925e-05,batting allrounder,19.0,,95.0,1.0,8.232558139534884,2.0,26.25,9.528567380265612,,
39550,Praveen Yallappa Deshetti,True,0.9999060524598284,0.6999342367218798,opener,95.0,,182.69230769230768,,,3.0,38.17,3.1666846504229103,24.499999999999996,
39551,Sachin Omprakash Katariya,True,0.9949849765006434,0.9949849765006434,top/middle,22.0,,91.66666666666667,,,3.0,30.62,0.6985746264097433,-6.999999999999998,
39553,Neelkanth Shivaji Parab,True,0.9982108790247698,0.8484792471710543,finisher,14.0,,116.66666666666667,,,3.0,33.84,1.0532128324214423,,
39558,Ajay Ajay Gignag,True,0.8974610139052668,0.8974610139052668,top/middle,9.0,,45.0,,,3.0,,1.4923210965842562,1.4999999999999998,
39637,Garuka Sanketh,False,0.00046385732328456695,0.00046385732328456695,finishing allrounder,1.0,,50.0,2.0,7.448275862068965,4.0,20.49,50.0,,
39638,Vishen Halambage,False,0.0006495162539184113,0.0006495162539184113,opener,74.0,,145.09803921568627,0.0,6.0,4.0,20.85,145.09803921568627,,
39641,Sourav Saha,False,0.07413342743705027,0.07413342743705027,finisher,55.0,,94.82758620689656,,,8.0,25.9,18.190031765788635,36.99999999999999,
39642,Pradip Sarkar,True,0.99581174171614,0.99581174171614,batting allrounder,115.0,,89.84375,3.0,6.0,10.0,25.9,4.7041590863442435,80.99999999999996,-0.9999999999999998
39657,Eshan Malinga,True,0.9997165215480293,0.9997165215480293,finishing allrounder,1.0,,16.666666666666668,26.0,7.472584856396867,15.0,24.81,16.666666666666668,,9.999999999999996
3967,Tom Kohler,False,0.11748398894492042,0.11748398894492042,top/middle,69.0,,94.52054794520548,,,6.0,31.27,2.9278642980950944,26.999999999999993,
39672,Aarya Desai,False,0.03672734353440605,0.03672734353440605,opener,473.0,,142.90030211480362,2.0,8.0,15.0,22.65,1.9498982417797686,26.999999999999986,0.49999999999999983
39869,Kalimn Khan,False,0.0019371883213229416,0.0019371883213229416,finishing allrounder,2.0,,28.571428571428573,3.0,8.307692307692308,2.0,25.9,28.571428571428573,,
4007,Ryan Rickelton,True,0.9999999993507942,0.9999999993507942,opener,657.0,,135.46391752577318,,,28.0,29.38,2.1363015758806614,354.9999999999999,
4009,Janneman Malan,False,0.004534219269407682,0.004534219269407682,opener,127.0,,133.68421052631578,,,4.0,29.61,8.218774695199752,,
40230,Sangeeth Sagar,False,0.00046463692546444194,0.00046463692546444194,top/middle,125.0,,100.0,,,5.0,25.9,100.0,88.99999999999997,
40232,Muhammed C T K,False,0.018172266763701837,0.018172266763701837,finishing allrounder,3.0,,18.75,7.0,7.44,11.0,27.69,0.672247713928444,-2.9999999999999996,0.9999999999999998
40233,Arjun Nambiar,False,0.014450694753671254,0.014450694753671254,finisher,31.0,,96.875,,,4.0,25.9,6.489148451693573,6.4999999999999964,
40236,Shaun Pacha,False,6.132025079458414e-05,6.132025079458414e-05,top/middle,75.0,,92.5925925925926,,,5.0,25.9,92.5925925925926,50.999999999999986,
40238,Shabinshad T C,False,0.009272289944902576,0.009272289944902576,finishing allrounder,0.0,,0.0,7.0,6.642857142857143,6.0,25.9,0.0,,6.999999999999998
40239,Thejus Vivek,False,0.0007256521688118621,0.0007256521688118621,finishing allrounder,1.0,,50.0,1.0,6.0,4.0,25.9,50.0,,
40241,Renju Koshy,False,0.001981078562459415,0.001981078562459415,finisher,7.0,,50.0,,,3.0,25.9,50.0,,
40243,Ajayaghosh S,False,0.027484061095627708,0.027484061095627708,finishing allrounder,0.0,,0.0,20.0,8.93525179856115,18.0,26.62,0.0,,5.999999999999997
40249,Krishnan Narayanan A P,False,1.7707269019261784e-05,1.7707269019261784e-05,opener,90.0,,83.33333333333333,,,4.0,25.9,83.33333333333333,,
40250,Nazal P,False,0.0005906452775098877,0.0005906452775098877,finishing allrounder,21.0,,58.333333333333336,4.0,6.6835443037974684,8.0,25.9,58.333333333333336,-0.9999999999999998,-7.850462293418875e-17
40252,Muhammed Aslam A P,False,0.0006602033990775669,0.0006602033990775669,batting allrounder,146.0,,105.03597122302158,3.0,5.04,8.0,25.9,105.03597122302158,-29.99999999999999,
40254,Naveen Kumar J,False,0.015040504539125567,0.015040504539125567,finishing allrounder,1.0,,50.0,4.0,9.243243243243244,2.0,25.9,50.0,,
40255,Adarsh Babu,False,0.0012313333161344195,0.0012313333161344195,finishing allrounder,3.0,,100.0,2.0,6.222222222222222,3.0,25.9,100.0,,
40256,Abhiram S,False,0.05562527620248764,0.05562527620248764,finishing allrounder,22.0,,110.0,1.0,10.105263157894736,4.0,25.9,1.9107657625638068,3.999999999999999,-0.4999999999999999
40257,Akshay Sajith,False,4.2227841639865725e-05,4.2227841639865725e-05,finisher,63.0,,76.82926829268293,,,7.0,25.9,76.82926829268293,-34.999999999999986,
40258,Muhammed Thahasir,False,0.0027131165967116053,0.0027131165967116053,finisher,0.0,,0.0,3.0,6.4,3.0,25.9,0.0,,
40259,Kasinath M,False,0.00018882504296677708,0.00018882504296677708,opener,74.0,,121.31147540983606,,,6.0,25.9,121.31147540983606,-3.999999999999999,
4026,Mohammed Taha,False,3.414806035343892e-07,2.9025851300423084e-07,opener,1204.0,,152.21238938053096,,,41.0,32.07,6.71786496641767,6.399999999999999,
40260,Sreeyas K V,False,0.0020371692783662902,0.0020371692783662902,finishing allrounder,186.0,,139.84962406015038,5.0,6.979591836734694,10.0,25.9,1.1485455292453284,71.99999999999997,-0.9999999999999998
40263,Rayan Sajan,False,1.1695559256006428e-05,1.1695559256006428e-05,finishing allrounder,57.0,,87.6923076923077,0.0,8.048780487804878,4.0,25.9,87.6923076923077,,
40265,Lijo Jose,False,6.342444619320649e-06,6.342444619320649e-06,finisher,9.0,,50.0,,,4.0,25.9,50.0,,
40266,Joffen Jose,False,3.762820462635676e-05,3.762820462635676e-05,batting allrounder,65.0,,118.18181818181819,6.0,6.79646017699115,6.0,25.9,118.18181818181819,,
40268,Sibin Gireesh,False,0.0007255471005193556,0.0007255471005193556,finishing allrounder,64.0,,106.66666666666667,27.0,7.402366863905326,21.0,27.1,2.9944629325761567,1.25607396694702e-15,3.9999999999999987
4027,Melu Kranthi Kumar,False,0.012116503034251349,0.012116503034251349,finishing allrounder,301.0,,138.70967741935485,57.0,7.967532467532467,33.0,31.93,138.70967741935485,-38.99999999999999,8.999999999999998
40270,Ahammed Imran,False,0.008934198316793493,0.008934198316793493,top/middle,718.0,,131.5018315018315,5.0,8.195121951219512,26.0,19.52,4.046309754156912,192.5,-3.14018491736755e-16
40272,Abijith Praveen,False,0.00011962594192591272,0.00011962594192591272,finishing allrounder,231.0,,120.3125,21.0,8.988416988416988,28.0,21.81,30.44931104911886,23.999999999999996,5.499999999999999
40279,Salmon Sebastian,False,0.0035226653275520635,0.0035226653275520635,top/middle,92.0,,117.94871794871794,,,4.0,25.9,117.94871794871794,,
40282,Nikhil M,False,0.00013415889420967893,0.00013415889420967893,finishing allrounder,376.0,,137.22627737226279,31.0,7.928571428571429,29.0,25.9,12.671819919687687,22.499999999999996,-1.25607396694702e-15
40283,Althaf S,False,0.00472178293716284,0.00472178293716284,finisher,19.0,,82.6086956521739,,,5.0,25.9,82.6086956521739,,
40285,Abdul Raheem T,False,0.00611791885505111,0.00611791885505111,top/middle,3.0,,42.857142857142854,,,3.0,25.9,42.857142857142854,,
40286,Sajeed Ajmal N K,False,4.1614521800658385e-05,4.1614521800658385e-05,opener,96.0,,97.95918367346938,,,5.0,25.9,97.95918367346938,,
40287,Abdul Ramees P,False,0.0005934849402686795,0.0005934849402686795,finishing allrounder,52.0,,126.82926829268293,5.0,5.947368421052632,6.0,25.9,126.82926829268293,,
40289,Muhammed Riyas U C,False,0.00020547730495794903,0.00020547730495794903,finishing allrounder,4.0,,44.44444444444444,13.0,4.853503184713376,8.0,25.9,44.44444444444444,1.9999999999999996,-10.999999999999998
40290,Sibin V,False,0.00011728828990434413,0.00011728828990434413,finishing allrounder,13.0,,72.22222222222223,2.0,6.333333333333333,4.0,25.9,72.22222222222223,,
40292,Nivas P M,False,0.0016701996745013363,0.0016701996745013363,finisher,1.0,,100.0,0.0,5.666666666666667,2.0,25.9,100.0,,
40293,Abhiram B,False,7.678137370544075e-05,7.678137370544075e-05,finishing allrounder,3.0,,60.0,2.0,4.551724137931035,3.0,25.9,60.0,2.9999999999999996,0.0
40294,Adinan A T,False,4.111760501248866e-05,4.111760501248866e-05,finishing allrounder,33.0,,150.0,5.0,5.669291338582677,7.0,25.9,150.0,-4.999999999999998,0.9999999999999998
40296,Aswin G,False,0.0014997376985272873,0.0014997376985272873,opener,0.0,,0.0,,,2.0,25.9,0.0,,
40299,Manu Mohan,False,0.00018055839518909658,0.00018055839518909658,finishing allrounder,21.0,,58.333333333333336,0.0,3.942857142857143,4.0,24.26,58.333333333333336,,
403,Umesh Yadav,True,0.9999999673490014,0.699999977144301,finishing allrounder,122.0,,109.90990990990991,38.0,8.17283950617284,37.0,38.09,1.3573842289481897,-33.49999999999998,-7.499999999999998
40300,Kannan A,False,1.0085786168272513e-05,1.0085786168272513e-05,top/middle,25.0,,83.33333333333333,,,6.0,25.9,83.33333333333333,-10.999999999999998,
40301,Adhithya Anil,False,0.0006185982100604698,0.0006185982100604698,finisher,0.0,,0.0,,,2.0,25.9,0.0,,
40302,Navaneeth P S,False,0.00028491823427466065,0.00028491823427466065,finisher,3.0,,18.75,,,2.0,25.9,18.75,,
40303,Ananthu B,False,0.0014608230912797216,0.0014608230912797216,batting allrounder,122.0,,93.12977099236642,7.0,6.705882352941177,9.0,23.12,3.8778744180751312,13.999999999999996,-4.999999999999998
40304,Abhijith Nair,False,0.00018392506766134824,0.00018392506766134824,finishing allrounder,13.0,,40.625,1.0,9.25,5.0,24.12,40.625,-8.999999999999996,
40305,Abhijeeth S,False,0.00040999817704109393,0.00040999817704109393,finisher,0.0,,0.0,0.0,9.857142857142858,2.0,25.9,0.0,,
40306,Anandu Babu,False,0.0007953315932581174,0.0007953315932581174,top/middle,126.0,,82.89473684210526,,,6.0,28.11,82.89473684210526,11.999999999999998,
40307,Gentle Ravi,False,0.004086183819137707,0.004086183819137707,finisher,10.0,,31.25,,,1.0,25.9,31.25,,
40309,Aswin Emmanuel,False,0.010492811918769832,0.010492811918769832,finisher,7.0,,29.166666666666668,,,1.0,25.9,29.166666666666668,,
40310,Aneesh P S,False,1.6263818440615512e-05,1.6263818440615512e-05,opener,0.0,,0.0,,,2.0,25.9,0.0,,
40313,Gagan K,False,0.00012565103663324348,0.00012565103663324348,top/middle,22.0,,68.75,,,3.0,25.9,68.75,17.999999999999993,
40314,Albin V J,False,9.136546234723674e-06,9.136546234723674e-06,finishing allrounder,90.0,,91.83673469387755,11.0,7.552941176470588,8.0,25.9,91.83673469387755,-19.999999999999993,4.999999999999998
40315,Aneesh C K,False,0.000630806419555273,0.000630806419555273,finisher,50.0,,121.95121951219512,,,4.0,25.9,121.95121951219512,,
40317,Sali Samson,False,1.1459290634550146e-05,1.1459290634550146e-05,batting allrounder,40.0,,83.33333333333333,0.0,6.666666666666667,4.0,25.9,83.33333333333333,,
40318,Arjun C S,False,5.673506607834349e-05,5.673506607834349e-05,finisher,19.0,,48.717948717948715,,,4.0,25.9,48.717948717948715,,
40319,Gireesh E K,False,4.114931646909936e-05,4.114931646909936e-05,opener,16.0,,47.05882352941177,2.0,6.0,4.0,25.9,47.05882352941177,,
40321,Sreejith K S,False,0.0004572235080593745,0.0004572235080593745,finishing allrounder,0.0,,0.0,0.0,8.8,2.0,25.9,0.0,,
40322,Satheesh V R,False,0.005665809317341889,0.005665809317341889,finisher,13.0,,162.5,0.0,7.2631578947368425,2.0,25.9,162.5,,
40323,Rahan Raheem,False,0.001239046917481629,0.001239046917481629,finishing allrounder,32.0,,82.05128205128206,8.0,7.1647058823529415,11.0,25.9,82.05128205128206,-21.999999999999996,7.999999999999998
40326,Vishnu Ranjith,False,3.123593400248408e-06,3.123593400248408e-06,finisher,7.0,,50.0,,,4.0,20.54,50.0,,
40327,Akshay K,False,0.00125988998912566,0.00125988998912566,finishing allrounder,505.0,,117.71561771561771,3.0,7.647058823529412,27.0,23.94,4.730387356660977,-15.000000000000004,-2.9999999999999996
40328,Abishek Krishna P M,False,0.00019021925468470157,0.00019021925468470157,top/middle,78.0,,96.29629629629629,,,5.0,25.9,96.29629629629629,-53.999999999999986,
40329,Vinod P V,False,0.00023080269585703834,0.00023080269585703834,top/middle,40.0,,83.33333333333333,,,7.0,25.9,83.33333333333333,7.999999999999998,
4033,MB Darshan,False,0.0002455746404988108,0.0002455746404988108,finishing allrounder,114.0,,126.66666666666667,19.0,9.517241379310345,29.0,29.85,35.08687440799569,4.799999999999999,1.8999999999999995
40330,Vipul V,False,0.04160468473557858,0.04160468473557858,finishing allrounder,1.0,,50.0,5.0,7.605633802816901,6.0,25.9,50.0,-0.9999999999999998,0.9999999999999998
40331,Jishnu A,False,0.004390433732495416,0.004390433732495416,finishing allrounder,109.0,,115.95744680851064,1.0,10.181818181818182,9.0,25.9,3.615030639916061,4.000000000000001,-0.4999999999999998
40333,Aksah K,False,2.4190994428548286e-05,2.4190994428548286e-05,finishing allrounder,89.0,,111.25,7.0,7.419354838709677,8.0,25.9,111.25,-4.999999999999998,0.9999999999999998
40334,Anandhu C M,False,0.0008020772903520176,0.0008020772903520176,finisher,1.0,,50.0,,,2.0,25.9,50.0,,
40336,Ramshad,False,0.0002350747484923041,0.0002350747484923041,finishing allrounder,8.0,,80.0,2.0,5.311475409836065,3.0,25.9,80.0,,
40337,Naufal Naaz,False,0.00038317714959736174,0.00038317714959736174,finisher,9.0,,100.0,,,3.0,25.9,100.0,,
40338,Mohammed Ibrahim,False,7.233578775653621e-05,7.233578775653621e-05,opener,27.0,,168.75,,,1.0,25.9,168.75,,
40340,Sachin S,False,0.004338953259640599,0.004338953259640599,top/middle,236.0,,102.6086956521739,,,15.0,,5.2037223918585935,26.999999999999993,
40341,Asif Ali,False,0.0033839554921872746,0.0033839554921872746,top/middle,216.0,,112.5,,,9.0,,9.505620339776026,29.99999999999999,
40342,Jaison Peter,False,0.0001444496523724428,0.0001444496523724428,finishing allrounder,7.0,,58.333333333333336,0.0,8.756756756756756,3.0,,58.333333333333336,2.9999999999999996,0.0
40343,Albin Binu,False,0.0005440213907850219,0.0005440213907850219,top/middle,79.0,,119.6969696969697,,,7.0,25.9,119.6969696969697,-34.999999999999986,
40344,Promise K Varghese,False,9.346014892079948e-08,9.346014892079948e-08,opener,205.0,,120.58823529411765,,,8.0,25.9,120.58823529411765,62.99999999999998,
40345,Shan K S,False,4.478588925460018e-05,4.478588925460018e-05,finishing allrounder,14.0,,77.77777777777777,2.0,6.309278350515464,4.0,25.9,77.77777777777777,,
40346,Adhi Abhilash,False,0.015325683295858972,0.015325683295858972,finishing allrounder,138.0,,136.63366336633663,5.0,8.49056603773585,9.0,25.9,1.149674659149726,-29.499999999999993,2.9999999999999996
40348,Adithya Baiju,False,0.004789743005905936,0.004789743005905936,finishing allrounder,40.0,,83.33333333333333,10.0,8.339449541284404,13.0,25.9,7.62597789970732,5.999999999999999,0.0
40350,Naresh R Nair,False,0.0022392113322910225,0.0022392113322910225,finishing allrounder,42.0,,140.0,2.0,9.878048780487806,6.0,25.9,140.0,,-1.9999999999999996
40351,Abhinav K V,False,0.0003824316664577861,0.0003824316664577861,top/middle,9.0,,81.81818181818181,,,1.0,25.9,81.81818181818181,,
40352,Muthu Prasad,False,7.129987338647699e-05,7.129987338647699e-05,finisher,0.0,,0.0,0.0,17.0,1.0,25.9,0.0,,
40355,Anand Suresh,False,8.156575185427925e-06,8.156575185427925e-06,opener,119.0,,125.26315789473684,,,9.0,25.9,125.26315789473684,10.999999999999998,
40357,Anandhu Prasad,False,1.4453999975434285e-05,1.4453999975434285e-05,finishing allrounder,57.0,,121.27659574468085,4.0,8.289473684210526,8.0,25.9,121.27659574468085,30.999999999999986,0.0
40358,Bovas Binu,False,0.0012013734317942565,0.0012013734317942565,finisher,15.0,,55.55555555555556,,,4.0,25.9,55.55555555555556,14.999999999999995,
40359,Vijth Viswam,False,0.019193775371394665,0.019193775371394665,finishing allrounder,8.0,,57.142857142857146,2.0,7.285714285714286,5.0,25.9,57.142857142857146,,-1.9999999999999996
40360,Siva Subash,False,0.002421053767920667,0.002421053767920667,finisher,0.0,,0.0,,,1.0,25.9,0.0,,
40361,Gokul N Prakash,False,0.0010650965547281848,0.0010650965547281848,finisher,2.0,,100.0,0.0,6.923076923076923,3.0,25.9,100.0,,
40365,Gokul Murali,False,0.0006495289813969231,0.0006495289813969231,finisher,1.0,,33.333333333333336,0.0,7.875,2.0,-14.1,33.333333333333336,,
40366,Athul P,False,5.896074119167759e-05,5.896074119167759e-05,finisher,24.0,,109.0909090909091,,,2.0,25.9,109.0909090909091,,
40367,Abdul Farhan Tk,False,0.00010095014380700493,0.00010095014380700493,top/middle,179.0,,94.21052631578948,,,8.0,25.9,94.21052631578948,-36.99999999999999,
40369,Manjunath,False,3.75855674950399e-05,3.75855674950399e-05,finisher,54.0,,108.0,,,4.0,25.9,108.0,-41.999999999999986,
4037,Shishir Bhavane,False,9.583300777525912e-05,8.145805660897024e-05,finisher,26.0,,81.25,,,3.0,34.17,81.25,,
40370,Mohammed Sabir Sanad,False,5.339661764682723e-06,5.339661764682723e-06,finisher,69.0,,113.11475409836065,,,7.0,25.9,113.11475409836065,6.999999999999998,
40371,Sreechand Krishnan K,False,0.0005034610641720112,0.0005034610641720112,finishing allrounder,9.0,,81.81818181818181,4.0,8.619718309859154,4.0,25.9,81.81818181818181,,
40373,Abdul Fahiz,False,0.0007290777830750813,0.0007290777830750813,finishing allrounder,22.0,,88.0,10.0,7.533834586466165,8.0,25.9,88.0,17.999999999999993,0.0
40374,Mohammed Kaif,False,1.5277215086865107e-05,1.5277215086865107e-05,top/middle,116.0,,110.47619047619048,,,8.0,25.9,110.47619047619048,5.999999999999999,
40378,Thushar,False,0.00022515427036863466,0.00022515427036863466,finisher,7.0,,63.63636363636363,1.0,5.5,2.0,25.9,63.63636363636363,,
40384,Sandeep S,False,2.2521313684873866e-05,2.2521313684873866e-05,finisher,1.0,,20.0,0.0,12.5,1.0,25.9,20.0,,
4039,Krishnamurthy Siddharth,False,0.00015065282330528393,0.00012805489980949133,top/middle,997.0,,123.08641975308642,,,47.0,33.01,2.2973759345530698,-67.7,
40390,Akhil M,False,0.018738141097746228,0.018738141097746228,finishing allrounder,1.0,,14.285714285714286,5.0,5.831775700934579,6.0,30.64,14.285714285714286,,-2.9999999999999996
40402,Sanoop,False,1.2891655586684981e-05,1.2891655586684981e-05,top/middle,18.0,,60.0,,,3.0,25.9,60.0,,
40403,Anirudh Pradeep,False,1.956441674819307e-05,1.956441674819307e-05,opener,2.0,,16.666666666666668,,,1.0,25.9,16.666666666666668,,
4041,SL Akshay,False,0.04283409314212059,0.02998386519948441,finishing allrounder,6.0,,120.0,4.0,4.615384615384615,1.0,38.58,120.0,,
4055,Dega Nischal,False,0.024334012335393694,0.024334012335393694,top/middle,319.0,,117.71217712177122,,,14.0,31.1,2.2678582162907315,-208.99999999999994,
4056,Ritesh Bhatkal,False,0.0008445605036710209,0.0007178764281203677,finishing allrounder,210.0,,140.93959731543623,26.0,6.823061630218688,34.0,32.53,4.286965317005473,-14.57142857142857,-0.28571428571428575
4063,KN Bharath,False,0.0006264665343788296,0.0006264665343788296,top/middle,154.0,,93.33333333333333,,,15.0,30.97,4.527323485735086,-5.999999999999999,
4067,T Pradeep,False,1.652610754924792e-05,1.652610754924792e-05,finishing allrounder,37.0,,108.82352941176471,26.0,8.66225165562914,22.0,30.99,11.556385048122053,-7.499999999999996,-8.999999999999995
4068,Abhishek Reddy,False,0.1947124425004872,0.1947124425004872,top/middle,313.0,,119.92337164750958,,,13.0,31.2,4.3605175956083055,25.571428571428562,
4069,Rohan Kadam,False,6.697727386693279e-07,6.697727386693279e-07,opener,652.0,,128.85375494071147,,,19.0,31.39,10.404663597912414,71.99999999999997,
4071,Stallin Hoover,False,0.005516224498065564,0.0038613571486458944,batting allrounder,166.0,,130.70866141732284,5.0,7.588235294117647,10.0,37.0,65.97605557307725,,
4072,Prateek Jain,False,4.835996603847913e-05,4.835996603847913e-05,finishing allrounder,7.0,,175.0,16.0,8.775862068965518,21.0,25.9,175.0,1.6666666666666665,0.19999999999999996
4074,MG Naveen,True,0.9998582281933655,0.9998582281933655,finishing allrounder,345.0,,106.48148148148148,45.0,7.688135593220339,44.0,25.9,2.4677442172410755,9.1,2.2999999999999994
4076,Dikshanshu Negi,True,0.9997972254807355,0.6998580578365148,finishing allrounder,299.0,,141.70616113744074,7.0,7.834951456310679,17.0,35.14,3.726453673504151,36.49999999999999,1.7857142857142858
4077,KL Shrijith,False,0.0016953867571421952,0.0016953867571421952,top/middle,1489.0,,128.4728213977567,1.0,8.0,53.0,29.29,3.4699889062230422,7.300000000000003,
4079,Aditya Somanna,False,2.1185825125963088e-05,2.1185825125963088e-05,finishing allrounder,23.0,,71.875,6.0,8.867256637168142,7.0,25.9,6.12404131847626,-4.999999999999998,3.999999999999999
408,Abhishek Raut,False,0.00010407682361471196,7.285377653029837e-05,finishing allrounder,102.0,,137.83783783783784,2.0,9.428571428571429,6.0,38.74,137.83783783783784,,
4080,KC Cariappa,True,0.9999982659603806,0.9999982659603806,finishing allrounder,128.0,,117.43119266055047,56.0,6.3708721422523285,50.0,31.62,4.696290106688383,3.4000000000000004,2.799999999999999
409,Atul Sharma,False,0.00386502247463784,0.0027055157322464878,finisher,1.0,,100.0,3.0,5.368421052631579,2.0,36.57,100.0,,
40912,M Sebastin,False,0.000379816667424368,0.000379816667424368,finishing allrounder,1.0,,50.0,7.0,7.1020408163265305,9.0,25.9,50.0,,-2.9999999999999996
40914,Sreejith Sanjeev,False,6.959183313839208e-05,6.959183313839208e-05,finisher,81.0,,89.01098901098901,,,8.0,25.9,89.01098901098901,-10.999999999999998,
4101,Mitchell Santner,True,0.999999999994359,0.8499999999952051,finishing allrounder,411.0,,110.78167115902966,61.0,6.740909090909091,64.0,33.81,2.1506927745544364,35.400000000000006,2.6999999999999997
4102,George Munsey,False,0.00010983453551511121,9.335935518784452e-05,top/middle,198.0,,130.26315789473685,,,10.0,32.76,6.672072148966672,193.99999999999994,
4106,Daryl Joseph Mitchell,True,0.9999999999643432,0.8499999999696917,top/middle,1270.0,,133.9662447257384,4.0,9.771428571428572,64.0,34.52,2.0671283724641967,81.49999999999999,0.09999999999999999
4111,Khushdil Shah,True,0.9999891353543549,0.9999891353543549,finishing allrounder,837.0,,134.56591639871382,32.0,6.564417177914111,49.0,30.8,2.643958231839209,42.1,4.799999999999999
41110,Mayank Kumar,True,0.9989228693288009,0.9989228693288009,opener,46.0,,90.19607843137256,,,5.0,28.8,1.4546125377921515,-5.999999999999999,
4117,Ishan Kishan,True,0.9999999999681068,0.9999999999681068,top/middle,2650.0,,129.01655306718598,0.0,24.0,100.0,27.36,2.2698546020929395,-59.89999999999999,
41175,Naveen Gurung,False,0.036033791005474804,0.036033791005474804,finishing allrounder,2.0,,22.22222222222222,1.0,8.27027027027027,2.0,23.57,22.22222222222222,,
4118,Virat Singh,True,0.9999407872119759,0.9999407872119759,top/middle,217.0,,117.29729729729729,,,9.0,27.97,1.8642871972385946,-39.999999999999986,
4119,Kaushal Singh,True,0.9834371715465648,0.9834371715465648,finisher,24.0,,120.0,,,1.0,-14.1,120.0,,
4137,D B Kumar,False,0.16987933380078746,0.14439743373066932,top/middle,520.0,,136.48293963254594,0.0,10.666666666666666,19.0,33.95,3.712579962952961,50.73076923076924,0.0
41373,Ghanashyam A,False,0.0017523670491141456,0.0017523670491141456,finishing allrounder,53.0,,160.6060606060606,7.0,6.489795918367347,4.0,25.9,160.6060606060606,,
41379,Krishna Narayan A P,False,0.00047845274664595473,0.00047845274664595473,top/middle,85.0,,113.33333333333333,,,3.0,25.9,113.33333333333333,,
41380,Sreerag V K,False,6.583892726332956e-05,6.583892726332956e-05,finisher,5.0,,62.5,0.0,10.0,1.0,25.9,62.5,,
4139,AG Pradeep,False,0.007835445426233881,0.005484811798363716,top/middle,42.0,,120.0,,,5.0,38.87,12.883469096266241,,
41393,Ashik Muhammad,False,0.0001161203592417958,0.0001161203592417958,finishing allrounder,59.0,,151.28205128205127,2.0,9.67741935483871,8.0,25.9,151.28205128205127,34.999999999999986,
4149,Amogh Desai,False,6.528505952767307e-05,6.528505952767307e-05,top/middle,29.0,,107.4074074074074,,,2.0,32.0,107.4074074074074,,
41509,Yayin Rai,False,0.0021995386928321675,0.0021995386928321675,finisher,41.0,,102.5,,,2.0,16.65,102.5,,
4153,Darshan Misal,True,0.9996458447011688,0.8496989679959934,finishing allrounder,257.0,,139.67391304347825,16.0,7.462365591397849,14.0,32.21,2.1594577567008173,31.699999999999992,0.49999999999999983
4155,Lakshay Garg,True,0.9997591029712003,0.9997591029712003,finishing allrounder,31.0,,119.23076923076923,13.0,8.567307692307692,9.0,30.13,5.770984922660953,-16.999999999999996,-0.5000000000000001
4161,Gahlaut Rahul Singh,True,0.9998937373955196,0.9998937373955196,top/middle,251.0,,148.5207100591716,,,8.0,30.19,1.7444515807488459,-58.14285714285713,
4173,Vidhyadhar Kamath,True,0.9999683394000985,0.6999778375800689,finishing allrounder,19.0,,105.55555555555556,1.0,8.326530612244898,3.0,36.45,0.698784835988771,8.499999999999998,0.4999999999999999
41749,T Prathapraj,False,4.653626290994669e-05,4.653626290994669e-05,finishing allrounder,16.0,,69.56521739130434,10.0,8.234309623430962,15.0,24.76,69.56521739130434,-13.999999999999996,-7.999999999999998
41765,Kalaiyamudhan P,False,0.00530635163460554,0.00530635163460554,finisher,31.0,,100.0,0.0,8.333333333333334,4.0,21.1,100.0,-2.9999999999999996,0.0
41787,Desh Deepak Chauhan,False,0.0018784909354074017,0.0018784909354074017,finisher,6.0,,85.71428571428571,,,1.0,22.29,85.71428571428571,,
41794,Aravind Akash Rs,False,3.473059645013478e-06,3.473059645013478e-06,top/middle,50.0,,64.1025641025641,,,7.0,30.66,64.1025641025641,,
41823,Nadeem Khan,False,1.1376797259604734e-05,1.1376797259604734e-05,finisher,302.0,,154.87179487179486,,,23.0,31.3,154.87179487179486,-69.99999999999997,
41825,K Vishnu,False,0.008927585144662362,0.008927585144662362,finisher,58.0,,126.08695652173913,,,7.0,21.08,126.08695652173913,-49.999999999999986,
41839,Pankaj Yadav,False,0.0012021979902581228,0.0012021979902581228,finishing allrounder,27.0,,122.72727272727273,11.0,9.37748344370861,8.0,29.05,122.72727272727273,,
4201,Fareed Malik,True,0.9999511745822882,0.9999511745822882,finishing allrounder,6.0,,40.0,12.0,9.703125,7.0,30.82,1.2671189059812944,3.999999999999999,-0.9999999999999997
4208,Sirla Srinivas,False,0.004593492677556679,0.003904468775923177,finishing allrounder,67.0,,95.71428571428571,7.0,8.093023255813954,9.0,33.25,95.71428571428571,-64.99999999999997,-6.999999999999998
4209,PM Anfal,False,6.5089274852076e-05,4.5562492396453196e-05,finishing allrounder,376.0,,131.01045296167248,29.0,6.476394849785407,31.0,35.06,23.15475970981884,58.49999999999997,-0.5000000000000002
4210,Jafar Jamal,False,0.019804973716390274,0.013863481601473191,finisher,480.0,,134.45378151260505,,,25.0,35.69,5.02530863785912,31.4,
4211,Vishnu Vinod,True,0.999990401051523,0.999990401051523,top/middle,1326.0,,166.1654135338346,0.0,13.0,48.0,31.98,2.9460949056647023,87.29999999999998,
4219,Krunal Pandya,True,0.999999999992627,0.849999999993733,finishing allrounder,1301.0,,120.35152636447734,69.0,6.924179104477612,94.0,34.68,3.9549649373840534,8.200000000000006,3.4000000000000004
4221,Chris Green,True,0.2435207236350696,0.20699261508980915,finishing allrounder,2.0,,66.66666666666667,0.0,9.0,1.0,32.15,66.66666666666667,,
4223,Rana Dutta,False,0.0006881768158486046,0.0004817237710940232,finishing allrounder,25.0,,131.57894736842104,2.0,7.636363636363637,3.0,36.53,131.57894736842104,,
4227,Marnus Labuschagne,False,0.034641999873906676,0.034641999873906676,top/middle,2.0,,40.0,,,1.0,31.43,40.0,,
4229,George Linde,False,0.010127482815923822,0.008608360393535248,finishing allrounder,194.0,,134.72222222222223,20.0,6.779005524861878,17.0,33.98,1.7575647124916967,-3.0285714285714285,-1.1428571428571426
4235,Sisanda Magala,True,0.9999848312912362,0.8499871065975507,finishing allrounder,34.0,,188.88888888888889,8.0,9.282352941176471,8.0,34.89,19.185475866948853,0.9999999999999998,0.0
4237,Tabraiz Shamsi,True,0.9999999982377672,0.699999998766437,finishing allrounder,7.0,,41.1764705882353,30.0,7.306620209059234,27.0,35.77,0.7102286960150849,-0.5,-5.499999999999999
4246,Nitish Rana,True,0.9999999999988727,0.9999999999988727,top/middle,2838.0,,137.16771387143547,25.0,7.363166953528399,104.0,31.92,4.081787525699788,-36.0,1.3
4250,Baltej Singh,True,0.9998351624698599,0.6998846137289019,finishing allrounder,43.0,,126.47058823529412,52.0,7.028151774785802,36.0,35.06,19.45130081686436,-14.999999999999995,-3.8
4253,Arjit Gupta,False,0.09777240341749112,0.06844068239224378,finisher,107.0,,109.18367346938776,,,9.0,36.21,5.111333430291085,-31.99999999999999,
4254,Anand Bais,True,0.9999664228019889,0.8499714593816905,top/middle,636.0,,130.327868852459,0.0,9.0,22.0,34.36,5.224313429139617,184.99999999999994,
42548,Muhammad Jawadullah,True,0.9930934315521365,0.9930934315521365,finishing allrounder,2.0,,13.333333333333334,5.0,9.133333333333333,5.0,26.71,0.9330476606570346,0.0,-0.9999999999999998
4256,Cheepurapalli Stephen,False,0.007172320093834772,0.007172320093834772,finishing allrounder,2.0,,66.66666666666667,48.0,7.48792270531401,28.0,31.98,66.66666666666667,,4.4571428571428555
4257,Nakul Verma,False,0.02155848913285179,0.01832471576292402,top/middle,51.0,,71.83098591549296,,,5.0,34.62,3.78323786671838,20.499999999999993,
4260,Heinrich Klaasen,True,0.99999999999134,0.849999999992639,top/middle,1823.0,,160.05267778753293,,,68.0,34.33,3.1306128278444807,112.60000000000001,
42617,Sachin Rathi,False,7.623254406747145e-05,5.336278084723002e-05,finishing allrounder,3.0,,60.0,6.0,7.597122302158273,7.0,38.58,60.0,,
42618,J Gowrishankar,False,0.06393320237167503,0.06393320237167503,finishing allrounder,28.0,,66.66666666666667,1.0,7.75,5.0,25.33,1.0798423588790156,-2.9999999999999996,0.9999999999999998
42626,Emmanuel Cherian,False,0.00022916627694482942,0.00022916627694482942,finishing allrounder,3.0,,17.647058823529413,8.0,6.538461538461538,13.0,25.26,0.9259259259259259,,0.0
42631,Sachin B,False,0.006987990406119445,0.006987990406119445,top/middle,588.0,,128.94736842105263,,,16.0,22.25,8.443125728384155,44.499999999999986,
42633,Vinod S P,False,0.4735813693225799,0.3315069585258059,finishing allrounder,3.0,,18.75,1.0,9.428571428571429,4.0,35.95,0.9669773921557225,-0.9999999999999998,
42634,M Boopathi Vaishna Kumar,False,0.00036541745677146623,0.00036541745677146623,finisher,332.0,,127.6923076923077,0.0,11.0,24.0,23.12,3.08503585157909,-38.99999999999999,
42636,Sri Abisek S,False,0.003551230844497655,0.003551230844497655,finisher,93.0,,103.33333333333333,,,9.0,22.81,2.337437145510255,-48.99999999999999,
42637,Sudhan Kandepan,False,0.0011532565034376736,0.0011532565034376736,finisher,4.0,,44.44444444444444,,,2.0,30.06,0.687656906711917,,
42647,Sawan Paharia,False,0.0021656914769263105,0.0021656914769263105,finisher,94.0,,125.33333333333333,,,9.0,23.29,125.33333333333333,-5.999999999999999,
42649,Binayak Sahoo,False,0.00019405500904232575,0.00019405500904232575,finisher,51.0,,104.08163265306122,,,7.0,23.49,104.08163265306122,4.999999999999998,
4265,T Natarajan,True,0.9999999993567421,0.8499999994532308,finishing allrounder,3.0,,42.857142857142854,86.0,7.751004016064257,66.0,34.65,0.6908239055785356,-2.9999999999999996,3.500000000000001
42650,Raghunath Malla,False,0.0001727497700021221,0.0001727497700021221,opener,70.0,,127.27272727272727,,,3.0,25.11,127.27272727272727,,
42652,Sumit Moharana,False,0.010712795823147879,0.010712795823147879,finishing allrounder,0.0,,0.0,2.0,9.8,3.0,29.41,0.0,,
42653,Subham Satrajit,False,0.00100602139823824,0.00100602139823824,finishing allrounder,41.0,,124.24242424242425,3.0,5.636363636363637,3.0,26.21,124.24242424242425,,
42655,Amin Khan,False,0.0019408280292039335,0.0019408280292039335,top/middle,23.0,,79.3103448275862,,,4.0,30.38,79.3103448275862,,
42658,Milan Samal,False,0.033578317897298246,0.033578317897298246,finishing allrounder,0.0,,0.0,4.0,6.283018867924528,5.0,24.09,0.0,,-3.999999999999999
42663,Krishna Palai,False,0.0006290404889981022,0.0006290404889981022,finishing allrounder,7.0,,77.77777777777777,3.0,7.333333333333333,2.0,26.05,77.77777777777777,,
42665,Akash Mahapatra,False,0.008996840552874207,0.008996840552874207,opener,31.0,,73.80952380952381,,,3.0,19.53,73.80952380952381,-24.999999999999993,
42667,Saswat Mohanty,False,0.0016262187550124781,0.0016262187550124781,top/middle,56.0,,124.44444444444444,1.0,9.666666666666666,3.0,30.22,124.44444444444444,,
42670,Sumit Sharma,False,0.00044249929547643456,0.00044249929547643456,finishing allrounder,20.0,,153.84615384615384,16.0,6.379310344827586,10.0,30.22,153.84615384615384,-15.999999999999996,5.999999999999999
42672,Kissan Rath,False,0.0004419066256853746,0.0004419066256853746,top/middle,4.0,,57.142857142857146,0.0,5.142857142857143,1.0,28.68,57.142857142857146,,
42674,Debabrata Jnr,False,0.0003628094809907919,0.0003628094809907919,opener,10.0,,52.63157894736842,,,3.0,22.45,52.63157894736842,,
42679,Soubhagya Rout,False,0.0005887118968156676,0.0005887118968156676,finishing allrounder,15.0,,136.36363636363637,2.0,8.8125,6.0,20.12,136.36363636363637,,
42681,Shreyash Bharadwaj,False,0.0009028556671080541,0.0009028556671080541,top/middle,236.0,,116.83168316831683,,,10.0,19.57,116.83168316831683,-103.99999999999994,
42682,Asish Parija,False,0.0004724486797642954,0.0004724486797642954,top/middle,65.0,,95.58823529411765,,,3.0,27.91,95.58823529411765,,
42685,Dinesh Majhi,False,0.000995892146555284,0.000995892146555284,finisher,49.0,,102.08333333333333,,,6.0,22.66,102.08333333333333,6.999999999999998,
42686,Satyakam Bharadwaj,False,0.00013023192933721186,0.00013023192933721186,finishing allrounder,79.0,,158.0,0.0,7.846153846153846,7.0,25.22,158.0,76.99999999999997,0.0
42687,Anil Parida,False,4.4834128601494584e-05,4.4834128601494584e-05,top/middle,133.0,,113.67521367521367,,,9.0,24.91,113.67521367521367,108.99999999999994,
42691,Badal Biswal,False,0.0010431532016135258,0.0010431532016135258,finishing allrounder,7.0,,46.666666666666664,8.0,7.445255474452555,9.0,21.32,46.666666666666664,,3.999999999999999
42695,Bikram Samal,False,0.0006194016377052674,0.0006194016377052674,finisher,91.0,,122.97297297297297,,,9.0,26.61,122.97297297297297,-0.9999999999999998,
42696,Binayak Paikray,False,1.998269402099352e-05,1.998269402099352e-05,top/middle,6.0,,75.0,,,1.0,25.84,75.0,,
42697,Saideep Mohapatra,False,3.1384636168107223e-05,3.1384636168107223e-05,batting allrounder,148.0,,123.33333333333333,0.0,9.72972972972973,6.0,22.09,123.33333333333333,-33.99999999999999,
42699,Jamala Mohapatra,False,0.0007810688600971528,0.0005467482020680069,finishing allrounder,2.0,,100.0,5.0,5.651162790697675,4.0,35.07,100.0,,
4270,Yogeshsingh Rawat,False,0.10443961143075252,0.08877366971613963,finishing allrounder,1.0,,100.0,3.0,9.619047619047619,4.0,32.91,100.0,,
42702,Pankaj Senapati,False,0.01193338342802202,0.01193338342802202,finisher,21.0,,91.30434782608695,,,3.0,24.96,91.30434782608695,,
4271,Shubham Sharma,True,0.9999948760330246,0.9999948760330246,batting allrounder,626.0,,128.80658436213992,5.0,9.020408163265307,20.0,31.92,2.4662695997651425,40.999999999999986,0.7
4274,Puneet Datey,False,0.00798679739614382,0.00798679739614382,finishing allrounder,60.0,,166.66666666666666,36.0,8.43673469387755,25.0,31.21,3.4585579671165676,15.214285714285712,7.071428571428572
4275,Abhishek Mohan,False,0.0017991828597160148,0.0015293054307586125,finishing allrounder,19.0,,82.6086956521739,6.0,9.34020618556701,4.0,32.95,82.6086956521739,,
4276,Basil Thampi,True,0.9999917110071623,0.849992954356088,finishing allrounder,107.0,,130.4878048780488,48.0,7.476014760147602,38.0,32.21,3.4137400895054397,8.999999999999996,3.7
4277,Karaparambil Sathish,False,0.0028804475699975717,0.0020163132989983,finishing allrounder,54.0,,125.5813953488372,6.0,8.604651162790697,8.0,35.22,1.124836877059666,-53.999999999999986,-1.9999999999999996
4278,Tanmay Agarwal,True,0.9978914670854656,0.9978914670854656,opener,290.0,,111.96911196911196,,,13.0,30.57,4.606535887177035,7.000000000000002,
42815,Ajay Sanjay Borude,False,6.89920548726751e-06,6.89920548726751e-06,finishing allrounder,115.0,,147.43589743589743,1.0,9.346153846153847,15.0,23.21,147.43589743589743,29.49999999999999,-0.4999999999999998
42816,Digvijay Patil,False,0.0038741612695360364,0.0038741612695360364,top/middle,331.0,,112.58503401360544,,,18.0,20.29,3.4903951406982214,-202.9999999999999,
42817,Sohan Jamale,False,9.930743187432735e-05,9.930743187432735e-05,finishing allrounder,23.0,,104.54545454545455,14.0,7.212121212121212,17.0,25.9,104.54545454545455,6.999999999999998,2.499999999999999
42820,Rohan Damle,False,0.004295304489754221,0.004295304489754221,batting allrounder,536.0,,126.41509433962264,20.0,7.481481481481482,33.0,25.9,4.213277104120069,52.99999999999998,-3.4999999999999996
42821,Shubhankar Hardikar,False,5.062022028587273e-06,5.062022028587273e-06,top/middle,85.0,,100.0,,,10.0,25.44,,,
42823,Roshan Waghsare,False,4.873890731177881e-05,4.873890731177881e-05,finishing allrounder,17.0,,130.76923076923077,19.0,7.786046511627907,27.0,25.9,33.333333333333336,,-6.999999999999998
42826,Shubham Kothari,False,0.0029730784278055216,0.0029730784278055216,finishing allrounder,2.0,,66.66666666666667,2.0,8.186440677966102,5.0,29.22,66.66666666666667,,-1.9999999999999996
42828,Abhimanyu Jadhav,False,0.0005273523270333047,0.0005273523270333047,finisher,167.0,,106.36942675159236,,,15.0,25.9,114.28571428571429,-17.999999999999996,
42829,Shripad Nimbalkar,False,9.509358615613485e-05,9.509358615613485e-05,opener,52.0,,113.04347826086956,,,3.0,25.9,113.04347826086956,-21.999999999999996,
42830,Adharsh Botara,False,0.00019153688305180745,0.00019153688305180745,opener,1.0,,50.0,,,1.0,25.9,50.0,,
42834,Sachin Dhas,True,0.9871830204428836,0.9871830204428836,top/middle,344.0,,119.03114186851211,,,21.0,20.74,25.025688930968414,90.49999999999994,
42835,Kirtiraj Wadekar,False,4.1559010016071736e-06,4.1559010016071736e-06,finisher,9.0,,75.0,,,6.0,25.9,75.0,,
42838,Shreyash Chavan,False,7.911969123164288e-06,7.911969123164288e-06,finishing allrounder,17.0,,85.0,34.0,7.067615658362989,25.0,25.9,85.0,-14.999999999999995,-2.0000000000000004
42839,Siddharth Mhatre,False,0.003988428522871395,0.003988428522871395,finisher,629.0,,139.46784922394679,9.0,8.106870229007633,37.0,25.24,5.6368361828259115,4.499999999999986,-1.0
42840,Nihal Tusamad,False,7.792802723574922e-06,7.792802723574922e-06,finishing allrounder,7.0,,70.0,29.0,7.924752475247525,29.0,25.9,100.0,4.999999999999998,18.99999999999999
42842,Nikhil Madas,False,0.0027300220144924428,0.0027300220144924428,finisher,8.0,,53.333333333333336,,,1.0,25.9,53.333333333333336,,
42843,Sahil Autade,False,0.0010284802010478787,0.0010284802010478787,finisher,217.0,,124.0,,,18.0,21.32,124.0,-38.99999999999999,
42844,Izhaan Sayed,False,0.00014820124198644698,0.00014820124198644698,finishing allrounder,171.0,,166.01941747572815,15.0,8.25,17.0,27.93,60.0,158.99999999999994,8.999999999999996
42845,Arshin Kulkarni,True,0.999980550232186,0.999980550232186,opener,969.0,,142.70986745213548,28.0,8.71508379888268,35.0,20.78,8.432286039457054,51.99999999999997,-0.5000000000000006
42847,Dhanraj Shinde,False,0.0014872824873780437,0.0014872824873780437,finisher,636.0,,189.28571428571428,,,42.0,26.21,16.704735256649307,-65.0,
42849,Rishab Karwa,False,4.9974858039527816e-05,4.9974858039527816e-05,finishing allrounder,80.0,,129.03225806451613,5.0,9.157894736842104,10.0,28.9,100.0,77.99999999999999,4.999999999999998
42852,Akshay Waikar,False,1.3914184779336688e-05,1.3914184779336688e-05,finishing allrounder,1.0,,33.333333333333336,23.0,7.128834355828221,26.0,25.9,33.333333333333336,0.9999999999999998,2.499999999999999
42853,Siddhant Doshi,False,0.0005937772738106371,0.0005937772738106371,top/middle,21.0,,116.66666666666667,,,1.0,25.9,116.66666666666667,,
42856,Rohit Hadke,False,0.033593312849104134,0.033593312849104134,finisher,48.0,,94.11764705882354,,,5.0,25.9,94.11764705882354,,
42857,Shubham Nagawade,False,0.0009709272654863016,0.0009709272654863016,top/middle,4.0,,66.66666666666667,,,1.0,25.9,66.66666666666667,,
42859,Varun Deshpande,False,0.00022922296092189962,0.00022922296092189962,top/middle,12.0,,109.0909090909091,,,1.0,25.9,109.0909090909091,,
42860,Abhishek Anil Pawar,False,0.00023467102128929464,0.00023467102128929464,finisher,267.0,,131.5270935960591,,,20.0,,131.5270935960591,33.99999999999998,
42862,Swaraj Yogesh Chavan,False,0.0004978083520405484,0.0004978083520405484,finisher,2.0,,33.333333333333336,2.0,6.705882352941177,2.0,20.62,33.333333333333336,,
42863,Rameshwar Daud,False,0.07000259322818365,0.07000259322818365,finishing allrounder,1.0,,100.0,6.0,9.51063829787234,6.0,24.15,100.0,,-5.999999999999999
42866,Om Bhosale,False,9.282858677586403e-07,9.282858677586403e-07,top/middle,859.0,,131.74846625766872,,,35.0,26.01,131.2849162011173,30.49999999999996,
42867,Anand Thenge,False,1.571462449591167e-06,1.571462449591167e-06,finishing allrounder,119.0,,152.56410256410257,26.0,8.140776699029127,21.0,27.26,152.56410256410257,27.999999999999986,3.499999999999999
42869,Swapnil Chavan,False,2.0596659952883236e-05,2.0596659952883236e-05,top/middle,31.0,,86.11111111111111,,,3.0,25.9,86.11111111111111,,
42870,Harshal Kate,False,2.0086627967736554e-06,2.0086627967736554e-06,top/middle,201.0,,127.21518987341773,,,13.0,24.12,127.21518987341773,91.99999999999997,
42871,Omkar Khatpe,False,0.0001654243574090822,0.0001654243574090822,top/middle,564.0,,112.1272365805169,,,28.0,28.15,107.39030023094688,10.499999999999984,
42872,Rushikesh Daund,False,0.00010329694587156846,0.00010329694587156846,top/middle,4.0,,66.66666666666667,,,1.0,25.9,66.66666666666667,,
42874,Tanesh Jain,False,0.0027729248615171952,0.0027729248615171952,finishing allrounder,0.0,,0.0,1.0,6.5,2.0,25.9,0.0,,
42876,Tushar Shrivastav,False,2.288491571385197e-05,1.9452178356774173e-05,top/middle,111.0,,96.52173913043478,,,13.0,33.91,88.37209302325581,-40.999999999999986,
42877,Ashkan Kazi,False,3.255261825840029e-05,3.255261825840029e-05,finishing allrounder,214.0,,159.70149253731344,13.0,8.09375,13.0,,,,
42878,Akhilesh Pramod Gawale,False,2.6427746442819907e-06,2.6427746442819907e-06,finisher,76.0,,92.6829268292683,0.0,9.0,13.0,,,,
42879,Kiran Chormale,False,3.1653778118358613e-06,3.1653778118358613e-06,top/middle,382.0,,138.9090909090909,3.0,9.540983606557377,22.0,20.05,138.9090909090909,14.99999999999999,0.4999999999999999
4288,Navdeep Saini,True,0.9999999384827825,0.849999947710365,finishing allrounder,37.0,,88.0952380952381,23.0,8.476345840130506,32.0,33.01,3.074070083289353,3.0,1.6000000000000003
42880,Krish Shahapurkar,False,0.0010956665768748403,0.0010956665768748403,top/middle,161.0,,100.625,,,14.0,20.41,64.70588235294117,,
42881,Vijay Pawale,False,0.0009022544173933982,0.0009022544173933982,finishing allrounder,5.0,,166.66666666666666,26.0,8.442148760330578,26.0,30.9,166.66666666666666,-4.999999999999998,-1.9999999999999991
42882,Rohit Patil,False,1.1341103608731338e-05,1.1341103608731338e-05,finisher,239.0,,156.20915032679738,,,17.0,25.9,102.27272727272727,148.99999999999994,
42884,Dhiraj Phatangare,False,6.95120288467951e-06,6.95120288467951e-06,opener,790.0,,135.97246127366608,2.0,13.92,36.0,25.9,130.89770354906054,15.499999999999982,
42885,Preetam Patil,False,2.0990106996563668e-06,2.0990106996563668e-06,top/middle,335.0,,158.76777251184834,,,20.0,25.9,158.76777251184834,-62.99999999999999,
42886,Kunal Thorat,False,5.279949252172651e-07,5.279949252172651e-07,finishing allrounder,4.0,,57.142857142857146,36.0,6.501098901098901,24.0,25.9,,,-4.499999999999999
42891,Sahil Churi,False,6.488608862581536e-07,6.488608862581536e-07,finishing allrounder,180.0,,178.21782178217822,14.0,9.129186602870814,23.0,25.9,218.6046511627907,6.499999999999992,0.49999999999999895
42893,Samarth Kadam,False,1.5721187036056047e-05,1.5721187036056047e-05,finishing allrounder,6.0,,150.0,2.0,11.30232558139535,3.0,25.9,,,
42894,Rushikesh Sonavne,False,4.312677409058578e-05,4.312677409058578e-05,top/middle,492.0,,130.15873015873015,,,24.0,25.9,119.52380952380952,116.49999999999997,
42897,Mehul Patel,False,1.1459812844422674e-05,1.1459812844422674e-05,top/middle,583.0,,149.48717948717947,1.0,8.526315789473685,32.0,,141.1504424778761,-6.500000000000032,
42898,Prathamesh Gawade,False,0.003178237040739154,0.003178237040739154,finishing allrounder,2.0,,40.0,9.0,8.23943661971831,8.0,25.9,40.0,0.0,-2.499999999999999
42899,Omkar Rajput,False,0.007631376148973168,0.007631376148973168,finishing allrounder,7.0,,53.84615384615385,2.0,7.959183673469388,5.0,25.9,53.84615384615385,,0.0
4290,Kuldeep Hooda,False,0.01652667543528822,0.011568672804701753,finisher,9.0,,128.57142857142858,0.0,11.666666666666666,1.0,36.03,128.57142857142858,,
42901,Yash Borkar,False,0.0019036339286302687,0.0019036339286302687,finishing allrounder,0.0,,0.0,1.0,8.538461538461538,3.0,25.9,,,-0.9999999999999998
42902,Pranay Singh,False,0.00013612161663532218,0.00013612161663532218,finishing allrounder,41.0,,107.89473684210526,28.0,7.620578778135048,27.0,25.9,2.707766177818801,24.999999999999993,2.499999999999999
42905,Sanket Pharate,False,0.009481567184858881,0.009481567184858881,finishing allrounder,4.0,,66.66666666666667,0.0,11.636363636363637,2.0,25.9,66.66666666666667,,
42906,Pravin Deshety,False,0.002816701046904212,0.002816701046904212,opener,92.0,,109.52380952380952,,,3.0,25.9,109.52380952380952,,
42907,Yaasar Shaikh,False,0.00011766032210019086,0.00011766032210019086,top/middle,15.0,,78.94736842105263,,,2.0,25.9,78.94736842105263,,
42909,Rahul,False,0.004499957184003262,0.004499957184003262,opener,21.0,,175.0,,,2.0,25.47,0.9495644788529326,,
4291,Himanshu Rana,True,0.9990170614512215,0.9990170614512215,top/middle,173.0,,106.13496932515338,,,10.0,27.15,5.438619986902921,13.999999999999998,
4293,CJ Gandhi,False,0.07057938987520562,0.049405572912643934,finisher,159.0,,140.7079646017699,,,8.0,35.44,3.6652513325854064,-62.99999999999998,
4295,Kushang Patel,False,0.0060187808624666056,0.005115963733096615,finishing allrounder,33.0,,106.45161290322581,29.0,7.075060532687651,17.0,34.2,2.1609037485560503,-32.99999999999999,5.9999999999999964
43092,Akshay Kalokhe,False,0.0014936344016172197,0.0014936344016172197,finishing allrounder,13.0,,162.5,2.0,8.8,2.0,25.9,162.5,,
4320,Krishna Das,True,0.9693262659205377,0.6785283861443764,finishing allrounder,14.0,,56.0,6.0,8.108108108108109,7.0,35.12,41.666666666666664,,
4321,Arup Das,True,0.9997571385337201,0.849793567753662,finishing allrounder,22.0,,122.22222222222223,20.0,6.2,13.0,34.34,,,2.0000000000000004
4322,Dhiraj Goswami,False,0.00035026561424669755,0.0002451859299726883,finishing allrounder,114.0,,106.54205607476635,4.0,5.9491525423728815,15.0,40.57,4.618704515456301,-19.49999999999999,0.9999999999999997
4323,Swarupam Purkayastha,True,0.9999541738830292,0.6999679217181204,batting allrounder,481.0,,122.70408163265306,13.0,5.575221238938053,19.0,36.2,18.16128912500413,32.0,0.9999999999999998
4324,Kunal Saikia,False,1.0925565851742498e-05,7.647896096219749e-06,finisher,55.0,,114.58333333333333,,,5.0,37.44,114.58333333333333,,
4325,Ashwin Hebbar,False,0.007276438872031385,0.007276438872031385,opener,1164.0,,145.3183520599251,0.0,13.161290322580646,31.0,30.03,4.163762526723528,96.29999999999998,
4326,B Ayyappa,False,0.03565342614438014,0.030305412222723118,finishing allrounder,66.0,,244.44444444444446,19.0,8.501362397820163,16.0,33.08,1.0368418398848982,15.857142857142858,1.7857142857142856
43267,Bhanu Pratap Singh,True,0.9996777828062059,0.9996777828062059,batting allrounder,298.0,,126.80851063829788,8.0,7.074626865671642,17.0,27.96,22.01287810184836,4.999999999999997,-1.570092458683775e-16
43268,Sagar Rawat,True,0.9971953262672477,0.9971953262672477,top/middle,305.0,,136.16071428571428,,,16.0,30.83,7.431901114444562,-40.999999999999986,
43269,Ashutosh Bahuguna,False,1.5955530333267175e-05,1.5955530333267175e-05,opener,30.0,,111.11111111111111,,,2.0,26.29,111.11111111111111,,
43270,Sayyam Arora,False,0.013942106778342428,0.013942106778342428,top/middle,41.0,,110.8108108108108,,,4.0,27.89,110.8108108108108,-16.999999999999996,
43271,Prabhakar Nainwal,False,0.007252535132803515,0.007252535132803515,top/middle,106.0,,145.2054794520548,,,3.0,31.74,145.2054794520548,,
43272,Harshit Paliwal,True,0.9843422646558554,0.9843422646558554,finisher,150.0,,156.25,,,8.0,24.93,4.676389351079787,52.99999999999999,
43273,Ajay Neg,False,0.00040143834294884104,0.00040143834294884104,finishing allrounder,27.0,,117.3913043478261,4.0,6.6976744186046515,2.0,24.93,117.3913043478261,,
43275,Pankaj Kandari,False,0.0015141206225240203,0.0015141206225240203,finisher,7.0,,100.0,1.0,7.2631578947368425,1.0,22.34,100.0,,
43276,Nikhil Pundir,True,0.9978993046437095,0.9978993046437095,finishing allrounder,21.0,,110.52631578947368,21.0,7.644787644787645,14.0,29.21,1.9052498743380277,-9.42055475210265e-16,-2.3551386880256624e-16
43277,Manish Gaur,False,0.09793964097407049,0.09793964097407049,top/middle,104.0,,106.12244897959184,,,6.0,26.14,10.540221130053569,-22.999999999999993,
43278,Piyush Singh,False,0.20245629093564238,0.20245629093564238,finishing allrounder,1.0,,25.0,3.0,10.054054054054054,3.0,30.05,0.687656906711917,0.9999999999999998,0.9999999999999998
43279,Aarush Melkhani,True,0.9999798718013675,0.9999798718013675,finishing allrounder,104.0,,200.0,1.0,7.7727272727272725,9.0,,6.4118153930956066,12.999999999999993,0.4999999999999999
43280,Ayush Devrani,False,0.0015234729017106125,0.0015234729017106125,finishing allrounder,0.0,,0.0,0.0,12.0,2.0,24.03,0.0,,
43281,Manas Mehra,False,7.583373788704677e-05,7.583373788704677e-05,top/middle,12.0,,100.0,,,2.0,23.8,100.0,,
43282,Vanshraj Chauhan,False,0.0002762287409579119,0.0002762287409579119,finisher,0.0,,0.0,0.0,9.0,2.0,21.56,0.0,,
43283,Prateek Pandey,True,0.9992039528476087,0.9992039528476087,finisher,225.0,,136.36363636363637,,,14.0,23.84,29.12093806694247,-19.499999999999996,
43284,Divyam Rawat,False,1.261376328125624e-05,1.261376328125624e-05,opener,99.0,,137.5,,,3.0,21.71,137.5,,
43285,Naveen Rana,True,0.9810397996341627,0.9810397996341627,finishing allrounder,3.0,,42.857142857142854,4.0,9.688524590163935,8.0,23.27,42.857142857142854,,0.0
43286,Vijay Bora,False,0.008798844388374851,0.008798844388374851,opener,66.0,,194.11764705882354,,,2.0,25.81,194.11764705882354,,
43287,Devendra Bora,True,0.9975849282369145,0.9975849282369145,finishing allrounder,2.0,,40.0,23.0,7.544554455445544,14.0,24.97,0.697246230432634,0.9999999999999998,4.499999999999999
43288,Shashank Krishnamurti,False,1.846079719239875e-05,1.846079719239875e-05,top/middle,23.0,,85.18518518518519,,,2.0,22.21,85.18518518518519,,
43289,Amol Bhartwal,False,0.010403985384090373,0.010403985384090373,finisher,4.0,,57.142857142857146,,,1.0,29.37,57.142857142857146,,
43290,Himanshu Shelly,False,0.004888165408408198,0.004154940597146968,finishing allrounder,2.0,,33.333333333333336,1.0,15.6,2.0,34.0,33.333333333333336,,
43291,Vinay S Bagari,False,0.03557842604155747,0.03557842604155747,finisher,1.0,,50.0,0.0,10.0,1.0,22.84,50.0,,
43292,Aryan Chaudhary,True,0.9911246254205416,0.9911246254205416,finishing allrounder,53.0,,117.77777777777777,3.0,9.164835164835164,5.0,23.18,117.77777777777777,-44.999999999999986,-0.9999999999999998
43293,Kunalveer Singh,True,0.9979616560501471,0.9979616560501471,top/middle,138.0,,127.77777777777777,,,9.0,,127.77777777777777,-45.999999999999986,
43294,Ishagra Jagoori,True,0.9993695505437168,0.9993695505437168,top/middle,98.0,,155.55555555555554,,,6.0,,0.8906469408280571,48.499999999999986,
43295,Aryan Sharma,True,0.9997811726308478,0.9997811726308478,batting allrounder,353.0,,135.24904214559388,4.0,7.694117647058824,16.0,24.83,4.358636620278649,18.499999999999996,1.9999999999999996
43296,Sanjeet Sajwan,False,0.009139528566334577,0.007768599281384391,finisher,9.0,,64.28571428571429,,,6.0,34.08,64.28571428571429,,
43298,Sparsh Joshi,True,0.9998857103771913,0.9998857103771913,finishing allrounder,80.0,,114.28571428571429,8.0,10.02127659574468,8.0,25.15,1.3552581863631368,-27.999999999999993,-1.9999999999999996
43299,Gaurav Negi,True,0.9990992446011374,0.9990992446011374,finishing allrounder,9.0,,42.857142857142854,3.0,6.193548387096774,6.0,24.94,1.8424313658327514,-2.499999999999999,-1.4999999999999998
43301,Mukesh Gupta,True,0.9733389963896302,0.9733389963896302,top/middle,59.0,,83.09859154929578,,,4.0,28.12,4.156420922247731,-15.499999999999993,
43303,Jagmohan Nagarkoti,True,0.9844860542598324,0.9844860542598324,finishing allrounder,2.0,,25.0,15.0,8.523076923076923,9.0,25.54,25.0,,4.499999999999998
43305,Gurman Singh Dhillon,False,0.005318965119320184,0.005318965119320184,finishing allrounder,20.0,,142.85714285714286,0.0,9.483870967741936,3.0,21.58,142.85714285714286,,
43308,Prashant Chauhan,True,0.9996508257646374,0.9996508257646374,finishing allrounder,74.0,,105.71428571428571,17.0,8.496503496503497,18.0,24.89,1.7992898967288409,2.5,2.9999999999999982
43309,Harjeet Singh,True,0.9983291576299628,0.9983291576299628,finishing allrounder,11.0,,220.0,14.0,7.433447098976109,14.0,28.98,220.0,,-0.9999999999999992
43310,Vishal Rawat,False,0.0015937983796222976,0.0015937983796222976,finisher,2.0,,66.66666666666667,,,1.0,24.47,66.66666666666667,,
43311,Prashant Bhati,True,0.9997679446178,0.9997679446178,finishing allrounder,110.0,,215.68627450980392,15.0,7.760683760683761,16.0,26.11,64.04484728422541,-10.499999999999993,0.9999999999999998
43312,Shiva Soni,True,0.9997370612468307,0.9997370612468307,finishing allrounder,17.0,,154.54545454545453,6.0,7.862068965517241,7.0,26.91,1.6345055565958637,-1.4999999999999998,-1.9999999999999996
43314,Harsh Rana,True,0.9958122736290049,0.9958122736290049,finishing allrounder,108.0,,111.34020618556701,4.0,7.6415094339622645,15.0,21.47,2.1401409964051363,15.999999999999993,1.9999999999999996
43316,Yashvardhan,False,0.006304926679472853,0.006304926679472853,finisher,15.0,,150.0,,,2.0,22.32,150.0,,
43318,Sunny Kashyap,True,0.9997211666058722,0.9997211666058722,finishing allrounder,111.0,,168.1818181818182,12.0,7.605633802816901,15.0,26.96,3.857811604320056,-21.999999999999996,-2.9999999999999996
43319,Aditya Sethi,True,0.9988686118526447,0.9988686118526447,finishing allrounder,82.0,,132.25806451612902,12.0,7.492957746478873,11.0,28.29,132.25806451612902,-29.99999999999999,-9.999999999999996
43320,Sameer Rai,False,3.246703203180265e-05,3.246703203180265e-05,opener,28.0,,93.33333333333333,,,2.0,24.14,93.33333333333333,,
43321,Nitish Joshi,False,0.0011975244167499598,0.0011975244167499598,finishing allrounder,72.0,,138.46153846153845,1.0,9.0,5.0,28.56,138.46153846153845,,
43322,Rohit Danu,True,0.9869347470226683,0.9869347470226683,top/middle,213.0,,130.67484662576686,,,10.0,24.55,14.101582114130698,-1.4999999999999998,
43323,Mohd Asim,False,0.07953400912667052,0.07953400912667052,finishing allrounder,0.0,,0.0,10.0,8.080645161290322,5.0,28.56,0.0,,
43324,Shubham Bisht,False,7.777135461744904e-07,7.777135461744904e-07,finisher,41.0,,85.41666666666667,0.0,10.0,3.0,22.68,85.41666666666667,,
43325,Abhishekh Raturi,False,0.0008168119790354217,0.0008168119790354217,top/middle,13.0,,86.66666666666667,,,2.0,23.02,86.66666666666667,,
43327,Abhishekh Gusain,False,0.0044063714301234395,0.0044063714301234395,top/middle,10.0,,71.42857142857143,,,1.0,29.11,71.42857142857143,,
43328,Jeevan S Mehta,False,0.004183439805002224,0.004183439805002224,finisher,15.0,,88.23529411764706,,,2.0,27.41,88.23529411764706,,
43329,Anmol Shah,True,0.9515873779812682,0.9515873779812682,finishing allrounder,40.0,,72.72727272727273,15.0,7.072243346007604,15.0,22.75,2.687534881781005,8.499999999999996,1.5
43330,Vishal Kashyap,True,0.999655031802299,0.999655031802299,top/middle,497.0,,144.47674418604652,0.0,11.0,16.0,25.26,4.4655146492635245,33.49999999999999,
43332,Abhinav Bisht,False,0.0018174128162012477,0.0018174128162012477,finisher,17.0,,94.44444444444444,,,3.0,28.05,94.44444444444444,,
43333,Pradeep Devli,False,0.002687994139232529,0.002687994139232529,finisher,17.0,,89.47368421052632,,,2.0,23.98,89.47368421052632,,
43334,Rohit Tomar,False,0.002038251948980277,0.002038251948980277,finisher,31.0,,163.1578947368421,,,3.0,26.21,163.1578947368421,,
43336,Shantanu Saini,False,0.0016918750181832882,0.0016918750181832882,finisher,1.0,,33.333333333333336,,,2.0,26.13,33.333333333333336,,
43338,Ravinder Neg,False,0.00013263151548791797,0.00013263151548791797,finishing allrounder,35.0,,145.83333333333334,7.0,5.641025641025641,5.0,23.44,145.83333333333334,,
43340,Neeraj Rathore,True,0.9999734904684096,0.9999734904684096,top/middle,491.0,,141.09195402298852,1.0,9.84,17.0,27.48,8.39192752577875,42.499999999999986,0.4999999999999999
43341,Suyash Rawat,False,0.015741745182746847,0.015741745182746847,top/middle,29.0,,145.0,,,2.0,26.48,145.0,,
43342,Jaskaran Singh,True,0.9992543239712343,0.9992543239712343,finisher,10.0,,142.85714285714286,,,5.0,22.18,3.4382845335595853,-3.999999999999999,
43343,Gaurav Joshi,False,0.000470561683391779,0.000470561683391779,finisher,72.0,,112.5,,,4.0,24.28,112.5,,
43345,Shubham Taiswal,False,3.212102159650929e-05,3.212102159650929e-05,top/middle,101.0,,104.12371134020619,0.0,7.5,14.0,25.9,109.0909090909091,-26.999999999999993,
4335,Anurag Sarangi,False,2.173143159768825e-06,1.8471716858035013e-06,opener,169.0,,113.42281879194631,1.0,11.5,9.0,32.94,113.42281879194631,0.9999999999999998,
4338,Suryakant Pradhan,False,0.22975276756104862,0.1952898524268913,finishing allrounder,98.0,,153.125,10.0,7.610526315789474,11.0,32.16,6.116804793607266,-6.192307692307693,1.4615384615384617
4340,Tukuna Sahoo,False,0.00011587675835575586,8.11137308490291e-05,opener,112.0,,133.33333333333334,0.0,10.2,4.0,38.89,133.33333333333334,,
4342,Divyaraj Chauhan,False,1.9036215040600667e-06,1.9036215040600667e-06,finisher,177.0,,122.91666666666667,,,14.0,31.41,122.91666666666667,2.142857142857145,
4344,Snell Patel,False,6.192372769520564e-06,5.263516854092479e-06,top/middle,203.0,,131.8181818181818,,,9.0,32.11,131.8181818181818,-12.999999999999993,
43587,Sunil Bishnoi,False,0.0013116055770539554,0.0013116055770539554,finisher,240.0,,157.89473684210526,,,9.0,24.08,157.89473684210526,,
43591,R Nithiyananda,False,2.5225601630709078e-05,2.5225601630709078e-05,finishing allrounder,3.0,,42.857142857142854,9.0,7.386792452830188,12.0,20.88,42.857142857142854,0.9999999999999998,8.999999999999996
43592,S Pradeep Roshan,False,0.0001238588990026836,0.0001238588990026836,finisher,8.0,,50.0,0.0,9.0,4.0,22.08,50.0,,
43593,Janmejay Joshi,True,0.9907400770764773,0.9907400770764773,finishing allrounder,1.0,,25.0,5.0,8.64864864864865,7.0,24.43,25.0,,0.4999999999999999
43594,Anup Ahlawat,False,0.0017917088136604102,0.0017917088136604102,opener,170.0,,204.81927710843374,,,4.0,25.04,204.81927710843374,,
4362,Aditya Garhwal,False,0.0030208614435180475,0.0030208614435180475,top/middle,376.0,,161.37339055793993,1.0,13.5,14.0,29.62,1.1197340523405719,79.49999999999999,
4367,Barinder Sran,False,0.0009229346731970426,0.0007844944722174862,batting allrounder,160.0,,144.14414414414415,12.0,8.219653179190752,9.0,32.96,144.14414414414415,,
4368,Sagar Trivedi,False,0.0001729537124304413,0.0001470106555658751,finishing allrounder,18.0,,112.5,1.0,12.96774193548387,2.0,34.11,112.5,,
4369,Shai Hope,True,0.999999999630679,0.8499999996860771,top/middle,1478.0,,133.7556561085973,,,56.0,32.04,2.541425108862294,152.79999999999998,
4372,Rony Talukder,False,1.3723444289090728e-06,9.60641100236351e-07,opener,1059.0,,120.75256556442417,,,48.0,35.13,8.240529481081392,12.300000000000002,
4373,Mustafizur Rahman,True,0.9999999991420154,0.9999999991420154,finishing allrounder,70.0,,62.5,166.0,6.947017413856984,121.0,30.22,1.7537180075577183,2.4,1.8
43774,Shivam Singh,False,0.018189861837810985,0.018189861837810985,top/middle,1049.0,,131.9496855345912,0.0,2.4,29.0,30.01,1.9572020194594544,86.59999999999997,
43798,Lhuan Pretorius,False,0.1415317495797155,0.1415317495797155,top/middle,52.0,,123.80952380952381,,,5.0,19.67,1.2536914343965149,,
43815,Ayudh Sharma,False,9.806049419461305e-06,9.806049419461305e-06,top/middle,237.0,,118.5,,,12.0,27.76,118.5,-112.99999999999997,
43899,Aryan Anil Bhatia,False,4.434921474484874e-05,4.434921474484874e-05,finisher,200.0,,116.95906432748538,1.0,12.387096774193548,14.0,21.15,116.95906432748538,89.99999999999997,-0.9999999999999998
43900,Ashish Lawrence,False,1.7420313267200188e-05,1.7420313267200188e-05,finishing allrounder,11.0,,100.0,5.0,9.381818181818181,6.0,23.22,100.0,8.999999999999996,-2.9999999999999996
43901,Jaskirat Singh,False,5.5306990082209735e-05,5.5306990082209735e-05,finisher,5.0,,50.0,0.0,8.823529411764707,3.0,21.73,50.0,,
43902,Kawalpreet Singh,False,0.0007922716412642661,0.0007922716412642661,finishing allrounder,59.0,,131.11111111111111,2.0,9.801980198019802,5.0,24.62,131.11111111111111,,
43903,Ansul Chaudhary,False,4.935225923138434e-06,4.935225923138434e-06,opener,543.0,,131.79611650485438,,,18.0,24.97,131.79611650485438,-132.49999999999994,
43904,Manpreet Singh,False,3.236968949176375e-05,3.236968949176375e-05,batting allrounder,68.0,,101.49253731343283,1.0,11.2987012987013,9.0,27.27,101.49253731343283,-9.999999999999996,-0.4999999999999998
43905,Prabhjot Singh,False,1.347539371229602e-05,1.347539371229602e-05,top/middle,182.0,,113.75,,,7.0,31.13,113.75,,
43906,Vaibhav Sehdev,False,1.7432200601553996e-05,1.7432200601553996e-05,finisher,64.0,,168.42105263157896,2.0,11.052631578947368,4.0,26.58,168.42105263157896,57.99999999999998,0.0
43907,Mridul Sandal,False,2.961239004384751e-06,2.961239004384751e-06,finisher,124.0,,96.875,,,22.0,21.32,96.875,5.999999999999993,
43908,Sumit Sharma,False,1.988203190607433e-06,1.988203190607433e-06,finishing allrounder,123.0,,111.81818181818181,18.0,9.090909090909092,18.0,25.22,111.81818181818181,-11.500000000000002,1.4999999999999993
43909,Madhav Pathania,False,0.00024005033041165445,0.00024005033041165445,finishing allrounder,312.0,,120.0,15.0,8.03125,25.0,25.15,120.0,-19.000000000000004,-4.499999999999998
4391,Liam Livingstone,True,0.9999999999724427,0.8499999999765763,batting allrounder,1747.0,,147.42616033755274,35.0,8.75699558173785,83.0,32.31,2.802296296742274,-34.199999999999996,0.5000000000000004
43910,Kunwar Kukreja,False,0.0007330262068354854,0.0007330262068354854,finishing allrounder,0.0,,0.0,17.0,7.956112852664577,18.0,25.48,0.0,0.0,-2.9999999999999996
43913,Kunal Vishwa,False,0.006022847557381397,0.006022847557381397,finishing allrounder,9.0,,128.57142857142858,1.0,10.285714285714286,3.0,26.08,128.57142857142858,,
43914,Aryan Sharma,False,0.008837463285794414,0.008837463285794414,top/middle,57.0,,107.54716981132076,,,7.0,21.15,107.54716981132076,-44.999999999999986,
43915,Aditya Marshal,False,0.001687064235074342,0.001687064235074342,finisher,0.0,,0.0,0.0,11.538461538461538,1.0,20.87,0.0,,
43916,Kamaljit Singh,False,0.011545713610571912,0.011545713610571912,top/middle,64.0,,123.07692307692308,,,5.0,,123.07692307692308,,
43917,Krish Ashwani Bhagat,False,5.645227963301942e-05,5.645227963301942e-05,finishing allrounder,59.0,,103.50877192982456,20.0,8.064356435643564,20.0,21.05,103.50877192982456,-0.5000000000000001,-1.9999999999999996
43918,Varinder Singh,False,0.009453033008396944,0.009453033008396944,batting allrounder,150.0,,133.92857142857142,7.0,8.63551401869159,12.0,19.62,6.133204135761982,-15.999999999999996,1.4999999999999991
43919,Aryan Yadav,False,6.561985379137622e-05,6.561985379137622e-05,top/middle,141.0,,114.63414634146342,1.0,7.666666666666667,9.0,17.62,114.63414634146342,136.99999999999997,
43920,Jaish Jain,False,1.4277349726329694e-05,1.4277349726329694e-05,opener,157.0,,115.44117647058823,,,10.0,24.23,115.44117647058823,,
43921,Mandeep Inder Bawa,False,0.006216708441647733,0.006216708441647733,top/middle,51.0,,110.8695652173913,,,5.0,29.16,110.8695652173913,,
43922,Anshul Negi,False,0.2390650270109199,0.2390650270109199,finishing allrounder,1.0,,50.0,0.0,10.2,3.0,23.49,50.0,,
43923,Sahaj Dhawan,False,2.3771609036624286e-08,2.3771609036624286e-08,opener,584.0,,135.1851851851852,,,27.0,25.88,135.1851851851852,-144.49999999999991,
43924,Sukhdeep Singh Bajwa,False,0.0002524269391886807,0.0002524269391886807,finishing allrounder,285.0,,183.8709677419355,18.0,8.96078431372549,23.0,25.04,183.8709677419355,-65.99999999999999,-2.0
43925,Sukhwinder Manga,False,0.20456192056466813,0.20456192056466813,finishing allrounder,17.0,,73.91304347826087,5.0,7.837837837837838,6.0,30.02,73.91304347826087,4.999999999999998,-0.9999999999999997
43927,Manish Sheoran,False,0.0003039016984277032,0.0003039016984277032,finishing allrounder,6.0,,50.0,7.0,7.103448275862069,5.0,23.24,50.0,1.9999999999999996,1.9999999999999993
43930,Mayank Gupta,False,0.00028805566704805807,0.00028805566704805807,top/middle,357.0,,128.41726618705036,,,19.0,25.42,0.8452057535465366,-113.49999999999994,
43931,Abhy Chaudhary,False,9.068902667518286e-06,9.068902667518286e-06,top/middle,567.0,,133.09859154929578,,,17.0,23.42,133.09859154929578,322.99999999999994,
43932,Azam Nazar,False,0.0016327360055786715,0.0016327360055786715,top/middle,56.0,,78.87323943661971,,,5.0,24.95,78.87323943661971,23.999999999999996,
43933,Jashanpreet Singh Sidhu,False,1.1815937640358967e-07,1.1815937640358967e-07,top/middle,583.0,,135.58139534883722,,,26.0,26.58,135.58139534883722,-25.999999999999986,
43934,Deepin Chitkara,False,1.339595822968811e-07,1.339595822968811e-07,finishing allrounder,103.0,,118.39080459770115,11.0,7.669902912621359,24.0,26.23,118.39080459770115,-23.499999999999996,-2.9999999999999987
43936,Uday Kakkar,False,0.0036570236953957828,0.0036570236953957828,finisher,0.0,,0.0,,,1.0,21.1,0.0,,
43937,Simranjeet Singh Gharu,False,0.0004060815199834062,0.0004060815199834062,finishing allrounder,35.0,,112.90322580645162,19.0,7.203438395415473,20.0,23.9,112.90322580645162,3.4999999999999964,0.49999999999999895
4394,Graham Clark,False,0.005331892779717763,0.004532108862760099,top/middle,431.0,,152.29681978798587,,,14.0,32.7,11.990189010158344,,
43941,Tejpreet Singh,False,1.632686584956934e-05,1.632686584956934e-05,finishing allrounder,54.0,,114.8936170212766,10.0,7.830985915492958,16.0,25.29,114.8936170212766,19.999999999999993,-3.999999999999999
43944,Parkash Singh Saini,False,0.0322750808488969,0.0322750808488969,finishing allrounder,0.0,,0.0,2.0,13.5,4.0,27.06,0.0,,1.9999999999999996
43945,Kuljit Singh,False,0.00022008944437950983,0.00022008944437950983,finishing allrounder,10.0,,52.63157894736842,19.0,8.391459074733095,13.0,27.31,52.63157894736842,-3.999999999999999,-4.999999999999998
43946,Abhinav Sharma,True,0.9997881350533744,0.9997881350533744,finishing allrounder,279.0,,107.3076923076923,18.0,9.945945945945946,27.0,27.92,8.274883755043422,-35.49999999999999,-1.4999999999999998
43947,Ridham Satyawan,False,3.0702349477634003e-07,3.0702349477634003e-07,top/middle,478.0,,124.15584415584415,,,24.0,,124.15584415584415,-128.99999999999997,
43948,Aradhya Shukla,False,0.0016938061733357947,0.0016938061733357947,finishing allrounder,1.0,,14.285714285714286,25.0,8.08695652173913,19.0,20.97,14.285714285714286,0.9999999999999998,0.49999999999999895
43949,Eish Rao,False,6.246064834953433e-06,6.246064834953433e-06,top/middle,108.0,,89.25619834710744,,,12.0,,89.25619834710744,-3.9999999999999987,
43950,Aditya Partap Singh,False,1.828897869819236e-05,1.828897869819236e-05,opener,78.0,,98.73417721518987,,,5.0,23.86,98.73417721518987,-21.999999999999996,
43951,Taranveer Singh,False,0.00023121552837688684,0.00023121552837688684,top/middle,337.0,,119.9288256227758,,,19.0,18.33,119.9288256227758,-60.999999999999986,
43952,Vaibhav Karla,False,4.6420546417064925e-07,4.6420546417064925e-07,top/middle,484.0,,148.46625766871165,0.0,16.0,20.0,24.81,148.46625766871165,-137.99999999999994,
43953,Venus Grag,False,0.00020380182302524023,0.00020380182302524023,opener,61.0,,110.9090909090909,,,2.0,31.39,110.9090909090909,,
43954,Raman Arora,False,0.00037337178240034633,0.0003173660150402944,top/middle,119.0,,117.82178217821782,,,6.0,33.94,117.82178217821782,,
43955,Harjas Singh Tandon,False,5.466338774511035e-07,5.466338774511035e-07,finishing allrounder,156.0,,133.33333333333334,18.0,7.618768328445748,23.0,22.8,133.33333333333334,-33.99999999999999,-2.499999999999999
43956,Anush Prashar,False,7.131123826718714e-05,7.131123826718714e-05,finisher,0.0,,0.0,0.0,11.5,2.0,23.71,0.0,,
43957,Prabhkirat Singh,False,1.1516229093244532e-05,1.1516229093244532e-05,finishing allrounder,6.0,,60.0,6.0,7.572815533980583,11.0,23.71,60.0,0.0,1.9999999999999996
43958,Sandeep Singh,False,0.0016682803143663431,0.0016682803143663431,batting allrounder,1.0,,16.666666666666668,0.0,11.75,2.0,30.93,16.666666666666668,,
43959,Ayush Goyal,False,0.00016858787596161687,0.00016858787596161687,finishing allrounder,86.0,,114.66666666666667,30.0,8.743801652892563,17.0,24.19,114.66666666666667,-4.999999999999998,-3.14018491736755e-16
43961,Gaurav Bedi,False,0.0035221529204454297,0.0035221529204454297,finishing allrounder,0.0,,0.0,1.0,11.0625,3.0,27.35,0.0,,
43962,Karanvir Singh,False,0.004104161729323853,0.004104161729323853,finisher,20.0,,83.33333333333333,1.0,9.473684210526315,5.0,23.96,83.33333333333333,,
43963,Yuvi Goyal,False,0.00011679483701417159,0.00011679483701417159,top/middle,219.0,,114.0625,,,8.0,22.98,114.0625,58.999999999999986,
43964,Jaskaranvir Paul,False,1.946761687095337e-06,1.946761687095337e-06,opener,827.0,,124.92447129909365,,,22.0,22.9,124.92447129909365,-131.49999999999997,
43965,Emanjot Singh Chahal,False,7.629808682583076e-06,7.629808682583076e-06,finishing allrounder,88.0,,146.66666666666666,38.0,6.993031358885017,26.0,21.28,146.66666666666666,-6.499999999999999,-10.499999999999995
43967,Vishwanath Singh,False,0.00024109073719251592,0.00024109073719251592,opener,823.0,,124.3202416918429,4.0,8.521739130434783,26.0,27.44,124.3202416918429,-108.49999999999999,-0.4999999999999998
43968,Gaurav Markan,False,7.866365030199669e-07,7.866365030199669e-07,finisher,264.0,,124.52830188679245,,,24.0,26.08,124.52830188679245,6.999999999999996,
43969,Karmanpreet Singh,False,0.00012733699075863814,0.00012733699075863814,top/middle,12.0,,80.0,,,2.0,22.96,80.0,,
43970,Aarush Sabharwal,False,0.00014758317323119327,0.00012544569724651428,finisher,58.0,,89.23076923076923,,,10.0,33.97,89.23076923076923,37.99999999999998,
43971,Arun Kalia,False,8.30536355387976e-05,8.30536355387976e-05,finishing allrounder,103.0,,113.18681318681318,2.0,9.461538461538462,12.0,23.12,113.18681318681318,-37.999999999999986,7.850462293418875e-17
43972,Dushyant Singh Gill,False,5.3080108212679465e-05,5.3080108212679465e-05,top/middle,13.0,,65.0,,,2.0,21.02,65.0,-8.999999999999996,
43973,Tarun Sareen,False,0.0009575238539560215,0.0009575238539560215,finisher,43.0,,172.0,,,6.0,31.13,172.0,26.999999999999993,
43974,Hitesh,False,0.0006536148338738405,0.0006536148338738405,finishing allrounder,4.0,,80.0,2.0,6.8807339449541285,6.0,28.51,80.0,,
43975,Aryaman Singh,False,7.020072664923221e-05,7.020072664923221e-05,finishing allrounder,20.0,,111.11111111111111,3.0,9.92,4.0,19.09,111.11111111111111,,
43977,Pardeep Grewal,False,2.3942693708460716e-05,2.3942693708460716e-05,finishing allrounder,5.0,,50.0,8.0,8.830188679245284,8.0,24.45,50.0,,-7.999999999999998
43978,Aryan Mehra,False,0.0010093619112291933,0.0010093619112291933,finishing allrounder,10.0,,71.42857142857143,16.0,9.476635514018692,15.0,23.89,71.42857142857143,,0.49999999999999895
43980,Harshdeep Singh,False,4.131489515990838e-07,4.131489515990838e-07,finishing allrounder,73.0,,112.3076923076923,23.0,6.594900849858357,21.0,22.33,112.3076923076923,-16.999999999999996,-3.499999999999999
43981,Jaiveer Bhinder,False,0.0012750405583165049,0.0012750405583165049,opener,65.0,,122.64150943396227,,,3.0,25.9,122.64150943396227,,
43982,Garv Kumar,False,0.0005219310904104201,0.0005219310904104201,finishing allrounder,14.0,,73.6842105263158,10.0,8.84375,11.0,25.9,73.6842105263158,0.9999999999999992,1.570092458683775e-16
43983,Satyam Sharma,False,0.0019168469753831014,0.0019168469753831014,top/middle,57.0,,101.78571428571429,,,5.0,24.98,101.78571428571429,-14.999999999999995,
43984,Akadeep Sandhu,False,3.3803696460741124e-05,3.3803696460741124e-05,finisher,5.0,,35.714285714285715,0.0,10.0,2.0,26.15,35.714285714285715,4.999999999999998,
43985,Kartik Sharma,False,9.040721588469225e-05,9.040721588469225e-05,top/middle,549.0,,172.10031347962382,,,15.0,24.09,172.10031347962382,364.99999999999994,
43986,Manav Vashisth,False,8.376855383653124e-05,8.376855383653124e-05,finishing allrounder,12.0,,100.0,5.0,9.194805194805195,5.0,23.21,100.0,,
43987,Aryaman Singh,False,2.6059399070703346e-06,2.6059399070703346e-06,finishing allrounder,44.0,,122.22222222222223,25.0,6.522243713733076,27.0,23.58,122.22222222222223,-1.25607396694702e-15,-5.0
43989,Lovedeep Singh Kharoud,False,0.006755512434765246,0.006755512434765246,finishing allrounder,6.0,,85.71428571428571,2.0,8.275862068965518,7.0,26.75,85.71428571428571,,1.9999999999999996
43991,Sahil Khan,False,0.00124993333224915,0.00124993333224915,finishing allrounder,11.0,,157.14285714285714,26.0,8.812967581047381,20.0,24.51,157.14285714285714,-1.4999999999999998,-3.4999999999999996
43993,Shiven Rakhcja,False,1.430293503202083e-08,1.430293503202083e-08,opener,454.0,,131.59420289855072,,,18.0,25.72,131.59420289855072,27.999999999999993,
43994,Tanroop Saini,False,0.004986185561288273,0.004986185561288273,finisher,7.0,,70.0,,,3.0,25.72,70.0,,
43995,Abir Kohli,False,0.0032803151368855695,0.0032803151368855695,finishing allrounder,9.0,,150.0,2.0,7.894736842105263,5.0,21.95,150.0,,0.9999999999999998
43996,Vihaan Malhotra,False,2.9361348091259284e-07,2.9361348091259284e-07,opener,323.0,,122.81368821292776,,,12.0,18.9,122.81368821292776,-100.99999999999999,
4409,Sam Curran,True,0.9999999999998257,0.9999999999998257,finishing allrounder,1049.0,,126.84401451027811,69.0,8.72156862745098,80.0,27.48,2.6626666696070203,49.90000000000002,-1.7999999999999998
4412,Maxwell O Dowd,False,0.00014993890297609864,0.00014993890297609864,top/middle,162.0,,101.88679245283019,,,8.0,31.73,6.484571448386047,,
4413,Mark Deyal,False,0.27580996406053004,0.23443846945145053,finishing allrounder,21.0,,77.77777777777777,7.0,8.48076923076923,7.0,32.64,4.113924050632911,2.499999999999999,-3.925231146709437e-17
44178,Shahbaz Singh Sandhu,False,5.438528794059581e-05,5.438528794059581e-05,finishing allrounder,248.0,,143.35260115606937,6.0,8.89051094890511,16.0,24.7,143.35260115606937,87.99999999999999,-1.9999999999999996
44184,Akashdeep Dahri,False,0.0007427151832466848,0.0007427151832466848,finisher,1.0,,20.0,,,2.0,26.98,20.0,0.9999999999999998,
44185,Sameer Khan,False,2.7462429680372377e-05,2.7462429680372377e-05,finishing allrounder,4.0,,133.33333333333334,5.0,6.327272727272727,9.0,18.64,133.33333333333334,,-2.9999999999999996
44260,Rizu Shrivastava,False,3.574502749227516e-05,3.574502749227516e-05,opener,29.0,,59.183673469387756,,,2.0,17.86,59.183673469387756,,
443,Paul Stirling,False,9.02655664364835e-05,6.318589650553844e-05,top/middle,24.0,,85.71428571428571,0.0,19.0,4.0,35.23,0.9091104567047561,11.999999999999998,
44476,Harshit Prashar,False,0.0035152893031319566,0.0035152893031319566,finisher,14.0,,63.63636363636363,,,2.0,21.36,63.63636363636363,,
44477,Navjot Sidhu,False,0.0002236655654528956,0.0002236655654528956,top/middle,11.0,,78.57142857142857,1.0,9.0,2.0,27.9,78.57142857142857,2.9999999999999996,
44478,Palash Khurana,False,0.0015342877709689754,0.0015342877709689754,finishing allrounder,0.0,,0.0,0.0,9.0,2.0,29.72,0.0,,
44479,Jatin Sahota,False,0.0033891144367982164,0.0033891144367982164,finishing allrounder,51.0,,175.86206896551724,2.0,9.142857142857142,2.0,23.04,175.86206896551724,,
44480,Himanshu Satyawan,False,0.0468161830242815,0.03979375557063927,top/middle,84.0,,133.33333333333334,,,2.0,33.85,133.33333333333334,,
44482,Gauravjeet Singh Dhaliwal,False,0.0037706332222475856,0.0037706332222475856,finisher,12.0,,150.0,1.0,3.75,1.0,30.9,150.0,,
44483,Harshit Takkar,False,0.0018542646022080833,0.0018542646022080833,finisher,2.0,,100.0,0.0,12.631578947368421,1.0,23.98,100.0,,
44486,Talwinder Singh Brar,False,0.017977020623892427,0.015280467530308563,finishing allrounder,0.0,,0.0,5.0,9.0,2.0,33.1,0.0,,
44491,L Manvanth Kumar,True,0.9999986152019981,0.9999986152019981,finishing allrounder,324.0,,135.56485355648536,46.0,8.55609756097561,38.0,21.88,1.9100560749723419,22.999999999999993,-9.499999999999996
44492,MB Shivam,False,0.0005553903046488136,0.0005553903046488136,opener,0.0,,0.0,,,1.0,19.67,0.0,,
44497,Aditya Mani,False,0.0010833838746014998,0.0010833838746014998,finishing allrounder,16.0,,123.07692307692308,1.0,10.071428571428571,3.0,23.76,123.07692307692308,,-0.9999999999999998
4450,Mehran Khan,False,0.00029126426308817484,0.00020388498416172237,finishing allrounder,5.0,,55.55555555555556,2.0,8.903225806451612,2.0,38.62,55.55555555555556,,
44501,Deepak Devadiga,False,0.0003399344176801779,0.0003399344176801779,finishing allrounder,0.0,,0.0,9.0,8.305970149253731,17.0,26.62,0.0,,-1.4999999999999998
44502,EJ Jasper,False,7.306521479849586e-07,7.306521479849586e-07,opener,25.0,,73.52941176470588,,,3.0,22.32,73.52941176470588,-20.999999999999993,
44503,Mohsin Khan,False,0.0006472488907773939,0.0006472488907773939,finishing allrounder,18.0,,128.57142857142858,19.0,6.972067039106145,22.0,22.15,128.57142857142858,1.9999999999999991,3.9999999999999987
44504,Aashish Mahesh,False,0.0016159290652622096,0.0016159290652622096,finisher,67.0,,104.6875,,,6.0,21.89,104.6875,-17.499999999999993,
44505,Aman Khan,False,0.0011422038543825697,0.0011422038543825697,finisher,161.0,,133.05785123966942,,,14.0,25.7,8.98394076762186,48.499999999999986,
44508,Hardik Raj,True,0.9998614215347355,0.9998614215347355,finishing allrounder,354.0,,155.26315789473685,19.0,7.937704918032787,30.0,19.72,6.947740955944228,91.49999999999997,-0.9999999999999996
44509,Aadarsh Prajwal,False,2.367349534380387e-05,2.367349534380387e-05,top/middle,299.0,,117.25490196078431,,,22.0,25.94,117.25490196078431,-22.999999999999982,
44510,Abul Hasan Khalid,False,0.15299551579310888,0.15299551579310888,finisher,54.0,,168.75,,,2.0,27.07,168.75,,
44512,Thippa Reddy,False,7.79221052089809e-05,7.79221052089809e-05,top/middle,342.0,,113.24503311258277,,,18.0,22.2,113.24503311258277,-14.499999999999995,
44516,Nirmal Singh,False,0.007845991183265275,0.007845991183265275,top/middle,1.0,,25.0,,,2.0,27.09,25.0,0.9999999999999998,
4460,Jeffrey Vandersay,True,0.9999699686841239,0.6999789780788866,finishing allrounder,20.0,,86.95652173913044,2.0,8.273291925465838,7.0,35.81,1.909671826678767,3.333333333333333,0.0
4468,Chiranjeevi G S,False,0.005255740753648041,0.004467379640600834,finisher,3.0,,60.0,,,2.0,34.47,60.0,,
4470,Nikin Jose,False,5.872822700419307e-05,5.872822700419307e-05,top/middle,664.0,,119.21005385996409,0.0,3.0,28.0,25.26,26.553900102185583,-14.599999999999994,
4472,Anand Doddamani,False,0.0017885158456361636,0.0017885158456361636,finishing allrounder,15.0,,115.38461538461539,23.0,7.951219512195122,36.0,30.56,0.8764813038839089,-4.333333333333333,-0.6999999999999997
44762,Vashudev Bareth,False,0.0005201388552627606,0.0005201388552627606,finishing allrounder,133.0,,184.72222222222223,11.0,10.179775280898877,11.0,22.72,5.561708721540313,36.99999999999999,10.999999999999998
44765,Prashant Ahlawat,False,4.129447825577557e-05,4.129447825577557e-05,finisher,87.0,,103.57142857142857,,,5.0,23.96,103.57142857142857,,
44793,Abhishek Singh,False,0.03628518369089122,0.03628518369089122,finisher,149.0,,169.3181818181818,,,7.0,22.73,1.573315435559009,72.49999999999997,
44795,Vishu Kashyap,False,0.00036461898746696495,0.00036461898746696495,finishing allrounder,6.0,,37.5,7.0,6.3130434782608695,7.0,27.92,37.5,,
44797,Abhishek Saini,False,0.0003384586011018838,0.0003384586011018838,finishing allrounder,6.0,,600.0,9.0,6.776978417266187,7.0,26.98,600.0,,
44801,Gurneet Singh,False,0.0012537174439162064,0.0012537174439162064,opener,29.0,,70.73170731707317,,,5.0,23.3,70.73170731707317,,
44804,Aayush Sikka,False,0.00010757441553514276,0.00010757441553514276,top/middle,90.0,,86.53846153846153,,,6.0,25.34,86.53846153846153,,
44807,Sukrant Sharma,False,1.4151776401974197e-06,1.4151776401974197e-06,finishing allrounder,3.0,,75.0,4.0,6.909090909090909,4.0,26.5,75.0,,
44810,Hartejassvi Kapoor,False,0.0033934162321730085,0.0033934162321730085,finishing allrounder,16.0,,100.0,9.0,8.303571428571429,6.0,30.2,100.0,,
44814,Taranpreet Singh,False,6.220561368547211e-05,6.220561368547211e-05,finishing allrounder,99.0,,116.47058823529412,14.0,5.857142857142857,8.0,27.46,116.47058823529412,,
44815,Arjit Pannu,False,0.006281188111184709,0.006281188111184709,finisher,0.0,,0.0,,,2.0,29.59,0.0,,
44816,Nikhil Sharma,False,0.007396955834409788,0.007396955834409788,finishing allrounder,52.0,,78.78787878787878,13.0,8.626865671641792,9.0,26.8,2.1365055763046934,7.999999999999998,10.999999999999998
44817,Harshit Singh,False,5.288375564483866e-07,5.288375564483866e-07,finishing allrounder,68.0,,121.42857142857143,8.0,6.741176470588235,8.0,23.95,121.42857142857143,,
44818,Nikhil Thakur,False,5.17826361669252e-05,5.17826361669252e-05,top/middle,174.0,,126.08695652173913,,,9.0,27.7,126.08695652173913,,
44820,Nipun Sharda,False,6.260125161245177e-06,6.260125161245177e-06,top/middle,205.0,,106.21761658031087,0.0,5.0,9.0,24.4,106.21761658031087,,
44822,Aryan Duggal,False,0.012232941118515564,0.012232941118515564,finishing allrounder,0.0,,0.0,13.0,8.25,7.0,21.34,0.0,,
44826,Sanchit Sahu,False,0.01602307905728936,0.01602307905728936,opener,147.0,,109.70149253731343,,,4.0,28.87,109.70149253731343,,
44832,Chiragvir Dhindsa,False,3.4819816294744107e-05,3.4819816294744107e-05,finishing allrounder,66.0,,95.65217391304348,7.0,6.555555555555555,7.0,24.82,100.0,,
44834,Jashan Pannu,False,0.0003923885965606622,0.0003923885965606622,finisher,22.0,,122.22222222222223,,,5.0,23.87,122.22222222222223,,
44835,Pardeep Yadhav,False,4.885843651373957e-05,4.885843651373957e-05,finisher,137.0,,155.6818181818182,,,8.0,28.03,11.383844741260535,82.99999999999999,
44836,Nehal Pajni,False,0.00012766730558558858,0.00012766730558558858,opener,203.0,,143.97163120567376,1.0,8.823529411764707,6.0,25.0,143.97163120567376,,
44837,Sanyam Saini,False,3.866825250552493e-06,3.866825250552493e-06,finisher,260.0,,174.49664429530202,,,9.0,26.4,174.49664429530202,,
44839,Vikas Kumar,False,0.00017583291134701124,0.00017583291134701124,finishing allrounder,31.0,,91.17647058823529,1.0,5.23404255319149,6.0,26.67,91.17647058823529,,
44840,Pratham Singh,False,3.91963460749989e-05,3.91963460749989e-05,top/middle,13.0,,40.625,,,4.0,24.53,1.7286389899051575,,
44842,Amit Shukla,True,0.2652498176940404,0.2652498176940404,finishing allrounder,8.0,,57.142857142857146,7.0,6.869565217391305,7.0,22.91,57.142857142857146,,0.9999999999999998
44843,Sunny Singh,False,0.0031092833473309704,0.0031092833473309704,finishing allrounder,4.0,,57.142857142857146,5.0,7.777777777777778,3.0,26.21,57.142857142857146,,
44844,Chiraz Singh,False,0.003364445039039484,0.003364445039039484,finishing allrounder,20.0,,105.26315789473684,6.0,8.074766355140186,6.0,24.35,105.26315789473684,,
44846,Arjun Azad,False,0.0013264935411875785,0.0013264935411875785,opener,393.0,,143.43065693430657,0.0,6.0,12.0,24.3,3.0737950575197206,178.99999999999994,
44847,Mayank Sidhu,False,0.000790994180015594,0.000790994180015594,top/middle,98.0,,108.88888888888889,,,6.0,28.01,108.88888888888889,,
44848,Tushar Joshi,False,1.2987190823177795e-05,1.2987190823177795e-05,opener,110.0,,129.41176470588235,,,8.0,25.3,129.41176470588235,,
44851,Hardik Choudhary,False,1.3854006349524662e-06,1.3854006349524662e-06,finishing allrounder,36.0,,120.0,4.0,8.031496062992126,6.0,25.28,120.0,,
44853,Nipun Pandita,False,0.0026253907767422578,0.0026253907767422578,finishing allrounder,6.0,,46.15384615384615,2.0,7.384615384615385,4.0,27.32,46.15384615384615,,
44857,Yuvraj Rai,False,0.0010767087067583107,0.0010767087067583107,opener,38.0,,111.76470588235294,,,2.0,24.2,111.76470588235294,,
4486,BR Sharath,False,0.04622671479252788,0.04622671479252788,top/middle,964.0,,151.57232704402514,,,43.0,29.16,2.0253223646680842,65.30000000000001,
4487,Vyshak Kumar,True,0.9999998931585773,0.9999998931585773,finishing allrounder,172.0,,127.4074074074074,82.0,7.862508858965273,64.0,28.82,1.0346134921491785,3.8999999999999995,0.30000000000000027
4488,Likhit Bannur,False,0.0003252113138217983,0.0003252113138217983,finishing allrounder,3.0,,75.0,1.0,8.594594594594595,3.0,27.36,75.0,,
4489,Prasidh Krishna,True,0.9999999926409815,0.9999999926409815,finishing allrounder,7.0,,33.333333333333336,75.0,7.559395248380129,57.0,29.77,1.2407845593751206,-0.6538461538461536,4.314285714285713
4491,Bharath Dhuri,False,7.610199487601917e-05,6.468669564461629e-05,finishing allrounder,145.0,,100.0,1.0,9.692307692307692,20.0,32.5,100.0,5.699999999999998,0.07142857142857144
4494,Abhinav Manohar,True,0.999999999976209,0.999999999976209,finisher,1818.0,,153.41772151898735,,,76.0,31.2,2.4612515229691376,-52.29999999999999,
4499,Saqib Mahmood,True,0.999948981711189,0.999948981711189,finishing allrounder,28.0,,70.0,19.0,7.791666666666667,13.0,28.75,1.5344319280545906,-0.3999999999999997,0.6999999999999998
4505,Jhye Richardson,True,0.9999853547955558,0.9999853547955558,finishing allrounder,26.0,,55.319148936170215,10.0,8.642487046632125,8.0,29.18,3.9397557806363226,-4.214285714285714,-1.3571428571428574
45080,Satyam Sangu,False,1.1721589299652855e-06,1.1721589299652855e-06,finisher,40.0,,90.9090909090909,1.0,11.333333333333334,7.0,22.15,90.9090909090909,,
45136,Jaskirat Mehra,False,1.0888209296364356e-05,1.0888209296364356e-05,finishing allrounder,65.0,,132.6530612244898,19.0,5.783505154639175,9.0,23.09,132.6530612244898,,
45204,Lankesh H,False,5.84885385767475e-08,5.84885385767475e-08,finisher,265.0,,112.76595744680851,1.0,10.5,22.0,23.99,112.76595744680851,-18.99999999999999,-0.9999999999999998
45205,Ashok D,False,0.0045079592327356005,0.0045079592327356005,finishing allrounder,18.0,,112.5,6.0,9.0,7.0,29.9,112.5,-17.999999999999993,-5.999999999999999
45207,Bhuvan Raju,False,1.8306830834165628e-06,1.8306830834165628e-06,top/middle,197.0,,87.55555555555556,,,21.0,27.79,87.55555555555556,27.999999999999993,
45208,Sourabh Muttur,False,7.30210062632053e-05,7.30210062632053e-05,finisher,58.0,,80.55555555555556,,,7.0,27.14,80.55555555555556,7.999999999999998,
4522,Nithin Bhille,False,0.0012725247628866884,0.0008907673340206819,opener,14.0,,73.6842105263158,,,3.0,36.27,73.6842105263158,,
4526,Sharan Gouda,False,0.0008905827426558931,0.0008905827426558931,finishing allrounder,39.0,,105.4054054054054,17.0,8.27027027027027,20.0,30.07,105.4054054054054,-26.999999999999993,-1.0000000000000002
45268,K Kumar,False,1.8469612940334795e-06,1.8469612940334795e-06,top/middle,295.0,,94.24920127795527,,,22.0,24.42,94.24920127795527,2.0000000000000036,
45364,Gourav K,False,3.7844054863274546e-05,3.7844054863274546e-05,finishing allrounder,8.0,,80.0,0.0,9.295081967213115,7.0,24.01,80.0,,
45371,Sankalp Shettennava,False,1.9904852741615814e-07,1.9904852741615814e-07,finishing allrounder,23.0,,121.05263157894737,7.0,9.243243243243244,10.0,26.52,121.05263157894737,-10.499999999999996,-2.499999999999999
45381,PV Satyanarayan Raju,True,0.9998207897512741,0.9998207897512741,finishing allrounder,7.0,,100.0,37.0,6.645640074211503,23.0,26.38,1.1231766650095183,6.999999999999998,7.999999999999998
45383,Gadde Samanvith,False,0.0011079049221968875,0.0011079049221968875,finishing allrounder,25.0,,113.63636363636364,3.0,9.9,5.0,23.19,113.63636363636364,,
45384,Nimmala Himakar,False,1.5971707685365753e-05,1.5971707685365753e-05,opener,173.0,,134.10852713178295,0.0,6.0,7.0,23.63,134.10852713178295,162.99999999999994,
45385,Chennupati Teja,False,0.010203103543259482,0.010203103543259482,finishing allrounder,1.0,,100.0,5.0,8.352941176470589,7.0,24.21,100.0,,-4.999999999999998
45386,Seeram Rahul,False,2.1227656191275337e-07,2.1227656191275337e-07,top/middle,342.0,,118.75,0.0,8.526315789473685,15.0,18.13,118.75,69.99999999999997,0.0
45390,SK Kamaruddin,False,7.296544956350809e-05,6.202063212898187e-05,finishing allrounder,78.0,,177.27272727272728,15.0,8.489082969432314,13.0,33.34,177.27272727272728,-49.999999999999986,-6.999999999999998
45392,Thota Sai Sravan,False,6.886848425294728e-07,6.886848425294728e-07,top/middle,257.0,,152.97619047619048,2.0,8.625,10.0,20.87,152.97619047619048,174.99999999999994,
45393,Kogatam Veera Reddy,False,2.1424752860586157e-06,2.1424752860586157e-06,opener,248.0,,134.05405405405406,,,11.0,19.09,134.05405405405406,95.99999999999999,
45395,Allareddi Surya Teja Reddy,False,0.0007364121932734832,0.0007364121932734832,top/middle,37.0,,132.14285714285714,,,3.0,21.18,132.14285714285714,,
45400,Muvvala Yuvan,False,1.874168803035595e-05,1.874168803035595e-05,finisher,226.0,,149.66887417218544,,,15.0,19.69,149.66887417218544,-51.99999999999997,
45404,Bandaru Sujhan,False,0.000264115275896101,0.000264115275896101,opener,40.0,,55.55555555555556,0.0,12.0,5.0,20.83,55.55555555555556,,
45416,Sk Abdullah,False,0.0019198227556719357,0.0016318493423211453,finishing allrounder,20.0,,71.42857142857143,3.0,7.6421052631578945,6.0,33.42,71.42857142857143,,
4543,Jagatheesan Kousik,False,0.00016259190743961443,0.00016259190743961443,batting allrounder,774.0,,117.45068285280729,16.0,6.776978417266187,37.0,30.51,10.687361272566571,12.399999999999999,-3.1999999999999993
45494,Manav Chothani,False,9.315265582511983e-08,9.315265582511983e-08,finisher,59.0,,147.5,2.0,10.333333333333334,10.0,21.87,147.5,16.499999999999996,0.9999999999999998
45497,Ramdev Acharya,False,7.5888088320179376e-06,7.5888088320179376e-06,top/middle,2.0,,22.22222222222222,,,1.0,22.74,22.22222222222222,,
45499,Pruthvi Chauhan,False,5.193804838508879e-05,5.193804838508879e-05,top/middle,127.0,,158.75,,,9.0,24.04,158.75,26.499999999999996,
45500,Suresh Padiyachi,False,0.03252279232940462,0.03252279232940462,finishing allrounder,0.0,,0.0,2.0,8.875,3.0,30.94,0.0,,
45501,Maurya Ghoghari,False,0.03484324877805697,0.03484324877805697,finishing allrounder,1.0,,50.0,13.0,7.118181818181818,11.0,19.93,50.0,,1.4999999999999998
45507,Abhishek Nimavat,False,0.00018162344256454925,0.00018162344256454925,finisher,8.0,,66.66666666666667,,,2.0,21.57,66.66666666666667,,
45509,Kabir Patel,False,0.013495990370097575,0.013495990370097575,finishing allrounder,0.0,,0.0,3.0,5.625,2.0,19.49,0.0,,
45512,Smit Patel,False,0.00017882524554168138,0.00017882524554168138,finishing allrounder,41.0,,128.125,9.0,7.147410358565737,12.0,25.43,128.125,7.499999999999997,0.4999999999999999
45513,Smitraj Zala,False,0.00010240555803167342,0.00010240555803167342,top/middle,147.0,,111.36363636363636,,,9.0,23.79,111.36363636363636,,
45515,Jainik Solanki,False,0.00039299235543051303,0.00039299235543051303,finishing allrounder,25.0,,100.0,1.0,8.360655737704919,8.0,27.01,100.0,,-0.4999999999999999
45518,Hiten Kanbi,False,0.007877556054058535,0.007877556054058535,finishing allrounder,29.0,,170.58823529411765,9.0,8.912280701754385,8.0,21.59,170.58823529411765,,4.499999999999998
45519,Luckyraj Vaghela,False,1.5327285853770192e-06,1.5327285853770192e-06,finisher,227.0,,165.6934306569343,1.0,8.88,12.0,23.62,165.6934306569343,50.49999999999999,-0.4999999999999999
45520,Dharmaditya Gohil,False,0.24406743416669743,0.24406743416669743,finishing allrounder,1.0,,25.0,9.0,7.173913043478261,10.0,24.17,25.0,,1.4999999999999998
45521,Yash Gardharia,False,0.0029069614729720365,0.0029069614729720365,finisher,69.0,,156.8181818181818,,,5.0,27.0,156.8181818181818,,
45529,Dharam Changela,False,1.4524435559940081e-05,1.4524435559940081e-05,top/middle,35.0,,76.08695652173913,,,4.0,-14.1,76.08695652173913,4.499999999999998,
4571,DT Chandrasekar,False,0.3880758136036449,0.32986444156309813,finishing allrounder,15.0,,100.0,6.0,7.166666666666667,10.0,33.05,1.2341711565763291,1.2499999999999996,1.4999999999999998
45713,SU Karthik,False,6.842017738217186e-06,6.842017738217186e-06,opener,781.0,,140.97472924187727,,,24.0,21.09,140.97472924187727,60.49999999999996,
4572,Lakshminarayanan Vignesh,False,0.016429770828703505,0.011500839580092452,finishing allrounder,58.0,,95.08196721311475,10.0,7.154639175257732,16.0,36.69,1.9815560221115531,-0.5000000000000014,-3.499999999999999
45740,Ritik Sharma,False,1.4327192947659037e-05,1.4327192947659037e-05,batting allrounder,268.0,,171.7948717948718,14.0,5.936842105263158,9.0,22.06,171.7948717948718,,
45752,Savya Gajraj,False,0.0002683986657845713,0.0002683986657845713,finishing allrounder,52.0,,110.63829787234043,0.0,9.782608695652174,6.0,25.9,110.63829787234043,-19.999999999999993,0.0
45760,Pradeep Jakar,False,9.317030456749971e-05,9.317030456749971e-05,finishing allrounder,1.0,,50.0,12.0,6.662576687116564,8.0,25.9,50.0,,
45781,Hemant Joshi,False,9.116414836150847e-06,9.116414836150847e-06,batting allrounder,196.0,,107.6923076923077,13.0,7.224489795918367,10.0,25.9,107.6923076923077,,
45785,Pushpendra Rathore,False,0.0027478949810389574,0.0027478949810389574,batting allrounder,125.0,,112.61261261261261,1.0,5.4,4.0,22.95,112.61261261261261,,
45792,Hitesh Patel,False,5.108319947019023e-07,5.108319947019023e-07,finishing allrounder,104.0,,142.46575342465752,9.0,10.562874251497005,9.0,25.9,142.46575342465752,,
45939,Sanjay Ashwin,False,0.0001567048969127519,0.0001567048969127519,top/middle,19.0,,79.16666666666667,,,4.0,23.01,79.16666666666667,-8.499999999999998,
45945,Anshuman Pandey,False,0.0006590972996051648,0.0004613681097236153,top/middle,12.0,,100.0,,,1.0,50.17,100.0,,
45949,Ankit Rathi,False,4.0148466759236916e-05,4.0148466759236916e-05,opener,4.0,,36.36363636363637,,,1.0,25.9,36.36363636363637,,
45950,Rishav Rai,False,8.534529920221955e-05,8.534529920221955e-05,finisher,13.0,,108.33333333333333,,,2.0,25.9,108.33333333333333,,
45952,Sunil Kumar,False,0.00013354898014478604,0.00013354898014478604,finishing allrounder,24.0,,64.86486486486487,41.0,7.144578313253012,28.0,28.2,0.6924183694528013,1.4999999999999982,8.499999999999996
45953,Kaartikaya Singh,False,7.00718527654722e-06,7.00718527654722e-06,finisher,45.0,,100.0,,,5.0,25.9,100.0,,
45954,Sumit Kashyap,False,0.0006744561054991758,0.0006744561054991758,opener,179.0,,182.6530612244898,8.0,5.947826086956522,5.0,21.63,182.6530612244898,,
45959,Bhargav Dutta,False,0.0038726033902559045,0.0038726033902559045,finishing allrounder,12.0,,240.0,12.0,6.0,5.0,24.07,240.0,,
45962,Vijay Kumar,False,0.011095440199234257,0.011095440199234257,finishing allrounder,11.0,,122.22222222222223,32.0,7.43,27.0,19.92,2.7696734778112044,-1.4999999999999993,5.999999999999999
45963,Abdul Rehman,False,0.00024205898434700432,0.00024205898434700432,finishing allrounder,27.0,,96.42857142857143,36.0,8.585170340681362,24.0,25.9,17.87553774956047,0.5000000000000006,-0.4999999999999996
45965,Naman Tiwari,False,0.002678435478471788,0.002678435478471788,finishing allrounder,10.0,,43.47826086956522,34.0,7.777777777777778,25.0,20.05,1.5649056310970304,-0.9999999999999998,3.999999999999999
45966,Prashant Veer,False,0.001498194642064465,0.001498194642064465,finishing allrounder,655.0,,135.3305785123967,22.0,7.080260303687636,31.0,20.01,1.1391532377758866,82.99999999999999,-0.9999999999999992
45969,Arjun Bharadwaj,False,0.0007967691445792004,0.0007967691445792004,finisher,26.0,,96.29629629629629,,,5.0,,96.29629629629629,,
45970,Shiven Malhotra,False,0.0029899343548119997,0.0029899343548119997,finishing allrounder,4.0,,100.0,1.0,9.84,1.0,25.9,100.0,,
45971,Osho Mohan,False,2.2706819531120334e-05,2.2706819531120334e-05,finisher,86.0,,114.66666666666667,,,13.0,25.9,8.225799382511553,-7.999999999999998,
45972,Manish Solanki,False,0.00526884547486044,0.003688191832402308,top/middle,21.0,,131.25,,,2.0,35.45,131.25,,
45975,Tarun Pawadia,False,0.00027958040302312814,0.00027958040302312814,finisher,22.0,,157.14285714285714,,,2.0,25.9,157.14285714285714,,
45976,Kishan Kumar Singh,False,0.03266558792052257,0.03266558792052257,finishing allrounder,5.0,,250.0,16.0,9.311827956989248,16.0,25.9,250.0,,-3.14018491736755e-16
45977,Shantanu Shantanu,False,0.012610572768919808,0.012610572768919808,top/middle,109.0,,94.78260869565217,,,8.0,-14.1,2.195071763813269,84.99999999999997,
45979,Vineet Panwar,False,0.00010234647539857058,0.00010234647539857058,finishing allrounder,102.0,,122.89156626506023,38.0,7.287630402384501,33.0,27.42,3.9243354391237517,19.499999999999996,-3.4999999999999996
45980,Rishabh Rajput,False,0.00010507355364872017,0.00010507355364872017,finishing allrounder,24.0,,96.0,18.0,8.372623574144487,20.0,,96.0,-15.999999999999996,-1.4999999999999998
45981,Adarsh Singh,False,1.941972645058736e-06,1.941972645058736e-06,opener,48.0,,104.34782608695652,,,2.0,25.99,104.34782608695652,,
45982,Ajay Kumar,False,0.005837003040119285,0.005837003040119285,finishing allrounder,2.0,,100.0,11.0,9.182320441988951,10.0,25.9,100.0,0.0,0.9999999999999998
45983,Rahul Rajpal,False,2.4144351786938912e-05,2.4144351786938912e-05,top/middle,514.0,,113.46578366445917,4.0,7.642857142857143,25.0,25.9,10.146065039028104,36.49999999999999,
45984,Pranjal Saini,False,0.00043722562132479496,0.00043722562132479496,finisher,16.0,,123.07692307692308,,,7.0,26.19,123.07692307692308,,
45986,Shivam Saraswat,False,0.0072141894641287495,0.0072141894641287495,top/middle,21.0,,80.76923076923077,,,2.0,25.9,2.713311084698648,18.99999999999999,
45988,Shubh Khanna,False,0.0032726242455960565,0.0032726242455960565,finisher,0.0,,0.0,,,6.0,25.9,0.0,,
45989,Swastik Chikara,False,0.00476988383021893,0.00476988383021893,opener,1388.0,,152.6952695269527,0.0,9.555555555555555,36.0,25.9,3.8517809828528473,-49.499999999999986,0.0
45990,Shoaib Siddiqui,False,4.98866433066259e-06,4.98866433066259e-06,top/middle,383.0,,103.51351351351352,,,25.0,25.9,9.690352520308162,-54.499999999999986,
45991,Vaibhav Chaudhary,False,0.0011802644544361403,0.0011802644544361403,finishing allrounder,0.0,,0.0,4.0,8.974358974358974,12.0,25.11,0.0,,-1.4999999999999993
45992,Uvaish Ahmed,False,0.0005048850329257929,0.0005048850329257929,top/middle,537.0,,134.9246231155779,,,32.0,25.9,5.149808271845595,32.499999999999986,
45993,Rituraj Sharma,False,0.0045235339427259665,0.0045235339427259665,top/middle,801.0,,137.15753424657535,1.0,7.75,30.0,25.9,5.524444643592028,52.499999999999986,-0.9999999999999998
45994,Akshay Sain,False,0.0017556194235264996,0.0017556194235264996,finishing allrounder,21.0,,123.52941176470588,19.0,4.983050847457627,10.0,25.94,123.52941176470588,,8.499999999999998
45996,Parth Jain,False,7.74153204022833e-05,7.74153204022833e-05,opener,18.0,,138.46153846153845,,,2.0,25.9,138.46153846153845,,
45997,Rohit Rajpal,False,0.0004690276348372571,0.0004690276348372571,finisher,12.0,,75.0,,,2.0,25.9,75.0,,
45999,Rajeev Chaturvedi,False,0.001629650651734015,0.001629650651734015,top/middle,3.0,,33.333333333333336,,,1.0,25.9,33.333333333333336,,
46,Jegadeesh Arunkumar,True,0.9525794279170079,0.6668055995419054,finisher,0.0,,0.0,0.0,18.923076923076923,1.0,50.86,0.0,,
46002,Yuvraj Yadav,False,0.003591784153380359,0.003591784153380359,finishing allrounder,5.0,,50.0,2.0,8.5,3.0,25.9,0.6914608091208173,4.999999999999998,-1.9999999999999996
46003,Kritagya Singh,False,3.0439261416853345e-05,3.0439261416853345e-05,batting allrounder,517.0,,128.60696517412936,12.0,8.881889763779528,32.0,25.17,18.855500780299813,10.499999999999996,-2.9999999999999996
46004,Mohamad Amaan,False,0.007914502608960327,0.007914502608960327,finisher,33.0,,84.61538461538461,,,8.0,25.9,1.156700350991265,-15.499999999999993,
46005,Vishal Gaur,True,0.9989539533671307,0.9989539533671307,finishing allrounder,9.0,,56.25,13.0,9.428571428571429,10.0,25.9,1.8253340866461376,4.999999999999998,1.4999999999999993
46007,Sawan Singh,False,0.0015566267023710463,0.0015566267023710463,top/middle,0.0,,0.0,0.0,10.5,1.0,25.9,0.0,,
46008,Satya Prakash,False,6.176622312514758e-05,6.176622312514758e-05,finisher,24.0,,82.75862068965517,,,1.0,25.9,82.75862068965517,,
46009,Sudhanshu Sonkar,False,0.011692679600446692,0.011692679600446692,finisher,21.0,,77.77777777777777,,,7.0,26.03,2.5004797782189523,4.999999999999998,
46011,Vikrant Chaudhary,False,0.016886481212402396,0.016886481212402396,finishing allrounder,3.0,,33.333333333333336,9.0,10.170731707317072,6.0,25.9,33.333333333333336,,
46013,Aranav Devendra Baliyan,False,0.002283919889517715,0.002283919889517715,finisher,76.0,,105.55555555555556,,,10.0,,1.981277926789791,-10.499999999999998,
46014,Kirtivardhan U Upadhyay,False,8.491049542956587e-05,8.491049542956587e-05,finisher,1.0,,100.0,,,2.0,,100.0,,
46015,Kamil Khan,False,6.748933226691436e-05,6.748933226691436e-05,finisher,65.0,,101.5625,,,7.0,,101.5625,,
46018,B Sachin,False,0.0005555165152058276,0.0005555165152058276,top/middle,10.0,,50.0,,,2.0,,50.0,,
46019,Akshay Dubey,False,0.0001574638187768245,0.0001574638187768245,top/middle,193.0,,88.12785388127854,,,29.0,20.12,88.12785388127854,0.9999999999999998,
46020,Priyanshu Pandey,False,7.787064759918114e-06,7.787064759918114e-06,top/middle,147.0,,92.45283018867924,,,15.0,25.9,7.43125422331326,26.999999999999993,
46021,Siddharth Chaudhary,False,0.0003491178523170469,0.0003491178523170469,opener,1.0,,12.5,,,1.0,25.9,12.5,,
46023,Siddharth Mishra,False,0.0013629635279002298,0.0013629635279002298,finisher,3.0,,75.0,,,1.0,25.9,75.0,,
46026,Shivam Bansal,False,1.2565865343413026e-05,1.2565865343413026e-05,top/middle,453.0,,117.35751295336787,,,22.0,25.9,7.903282172953289,-258.9999999999999,
4604,Mitchell Swepson,False,0.02634871440377089,0.022396407243205255,finishing allrounder,17.0,,106.25,4.0,8.173913043478262,4.0,32.15,2.27008210138892,-12.999999999999993,-3.999999999999999
46040,Aman Rajendra Singh Shekhawat,False,0.03245101863462982,0.03245101863462982,finishing allrounder,1.0,,50.0,5.0,8.299065420560748,5.0,25.14,50.0,,
46050,Harshit Sethi,False,1.098612745562082e-06,1.098612745562082e-06,top/middle,88.0,,95.65217391304348,1.0,15.0,8.0,27.2,16.293977493289994,23.999999999999996,
46051,Aman Verma,False,0.0032003992931912053,0.0022402795052338434,finisher,2.0,,40.0,0.0,7.384615384615385,1.0,44.72,40.0,,
46052,Satyam Surendra Chauhan,False,0.00026882482669217194,0.00026882482669217194,finishing allrounder,3.0,,50.0,3.0,4.2,1.0,,50.0,,
46053,Manu Kashyap,False,0.04253753288317783,0.04253753288317783,finisher,5.0,,31.25,,,3.0,25.9,0.6838946277977705,-4.999999999999998,
46054,Saubhagya,False,0.000439872130424046,0.000439872130424046,top/middle,10.0,,111.11111111111111,,,1.0,25.9,111.11111111111111,,
46055,Rahul Raj,False,0.15543855318032154,0.13212277020327332,top/middle,0.0,,0.0,,,3.0,33.42,0.0,0.0,
46056,Kartik Yadav,False,0.000973799128502785,0.000973799128502785,finishing allrounder,17.0,,58.62068965517241,22.0,6.201680672268908,23.0,19.04,58.62068965517241,8.999999999999996,4.999999999999999
46058,Sandeep Kumar Tomar,False,0.012963460739187591,0.012963460739187591,top/middle,492.0,,123.0,0.0,8.516129032258064,25.0,27.26,4.486203929556418,-1.499999999999997,
46059,Aniket Seth,False,0.0009182174201850434,0.0009182174201850434,finisher,0.0,,0.0,,,1.0,25.9,0.0,,
46060,Yash Garg,False,9.860790229468438e-05,9.860790229468438e-05,finishing allrounder,200.0,,133.33333333333334,48.0,7.446575342465754,36.0,25.07,3.8064001335423456,10.999999999999998,-0.9999999999999998
46062,Divyansh Rajput,False,0.001922108907246983,0.001922108907246983,finisher,194.0,,135.66433566433565,,,12.0,24.85,1.7499756519284726,74.99999999999999,
46063,Ansh Dwiwedi,False,0.027283144666184863,0.027283144666184863,finishing allrounder,0.0,,0.0,1.0,7.866666666666666,2.0,25.84,0.0,,0.4999999999999999
46064,Puneet Chaudhary,False,0.5208950040534478,0.5208950040534478,finisher,0.0,,0.0,1.0,9.857142857142858,1.0,25.9,0.0,,
46065,Ali Zafar,False,0.008515509289246295,0.008515509289246295,finisher,51.0,,145.71428571428572,,,3.0,25.9,145.71428571428572,,
46066,Vipraj Nigam,True,0.9999977964889404,0.9999977964889404,finishing allrounder,452.0,,145.33762057877814,56.0,7.710247349823321,47.0,21.33,1.7096863750293794,44.999999999999986,13.999999999999998
46069,Vikas Singh,False,0.00041524998174108916,0.00041524998174108916,finishing allrounder,6.0,,100.0,0.0,10.390243902439025,2.0,26.12,100.0,,
4607,Abhishek Das,False,0.00011841247070413018,8.288872949289113e-05,opener,107.0,,108.08080808080808,,,8.0,35.23,108.08080808080808,-20.999999999999993,
46070,Mohammed Sharim,False,0.0003094458997723599,0.0003094458997723599,finishing allrounder,172.0,,145.76271186440678,22.0,8.394495412844037,26.0,23.04,8.625682961143847,-11.000000000000002,-2.9999999999999987
46071,Shashank Awasthi,False,0.2453871327110595,0.2453871327110595,finishing allrounder,18.0,,225.0,3.0,2.25,1.0,25.9,225.0,,
46072,Parv Singh,False,0.0005965277218525472,0.0005965277218525472,finishing allrounder,84.0,,105.0,12.0,6.962457337883959,20.0,21.12,3.74168025128336,-8.5,1.9999999999999991
4608,Pankaj Shaw,False,0.00827052253850252,0.00827052253850252,finisher,309.0,,149.2753623188406,6.0,8.360655737704919,19.0,27.79,18.78236300136964,4.999999999999998,5.999999999999999
46137,Kartik Sharma,True,0.999293135545836,0.999293135545836,top/middle,144.0,,160.0,,,5.0,25.9,4.114433474325506,-63.999999999999986,
4614,Mohit Ahlawat,True,0.999920124158762,0.999920124158762,top/middle,352.0,,147.89915966386553,0.0,24.0,10.0,29.92,5.2877326051211595,-10.500000000000005,
46148,Nikhil Pratap Rao,False,1.3342162644722209e-06,1.3342162644722209e-06,opener,28.0,,96.55172413793103,,,1.0,25.9,96.55172413793103,,
46160,Abhigyan Kundu,False,0.02892190855416467,0.02892190855416467,opener,93.0,,147.61904761904762,,,3.0,25.9,1.6174086789644238,,
4617,Rahul Dagar,False,0.006806598167025039,0.005785608441971284,finisher,17.0,,121.42857142857143,0.0,15.428571428571429,4.0,32.4,121.42857142857143,,
4618,Chaitanya Bishnoi,False,0.7619637312075388,0.7619637312075388,opener,118.0,,131.11111111111111,,,4.0,31.26,3.266057506384372,-83.99999999999997,
4624,Rishav Das,True,0.9997247809407694,0.6998073466585386,top/middle,189.0,,107.38636363636364,,,10.0,35.95,2.599619767474864,69.99999999999997,
46279,Vasu Vats,False,0.033789423632829316,0.033789423632829316,finishing allrounder,11.0,,61.111111111111114,25.0,8.436548223350254,19.0,25.9,11.083799835125022,3.499999999999999,6.499999999999999
46280,Vishal Chaudhary,False,0.004058605554537451,0.004058605554537451,finishing allrounder,13.0,,130.0,31.0,6.544629349470499,32.0,29.49,1.722238939263241,-4.499999999999997,1.4999999999999993
46283,Satnam Singh,False,5.353866925120502e-05,5.353866925120502e-05,finisher,3.0,,75.0,0.0,15.0,2.0,25.9,75.0,,
4632,Kukna Singh,False,0.0005130952625429542,0.0005130952625429542,finishing allrounder,7.0,,58.333333333333336,4.0,7.714285714285714,4.0,28.95,58.333333333333336,,
4633,Tanveer Ul-Haq,False,0.1114137686896664,0.09470170338621645,finishing allrounder,3.0,,60.0,1.0,7.130434782608695,3.0,33.98,1.3848367389056027,,-0.9999999999999998
4636,Bjorn Fortuin,False,0.003099362895648954,0.003099362895648954,finishing allrounder,76.0,,110.14492753623189,13.0,8.185714285714285,16.0,31.1,1.3539530411346359,6.057142857142857,-1.0571428571428567
4639,Wellington Masakadza,False,0.0011278128390056143,0.0009586409131547721,finishing allrounder,0.0,,0.0,0.0,6.571428571428571,2.0,32.15,0.0,,
4641,Lungi Ngidi,True,0.9999999996084104,0.9999999996084104,finishing allrounder,34.0,,85.0,35.0,9.346733668341708,26.0,29.66,0.8776130755925446,1.4000000000000006,-1.5999999999999999
4650,Abu Jayed,False,0.025816035773065363,0.021943630407105556,finishing allrounder,2.0,,100.0,10.0,8.350877192982455,8.0,32.32,100.0,,0.0
4651,Irfan Sukkur,False,0.0012384512003013764,0.00105268352025617,finisher,197.0,,100.0,,,21.0,32.51,6.826169440042437,0.0999999999999989,
46521,Mukul Negi,False,0.002891338282973752,0.002891338282973752,finishing allrounder,0.0,,0.0,2.0,7.0,2.0,28.16,0.0,,
46527,Prashant Tomar,False,0.006991411647815039,0.006991411647815039,finisher,11.0,,137.5,,,1.0,25.65,137.5,,
4653,Sunzamul Islam,False,0.01409053186249111,0.009863372303743775,finishing allrounder,50.0,,98.03921568627452,8.0,7.729166666666667,18.0,35.86,5.002250898293062,45.999999999999986,1.1999999999999997
4655,Mehedi Maruf,False,0.015269278061361555,0.010688494642953088,opener,80.0,,86.95652173913044,,,6.0,37.65,1.5110806104684267,,
4656,Shari fullah,False,0.00016399606035278155,0.00016399606035278155,finishing allrounder,2.0,,66.66666666666667,3.0,9.666666666666666,2.0,,66.66666666666667,0.0,0.9999999999999998
4658,Nasum Ahmed,True,0.9999999547131917,0.9999999547131917,finishing allrounder,160.0,,96.3855421686747,78.0,6.378787878787879,75.0,30.98,1.8328048682502949,13.700000000000001,1.2
4662,Cole McConchie,False,0.0005141768448336109,0.0004370503181085693,finishing allrounder,60.0,,100.0,7.0,6.358974358974359,10.0,33.87,4.784061898515816,-6.0,-3.499999999999999
4663,Henry Nicholls,False,5.198698868703395e-05,4.4188940383978855e-05,finisher,81.0,,95.29411764705883,,,5.0,34.03,95.29411764705883,,
4665,Thomas Blundell,False,0.3091170143064772,0.21638191001453402,top/middle,74.0,,98.66666666666667,,,6.0,35.24,1.9651169410420057,-3.333333333333333,
467,Ahmed Shehzad,False,0.025369664113401313,0.021564214496391114,opener,196.0,,119.51219512195122,,,11.0,34.01,2.205484777720687,149.99999999999994,
4681,Al Amin,False,7.752540791269412e-05,6.589659672578999e-05,top/middle,18.0,,81.81818181818181,0.0,16.0,2.0,32.15,0.6956294803228577,,
4685,Tom Bruce,False,0.0003150190372341023,0.00026776618164898693,top/middle,278.0,,126.36363636363636,,,9.0,34.32,15.582266050864154,,
4686,Joshua Clarkson,False,0.02331152449787719,0.02331152449787719,finisher,75.0,,104.16666666666667,1.0,8.0,8.0,28.85,2.804956684222176,,
4692,Lockie Ferguson,True,0.9999999991174711,0.8499999992498504,finishing allrounder,54.0,,112.5,68.0,7.994694960212201,52.0,34.46,0.948354826847259,-6.199999999999998,-1.3
46982,Shahid Aziz,True,0.8894213904490387,0.8894213904490387,finishing allrounder,16.0,,106.66666666666667,5.0,7.928571428571429,4.0,22.68,106.66666666666667,,
46988,Ashish Chouhan,False,0.0001506135091762856,0.0001506135091762856,finishing allrounder,3.0,,25.0,26.0,7.757255936675461,16.0,27.71,0.6752740568684774,2.9999999999999996,-5.999999999999999
46991,Jivesh Butte,True,0.9670984889865119,0.9670984889865119,finishing allrounder,28.0,,65.11627906976744,7.0,7.0285714285714285,13.0,27.83,1.3764376003468906,2.999999999999998,2.4999999999999996
46992,Shashank Tiwari,False,0.005944447330057293,0.005944447330057293,finishing allrounder,74.0,,105.71428571428571,11.0,8.37037037037037,16.0,26.49,2.7041213611684336,31.999999999999993,2.9999999999999996
46996,Mohammad Faiq,True,0.18631888198533092,0.18631888198533092,top/middle,42.0,,144.82758620689654,,,5.0,28.66,144.82758620689654,,
47,Virat Kohli,True,0.9999999996240938,0.6999999997368657,opener,3297.0,,133.64410214835834,0.0,6.0,91.0,37.06,3.2291222611043713,44.80000000000001,
470,Mohammad Amir,False,3.1752328897009396e-05,2.6989479562457987e-05,finishing allrounder,9.0,,69.23076923076923,19.0,6.365079365079365,17.0,33.62,1.4778325123152711,2.9999999999999996,-8.999999999999996
4701,Vikash Singh,True,0.99756352563217,0.99756352563217,finishing allrounder,7.0,,87.5,9.0,6.786885245901639,6.0,31.41,50.0,,-0.2499999999999999
47017,Mohammad Jnr,True,0.9965092332007695,0.9965092332007695,finishing allrounder,14.0,,93.33333333333333,13.0,7.769230769230769,10.0,24.85,15.93659772276935,,-12.999999999999993
4703,Rishabh Pant,True,0.9999999998232296,0.9999999998232296,top/middle,1948.0,,133.15105946684895,0.0,6.0,86.0,28.15,2.8715736842924375,-52.89999999999999,
4704,Suboth Bhati,False,0.0014284068508469876,0.0009998847955928912,finishing allrounder,117.0,,137.64705882352942,28.0,7.203125,19.0,35.16,4.117899250039258,-58.999999999999986,-11.999999999999998
47050,Shamar Joseph,False,0.07809710107346775,0.07809710107346775,finishing allrounder,28.0,,147.3684210526316,15.0,8.213793103448277,10.0,26.24,6.61605436307967,17.999999999999993,-4.999999999999998
4707,Shubham Chaubey,False,0.0011866162533453186,0.0011866162533453186,finisher,167.0,,113.60544217687075,,,15.0,30.12,2.346494098156572,64.49999999999997,
4708,Rinku Singh,True,0.9999999999389302,0.9999999999389302,finisher,2638.0,,152.13379469434832,11.0,7.610738255033557,116.0,28.12,2.0167518249183116,53.99999999999998,-6.999999999999998
4709,Saurabh Kumar,False,0.061945670653258206,0.052653820055269474,finishing allrounder,89.0,,130.88235294117646,19.0,6.301255230125523,22.0,32.57,3.6666673689296116,-8.499999999999995,1.9999999999999996
4710,Mohammad Javed,False,0.06548915595547325,0.06548915595547325,finishing allrounder,1.0,,50.0,0.0,6.620689655172414,1.0,31.96,50.0,,
4711,Dhruv Shorey,False,0.0004990230660750167,0.00042416960616376416,opener,242.0,,130.10752688172042,,,12.0,33.48,5.360862154742349,-32.99999999999999,
4712,Sumeet Verma,False,0.04981492958717116,0.03487045071101981,top/middle,221.0,,179.6747967479675,0.0,7.333333333333333,9.0,35.02,5.578681770095875,-102.99999999999997,
4714,Raghav Dhawan,False,0.009005696745725421,0.006303987722007794,top/middle,23.0,,127.77777777777777,,,1.0,38.89,127.77777777777777,,
4715,Abhimanyu Rana,False,0.0062633304901188475,0.005323830916601021,opener,30.0,,90.9090909090909,,,2.0,34.18,1.1964102695065302,-25.999999999999986,
4716,Mayank Dagar,True,0.9999616150802116,0.9999616150802116,finishing allrounder,22.0,,122.22222222222223,20.0,6.684782608695652,18.0,29.04,0.6728392574117393,-2.4,-0.7999999999999998
4722,Rashid Khan,True,0.9999999999855478,0.9999999999855478,finishing allrounder,577.0,,144.25,108.0,7.22268326417704,92.0,27.18,1.9273356905173593,0.8000000000000024,-2.0999999999999996
47259,Usmani Adeeb,False,0.0004580370633671717,0.0004580370633671717,top/middle,47.0,,97.91666666666667,,,4.0,28.22,14.932384112672013,,
47314,Wafiullah Tarakhil,False,0.024886561656663465,0.024886561656663465,top/middle,12.0,,63.1578947368421,,,3.0,18.66,0.6932183646690327,11.999999999999998,
47335,Amitesh Pandey,False,0.00018991998931028052,0.00018991998931028052,finishing allrounder,9.0,,90.0,7.0,5.917808219178082,7.0,26.03,1.394492460865268,,
47336,Anuj Tiwari,False,0.0035169807751604222,0.0035169807751604222,top/middle,443.0,,134.65045592705167,,,13.0,28.99,134.65045592705167,4.999999999999998,
47337,Dev Singh,False,0.00010733063456681292,0.00010733063456681292,finishing allrounder,15.0,,78.94736842105263,21.0,8.079681274900398,11.0,22.06,0.8961773889391474,,
47339,Utkarsh Tiwari,False,0.08915007963037536,0.08915007963037536,finishing allrounder,8.0,,57.142857142857146,12.0,8.115942028985508,12.0,25.9,1.0301932664458984,,11.999999999999998
47340,Karan Patel,False,0.0007845319681511888,0.0007845319681511888,finishing allrounder,2.0,,66.66666666666667,3.0,7.849624060150376,7.0,27.73,66.66666666666667,0.0,0.9999999999999998
4736,Josh Inglis,True,0.9999999899710926,0.9999999899710926,top/middle,1059.0,,149.57627118644066,,,49.0,30.73,1.9551286762445157,81.1,
47364,Pawandeep Singh,False,0.09021214500019838,0.07668032325016862,finishing allrounder,53.0,,91.37931034482759,7.0,6.84,11.0,33.4,1.117634096973556,46.999999999999986,0.9999999999999998
47368,Sagar Solanki,False,0.04690389934120081,0.04690389934120081,batting allrounder,261.0,,160.12269938650306,6.0,9.238095238095237,16.0,25.23,1.9962928139680303,63.999999999999986,2.499999999999999
47369,Arpit Khare,False,1.7303360125494929e-06,1.7303360125494929e-06,top/middle,8.0,,57.142857142857146,,,3.0,23.09,,,
47370,Aniket Verma,True,0.9999974360773364,0.9999974360773364,top/middle,706.0,,173.46437346437347,,,28.0,23.81,1.6787097942680411,150.99999999999997,
47380,Parivesh Pallav Dhar,False,0.012221358374813248,0.012221358374813248,finishing allrounder,16.0,,64.0,5.0,10.584905660377359,6.0,25.7,0.6948239136595661,,4.999999999999998
47430,Satya Vikas Sharama,False,0.03974127728778443,0.03974127728778443,top/middle,66.0,,117.85714285714286,,,6.0,26.01,2.834517857828988,61.99999999999997,
4744,Rohit Sharma P,False,0.19714766186430333,0.16757551258465783,finisher,103.0,,183.92857142857142,,,4.0,32.41,3.118427790978972,-1.4999999999999998,
4745,Shamsher Yadav,True,0.411179828984166,0.411179828984166,finisher,6.0,,75.0,,,2.0,30.96,75.0,,
4746,Fabid Ahmed,False,0.00036594567216953765,0.00036594567216953765,batting allrounder,382.0,,116.10942249240122,23.0,5.970149253731344,21.0,30.34,2.0989247397373445,26.214285714285708,2.285714285714285
4747,Mohammed Azharuddeen,False,0.00038846378289510825,0.00038846378289510825,top/middle,1214.0,,154.8469387755102,,,36.0,31.68,1.4846353243550432,57.8,
47479,Ravneet Tanwar,False,0.00043903548265683063,0.00043903548265683063,finisher,44.0,,258.8235294117647,,,5.0,22.34,258.8235294117647,,
47483,Shaurya Pratap,False,4.773876951199805e-05,4.773876951199805e-05,finisher,15.0,,88.23529411764706,,,1.0,25.9,88.23529411764706,,
4751,Rajneesh Gurbani,False,0.0006213980511170737,0.0005281883434495126,finishing allrounder,3.0,,60.0,8.0,6.85207100591716,8.0,32.83,60.0,,
47511,Ajit Yadav,False,0.000861453667346289,0.000861453667346289,batting allrounder,314.0,,108.27586206896552,4.0,7.232432432432432,17.0,23.66,2.3046437192175016,,
47514,Kashyap Bakhale,False,0.06356947393772894,0.06356947393772894,top/middle,42.0,,105.0,,,5.0,30.31,105.0,,
47521,Viki Saha,False,0.010562424725879658,0.010562424725879658,finishing allrounder,0.0,,0.0,0.0,9.0,2.0,27.91,0.0,,
47526,Sanvert Kurkalang,False,3.6084016232691835e-05,3.067141379778806e-05,finisher,0.0,,0.0,0.0,10.285714285714286,2.0,33.27,0.0,,
47527,Arien Sangma,False,0.04392823207635723,0.04392823207635723,opener,57.0,,67.05882352941177,,,5.0,26.82,1.204777476889466,34.999999999999986,
47528,Mewada Shylla,False,0.06534286087182029,0.06534286087182029,top/middle,0.0,,0.0,,,1.0,25.45,0.0,,
4753,JG Bista,True,0.9999685977366063,0.9999685977366063,opener,482.0,,135.3932584269663,6.0,8.842105263157896,14.0,29.93,2.101766083358484,204.99999999999994,
47531,Robert Sangma,False,3.0268596252227946e-05,3.0268596252227946e-05,top/middle,12.0,,92.3076923076923,,,2.0,25.9,92.3076923076923,,
4755,Shivam Dube,True,0.9999999999979754,0.849999999998279,finishing allrounder,2624.0,,138.5427666314678,29.0,8.200308166409862,108.0,32.42,3.2323643394412938,60.800000000000004,2.1000000000000005
4757,Rahul Hazarika,True,0.9296996442382016,0.7902446976024714,opener,177.0,,122.91666666666667,,,8.0,32.49,19.013734407640605,23.499999999999993,
4758,Amit Sinha,False,6.80625442548998e-06,4.764378097842986e-06,finishing allrounder,507.0,,122.16867469879519,15.0,5.444839857651245,23.0,37.0,24.16286029382949,118.99999999999994,10.999999999999998
4759,Saurabh Dubey,False,5.446600974484609e-05,3.812620682139226e-05,finishing allrounder,97.0,,161.66666666666666,7.0,8.242990654205608,14.0,36.99,161.66666666666666,,3.499999999999999
4760,Samarth Singh,False,0.0014380359992847056,0.0012223305993919998,opener,796.0,,129.01134521880064,,,32.0,34.21,56.59774015440291,-77.99999999999999,
4767,Raxlee Taylor,False,0.00021196501459197178,0.00021196501459197178,finisher,1.0,,25.0,,,1.0,30.69,25.0,,
47694,Omid Rahman,True,0.6449556255961305,0.6449556255961305,finishing allrounder,0.0,,0.0,3.0,10.6,3.0,25.9,0.0,,
47703,Bishal Roy,False,0.030756545208542235,0.030756545208542235,batting allrounder,311.0,,150.97087378640776,16.0,5.925925925925926,16.0,23.27,1.5918997997954059,26.49999999999999,1.9999999999999996
47704,Gaurav Joshi,False,0.01486273721539978,0.01486273721539978,finisher,37.0,,115.625,,,2.0,26.63,115.625,,
47705,Krishna Yadav,False,0.0005903816208476947,0.0005018243777205405,top/middle,23.0,,79.3103448275862,,,1.0,33.16,79.3103448275862,,
47710,Jeetendra Sharma,False,0.0006125496770338912,0.0006125496770338912,finishing allrounder,6.0,,42.857142857142854,2.0,8.85,5.0,28.96,2.3502337666215403,,
47711,Kishan Karki,False,0.0004003466010706879,0.0003402946109100847,finishing allrounder,37.0,,127.58620689655173,5.0,7.015384615384615,8.0,33.78,127.58620689655173,,2.499999999999999
47721,Agni Dev Chopra,True,0.9973633819168511,0.6981543673417958,top/middle,309.0,,140.45454545454547,,,9.0,37.06,5.1532319941401825,-24.499999999999996,
47724,Jahandad Khan,False,0.0445552250351596,0.0445552250351596,finishing allrounder,51.0,,121.42857142857143,14.0,8.926829268292684,12.0,22.46,1.0651614517474337,40.999999999999986,7.999999999999998
4773,Jaker Ali Anik,True,0.999999968422237,0.999999968422237,finisher,1015.0,,123.17961165048544,,,68.0,27.76,3.698713196162258,161.10000000000002,
47730,Aryan Sahani,False,0.001842308544696183,0.001842308544696183,top/middle,31.0,,88.57142857142857,,,3.0,18.43,88.57142857142857,,
47731,Ayush Awasthi,False,0.4462627935482016,0.4462627935482016,batting allrounder,101.0,,146.3768115942029,0.0,2.5714285714285716,6.0,19.02,2.8957424247434247,-32.499999999999986,
47732,Sitesh Kumar Das,False,5.376819801572609e-05,5.376819801572609e-05,finisher,20.0,,74.07407407407408,0.0,15.0,1.0,29.02,74.07407407407408,,
47733,Aprameya Vinaykumar Jaiswal,False,0.0008547526798962252,0.0008547526798962252,top/middle,4.0,,50.0,,,2.0,29.97,50.0,,
47734,Licha John,False,0.007828889576770658,0.007828889576770658,top/middle,234.0,,113.59223300970874,,,8.0,27.96,2.216474356475759,94.99999999999997,
47735,Nabam Joshi,False,0.01247304063743255,0.01247304063743255,finishing allrounder,101.0,,85.59322033898304,11.0,7.764705882352941,8.0,27.86,0.6959969914973307,50.49999999999999,
47736,Yorjum Sera,False,0.020807647869719736,0.020807647869719736,finishing allrounder,1.0,,25.0,9.0,5.403141361256544,10.0,23.68,25.0,,4.499999999999998
47738,Avinash Thapa,False,0.006560739030356842,0.006560739030356842,finisher,0.0,,0.0,1.0,11.538461538461538,2.0,28.91,0.0,,
47739,Divyanshu Yadav,False,7.885835955140439e-05,7.885835955140439e-05,finishing allrounder,147.0,,87.5,2.0,9.96694214876033,19.0,23.32,11.873413025830736,17.999999999999993,0.9999999999999998
4774,Mehedi Hasan Rana,False,1.1703548554936387e-05,1.1703548554936387e-05,finishing allrounder,38.0,,97.43589743589743,19.0,8.52367688022284,21.0,28.9,3.791243126695445,3.285714285714286,-3.285714285714287
47760,Saksham Chaudhary,False,0.00014507313108560853,0.00014507313108560853,finishing allrounder,191.0,,115.06024096385542,30.0,8.31864406779661,19.0,26.2,1.4736071723913717,48.499999999999986,2.9999999999999987
47763,Pradyun Kumar Saikia,False,0.0025667711672123766,0.0025667711672123766,opener,83.0,,102.46913580246914,,,3.0,22.86,2.443898581804392,-12.499999999999996,
47768,Nawaz Aftab Khan,False,0.04123165502366993,0.04123165502366993,finishing allrounder,2.0,,15.384615384615385,4.0,9.346153846153847,5.0,30.64,0.9734298414555057,0.0,1.9999999999999996
47770,Sharman Nigrodh,False,0.052717154875763304,0.052717154875763304,finisher,30.0,,85.71428571428571,,,2.0,20.67,25.813297354579433,1.9999999999999996,
47771,Vikash Singh,False,0.0024141149586328963,0.0024141149586328963,finishing allrounder,69.0,,132.69230769230768,2.0,7.108695652173913,7.0,26.11,132.6086956521739,,-1.9999999999999996
47773,Vineet Dhankhar,False,0.13560757427730163,0.13560757427730163,top/middle,174.0,,121.67832167832168,2.0,8.181818181818182,7.0,21.57,4.557795334292077,21.999999999999996,1.9999999999999996
47774,Dipesh Parwani,False,0.8032585364557099,0.8032585364557099,finishing allrounder,1.0,,25.0,12.0,7.59375,10.0,25.87,0.56752052534723,-0.4999999999999999,3.999999999999999
47775,Soubhagya Sachikanta Rout,False,0.0003567604491148331,0.0003567604491148331,finishing allrounder,13.0,,162.5,5.0,5.766233766233766,3.0,26.56,162.5,,
47777,Jyoti Bind,False,0.008826690482762451,0.006178683337933716,opener,15.0,,83.33333333333333,,,3.0,37.25,1.4584060228880196,,
47778,Pranesh Chettri,False,0.00023811353334337034,0.00023811353334337034,top/middle,235.0,,94.75806451612904,,,14.0,25.75,2.4264994338874195,72.49999999999997,
47779,Sankar Praad,False,0.0021597496975404155,0.0021597496975404155,finisher,18.0,,69.23076923076923,,,3.0,26.4,2.280089305595115,,
47780,Saurav Prasad,False,0.0009610414912068363,0.0009610414912068363,finishing allrounder,62.0,,76.54320987654322,5.0,5.478260869565218,10.0,25.52,0.6949017901727044,61.99999999999997,4.999999999999998
47783,Prashant Sai Painkra,True,0.9942006701014141,0.9942006701014141,finishing allrounder,1.0,,50.0,11.0,8.459016393442623,10.0,23.22,50.0,,-3.14018491736755e-16
47787,Prateek Pandey,False,0.00047086580860455446,0.00047086580860455446,finisher,9.0,,100.0,,,1.0,23.83,100.0,,
4779,Pieter Willem Mulder,False,0.24086278695428895,0.24086278695428895,finishing allrounder,70.0,,95.89041095890411,3.0,8.547945205479452,8.0,27.77,4.782295654608905,1.2307692307692308,-0.8076923076923079
47793,Milind Mondal,False,3.652320155261848e-05,3.652320155261848e-05,opener,273.0,,114.22594142259415,9.0,4.404255319148936,8.0,,114.22594142259415,,
47795,Chandrahas Dash,False,9.477369207613426e-05,9.477369207613426e-05,top/middle,220.0,,110.55276381909547,,,11.0,19.21,110.55276381909547,71.99999999999997,
47796,Rahul Prasad,False,0.00027411197291909794,0.00027411197291909794,batting allrounder,59.0,,113.46153846153847,2.0,8.181818181818182,6.0,21.12,113.46153846153847,48.99999999999999,1.9999999999999996
478,Eoin Morgan,True,0.9999999892000556,0.6999999924400389,finisher,212.0,,93.3920704845815,,,24.0,39.21,2.6017480325028504,-151.99999999999991,
4780,Mohammad Saif Hassan,True,0.9999990511248757,0.9999990511248757,top/middle,863.0,,116.15074024226111,1.0,8.869565217391305,38.0,27.07,5.5948351190556425,245.99999999999991,-0.9999999999999998
47801,Ankush Sur,False,0.04326620677612375,0.04326620677612375,finisher,8.0,,40.0,,,6.0,19.85,40.0,,
47804,Jeet Thakur,False,0.17018160197321888,0.17018160197321888,finishing allrounder,15.0,,166.66666666666666,4.0,6.142857142857143,8.0,19.24,166.66666666666666,,
47805,Ayush Sahai,False,0.0002955359917082653,0.0002955359917082653,finisher,3.0,,42.857142857142854,1.0,7.0,3.0,19.23,42.857142857142854,,
47815,Rohit Pradhan,False,0.005691089224934103,0.005691089224934103,finisher,3.0,,100.0,,,1.0,19.23,100.0,,
47818,Bhoirob De Sarkar,False,0.006102473108418395,0.006102473108418395,finishing allrounder,25.0,,75.75757575757575,2.0,5.389830508474576,13.0,19.23,75.75757575757575,-10.999999999999998,1.9999999999999996
47820,Mayank Jha,False,0.000366338432649168,0.000366338432649168,finisher,3.0,,42.857142857142854,0.0,7.384615384615385,4.0,19.23,42.857142857142854,,
4783,Zakir Hasan,False,6.853096917228357e-05,6.853096917228357e-05,top/middle,902.0,,126.68539325842697,,,43.0,27.82,10.978065975308223,98.99999999999997,
4784,Tony de Zorzi,False,0.04787997848694665,0.04787997848694665,top/middle,40.0,,142.85714285714286,,,2.0,28.25,142.85714285714286,,
47848,Jashan Beniwal,False,0.0020646243501712147,0.0020646243501712147,top/middle,80.0,,114.28571428571429,,,4.0,20.16,114.28571428571429,,
47860,Nishunk Birla,False,0.0006761296670250474,0.0006761296670250474,finishing allrounder,24.0,,126.3157894736842,10.0,6.894409937888199,10.0,25.9,1.2449406484284251,15.999999999999996,9.999999999999996
47863,Devang Kaushik,False,2.4106900718129795e-07,2.4106900718129795e-07,opener,328.0,,135.53719008264463,1.0,5.0,8.0,25.9,135.53719008264463,,
47864,Aaryan Verma,False,0.0010083218600350154,0.0010083218600350154,top/middle,10.0,,125.0,,,1.0,25.9,125.0,,
47872,Anmol Sharma,False,0.0001456342530086181,0.0001456342530086181,top/middle,424.0,,141.80602006688963,2.0,5.769230769230769,20.0,25.9,0.7002170254757096,277.9999999999999,
47873,Rahul Gupta,False,0.0004585463688764477,0.0004585463688764477,batting allrounder,190.0,,130.13698630136986,5.0,6.72,8.0,28.92,3.4483667219579712,137.99999999999997,
47886,Mindu Tsering,False,0.001233226577654743,0.001233226577654743,finishing allrounder,0.0,,0.0,1.0,9.636363636363637,3.0,20.24,0.0,,
47890,Nabam Tajik,False,9.568971934350228e-05,9.568971934350228e-05,finisher,7.0,,31.818181818181817,,,4.0,25.9,31.818181818181817,,
479,Adil Rashid,True,0.9999999999997651,0.6999999999998355,finishing allrounder,117.0,,93.6,67.0,7.607321131447588,58.0,37.77,2.6901834722567792,6.100000000000002,0.20000000000000032
4790,Lutho Sipamla,True,0.9826311195873862,0.9826311195873862,finishing allrounder,3.0,,75.0,1.0,11.764705882352942,2.0,27.54,75.0,,
47909,Joram Motu,False,2.3674158941169766e-05,2.3674158941169766e-05,finisher,0.0,,0.0,,,1.0,25.9,0.0,,
47918,Neelam Togum,False,1.7248298961351414e-06,1.7248298961351414e-06,opener,3.0,,37.5,,,1.0,25.9,37.5,,
47919,Sosar Kakum,False,0.0007562356301343054,0.0007562356301343054,finisher,9.0,,112.5,0.0,4.7368421052631575,4.0,18.32,112.5,,
47922,Abhishek Swaminathan,False,7.365034103762948e-06,7.365034103762948e-06,finishing allrounder,9.0,,90.0,8.0,10.272727272727273,6.0,20.2,,,
47923,Pavan Patel,False,1.6529582573698479e-07,1.6529582573698479e-07,finisher,35.0,,116.66666666666667,0.0,15.428571428571429,9.0,19.88,,,
47924,Nitya Pandya,False,1.8896689413903755e-08,1.8896689413903755e-08,opener,136.0,,130.76923076923077,,,8.0,19.64,,,
47929,Aayush Rajgor,False,3.861455388003997e-08,3.861455388003997e-08,finisher,95.0,,150.79365079365078,,,12.0,25.9,,,
4793,Dean Foxcroft,False,0.054369618012549595,0.054369618012549595,top/middle,78.0,,109.85915492957747,,,4.0,27.6,4.697108231013707,,
47933,Henil Patel,False,2.046996977306744e-05,2.046996977306744e-05,top/middle,59.0,,137.2093023255814,1.0,4.666666666666667,3.0,18.74,,,
47947,Narayan Kartikey,False,4.771066728729035e-06,4.771066728729035e-06,top/middle,31.0,,147.61904761904762,,,7.0,21.07,,,
47961,Aditya Chowdhury,False,0.00021409028572923737,0.00021409028572923737,top/middle,25.0,,83.33333333333333,,,2.0,19.77,83.33333333333333,,
47974,Amit Kandaiburu,False,0.0008438342249924264,0.0008438342249924264,finishing allrounder,11.0,,57.89473684210526,1.0,7.384615384615385,2.0,19.0,57.89473684210526,,
47977,Sachin Hajari,False,9.700690485193113e-05,9.700690485193113e-05,top/middle,100.0,,75.75757575757575,,,13.0,20.03,78.94736842105263,-69.99999999999997,
47980,Uttam Shah,True,0.9031029424026156,0.9031029424026156,top/middle,59.0,,85.5072463768116,,,5.0,25.9,85.5072463768116,,
47983,Dipankar Paul,False,4.785606780778744e-05,4.785606780778744e-05,finisher,11.0,,68.75,,,2.0,19.05,68.75,,
47986,Ronit Akhter,False,0.00618200131100822,0.00618200131100822,batting allrounder,43.0,,74.13793103448276,6.0,7.045454545454546,8.0,20.79,74.13793103448276,,
47988,Abhishek Gupta,False,0.00017204040878409746,0.00017204040878409746,finisher,25.0,,100.0,,,2.0,20.57,100.0,,
47990,Shreeraj Goenka,False,1.786668067929513e-05,1.786668067929513e-05,top/middle,25.0,,86.20689655172414,,,2.0,19.56,,,
47991,Barunjyoti Malakar,False,3.3887939310889347e-05,3.3887939310889347e-05,top/middle,5.0,,71.42857142857143,,,1.0,18.93,71.42857142857143,,
47992,Bishnu Das,False,0.0001515180374386513,0.0001515180374386513,finisher,0.0,,0.0,0.0,16.0,1.0,19.96,0.0,,
48019,Anv Lohith,False,7.621699009988327e-06,7.621699009988327e-06,finisher,3.0,,50.0,,,1.0,25.9,50.0,,
4805,Anand Singh,False,2.9577057026489662e-05,2.0703939918542762e-05,batting allrounder,42.0,,123.52941176470588,0.0,6.909090909090909,2.0,39.03,123.52941176470588,,
4806,Sumit Kumar,False,0.06351510696803177,0.06351510696803177,finisher,262.0,,121.29629629629629,,,23.0,29.91,1.774362630896628,-1.500000000000002,
4809,Snehal Kauthankar,True,0.9612816815539867,0.9612816815539867,top/middle,85.0,,89.47368421052632,,,6.0,30.11,3.9086708854362278,-18.99999999999999,
4812,Harry Tector,False,0.017099644588750813,0.017099644588750813,opener,146.0,,107.3529411764706,4.0,6.141176470588236,6.0,25.97,1.1365983117788487,,
48142,Shykat Ali,False,0.019911850850689857,0.019911850850689857,top/middle,311.0,,121.01167315175097,3.0,8.415584415584416,16.0,31.94,1.0818039847606946,18.0,0.9999999999999998
4816,Khaleel Ahmed,True,0.9999999974834739,0.9999999974834739,finishing allrounder,6.0,,28.571428571428573,73.0,8.160493827160494,63.0,27.98,0.7637728690098307,-0.6923076923076925,1.5000000000000007
4817,Anmolpreet Singh,True,0.9999999998414975,0.9999999998414975,top/middle,1756.0,,142.30145867098867,14.0,8.076923076923077,51.0,27.67,2.3406499646560475,220.39999999999995,3.999999999999999
4818,Armaan Jaffer,True,0.9986637350384654,0.9986637350384654,opener,138.0,,135.2941176470588,,,5.0,27.09,4.2861019756142404,-0.9999999999999998,
4819,Rahul Batham,True,0.9997895232654476,0.9997895232654476,finishing allrounder,232.0,,138.92215568862275,14.0,8.489913544668587,20.0,27.27,3.051525615831413,39.999999999999986,2.9999999999999996
4820,Amandeep Khare,True,0.9992881561533555,0.9992881561533555,opener,679.0,,136.61971830985917,,,17.0,28.31,3.614828613565052,108.29999999999998,
4821,Mahipal Lomror,True,0.9999999978613459,0.9999999978613459,finisher,807.0,,137.94871794871796,3.0,7.705882352941177,48.0,26.03,2.145042276300705,-38.1,-0.10000000000000002
4823,Washington Sundar,True,0.9999999999967004,0.9999999999967004,finishing allrounder,687.0,,125.82417582417582,36.0,7.814117647058824,57.0,26.15,2.367682203688976,31.20000000000001,0.8000000000000002
4824,Zeeshan Ansari,True,0.9999999480314448,0.9999999480314448,finishing allrounder,49.0,,89.0909090909091,54.0,7.978494623655914,39.0,25.95,2.3070369189394557,14.499999999999998,9.999999999999996
4826,George Garton,False,0.07662628988207984,0.07662628988207984,finishing allrounder,4.0,,50.0,4.0,9.049180327868852,6.0,28.7,1.0894945028379677,0.0,-1.9999999999999996
48278,Ubaid Shah,True,0.3048140747125702,0.3048140747125702,finishing allrounder,0.0,,0.0,5.0,6.814814814814815,4.0,19.81,0.0,,
48281,Anant Bharwad,False,4.7590613669351415e-07,4.7590613669351415e-07,opener,208.0,,136.8421052631579,,,13.0,30.58,72.0,85.99999999999996,
4830,Keacy Carty,False,0.011757624024034796,0.011757624024034796,top/middle,4.0,,30.76923076923077,,,1.0,28.69,1.0480643130580782,,
48306,Sagar Rana,False,3.36387740662478e-05,3.36387740662478e-05,finisher,2.0,,50.0,0.0,10.0,1.0,25.01,50.0,,
48307,Siddharth Balodi,False,0.001132465198900757,0.001132465198900757,finisher,2.0,,100.0,0.0,3.4285714285714284,1.0,27.42,100.0,,
4837,Obed McCoy,True,0.9999999854278405,0.9999999854278405,finishing allrounder,52.0,,85.24590163934427,69.0,7.807580174927113,46.0,28.89,1.364597893983037,3.1428571428571446,-0.09999999999999988
4838,Keemo Paul,True,0.9569836722214138,0.9569836722214138,finishing allrounder,19.0,,76.0,1.0,8.5,3.0,27.76,0.6952052651673084,,
4840,Odean Smith,True,0.9999999999838018,0.9999999999838018,finishing allrounder,177.0,,121.23287671232876,28.0,9.304347826086957,25.0,29.07,1.4601751746399334,-114.99999999999996,-19.999999999999993
4842,Shamar Springer,False,0.01945445340533506,0.01945445340533506,finishing allrounder,55.0,,148.64864864864865,6.0,7.875,5.0,28.0,2.5953076361279654,40.999999999999986,1.9999999999999996
4847,Finn Allen,True,0.9999999994293025,0.9999999994293025,opener,889.0,,157.6241134751773,,,33.0,26.6,2.6329016102311473,33.99999999999999,
48498,Akash Pawar,False,4.3853430403995866e-05,4.3853430403995866e-05,finishing allrounder,77.0,,175.0,19.0,7.536231884057971,9.0,25.9,175.0,,
48499,Kush Kariya,False,0.00015434400803484498,0.00015434400803484498,finisher,17.0,,106.25,,,4.0,25.9,106.25,,
48504,Ayush Mhatre,True,0.9999999519118431,0.9999999519118431,opener,430.0,,176.2295081967213,3.0,10.036363636363637,14.0,18.37,2.427448388740427,,
48505,Aaryaraj Nikam,False,0.0002475998781279602,0.0002475998781279602,top/middle,21.0,,75.0,,,4.0,25.9,3.16714007739912,,
48510,Dharsh Murkute,False,0.0002871398247437907,0.0002871398247437907,finisher,7.0,,233.33333333333334,1.0,5.142857142857143,3.0,25.9,233.33333333333334,,
48520,Aditya Rawat,False,4.0291732096754885e-06,4.0291732096754885e-06,opener,56.0,,107.6923076923077,,,4.0,25.9,107.6923076923077,,
48522,Khan Naushad,False,0.0009173565230259136,0.0007797530445720265,top/middle,88.0,,131.34328358208955,,,7.0,34.78,3.950891633860488,,
4853,Glenn Phillips,True,0.9999999994752704,0.9999999994752704,top/middle,939.0,,136.8804664723032,8.0,6.87378640776699,44.0,28.97,1.8967483574798023,-14.19999999999999,0.20000000000000004
4854,Rachin Ravindra,True,0.9999999999011275,0.9999999999011275,batting allrounder,779.0,,133.3904109589041,12.0,6.514285714285714,46.0,26.02,2.144422837753244,81.28571428571426,-1.714285714285714
48545,Ronit Patel,False,0.0024163406632514133,0.0024163406632514133,top/middle,127.0,,162.82051282051282,,,5.0,25.9,162.82051282051282,,
48546,Saumy Pandey,False,4.3790704619924847e-07,4.3790704619924847e-07,finishing allrounder,5.0,,55.55555555555556,11.0,8.359832635983263,12.0,21.06,0.0,,
48548,Nischith Pai,False,0.0005235680433610295,0.0005235680433610295,finishing allrounder,1.0,,25.0,7.0,8.661971830985916,7.0,25.9,25.0,,-2.9999999999999996
48552,Varun Singh Bhuie,False,2.9331889753051084e-05,2.9331889753051084e-05,finishing allrounder,78.0,,120.0,20.0,6.985590778097983,17.0,20.65,2.9193941113760533,1.9999999999999996,13.999999999999996
48554,Govind Pai,False,0.0016138595051959767,0.0016138595051959767,finisher,34.0,,106.25,,,5.0,25.9,106.25,,
48555,Andre Siddharth,False,0.036000999242426224,0.036000999242426224,top/middle,193.0,,101.04712041884817,,,14.0,19.25,10.732619813935585,68.99999999999999,
48556,Vikas Sharma,False,8.628476684130044e-06,8.628476684130044e-06,top/middle,142.0,,149.47368421052633,,,6.0,24.57,,,
4856,Benjamin Sears,False,0.050231830115903243,0.050231830115903243,finishing allrounder,21.0,,72.41379310344827,18.0,8.628571428571428,18.0,27.79,1.7972989816132305,2.9999999999999987,1.3142857142857143
48563,Yashu Pradhan,False,0.003968787732413275,0.003968787732413275,opener,98.0,,85.96491228070175,,,6.0,25.9,85.96491228070175,-33.99999999999999,
48564,Pratham Jachak,False,8.730170089347195e-05,8.730170089347195e-05,finisher,98.0,,108.88888888888889,,,13.0,25.9,2.8036730123294857,77.99999999999999,
48566,Saranu Nishanth,True,0.85879589781382,0.85879589781382,finishing allrounder,1.0,,50.0,1.0,7.894736842105263,2.0,20.73,,,
48569,Rudra Mayur Patel,False,0.0002053196504037229,0.0002053196504037229,opener,119.0,,115.53398058252426,0.0,7.75,6.0,19.92,115.53398058252426,,
48572,Sreeraj Pattanaik,False,0.004624109647659629,0.004624109647659629,finisher,4.0,,133.33333333333334,0.0,15.0,1.0,25.9,133.33333333333334,,
48575,Sahil Parakh,False,0.01772434453965791,0.01772434453965791,top/middle,383.0,,155.06072874493927,,,18.0,18.47,8.71957287509898,20.999999999999993,
48616,Abdul Gaffar Saqlain,True,0.7553256407774831,0.7553256407774831,finishing allrounder,16.0,,106.66666666666667,6.0,6.578947368421052,5.0,27.78,106.66666666666667,,
487,Isuru Udana,True,0.9972889867481307,0.6981022907236915,finishing allrounder,50.0,,111.11111111111111,6.0,7.92,10.0,37.77,1.1968869178631165,-12.999999999999996,-1.4999999999999998
4874,Richard Ngarava,False,0.3575197592155688,0.3575197592155688,finishing allrounder,8.0,,61.53846153846154,14.0,7.380753138075314,10.0,27.91,1.5363483463153336,3.999999999999999,-5.999999999999999
48741,Rakesh Prasad,True,0.7123743414530513,0.7123743414530513,top/middle,47.0,,127.02702702702703,,,5.0,26.02,127.02702702702703,,
48766,Pankaj Rai,True,0.9976001269347331,0.9976001269347331,finishing allrounder,48.0,,75.0,16.0,5.403973509933775,19.0,19.63,47.36842105263158,-39.999999999999986,-13.999999999999996
48767,Pankaj Khadal,False,0.037264765252442655,0.037264765252442655,finishing allrounder,2.0,,100.0,13.0,4.89908256880734,11.0,19.97,100.0,,-10.999999999999998
48768,Himangshu Ramciary,False,0.0008415515783519895,0.0008415515783519895,finisher,25.0,,80.64516129032258,,,5.0,24.57,,,
48769,Atul Singh,False,0.0005571200944679259,0.0005571200944679259,finisher,8.0,,42.10526315789474,1.0,7.0,5.0,24.74,,,
48771,Vedant Pandey,True,0.9985030659057065,0.9985030659057065,finishing allrounder,83.0,,90.21739130434783,20.0,6.36734693877551,19.0,25.92,101.92307692307692,-10.999999999999998,-13.999999999999996
48780,Aman Singh,False,0.0004621463859067305,0.0004621463859067305,opener,68.0,,74.72527472527473,,,5.0,19.97,,,
48783,Mudit Bajaj,False,3.931138587063827e-05,3.931138587063827e-05,finisher,5.0,,26.31578947368421,,,2.0,18.06,,,
48794,Yuvraj Tewari,False,3.5342294559438613e-06,3.5342294559438613e-06,batting allrounder,161.0,,84.73684210526316,8.0,4.930693069306931,8.0,21.4,,,
48795,Kangkan Talukdar,False,0.0010315524342056695,0.0010315524342056695,finishing allrounder,16.0,,45.714285714285715,13.0,5.48,7.0,22.92,,,
48796,Nishchay Sharma,False,1.1880158047504e-05,1.1880158047504e-05,finishing allrounder,2.0,,12.5,19.0,5.36518771331058,13.0,21.35,0.0,-1.9999999999999996,-0.9999999999999998
48797,Piyush Kamati,False,0.0005631867112680524,0.0005631867112680524,finishing allrounder,35.0,,68.62745098039215,3.0,4.935483870967742,9.0,19.17,50.0,-32.99999999999999,
48799,Victor Kashyap,False,3.583778208294592e-07,3.583778208294592e-07,top/middle,170.0,,82.52427184466019,0.0,16.0,10.0,18.78,,,
48801,Rangajyoti Khargoria,False,0.01390603748758853,0.01390603748758853,finishing allrounder,8.0,,88.88888888888889,5.0,4.363636363636363,4.0,23.57,88.88888888888889,,
48803,Avijit Roy,False,0.0030408635806816278,0.0021286045064771394,finishing allrounder,36.0,,70.58823529411765,1.0,9.142857142857142,4.0,38.77,70.58823529411765,,
48804,Arpit Bhatewara,False,0.0006536380618009267,0.0006536380618009267,opener,30.0,,69.76744186046511,,,3.0,31.9,69.76744186046511,,
48805,Rajmoon Sarmah,False,0.0017803345769434268,0.0017803345769434268,finishing allrounder,4.0,,23.529411764705884,6.0,5.25,15.0,27.48,23.529411764705884,,-1.9999999999999996
48810,Akash Basfor,False,1.018653653590841e-05,1.018653653590841e-05,opener,56.0,,78.87323943661971,3.0,6.19672131147541,3.0,20.91,,,
48811,Debanuj Goswami,False,0.007781349974389483,0.007781349974389483,top/middle,13.0,,30.952380952380953,,,5.0,22.1,42.857142857142854,-6.999999999999998,
48813,Varun Jajodia,False,0.00020454518817712787,0.00020454518817712787,finisher,10.0,,40.0,,,1.0,19.37,,,
48815,Prince Thakur,False,3.0547456349699183e-05,3.0547456349699183e-05,finishing allrounder,14.0,,73.6842105263158,6.0,6.3076923076923075,10.0,21.15,,,
48816,Rajib Das,True,0.9905986587718644,0.9905986587718644,finishing allrounder,27.0,,90.0,5.0,6.34375,13.0,18.92,90.0,,
48819,Wasim Sahil Saikia,False,0.0009059325334836801,0.0009059325334836801,finisher,87.0,,82.85714285714286,4.0,13.0,10.0,21.27,68.18181818181819,-58.999999999999986,
48820,Sameer Dewra,False,0.0006550670433090427,0.0006550670433090427,finishing allrounder,13.0,,44.827586206896555,9.0,5.2105263157894735,8.0,20.02,,,
48823,Himanshu Saraswati,False,4.195906783929337e-06,4.195906783929337e-06,finishing allrounder,122.0,,119.6078431372549,8.0,5.639097744360902,6.0,20.14,119.6078431372549,,
48827,Devraj Sharma,False,0.00012318957543132417,0.00012318957543132417,top/middle,0.0,,0.0,,,2.0,18.84,,,
48828,Mahadananda Borah,False,0.008729037267183135,0.008729037267183135,finisher,18.0,,36.734693877551024,,,5.0,18.83,70.0,-3.999999999999999,
48829,Prakhar Mundra,False,6.979209248121707e-05,6.979209248121707e-05,finisher,45.0,,52.325581395348834,,,8.0,18.36,,,
48830,Prithwirup Choudhury,False,3.879628531606731e-05,3.879628531606731e-05,opener,45.0,,56.25,,,7.0,25.9,,,
48856,Rakesh Das,False,0.0001531914369356142,0.0001531914369356142,finisher,9.0,,60.0,1.0,7.0,7.0,22.92,,,
48892,Arpit Rana,False,9.347538754073287e-08,9.347538754073287e-08,opener,757.0,,137.13768115942028,1.0,9.758241758241759,21.0,22.03,137.13768115942028,232.99999999999994,0.9999999999999998
48936,Sanjib Dutta,False,0.005595264772051107,0.003916685340435775,finishing allrounder,163.0,,99.39024390243902,26.0,7.27710843373494,13.0,36.77,106.20689655172414,,
48941,Krishna Karmakar,False,0.00012784459645894035,0.00012784459645894035,finisher,2.0,,40.0,,,2.0,20.83,,,
48944,Priyangshu Singh,False,0.000324971142019276,0.000324971142019276,top/middle,132.0,,96.35036496350365,,,9.0,23.88,93.22033898305085,-21.999999999999996,
48946,,False,6.417337007833447e-05,6.417337007833447e-05,bowler,25.0,,62.5,3.0,5.419354838709677,0.0,,62.5,,
48947,Sumit Mathur,False,0.00033659439607133443,0.00023561607724993409,finishing allrounder,31.0,,106.89655172413794,1.0,7.833333333333333,6.0,44.0,106.89655172413794,,
48948,Vedant Bhardwaj,False,6.241773811437371e-07,6.241773811437371e-07,opener,620.0,,138.70246085011186,,,12.0,27.17,138.70246085011186,,
4895,Charith Asalanka,True,0.9999999995175612,0.9999999995175612,top/middle,745.0,,115.14683153013911,7.0,7.733333333333333,46.0,28.41,2.6750202219484858,5.799999999999999,1.357142857142857
48950,Vikrant Rana,False,3.385563338239881e-06,3.385563338239881e-06,finishing allrounder,6.0,,85.71428571428571,19.0,8.8,13.0,26.29,85.71428571428571,1.9999999999999996,-6.999999999999998
48953,Danish Malewar,False,0.00022695041713742,0.00022695041713742,top/middle,318.0,,157.4257425742574,,,6.0,22.14,157.4257425742574,,
48954,Devendra Kunwar,False,0.0002588262633162026,0.0002588262633162026,top/middle,5.0,,26.31578947368421,0.0,11.0,2.0,29.99,26.31578947368421,,
48956,Bhim Luitel,False,9.139465860114469e-05,9.139465860114469e-05,finishing allrounder,2.0,,25.0,3.0,6.065217391304348,10.0,24.77,25.0,,2.9999999999999996
48957,Bijay Prasad,False,0.003292808866040726,0.003292808866040726,finishing allrounder,1.0,,25.0,7.0,6.072289156626506,9.0,23.23,25.0,,
48959,AK Chettri,False,0.001060088815566346,0.001060088815566346,opener,118.0,,112.38095238095238,,,8.0,23.08,112.38095238095238,,
4900,Wanindu Hasaranga,True,0.9999999999975424,0.9999999999975424,finishing allrounder,516.0,,118.89400921658986,122.0,7.675344563552833,86.0,28.33,1.5418205074931728,1.3000000000000012,0.500000000000001
49003,Hasan Nawaz,True,0.9999953502745889,0.9999953502745889,top/middle,364.0,,149.18032786885246,,,17.0,23.27,1.0602604679521606,,
4901,Asitha Fernando,True,0.9998102813422576,0.9998102813422576,finishing allrounder,11.0,,183.33333333333334,5.0,9.870967741935484,7.0,28.33,1.0532128324214423,-4.499999999999998,-0.4999999999999999
4902,Avishka Fernando,True,0.9999962265134203,0.9999962265134203,top/middle,299.0,,114.12213740458016,,,20.0,27.64,1.9060736535670033,7.199999999999999,
49027,Bevon Jacobs,False,0.0015151750934565538,0.0015151750934565538,finisher,20.0,,86.95652173913044,,,1.0,23.56,86.95652173913044,,
4904,Kamindu Mendis,True,0.9999999999351981,0.9999999999351981,finishing allrounder,426.0,,118.66295264623956,5.0,8.013698630136986,26.0,27.16,1.9131747848809029,53.65384615384615,0.7307692307692308
4908,Lahiru Samarakoon,False,0.02408722724718097,0.02408722724718097,finishing allrounder,0.0,,0.0,0.0,12.72,2.0,28.73,0.0,,
492,Andre Fletcher,False,0.0013506683395711808,0.0009454678376998265,top/middle,583.0,,122.73684210526316,0.0,5.0,27.0,38.0,1.6655236599783463,-67.7,
4926,Shadab Khan,True,0.9999999752469386,0.9999999752469386,finishing allrounder,418.0,,132.6984126984127,34.0,7.539823008849558,43.0,27.15,1.9468632650076847,10.3,-1.0999999999999996
49265,Ahmed Tariq,True,0.005190243039602097,0.005190243039602097,top/middle,0.0,,0.0,,,2.0,20.59,0.0,,
49268,Sohaib Khan,True,0.9642938806178333,0.9642938806178333,top/middle,76.0,,111.76470588235294,,,3.0,27.48,111.76470588235294,,
49343,Mayank Kumar,False,0.00031587035987277296,0.00031587035987277296,finishing allrounder,34.0,,89.47368421052632,2.0,7.565217391304348,3.0,24.1,89.47368421052632,,
49369,Mayank Choudhary,False,0.010289518786896703,0.010289518786896703,top/middle,7.0,,50.0,,,2.0,24.54,50.0,,
494,Kieron Pollard,True,0.9999999998833666,0.6999999999183566,finishing allrounder,591.0,,121.85567010309278,15.0,6.918918918918919,42.0,38.54,2.513707485258013,-100.99999999999999,0.9999999999999998
4947,Kasun Rajitha,True,0.9994733813376859,0.849552374137033,finishing allrounder,15.0,,136.36363636363637,4.0,8.014925373134329,6.0,32.49,1.7354519708140543,,-3.999999999999999
496,Lendl Simmons,False,0.0043498063138451845,0.003044864419691629,opener,461.0,,120.36553524804178,1.0,9.67741935483871,16.0,40.84,3.8230495326247307,-30.999999999999986,0.9999999999999998
49626,Puneet Rajkumar Tripathy,False,0.019309481354169024,0.01641305915104367,batting allrounder,170.0,,140.49586776859505,2.0,6.9818181818181815,8.0,32.75,2.4461753008834752,,
49665,Prince Choudhary,False,0.5533371171214579,0.5533371171214579,finishing allrounder,1.0,,50.0,2.0,10.772727272727273,5.0,26.16,50.0,,
49666,Tarun Bisht,False,0.0006776625659420631,0.0006776625659420631,finisher,3.0,,33.333333333333336,,,3.0,25.9,33.333333333333336,,
49670,Vansh Bedi,False,0.0020372199906359516,0.0020372199906359516,top/middle,408.0,,179.73568281938327,,,18.0,22.93,179.73568281938327,-33.99999999999999,
49674,Shivam Gupta,False,1.1360699151505666e-07,1.1360699151505666e-07,opener,305.0,,132.03463203463204,,,14.0,25.63,132.03463203463204,248.9999999999999,
49677,Samarth Seth,False,0.03455654046609375,0.03455654046609375,finisher,79.0,,117.91044776119404,,,7.0,23.88,117.91044776119404,,
49682,Ritik Vats,False,9.954803470322394e-07,9.954803470322394e-07,finisher,178.0,,181.6326530612245,,,15.0,23.15,181.6326530612245,137.99999999999997,
497,Tamim Iqbal,False,0.0001321264756530845,9.248853295715914e-05,opener,1614.0,,122.64437689969606,,,48.0,36.69,20.779481565392775,19.4,
4973,Bilal Khan,False,0.00904215194230784,0.006329506359615487,finishing allrounder,2.0,,40.0,15.0,6.605504587155964,13.0,37.63,0.562730112015236,,
4974,Mohammad Nadeem,True,0.9976378735111971,0.698346511457838,finishing allrounder,69.0,,85.18518518518519,2.0,8.4375,5.0,43.23,1.9555637871372846,-62.99999999999998,0.0
49803,Mrigen Talukdar,False,1.622579897082868e-05,1.1358059279580075e-05,finisher,2.0,,28.571428571428573,,,3.0,40.91,28.571428571428573,,
49805,Mukut Kalita,False,1.8108347566060537e-05,1.2675843296242376e-05,top/middle,20.0,,68.96551724137932,,,3.0,43.99,,,
49811,Fazaruddin Ahmed,False,0.0006798170904095136,0.00047587196328665953,finishing allrounder,22.0,,129.41176470588235,6.0,5.438848920863309,9.0,38.72,,,
49815,Trilochan Singh,False,0.003951197938641033,0.003951197938641033,finishing allrounder,1.0,,50.0,3.0,6.9818181818181815,3.0,25.58,50.0,,
49816,Shaan Singh Rana,True,0.9979101841385676,0.9979101841385676,finisher,88.0,,103.52941176470588,1.0,3.4285714285714284,16.0,18.0,145.45454545454547,,
49818,Altaf Alam,False,0.002727421591213403,0.002727421591213403,finishing allrounder,24.0,,109.0909090909091,3.0,9.12,4.0,21.17,109.0909090909091,,
49820,Hrishikesh Bharadwaj,False,0.0005203296589509379,0.0005203296589509379,finishing allrounder,36.0,,94.73684210526316,11.0,2.8,7.0,23.6,,,
49822,Dhruv Bishnoi,False,0.00018244167824630906,0.00018244167824630906,finisher,9.0,,45.0,,,4.0,18.78,,,
49826,Rajveer Singh,False,6.335282348367561e-06,6.335282348367561e-06,top/middle,123.0,,91.7910447761194,,,6.0,19.38,91.7910447761194,,
49827,Gopal Ghosh,False,0.0011558259223950523,0.0011558259223950523,finishing allrounder,34.0,,94.44444444444444,8.0,5.089887640449438,12.0,19.01,,,-7.999999999999998
49832,Nadimur Rehman,False,4.96436586604634e-06,4.96436586604634e-06,top/middle,110.0,,70.06369426751593,0.0,9.428571428571429,14.0,20.01,76.57657657657657,-29.99999999999999,
49833,Sangeet Das,False,0.00042911014661925235,0.00042911014661925235,finishing allrounder,2.0,,50.0,1.0,6.315789473684211,3.0,21.54,,,
49835,Manikarna Sarma,False,5.42977866531049e-06,5.42977866531049e-06,top/middle,164.0,,88.64864864864865,,,13.0,25.62,82.92682926829268,-95.99999999999999,
49836,Nausad Ali,False,0.0005265544744347399,0.0003685881321043179,finisher,16.0,,94.11764705882354,,,3.0,42.79,,,
4985,Arun Poulose,False,0.0015362059763695936,0.0010753441834587154,opener,289.0,,120.92050209205021,,,14.0,39.35,6.789698882556971,-57.499999999999986,
49850,Hrishiraj Borah,False,7.157844881418194e-05,7.157844881418194e-05,finisher,5.0,,33.333333333333336,,,3.0,20.44,,,
49851,Akshat Gupta,False,0.00044862507441649046,0.00044862507441649046,finishing allrounder,43.0,,76.78571428571429,11.0,4.299212598425197,10.0,23.62,67.5,10.999999999999998,-4.999999999999998
4986,Rovman Powell,True,0.9999999999936111,0.8499999999945694,finisher,1913.0,,141.7037037037037,2.0,9.6,92.0,32.34,2.3826051771718486,-99.69999999999997,-1.570092458683775e-16
499,Shakib Al Hasan,True,0.999999963914793,0.699999974740355,batting allrounder,1500.0,,135.01350135013502,76.0,6.182539682539683,69.0,38.68,4.794438188278287,0.7999999999999912,0.19999999999999996
4992,Swapnil Salvi,False,0.3642751689081789,0.2549926182357252,top/middle,37.0,,115.625,,,4.0,36.43,0.6988265141712251,18.499999999999996,
4995,Ankit Kaushik,False,0.01182313882139946,0.01004966799818954,top/middle,341.0,,122.22222222222223,0.0,4.5,11.0,34.23,2.688954693343982,80.49999999999999,
500,Shamsur Rahman Shuvo,False,0.013908342469125012,0.009735839728387508,top/middle,56.0,,107.6923076923077,,,5.0,37.48,1.323839908416223,0.0,
5010,Gaurav Jathar,False,0.0860156484506794,0.07311330118307749,finishing allrounder,247.0,,126.0204081632653,5.0,8.513513513513514,13.0,34.82,3.448823564190837,54.49999999999997,
50192,Vikram Kumar,False,0.00030850281524496506,0.00030850281524496506,finishing allrounder,18.0,,81.81818181818181,5.0,9.333333333333334,4.0,21.36,81.81818181818181,,
50196,Nishank L,False,0.0031621322597056435,0.0031621322597056435,finisher,7.0,,43.75,,,5.0,23.35,43.75,-2.9999999999999996,
502,Rubel Hossain,False,0.0008999212152214401,0.000629944850655008,finishing allrounder,30.0,,130.43478260869566,21.0,8.11111111111111,20.0,35.9,130.43478260869566,-8.999999999999996,-3.499999999999999
50206,Ujwal S Gowda,False,0.0019664914616499473,0.0019664914616499473,finisher,28.0,,155.55555555555554,,,1.0,21.23,155.55555555555554,,
50250,Sarath Kumar,False,0.09387186255221182,0.07979108316938004,finisher,309.0,,124.09638554216868,,,22.0,34.4,3.633486123025517,-28.499999999999986,
5028,Deepak Punia,False,6.952814741575232e-06,5.909892530338947e-06,finishing allrounder,231.0,,146.20253164556962,6.0,7.981900452488688,19.0,32.16,146.20253164556962,52.99999999999999,-5.999999999999999
50280,Jaskirat Singh Sachdeva,False,0.0007266599151454981,0.0007266599151454981,top/middle,75.0,,122.95081967213115,1.0,6.631578947368421,2.0,26.03,122.95081967213115,,
50284,Vaibhav Suryavanshi,True,0.9999232508247375,0.9999232508247375,opener,518.0,,211.42857142857142,,,12.0,14.67,3.62543328216067,,
50285,Tishant Pawan Dabla,False,2.420202971669377e-06,2.420202971669377e-06,finishing allrounder,157.0,,148.11320754716982,5.0,8.35,19.0,27.02,148.11320754716982,-78.99999999999997,0.9999999999999998
50286,Aditya Patel,False,1.5721706450573903e-05,1.5721706450573903e-05,opener,73.0,,105.79710144927536,,,6.0,30.51,105.79710144927536,,
50287,Sunpreet Chandrajeet Bagga,False,4.308758900236867e-05,4.308758900236867e-05,top/middle,74.0,,98.66666666666667,,,5.0,25.52,98.66666666666667,,
5029,Prerak Mankad,True,0.9999997544754017,0.9999997544754017,batting allrounder,1057.0,,142.06989247311827,22.0,8.493333333333334,37.0,31.59,1.3823906474707681,21.2,-1.5
50293,Babul Badal Dey,False,1.0364729170505597e-06,1.0364729170505597e-06,opener,1.0,,20.0,,,1.0,25.96,20.0,,
50333,Bishal Tamang,False,0.0013960807549478571,0.0013960807549478571,finishing allrounder,13.0,,81.25,6.0,4.9655172413793105,3.0,25.9,81.25,,
5034,Murugan Ashwin,True,0.999999988205765,0.6999999917440355,finishing allrounder,356.0,,97.26775956284153,59.0,6.9883990719257545,60.0,35.22,1.131671552775803,-19.2,-2.9000000000000004
5039,Rajat Patidar,True,0.9999999999964233,0.8499999999969597,top/middle,1771.0,,151.49700598802394,,,63.0,32.49,3.7276233118744937,39.400000000000006,
504,Naeem Islam,False,6.4250525127960325e-06,4.497536758957222e-06,finisher,205.0,,111.41304347826087,6.0,4.9787234042553195,13.0,38.9,15.064971505075603,8.428571428571427,1.333333333333333
5041,Mukesh Kumar,True,0.9999999981261978,0.8499999984072681,finishing allrounder,19.0,,67.85714285714286,96.0,8.331360946745562,70.0,32.12,0.8150762553360895,-0.20000000000000018,8.8
505,Mushfiqur Rahim,False,5.789074909167961e-05,4.052352436417573e-05,top/middle,1245.0,,117.56373937677054,,,63.0,38.55,2.1313244133423197,37.00000000000002,
5050,Almas Shaukat,False,0.01186183477028465,0.01186183477028465,top/middle,508.0,,109.71922246220302,,,19.0,29.96,4.335727384166108,-166.49999999999994,
5053,Ankit Kushwah,False,0.11899199891683186,0.10114319907930708,finishing allrounder,38.0,,126.66666666666667,23.0,8.794029850746268,18.0,33.6,4.586490314810867,23.999999999999996,3.1428571428571423
50589,Rinkesh Anil Vaghela,False,0.0010434571345914793,0.0010434571345914793,finishing allrounder,4.0,,80.0,5.0,6.836065573770492,5.0,27.08,80.0,,
506,Mohammad Mithun,False,1.2146214672175927e-05,1.0324282471349537e-05,top/middle,833.0,,114.42307692307692,,,45.0,34.74,27.444348870006547,37.9,
5062,Manender Singh,False,5.24445401023988e-06,5.24445401023988e-06,opener,12.0,,100.0,,,1.0,29.9,100.0,,
5065,Udiyan Bose,False,1.0075278444356508e-05,1.0075278444356508e-05,opener,2.0,,28.571428571428573,,,2.0,31.97,28.571428571428573,,
5066,Nirupam Sen Chowdhary,False,0.0007403322091212701,0.000518232546384889,top/middle,40.0,,97.5609756097561,,,2.0,35.09,97.5609756097561,,
5068,Abhijit Sarkar,False,0.003284515457294739,0.003284515457294739,finishing allrounder,16.0,,114.28571428571429,5.0,9.0,5.0,28.93,2.2111456686135127,-11.999999999999998,-2.9999999999999996
507,Mohammad Mahmudullah,True,0.9999913862619199,0.6999939703833439,finisher,1291.0,,116.83257918552036,9.0,7.3215859030837,71.0,39.81,4.025834106717936,-15.799999999999994,-0.6000000000000001
5071,Akash Vasisht,False,0.040687699210403265,0.040687699210403265,finishing allrounder,229.0,,150.6578947368421,5.0,4.0,9.0,30.94,3.6022121943058205,-202.9999999999999,-2.9999999999999996
5073,Mihir Hirwani,True,0.9995804303939645,0.9995804303939645,finishing allrounder,67.0,,131.37254901960785,18.0,9.076923076923077,18.0,31.54,1.4107201103728022,6.428571428571424,1.7714285714285711
51064,M Eshwar,False,0.006318240139013429,0.006318240139013429,finisher,37.0,,148.0,,,2.0,26.85,2.6573370645646253,,
51078,Adarsh Singh,False,4.5429418808350863e-07,4.5429418808350863e-07,top/middle,660.0,,127.65957446808511,,,23.0,20.45,127.65957446808511,43.99999999999999,
51083,Arif Ahmed,False,0.014048719689759574,0.014048719689759574,finishing allrounder,10.0,,62.5,1.0,9.636363636363637,3.0,,2.156217844992714,,
51087,Vashish Mehra,False,0.007851190799330544,0.007851190799330544,finishing allrounder,4.0,,200.0,4.0,7.5,4.0,22.0,200.0,,
51263,V Anovankar,False,0.12915237843254002,0.12915237843254002,finisher,28.0,,186.66666666666666,,,2.0,24.1,186.66666666666666,,
51290,Kirubakar R,False,9.241370789133959e-05,9.241370789133959e-05,finisher,3.0,,50.0,0.0,8.666666666666666,1.0,20.57,50.0,,
51293,K Aashiq,False,0.010259380863858018,0.010259380863858018,opener,208.0,,124.55089820359281,,,7.0,25.2,3.5277323116218637,,
51346,D Santhosh Kumar,False,0.003147954318327062,0.003147954318327062,opener,335.0,,127.3764258555133,,,15.0,22.73,5.510374463824804,-6.999999999999998,
51390,M Karthik Saran,False,0.01268840308493674,0.01268840308493674,finishing allrounder,38.0,,126.66666666666667,3.0,8.15625,9.0,29.35,1.1698540416125773,,
51438,Dinesh H,False,0.002713875791336676,0.002713875791336676,finisher,25.0,,113.63636363636364,,,2.0,25.74,2.484778313078464,,
51699,Atul Vitkar,False,0.002003889658542437,0.002003889658542437,opener,24.0,,120.0,,,1.0,,120.0,,
51707,Rajalingam Rajalingam,False,0.0014890053190615552,0.0014890053190615552,finishing allrounder,26.0,,173.33333333333334,3.0,12.375,4.0,22.96,1.5000757633347788,,
51864,Amogh Bhatkal,True,0.983872428869326,0.983872428869326,top/middle,87.0,,131.8181818181818,,,7.0,31.58,1.7006534273637368,,
5189,Faheem Ashraf,True,0.9999772083111058,0.9999772083111058,finishing allrounder,421.0,,150.89605734767025,59.0,7.14249684741488,43.0,31.86,2.2829356461452974,38.68571428571428,8.37142857142857
52040,Aman Iqbal Khan,False,0.0002693098380893014,0.0002693098380893014,top/middle,50.0,,100.0,,,5.0,26.96,100.0,,
52048,Ankeet Chavan,False,3.3972537844684725e-06,2.3780776491279306e-06,finishing allrounder,160.0,,146.78899082568807,9.0,6.881118881118881,7.0,40.08,146.78899082568807,,
52050,Akash Malbari,False,0.00020813235445111901,0.00020813235445111901,finisher,77.0,,124.19354838709677,,,4.0,27.16,124.19354838709677,,
52051,Aarush Patankar,False,5.225005967733143e-05,5.225005967733143e-05,batting allrounder,42.0,,95.45454545454545,7.0,7.702702702702703,6.0,19.57,95.45454545454545,,
52054,Gautam Sathe,False,0.00012995818612056913,0.00012995818612056913,top/middle,0.0,,0.0,,,2.0,19.53,0.0,,
52056,Rahul Magade,False,2.0685503111392004e-08,2.0685503111392004e-08,finisher,107.0,,116.30434782608695,,,7.0,25.5,116.30434782608695,,
52059,Tushar Kadam,False,0.0015757715857578748,0.0015757715857578748,finishing allrounder,9.0,,128.57142857142858,10.0,5.694915254237288,6.0,23.43,128.57142857142858,,
52060,Chandraprakash Bharadwaj,False,0.00028295355171535343,0.00028295355171535343,finishing allrounder,9.0,,90.0,5.0,7.032258064516129,5.0,20.29,90.0,,
52064,Mohd Danish Rianee,False,0.00021108781108486322,0.00021108781108486322,finishing allrounder,1.0,,100.0,2.0,7.475409836065574,3.0,27.84,100.0,,
52070,Akash Anand,False,0.012487230894372486,0.012487230894372486,top/middle,74.0,,101.36986301369863,,,6.0,30.09,3.574855187329064,,
52071,Kartike Savla,False,4.54892835845352e-06,4.54892835845352e-06,finisher,3.0,,50.0,,,3.0,25.9,50.0,,
52072,Srujan Athawale,False,0.00044562154643557007,0.00044562154643557007,opener,228.0,,134.9112426035503,,,9.0,25.9,134.9112426035503,,
52073,Ayushman Yadav,False,2.553596100415643e-05,2.553596100415643e-05,finisher,0.0,,0.0,,,1.0,20.03,0.0,,
52074,Rushikesh Jadhav,False,2.1349207495560432e-05,2.1349207495560432e-05,finishing allrounder,14.0,,51.851851851851855,4.0,7.573770491803279,5.0,27.19,59.09090909090909,,
52075,Sreyash Kumar,False,0.0007587888614753763,0.0007587888614753763,opener,174.0,,122.53521126760563,,,6.0,21.2,122.53521126760563,,
52076,Sandeep Saro,False,2.485989996263463e-05,2.485989996263463e-05,top/middle,4.0,,28.571428571428573,,,3.0,23.65,28.571428571428573,,
52086,Manish Yadav,False,1.333648799726448e-05,1.333648799726448e-05,finisher,72.0,,92.3076923076923,,,6.0,23.01,92.3076923076923,,
52089,Babli Sharma,False,0.0004153232101566525,0.0004153232101566525,finisher,4.0,,66.66666666666667,,,2.0,30.9,66.66666666666667,,
52091,Ajinkya Divekar,False,0.0006085324856731529,0.000425972739971207,top/middle,77.0,,91.66666666666667,,,5.0,35.25,91.66666666666667,,
52095,Shubham Shinde,False,2.9610958104360737e-05,2.9610958104360737e-05,finisher,19.0,,86.36363636363636,,,4.0,20.32,86.36363636363636,,
52099,Aditya Srivastava,False,0.00357424571533794,0.00357424571533794,top/middle,140.0,,113.82113821138212,,,7.0,25.17,113.82113821138212,,
52101,Atharva Adhikari,False,0.00039502441372039345,0.00039502441372039345,opener,46.0,,124.32432432432432,,,2.0,21.79,124.32432432432432,,
52102,Uzair Khan,False,0.0001411592944410458,0.0001411592944410458,finishing allrounder,1.0,,50.0,6.0,6.425806451612903,7.0,24.95,50.0,,
52104,Shreyansh Bogar,False,0.0001006588888558165,0.0001006588888558165,finishing allrounder,5.0,,100.0,7.0,8.096385542168674,5.0,24.18,100.0,,
52107,Aashmaan Katyal,False,2.8931796290439892e-05,2.8931796290439892e-05,finisher,2.0,,16.666666666666668,,,1.0,18.93,16.666666666666668,,
52109,Amol Tanpure,False,6.1009797672862765e-06,6.1009797672862765e-06,finishing allrounder,4.0,,28.571428571428573,6.0,8.464285714285714,7.0,25.9,28.571428571428573,,
52112,Ashish Kolte,False,0.003995923784858333,0.003995923784858333,finishing allrounder,14.0,,93.33333333333333,1.0,10.846153846153847,2.0,27.97,93.33333333333333,,
52114,Ankush Paswan,False,4.749960149966344e-06,4.749960149966344e-06,finishing allrounder,65.0,,104.83870967741936,1.0,7.659574468085107,6.0,19.24,104.83870967741936,,
52115,Arbaaz Shaikh,False,4.179774543479891e-05,4.179774543479891e-05,top/middle,1.0,,50.0,,,1.0,16.61,50.0,,
52117,Sumedh Nikam,False,3.4655014158825824e-05,3.4655014158825824e-05,opener,0.0,,0.0,,,1.0,25.17,0.0,,
52119,Meet Samani,False,8.288221575653743e-05,8.288221575653743e-05,top/middle,14.0,,66.66666666666667,,,1.0,29.88,66.66666666666667,,
52121,"Aryan Dalal,",False,0.0003280655260407415,0.0003280655260407415,finisher,137.0,,109.6,,,9.0,22.81,109.6,-0.9999999999999998,
52124,Yuvraj Dombe,False,1.6611596937329408e-05,1.6611596937329408e-05,finisher,4.0,,23.529411764705884,,,1.0,19.53,23.529411764705884,,
52128,Siddhant Addhatrao,False,0.08269272049506095,0.0702888124208018,top/middle,268.0,,117.03056768558952,,,10.0,33.61,3.4864779838421773,,
52152,Akhil Chaudhary,False,4.948996289859478e-06,4.948996289859478e-06,finishing allrounder,33.0,,106.45161290322581,18.0,9.296052631578947,15.0,23.37,106.45161290322581,26.999999999999993,-1.9999999999999996
52346,Karan Singh,False,0.00024551284875406733,0.00024551284875406733,top/middle,1.0,,25.0,,,2.0,28.01,25.0,,
52347,Aamir Bhutia,False,0.00011873734797387931,0.00011873734797387931,top/middle,84.0,,80.76923076923077,,,9.0,27.43,80.76923076923077,,
52348,Roshan Kumar Prasad,False,1.523635326564958e-05,1.523635326564958e-05,finisher,116.0,,92.06349206349206,0.0,9.857142857142858,12.0,21.43,4.245833139247797,45.999999999999986,0.0
52358,Md Sahil,False,0.0037366697395597418,0.0037366697395597418,finishing allrounder,0.0,,0.0,1.0,7.522388059701493,5.0,27.39,0.0,,
52359,Ugen Tamang,False,5.551811834185716e-05,5.551811834185716e-05,finisher,13.0,,37.142857142857146,,,5.0,17.83,37.142857142857146,,
52362,Aadnan Alam,False,4.403032088498368e-05,4.403032088498368e-05,finisher,66.0,,73.33333333333333,,,9.0,19.21,73.33333333333333,,
52368,Kunal Gupta,False,0.0022942025931718076,0.0022942025931718076,finisher,5.0,,62.5,,,3.0,20.33,62.5,,
52377,Sahil Chettri,False,1.9019701840304778e-05,1.9019701840304778e-05,finishing allrounder,5.0,,62.5,2.0,8.86046511627907,7.0,24.76,62.5,,
52378,Avinash Rajak,False,6.270589952640598e-05,6.270589952640598e-05,top/middle,39.0,,58.208955223880594,,,8.0,25.84,58.208955223880594,,
52379,Abishek Regmi,False,8.906162297445223e-07,8.906162297445223e-07,finishing allrounder,19.0,,135.71428571428572,11.0,5.368421052631579,8.0,22.63,135.71428571428572,,
52382,Parvin Kuikel,False,0.0013212703441606518,0.0013212703441606518,finishing allrounder,5.0,,166.66666666666666,2.0,3.75,6.0,17.49,166.66666666666666,,
52384,Roshan Kumar,False,3.3993474734569374e-06,3.3993474734569374e-06,finishing allrounder,17.0,,62.96296296296296,5.0,7.016949152542373,8.0,21.2,62.96296296296296,,
52390,Adarsh Ramudamu,False,0.006282889525106876,0.006282889525106876,finisher,38.0,,97.43589743589743,1.0,15.666666666666666,5.0,25.89,97.43589743589743,,
52393,Siddharth Prasad,False,6.9630550451553015e-06,6.9630550451553015e-06,finishing allrounder,55.0,,98.21428571428571,1.0,8.75,8.0,20.27,98.21428571428571,,
52394,Mohammed Talim Salim,False,0.00010269024629934104,0.00010269024629934104,finishing allrounder,6.0,,66.66666666666667,4.0,5.639097744360902,8.0,23.09,66.66666666666667,,
52396,Arnav Gupta,False,0.0007660689680781291,0.0007660689680781291,top/middle,58.0,,98.30508474576271,,,7.0,19.59,98.30508474576271,,
524,Rajagopal Sathish,False,3.9623052768252234e-05,2.773613693777656e-05,finishing allrounder,247.0,,132.79569892473117,9.0,5.061224489795919,25.0,44.87,4.945283538622691,-42.49999999999999,-8.999999999999996
52402,Adiv Tamang,False,7.000964334648912e-07,7.000964334648912e-07,top/middle,27.0,,96.42857142857143,,,1.0,23.37,96.42857142857143,,
52408,Md Emamuddin,False,2.143277032729956e-05,2.143277032729956e-05,finishing allrounder,82.0,,96.47058823529412,5.0,6.25531914893617,8.0,20.7,96.47058823529412,,
52414,Shankar Prasad,False,9.482367108584446e-05,9.482367108584446e-05,finisher,5.0,,62.5,,,1.0,31.4,62.5,,
52418,Om Gupta,False,2.5736098976980558e-05,2.5736098976980558e-05,finisher,1.0,,33.333333333333336,,,1.0,18.34,33.333333333333336,,
52421,Manoj Chettri,False,2.0099036096859953e-06,2.0099036096859953e-06,finisher,51.0,,60.0,0.0,14.0,7.0,26.03,60.0,,
52422,Robin Limboo,False,0.00011563157702707897,0.00011563157702707897,finishing allrounder,59.0,,96.72131147540983,3.0,7.928571428571429,7.0,23.38,96.72131147540983,,
52423,Rohit Limboo,False,0.00032218098699764034,0.00032218098699764034,top/middle,12.0,,70.58823529411765,,,4.0,18.69,70.58823529411765,,
52425,Yogen Lepcha,False,1.194525801986519e-07,8.361680613905632e-08,finisher,82.0,,120.58823529411765,0.0,12.666666666666666,7.0,36.41,120.58823529411765,,
52426,Ritik Gurung,False,0.00035431613102223763,0.00035431613102223763,finisher,1.0,,100.0,1.0,12.0,1.0,24.59,100.0,,
52430,Purna Bahadur,False,8.508901588806953e-05,8.508901588806953e-05,finishing allrounder,19.0,,126.66666666666667,9.0,7.602739726027397,9.0,21.94,126.66666666666667,,
52431,Sajal Thapa,False,2.277588465586077e-05,2.277588465586077e-05,top/middle,58.0,,78.37837837837837,,,7.0,21.95,78.37837837837837,,
52432,Sunil Kumar,False,0.0028965905422739546,0.0028965905422739546,finishing allrounder,0.0,,0.0,5.0,4.2727272727272725,6.0,23.52,0.0,,
52433,Tanvir Alam,False,7.06549380895351e-05,7.06549380895351e-05,finisher,24.0,,57.142857142857146,,,8.0,24.87,57.142857142857146,,
52434,Parichit Rai,False,1.2151540313894203e-05,1.2151540313894203e-05,finisher,1.0,,50.0,0.0,5.142857142857143,4.0,22.02,50.0,,
52436,Md Arif,False,6.091421756260163e-07,6.091421756260163e-07,opener,131.0,,78.91566265060241,,,9.0,21.73,78.91566265060241,,
52438,Tusya Naman Avi Chetrri,False,0.0002459654503631015,0.0002459654503631015,finishing allrounder,2.0,,25.0,4.0,4.864864864864865,9.0,20.06,25.0,,
52443,Tarun Sharma,False,0.00015480023081776957,0.00015480023081776957,finishing allrounder,29.0,,96.66666666666667,9.0,6.515625,8.0,22.09,96.66666666666667,,
52444,Amit Rajera,False,7.570078049382171e-06,7.570078049382171e-06,finishing allrounder,113.0,,110.7843137254902,6.0,7.097142857142857,8.0,26.87,110.7843137254902,,
52446,Ingsho Limboo,False,0.0008628666337219038,0.0008628666337219038,finishing allrounder,11.0,,91.66666666666667,2.0,9.0,5.0,24.17,91.66666666666667,,
52455,Ritesh Shakya,False,0.001438263594560215,0.001438263594560215,finishing allrounder,44.0,,97.77777777777777,11.0,9.06,10.0,27.04,69.56521739130434,11.999999999999998,2.9999999999999996
52658,Abhinav Saha,False,6.469471841388242e-06,6.469471841388242e-06,opener,0.0,,0.0,,,1.0,25.9,0.0,,
52660,Ayush Vartak,False,0.0005928567964420137,0.0005928567964420137,batting allrounder,83.0,,93.25842696629213,2.0,8.88888888888889,5.0,,12.503212226985214,,
52675,Apoorve Wankhede,False,0.008080953331207107,0.008080953331207107,top/middle,30.0,,176.47058823529412,,,3.0,25.9,1.2522546925117013,,
52678,Maxwell Swaminathan,False,3.0960270278874424e-05,3.0960270278874424e-05,finishing allrounder,38.0,,79.16666666666667,15.0,7.247787610619469,12.0,26.86,4.12483883365648,,
52679,Vivek Shelar,False,0.000912802806608369,0.000912802806608369,finishing allrounder,17.0,,100.0,13.0,7.405405405405405,15.0,25.71,100.0,-10.999999999999998,0.9999999999999998
52682,Ishan Mulchandani,True,0.995403807286302,0.995403807286302,top/middle,302.0,,145.19230769230768,1.0,8.76923076923077,10.0,25.9,3.5699096746239487,,
52683,Sourabh Singh,True,0.988050299937338,0.988050299937338,finishing allrounder,37.0,,112.12121212121212,5.0,9.381818181818181,3.0,28.13,112.12121212121212,,
52729,Harsh Tanna,False,0.0009093691217876191,0.0009093691217876191,finishing allrounder,11.0,,220.0,10.0,9.148936170212766,8.0,25.9,220.0,,
53167,Joe Pardesi,False,3.031201358644486e-05,3.031201358644486e-05,finisher,21.0,,84.0,,,2.0,21.2,84.0,,
53174,Sangram Bhalekar,False,7.922851736758282e-09,7.922851736758282e-09,batting allrounder,122.0,,129.7872340425532,1.0,9.125,11.0,26.24,,,
53192,Yashraj Jayant Khade,False,3.559313895079654e-07,3.559313895079654e-07,top/middle,165.0,,196.42857142857142,,,7.0,22.15,,,
53222,Bhavya Atre,False,0.0042713589850484415,0.0036306551372911754,finishing allrounder,21.0,,91.30434782608695,7.0,9.9,4.0,34.42,91.30434782608695,,
53474,Harsh Rane,False,7.277009007908572e-05,7.277009007908572e-05,opener,0.0,,0.0,,,1.0,23.0,0.0,,
535,Ambati Rayudu,True,0.9999999999898714,0.69999999999291,finisher,789.0,,132.60504201680672,,,52.0,40.18,1.958705311740181,-81.49999999999999,
53627,Harsh Vaishav,False,1.671666400792429e-05,1.671666400792429e-05,finisher,46.0,,153.33333333333334,0.0,14.0,9.0,24.55,153.33333333333334,,
53630,Hardik Kurangale,False,2.915526650402461e-06,2.915526650402461e-06,finishing allrounder,97.0,,156.4516129032258,6.0,9.963302752293577,8.0,25.9,,,
53644,Chinmay Patil,False,4.6916956949163346e-05,4.6916956949163346e-05,top/middle,37.0,,127.58620689655173,,,2.0,25.2,127.58620689655173,,
53647,Mahesh Mhaske,False,2.679904716338851e-06,2.679904716338851e-06,top/middle,156.0,,177.27272727272728,,,3.0,28.04,,,
53675,Faiz Ahmed,False,1.7321151647609577e-06,1.2124806153326704e-06,top/middle,136.0,,100.0,,,7.0,47.44,100.0,,
53748,Gurala Srikanth,False,0.0004712471957906894,0.0003298730370534825,opener,59.0,,190.32258064516128,,,4.0,47.59,11.877370771606136,,
53776,Ankit Singh,False,2.9342570815586285e-06,2.9342570815586285e-06,finisher,96.0,,188.23529411764707,,,8.0,25.96,188.23529411764707,,
53839,Prasurjya Kataki,True,0.9970035195103348,0.9970035195103348,finishing allrounder,34.0,,188.88888888888889,6.0,7.407407407407407,9.0,19.04,188.88888888888889,31.999999999999993,1.9999999999999996
53840,Jayanta Dev,False,0.0004141510785485915,0.0004141510785485915,top/middle,47.0,,127.02702702702703,1.0,7.2,3.0,23.78,127.02702702702703,,
53842,Anurag Phukon,False,0.00011989541411991115,0.00011989541411991115,finishing allrounder,9.0,,45.0,9.0,7.181102362204724,6.0,20.02,45.0,,
53843,Parash Thakur,False,2.7184652607932452e-05,1.9029256825552714e-05,finisher,10.0,,45.45454545454545,,,4.0,36.8,45.45454545454545,,
53844,Suraj Thakur,False,5.285502060632666e-05,4.492676751537766e-05,finisher,3.0,,27.272727272727273,1.0,11.076923076923077,2.0,33.64,27.272727272727273,,
53848,Raj Hussain,False,0.00019888075779480764,0.00019888075779480764,top/middle,0.0,,0.0,,,1.0,28.23,0.0,,
53851,Rahul Singh Tomor,False,4.8090266147675325e-05,4.8090266147675325e-05,batting allrounder,54.0,,100.0,0.0,8.727272727272727,2.0,25.3,100.0,,
53971,Ranjit Sangmai,False,0.00048633810135633875,0.00034043667094943713,top/middle,107.0,,112.63157894736842,1.0,5.5,7.0,35.72,112.63157894736842,-72.99999999999999,
54140,Deepak Yadav,False,0.0633471943095299,0.0633471943095299,finishing allrounder,57.0,,158.33333333333334,6.0,6.466666666666667,5.0,22.96,158.33333333333334,,
54182,Vivek Yadav,False,0.35898599875296483,0.35898599875296483,finisher,34.0,,121.42857142857143,,,5.0,18.81,121.42857142857143,,
542,Alok Kapali,False,0.0025716415048971366,0.0018001490534279956,finisher,8.0,,40.0,0.0,9.0,2.0,41.9,2.198971668003527,,
54228,K Reddy,False,2.9968689975345736e-05,2.9968689975345736e-05,opener,170.0,,132.8125,,,7.0,21.75,132.8125,,
54233,Jayveer Singh,False,0.0007903736522135635,0.0007903736522135635,finisher,41.0,,95.34883720930233,,,5.0,24.74,95.34883720930233,,
54409,Nachiket Narendra Thakur,False,7.821878621100834e-06,7.821878621100834e-06,finishing allrounder,15.0,,136.36363636363637,8.0,7.208955223880597,9.0,,,,
54410,Siddhesh Deshmukh,False,3.9963181199394286e-07,3.9963181199394286e-07,top/middle,188.0,,122.07792207792208,,,10.0,28.22,,,
54413,Sahil Gaikar,False,6.428922515329165e-06,6.428922515329165e-06,top/middle,61.0,,124.48979591836735,,,9.0,23.63,,,
54414,Niraj Joshi,False,8.99659617893013e-09,8.99659617893013e-09,finisher,188.0,,129.6551724137931,0.0,13.0,9.0,20.13,129.6551724137931,,0.0
54429,Yash Khaladkar,False,0.00015393899949197926,0.00015393899949197926,finishing allrounder,56.0,,169.6969696969697,16.0,8.179775280898877,16.0,,100.0,,
54430,Aniket Porwal,False,0.001046615024122405,0.001046615024122405,top/middle,331.0,,116.14035087719299,,,25.0,27.43,118.63117870722434,-72.99999999999999,
54431,Digvijay Jadhav,False,0.000570434031596156,0.000570434031596156,top/middle,221.0,,103.75586854460094,,,15.0,24.61,93.54838709677419,,
54432,Umar Shah,False,0.0009431970997515526,0.0006602379698260868,finishing allrounder,3.0,,42.857142857142854,9.0,8.140350877192983,8.0,35.74,,,
54433,Atish Kumbhar,False,8.861181353648803e-07,8.861181353648803e-07,finishing allrounder,52.0,,120.93023255813954,5.0,10.112903225806452,8.0,30.54,,,
54435,Nishant Nagarkar,False,2.0939242067543057e-05,2.0939242067543057e-05,finishing allrounder,92.0,,170.37037037037038,4.0,12.872727272727273,6.0,26.63,,,
54436,Sarish Desai,False,0.00016976052921638225,0.00016976052921638225,finishing allrounder,26.0,,63.41463414634146,6.0,9.471428571428572,9.0,22.62,,,
54437,Ashwin Shukla,False,3.327365859439128e-05,3.327365859439128e-05,finishing allrounder,6.0,,85.71428571428571,2.0,10.68,2.0,30.25,,,
54438,Amit Rathod,False,3.4225834919047396e-06,3.4225834919047396e-06,finishing allrounder,226.0,,160.2836879432624,10.0,8.294117647058824,10.0,22.58,,,
54440,Kunal Kothawade,False,6.271419403837437e-07,6.271419403837437e-07,finishing allrounder,214.0,,136.30573248407643,2.0,10.191780821917808,12.0,29.06,,,
54441,Gaurav Khaire,False,3.109039404483155e-06,3.109039404483155e-06,finisher,3.0,,50.0,0.0,11.0,2.0,21.23,,,
54442,Yash Jagdale,False,6.040088205789109e-07,6.040088205789109e-07,opener,197.0,,133.1081081081081,,,10.0,23.21,,,
54443,Harshad Halpatrao,False,5.218323498268631e-05,5.218323498268631e-05,finisher,14.0,,155.55555555555554,,,3.0,28.1,,,
54461,Suraj Shinde,False,0.0004565956848771121,0.0004565956848771121,finisher,370.0,,161.57205240174673,,,28.0,29.19,159.48717948717947,-111.99999999999997,
54462,Rahul Desai,False,8.042575257755281e-05,5.629802680428696e-05,finisher,130.0,,112.06896551724138,0.0,11.625,16.0,37.43,117.6470588235294,,
54464,Aaryan Desai,False,1.925916838921747e-07,1.925916838921747e-07,top/middle,135.0,,126.16822429906541,,,11.0,22.32,,,
54471,Jasvir Sehrawat,False,0.00023045546551598683,0.00023045546551598683,batting allrounder,356.0,,145.30612244897958,10.0,5.464968152866242,19.0,30.3,3.455879156367414,,
54508,Nimir Joshi,False,6.429672823295368e-06,6.429672823295368e-06,finishing allrounder,28.0,,147.3684210526316,6.0,6.107142857142857,8.0,21.03,,,
54519,Ravindra Jadhav,False,0.00010899116393716393,0.00010899116393716393,finisher,15.0,,93.75,0.0,14.571428571428571,2.0,30.04,93.75,,
54528,Rhuturaj Veerkar,False,2.166620277543909e-05,2.166620277543909e-05,opener,60.0,,105.26315789473684,,,5.0,26.58,,,
54538,Aniruddha Balasaheb Sabale,False,0.00134321990164675,0.00134321990164675,finisher,17.0,,121.42857142857143,,,2.0,,121.42857142857143,,
54541,Deepak Dangi,False,0.00015701359135289006,0.00015701359135289006,finishing allrounder,44.0,,112.82051282051282,16.0,7.430769230769231,18.0,25.2,119.04761904761905,5.999999999999999,0.0
54544,Neel Gandhi,False,4.1542741091666085e-05,4.1542741091666085e-05,finishing allrounder,54.0,,108.0,4.0,9.5,3.0,19.83,35.0,,
54586,Pankaj Sharma,False,7.440149599192279e-07,7.440149599192279e-07,finisher,36.0,,116.12903225806451,,,4.0,25.9,,,
54600,Sahil Abhang,False,1.18118731917034e-05,1.18118731917034e-05,finisher,52.0,,123.80952380952381,2.0,6.0,3.0,21.03,,,
5471,Agniv Pan,False,0.011346449461887778,0.011346449461887778,finisher,267.0,,114.5922746781116,,,20.0,28.9,1.2209831560711901,21.857142857142858,
548,Farhad Reza,False,0.08472386496576186,0.0593067054760333,finishing allrounder,27.0,,180.0,9.0,8.594594594594595,8.0,39.45,5.695659470835757,14.999999999999995,-8.999999999999996
54811,Aarya Abhijit Jadhav,False,3.393661880606682e-05,3.393661880606682e-05,finishing allrounder,5.0,,55.55555555555556,0.0,10.821428571428571,3.0,,,,
54817,Sujit Ubale,False,0.00011722426928605853,0.00011722426928605853,batting allrounder,41.0,,205.0,2.0,9.91304347826087,3.0,31.49,,,
54818,Shubham Maid,False,0.00031888218865152223,0.00031888218865152223,finishing allrounder,1.0,,25.0,5.0,6.1875,7.0,22.02,25.0,,
54831,Kabir Hassan Deshmukh,False,0.01328303726157956,0.01328303726157956,opener,144.0,,102.12765957446808,,,5.0,19.08,102.12765957446808,,
54836,Sumit Sen,False,0.0027542311647643035,0.0027542311647643035,finisher,0.0,,0.0,,,2.0,19.8,0.0,,
54839,Amit Dutta,True,0.9633364091361203,0.9633364091361203,finisher,26.0,,118.18181818181819,,,7.0,21.16,118.18181818181819,,
54842,Sudarshan Sinha,True,0.8238886845920358,0.8238886845920358,finishing allrounder,1.0,,50.0,12.0,4.9655172413793105,10.0,24.67,,,
54846,Santosh Dhan,True,0.2875400268707928,0.2875400268707928,top/middle,6.0,,66.66666666666667,,,3.0,28.36,66.66666666666667,,
54847,Bittu Das,True,0.9620710392123657,0.9620710392123657,finishing allrounder,25.0,,71.42857142857143,4.0,6.508474576271187,5.0,27.29,71.42857142857143,,
54848,Uday Babu Roy,True,0.9278480042754313,0.9278480042754313,finisher,21.0,,87.5,,,5.0,19.14,87.5,,
54849,Gobin Yadav,True,0.41418969552497154,0.3520612411962258,finisher,12.0,,66.66666666666667,,,3.0,32.28,66.66666666666667,,
54850,Pawan Bhatt,True,0.9982643764283287,0.9982643764283287,batting allrounder,30.0,,83.33333333333333,3.0,15.6,5.0,29.94,83.33333333333333,,
54851,Rahul Dey,True,0.6701751639277775,0.6701751639277775,finisher,30.0,,120.0,,,5.0,25.95,120.0,,
54852,Faizul Haque Mazumdar,True,0.968675999997281,0.968675999997281,finishing allrounder,16.0,,88.88888888888889,4.0,7.444444444444445,5.0,23.9,88.88888888888889,,
54853,Sumit Shill,True,0.920156748872012,0.920156748872012,opener,54.0,,72.0,,,5.0,28.78,72.0,,
54854,Himangshu Saikia,False,0.020549102587685098,0.020549102587685098,finishing allrounder,85.0,,101.19047619047619,4.0,6.394736842105263,4.0,26.22,101.19047619047619,,
54855,Asib Ali,True,0.6129003178321367,0.6129003178321367,finisher,0.0,,0.0,,,5.0,20.08,0.0,,
54856,Asif Ali,True,0.9478865717608951,0.9478865717608951,finishing allrounder,1.0,,50.0,3.0,6.923076923076923,5.0,19.94,50.0,,
54857,Jitu Timung,True,0.9982092814224054,0.6987464969956837,batting allrounder,114.0,,97.43589743589743,10.0,6.932038834951456,5.0,37.0,97.43589743589743,,
54866,Arabinda Phukan,True,0.9963441484033296,0.8468925261428302,finishing allrounder,7.0,,77.77777777777777,1.0,8.068965517241379,2.0,32.13,77.77777777777777,,
54867,Chirag Jain,True,0.9083500118914751,0.9083500118914751,finisher,44.0,,110.0,,,4.0,28.74,110.0,,
54869,Sujit Yadav,True,0.30633358622555323,0.30633358622555323,finisher,6.0,,60.0,,,1.0,19.99,60.0,,
54870,Manthan Upadhyaya,False,0.0439664789230321,0.0439664789230321,finishing allrounder,1.0,,33.333333333333336,2.0,7.175257731958763,6.0,19.82,33.333333333333336,,0.0
54871,Aniket Sharma,True,0.9053025166525565,0.9053025166525565,finisher,2.0,,28.571428571428573,,,5.0,18.01,28.571428571428573,,
54872,Kunal Dhar,True,0.7469690025165547,0.7469690025165547,finishing allrounder,19.0,,63.333333333333336,0.0,8.5,4.0,25.78,63.333333333333336,,
54873,Abhijit Bhadra,True,0.5943438615684871,0.5943438615684871,top/middle,41.0,,102.5,,,3.0,18.95,102.5,,
54874,Swaraj Borah,False,0.0019096668068631542,0.0019096668068631542,top/middle,17.0,,141.66666666666666,,,2.0,21.29,141.66666666666666,,
54875,Vastav Basumatar,False,0.002746669473986819,0.002746669473986819,top/middle,18.0,,138.46153846153845,,,1.0,19.23,138.46153846153845,,
54877,Izaz Uddin Ahmed,False,0.000793387938099995,0.000793387938099995,finisher,2.0,,22.22222222222222,,,2.0,18.07,22.22222222222222,,
54879,Marin Kakoti,False,0.00028770161834535746,0.00028770161834535746,opener,11.0,,61.111111111111114,,,2.0,25.32,61.111111111111114,,
54880,Sushankar Bonia,True,0.9812791099310891,0.9812791099310891,top/middle,82.0,,134.4262295081967,,,5.0,20.22,134.4262295081967,,
54881,Hussan Sheikh,True,0.9969010236325477,0.9969010236325477,finisher,38.0,,158.33333333333334,,,5.0,18.91,158.33333333333334,,
54884,Pabitra Gorh,False,0.02038019354235945,0.014266135479651615,finisher,0.0,,0.0,,,1.0,35.07,0.0,,
54887,Ratul Das,False,0.060786240799207775,0.060786240799207775,finisher,66.0,,103.125,,,5.0,22.96,103.125,,
54888,Amit Lal,False,0.0020042300181956933,0.0020042300181956933,finishing allrounder,22.0,,95.65217391304348,2.0,6.8076923076923075,4.0,23.0,95.65217391304348,,
54889,Rupjyoti Das,False,0.031927316616390776,0.031927316616390776,finishing allrounder,4.0,,57.142857142857146,4.0,6.711864406779661,5.0,21.98,57.142857142857146,,
54892,Sehnewaz Ahemed,False,0.0004807590371982618,0.0004807590371982618,opener,15.0,,65.21739130434783,,,2.0,21.51,65.21739130434783,,
54893,Tanishq Baruah Saxena,False,0.003401758130278367,0.003401758130278367,opener,1.0,,25.0,,,1.0,18.97,25.0,,
54894,Aryan Kashyap,False,0.00019574729609119924,0.00019574729609119924,top/middle,57.0,,72.15189873417721,0.0,14.571428571428571,3.0,20.73,72.15189873417721,,
54895,Dweep Jyoti Kalita,False,0.018452650996390853,0.018452650996390853,top/middle,107.0,,107.0,,,5.0,23.91,107.0,,
54896,Md. Habibullah,False,1.6150387401279974e-06,1.6150387401279974e-06,top/middle,223.0,,103.24074074074075,,,12.0,22.45,91.66666666666667,,
54897,Gresilex Baro,False,0.006352608374025497,0.006352608374025497,finishing allrounder,0.0,,0.0,5.0,5.8125,2.0,20.86,0.0,,
54898,Sunil Meghwal,False,3.0606112753164334e-05,3.0606112753164334e-05,opener,21.0,,91.30434782608695,,,3.0,26.9,91.30434782608695,,
54899,Debajit Das,False,0.058746306354894896,0.041122414448426424,finishing allrounder,18.0,,78.26086956521739,4.0,6.688524590163935,5.0,36.08,78.26086956521739,,
54901,Bhargab Das,False,0.6696847424459923,0.6696847424459923,top/middle,73.0,,74.48979591836735,,,5.0,18.6,74.48979591836735,,
54902,Akhtar Ali,False,0.0031761645508383545,0.0031761645508383545,batting allrounder,26.0,,100.0,1.0,10.25,3.0,27.63,100.0,,
54907,Imtaz Hussain,False,0.0026024170510640827,0.0018216919357448578,finishing allrounder,13.0,,52.0,5.0,5.464285714285714,5.0,41.91,52.0,,
54908,Vivek Dauka,False,0.0017512710117635597,0.0017512710117635597,top/middle,109.0,,123.86363636363636,,,8.0,19.91,123.86363636363636,18.99999999999999,
54909,Sadek Imran Choudhury,False,0.04443420608982625,0.04443420608982625,finishing allrounder,44.0,,107.3170731707317,2.0,6.277777777777778,5.0,27.54,107.3170731707317,,
54910,Simanta Neogi,False,0.01629695028425906,0.01140786519898134,top/middle,32.0,,84.21052631578948,,,4.0,47.38,84.21052631578948,,
54911,Rahul Sing Tomar,False,0.048827505704542355,0.048827505704542355,opener,115.0,,106.48148148148148,,,5.0,25.3,106.48148148148148,,
54912,Rahul Kalita,False,0.3454257578559731,0.3454257578559731,finishing allrounder,15.0,,75.0,2.0,7.846153846153846,5.0,19.39,75.0,,
54913,Ajit Biswas,False,0.0004551628160226989,0.0004551628160226989,finisher,3.0,,30.0,,,3.0,19.89,30.0,,
54914,Shahanur Alom,False,9.47396203613523e-05,9.47396203613523e-05,finisher,15.0,,107.14285714285714,1.0,11.0,3.0,20.38,107.14285714285714,,
54915,Tutumoni Medhi,False,9.117527658602682e-05,9.117527658602682e-05,finishing allrounder,5.0,,100.0,3.0,10.10126582278481,4.0,20.6,100.0,,
54916,Bintu Moni Nath,False,0.0005696737814702909,0.0005696737814702909,finisher,5.0,,45.45454545454545,,,2.0,24.12,45.45454545454545,,
54921,Sumit Choudhury,False,0.001827604852091439,0.001827604852091439,top/middle,6.0,,60.0,,,1.0,23.06,60.0,,
54924,Hirak Choudhury,False,0.12121418147386162,0.12121418147386162,finishing allrounder,19.0,,126.66666666666667,3.0,7.333333333333333,3.0,25.9,126.66666666666667,,
54925,Dipjyoti Saikia,False,0.009208339552009835,0.009208339552009835,finishing allrounder,8.0,,61.53846153846154,4.0,6.566037735849057,3.0,25.9,61.53846153846154,,
54926,Aditya Borah,False,0.0198974889076859,0.0198974889076859,finisher,49.0,,125.64102564102564,,,7.0,19.66,125.64102564102564,,
54930,Neelabh Sarma,False,0.010605510026818882,0.010605510026818882,finishing allrounder,15.0,,68.18181818181819,9.0,4.634146341463414,5.0,29.83,68.18181818181819,,
55390,Vignesh Kg,False,0.02885486770964095,0.02885486770964095,top/middle,7.0,,38.888888888888886,,,2.0,24.65,38.888888888888886,,
55392,Vipul Shakti,False,0.005854588009413071,0.005854588009413071,top/middle,128.0,,106.66666666666667,,,6.0,21.42,106.66666666666667,41.999999999999986,
55393,Rahul Sashi,False,0.001160378020025961,0.0008122646140181727,top/middle,11.0,,73.33333333333333,,,1.0,35.7,73.33333333333333,,
55401,Alan Abdulla,False,0.002048839840708051,0.002048839840708051,top/middle,0.0,,0.0,,,1.0,18.71,0.0,,
55402,Akhil Dev,False,3.29093500708681e-05,3.29093500708681e-05,finishing allrounder,6.0,,46.15384615384615,29.0,8.29816513761468,22.0,30.1,5.575470439468293,-1.9999999999999996,-18.99999999999999
55403,Akash Kp,False,0.00014514590681062963,0.00014514590681062963,top/middle,4.0,,33.333333333333336,,,3.0,23.93,33.333333333333336,,
55408,Adarsh Babu,False,0.010712103761309499,0.010712103761309499,finishing allrounder,21.0,,70.0,5.0,8.666666666666666,3.0,25.9,70.0,,
55409,Nidhin Kumar Na,False,0.009824215364500457,0.009824215364500457,top/middle,31.0,,110.71428571428571,,,3.0,30.84,110.71428571428571,,
55410,Agasthya Rama Chathurvedi,False,0.0011398050784268503,0.0011398050784268503,finisher,0.0,,0.0,,,2.0,19.79,0.0,,
55411,Adarsh Rp,False,0.0012985998005614475,0.0012985998005614475,finisher,16.0,,123.07692307692308,0.0,3.6,2.0,22.69,123.07692307692308,,
55414,Vishnu Raj,False,0.0031878055913330972,0.002231463913933168,finisher,5.0,,71.42857142857143,,,1.0,36.73,71.42857142857143,,
55418,Karthik Krishna,False,0.06402520541507281,0.06402520541507281,finishing allrounder,0.0,,0.0,5.0,7.62962962962963,4.0,22.94,0.0,,
55419,Rehan Sai Ps,False,0.2933670623453291,0.2933670623453291,opener,132.0,,111.86440677966101,,,5.0,24.14,6.492009664056175,,
55420,Arun Ganesh,False,0.0015926663887391884,0.0015926663887391884,finishing allrounder,2.0,,40.0,1.0,7.2,3.0,21.8,40.0,,
55422,Edwin Joseph,False,0.002697055080216458,0.002697055080216458,finisher,2.0,,50.0,,,1.0,20.81,50.0,,
55424,Afsal Sa,False,0.008375277151321843,0.008375277151321843,finishing allrounder,16.0,,100.0,2.0,9.069767441860465,3.0,22.92,100.0,,
55425,Anil Kumar,False,0.017552972614807507,0.01492002672258638,finisher,50.0,,185.1851851851852,,,4.0,33.65,185.1851851851852,,
55426,Akshay Ns,False,0.006155054303257902,0.006155054303257902,finisher,0.0,,0.0,,,2.0,20.29,0.0,,
55430,Krishna Devan,False,0.0018669333757343751,0.0018669333757343751,finisher,171.0,,206.02409638554218,,,11.0,26.31,8.163548367623171,90.99999999999999,
55434,Karthik C,False,0.0026481427876587586,0.0022509213695099447,top/middle,19.0,,90.47619047619048,,,2.0,32.9,90.47619047619048,,
55437,Ajmal A,False,4.390223913537441e-05,4.390223913537441e-05,finishing allrounder,55.0,,144.73684210526315,3.0,6.391304347826087,4.0,22.84,144.73684210526315,,
55439,Goutham Krishna G,False,0.009621985910242941,0.009621985910242941,top/middle,56.0,,105.66037735849056,,,3.0,23.82,105.66037735849056,,
55445,Kashinath S,False,0.004735106121872273,0.004735106121872273,opener,0.0,,0.0,,,1.0,18.73,0.0,,
55446,Sonu Tomy,False,0.0015310954218963884,0.0015310954218963884,finisher,6.0,,150.0,,,1.0,19.37,150.0,,
55448,Jithu G Abraham,False,0.018901357355015504,0.018901357355015504,finishing allrounder,3.0,,100.0,1.0,8.459016393442623,4.0,28.01,100.0,,
55451,Jobin Joby,False,0.0004377051711885813,0.0004377051711885813,batting allrounder,369.0,,118.26923076923077,11.0,8.891891891891891,22.0,19.13,14.88788415192689,-222.99999999999994,8.999999999999996
55452,Rohith Kj,False,0.0011462082520788902,0.0011462082520788902,finisher,0.0,,0.0,,,1.0,17.0,0.0,,
55454,Sree Hari Anish,False,0.004120993033011117,0.004120993033011117,finisher,0.0,,0.0,,,1.0,19.63,0.0,,
55457,Rakesh Babu,False,0.007084324408929139,0.007084324408929139,finisher,7.0,,50.0,,,2.0,28.21,50.0,,
55459,Mohammed Jaseel Tm,False,0.02870549822190891,0.02870549822190891,finishing allrounder,1.0,,16.666666666666668,2.0,8.08695652173913,4.0,20.01,16.666666666666668,,
55460,Isthiaq Hussain Poyakkara,False,0.00018860902928028307,0.00013202632049619814,opener,111.0,,116.84210526315789,,,4.0,41.81,116.84210526315789,,
55461,Azad Kr,False,0.0010052151852977089,0.0010052151852977089,finisher,18.0,,94.73684210526316,,,1.0,21.28,94.73684210526316,,
55463,Nidheesh B,False,0.0010087497947154542,0.0010087497947154542,finishing allrounder,12.0,,171.42857142857142,2.0,9.5,4.0,25.9,171.42857142857142,,
55464,Gokul M,False,0.0010302833699923789,0.0010302833699923789,finisher,0.0,,0.0,0.0,10.8,2.0,25.9,0.0,,
5553,Philip Salt,True,0.9999999851756824,0.9999999851756824,opener,2280.0,,167.03296703296704,,,72.0,29.25,3.2566537645565066,155.39999999999995,
55538,Vishnu Dutt,False,0.001625428188574257,0.001625428188574257,finishing allrounder,2.0,,66.66666666666667,2.0,7.636363636363637,2.0,-14.1,66.66666666666667,,
55539,Abijith Praveen,False,0.0030017517799656,0.0030017517799656,finishing allrounder,40.0,,148.14814814814815,7.0,6.340909090909091,5.0,25.9,148.14814814814815,,
5557,Tom Moores,False,0.6027707881723184,0.6027707881723184,finisher,67.0,,100.0,,,6.0,29.23,1.6271371849743603,-16.999999999999996,
5562,Richard Gleeson,True,0.9999940928599858,0.69999586500199,finishing allrounder,4.0,,66.66666666666667,11.0,8.51231527093596,9.0,37.98,1.0700736224343295,0.0,-2.857142857142857
55672,Sudeesh Mohan,False,0.001312132817764361,0.001312132817764361,opener,17.0,,48.57142857142857,,,3.0,31.52,48.57142857142857,,
55683,Ravinder Singh Brar,False,0.05270787317829844,0.05270787317829844,finishing allrounder,1.0,,50.0,4.0,6.327272727272727,5.0,31.83,50.0,,
55742,Vaisakh Chandran,False,0.0013423843292057894,0.0009396690304440525,top/middle,13.0,,72.22222222222223,0.0,14.4,3.0,38.81,2.7133110846986472,,
55744,Vishnu A,False,0.008357652709014316,0.008357652709014316,finisher,0.0,,0.0,0.0,6.0,1.0,29.72,0.0,,
5575,Antony Dhas,False,0.0008545009521892548,0.0005981506665324783,finishing allrounder,190.0,,97.43589743589743,13.0,8.852173913043478,26.0,37.12,1.8572874036658162,-25.799999999999997,0.10000000000000007
55753,Sangeerth S Nair,False,0.09778565148040361,0.09778565148040361,finishing allrounder,11.0,,122.22222222222223,5.0,6.327272727272727,4.0,20.02,122.22222222222223,,
5576,K Hari Gopinath,False,0.0006742821853108215,0.000471997529717575,opener,198.0,,123.75,,,11.0,37.45,3.460106740090104,93.99999999999997,
5577,Sai Kishore,True,0.9999991987363311,0.9999991987363311,finishing allrounder,503.0,,123.2843137254902,102.0,6.68074834037417,77.0,29.06,2.232866863230037,10.000000000000002,2.4999999999999996
5578,Sasidev Uthirasamy,False,1.1262102711310621e-05,9.572787304614027e-06,finisher,651.0,,125.91876208897486,,,41.0,32.58,4.413367901971182,-21.099999999999998,
5581,Ramadoss Alexandar,False,4.4814096624590214e-05,4.4814096624590214e-05,finishing allrounder,5.0,,71.42857142857143,21.0,7.2639593908629445,25.0,30.55,3.391638855873311,2.9999999999999996,-2.0
5585,Karthik Sukumaran,False,0.000126152875867926,8.830701310754819e-05,opener,323.0,,129.71887550200802,,,14.0,35.73,1.7267542167653476,-156.49999999999997,
5596,Shijit Chandran,False,0.007448496125381133,0.005213947287766793,finisher,107.0,,93.04347826086956,,,16.0,39.04,2.8549398192221385,-22.499999999999993,
5598,P Francis Rokins,False,6.715645182298637e-05,6.715645182298637e-05,finisher,219.0,,86.22047244094489,,,14.0,,5.445885224647496,-46.99999999999999,
5599,Maan Bafna,False,0.000803890454653487,0.000803890454653487,top/middle,607.0,,110.16333938294011,1.0,9.044776119402986,31.0,,6.518745458188042,-23.600000000000012,-0.9999999999999998
5601,Andrew Subikshan,False,0.00010338827702378364,0.00010338827702378364,finishing allrounder,223.0,,135.97560975609755,4.0,6.666666666666667,11.0,27.89,135.97560975609755,,
5607,Sanjay M Srinath,False,0.003630686274009506,0.003630686274009506,finishing allrounder,7.0,,24.137931034482758,2.0,7.343283582089552,4.0,,1.2243119272376943,0.9999999999999998,1.9999999999999996
5608,Narayan Jagadeesan,True,0.9999999999661933,0.9999999999661933,top/middle,1826.0,,128.50105559465166,,,63.0,29.93,2.907813023469342,-83.70000000000002,
5611,Mukunth Karunakaran,False,0.03618215771354285,0.03618215771354285,top/middle,19.0,,47.5,,,4.0,,0.6871595067321096,-18.99999999999999,
5615,Dinesh Sampathkumar,False,5.0418912890543794e-08,5.0418912890543794e-08,opener,71.0,,97.26027397260275,,,6.0,,97.26027397260275,,
5616,Yazh Arunmozhi,False,0.02588434204541993,0.02588434204541993,finishing allrounder,1.0,,25.0,5.0,6.541666666666667,8.0,,25.0,,-0.07142857142857138
56172,Aayush Raktade,False,2.9964260468805035e-08,2.9964260468805035e-08,finisher,28.0,,133.33333333333334,1.0,11.0,2.0,25.9,,,
56174,Yogesh Dongare,False,2.8716542562046466e-05,2.8716542562046466e-05,finishing allrounder,210.0,,160.3053435114504,7.0,8.695652173913043,24.0,25.9,167.85714285714286,-203.99999999999994,-2.9999999999999996
56176,Atharva Dharmadhikari,False,0.000218118875199816,0.000218118875199816,opener,68.0,,109.6774193548387,,,4.0,23.7,109.6774193548387,,
56177,Hari Sawant,False,0.0018745391784076174,0.0018745391784076174,finishing allrounder,39.0,,88.63636363636364,7.0,7.133858267716535,9.0,-14.1,88.63636363636364,,
56180,Piyush Kamal,False,5.164250786882094e-05,5.164250786882094e-05,finishing allrounder,52.0,,208.0,4.0,6.54,6.0,25.9,,,
56181,Yogesh Chavan,False,0.0010838171010071867,0.0010838171010071867,finishing allrounder,147.0,,141.34615384615384,16.0,7.35408560311284,18.0,25.9,128.57142857142858,,-15.999999999999996
56183,Vedant Patil,False,0.006788901228689891,0.006788901228689891,finisher,7.0,,35.0,,,4.0,-14.1,35.0,,
56184,Vaibhav Agam,False,0.0004860652587454093,0.0004860652587454093,finisher,1.0,,33.333333333333336,,,1.0,25.9,33.333333333333336,,
56185,Tanay Sanghvi,False,1.583099450820396e-05,1.583099450820396e-05,finishing allrounder,86.0,,102.38095238095238,52.0,7.6,25.0,25.9,100.0,1.9999999999999996,-5.999999999999999
56186,Nikhil Kadam,False,5.535984199262075e-06,5.535984199262075e-06,finishing allrounder,14.0,,107.6923076923077,29.0,8.197752808988763,22.0,25.9,107.6923076923077,13.999999999999996,2.9999999999999996
56187,Rohan Marwa,False,0.017223191502155753,0.017223191502155753,top/middle,48.0,,82.75862068965517,,,6.0,25.9,82.75862068965517,,
5621,M Silambarasan,False,3.3650503373240834e-05,3.3650503373240834e-05,finishing allrounder,29.0,,76.3157894736842,40.0,6.4534412955465585,36.0,,1.4667617430007092,-2.2571428571428567,0.20000000000000018
56237,Manav Vashisht,False,0.0025256584482507925,0.0025256584482507925,finishing allrounder,37.0,,142.30769230769232,17.0,7.927007299270073,14.0,23.13,142.30769230769232,-32.99999999999999,-0.9999999999999998
56238,Saurabh Singh,False,2.8553100843589755e-07,2.8553100843589755e-07,finisher,106.0,,112.76595744680851,0.0,9.0,12.0,25.9,112.76595744680851,-99.99999999999997,
5626,Adithya Ganesh,False,4.40317693790823e-06,3.7427003972219957e-06,top/middle,547.0,,108.74751491053678,,,24.0,34.13,6.460822586204839,-26.999999999999986,
5627,Siddharth Sivasubramani,False,0.00010239516614882221,0.00010239516614882221,opener,104.0,,102.97029702970298,,,8.0,,1.2800687589124795,-73.99999999999999,
5630,Pradosh Paul,False,5.498331114042055e-05,5.498331114042055e-05,top/middle,667.0,,109.52380952380952,1.0,0.0,34.0,24.93,6.7161538049192115,25.099999999999998,
56325,Vikas Singh,False,0.0007590691639061141,0.0007590691639061141,finishing allrounder,3.0,,33.333333333333336,20.0,5.896848137535817,16.0,-14.1,33.333333333333336,0.9999999999999998,1.9999999999999996
56330,Badal Balyan,False,1.8619330341396837e-06,1.8619330341396837e-06,finisher,205.0,,137.58389261744966,,,13.0,26.19,137.58389261744966,-116.99999999999997,
5634,Anand Subramanian,False,0.007059967631659028,0.004941977342161319,top/middle,317.0,,122.86821705426357,,,14.0,39.87,3.8051959626952576,-208.99999999999994,
56340,Anuj Singh,False,0.0127958816798093,0.0127958816798093,finisher,24.0,,114.28571428571429,,,2.0,23.99,114.28571428571429,,
56343,Akhil,False,2.5421896779337125e-06,2.5421896779337125e-06,finishing allrounder,202.0,,121.6867469879518,19.0,6.361204013377926,16.0,25.9,121.6867469879518,-67.99999999999999,-4.999999999999998
56346,Avilin Ghosh,False,7.8246820813226e-05,5.4772774569258196e-05,finishing allrounder,172.0,,103.6144578313253,2.0,6.888888888888889,15.0,35.18,103.6144578313253,-21.999999999999996,
5635,Akash Sumra,False,0.00010282453500635851,0.00010282453500635851,finishing allrounder,63.0,,94.02985074626865,5.0,6.96,13.0,,2.1020883703157245,29.999999999999993,7.850462293418875e-17
56350,Vishvajeet Mishra,False,0.0008392247087636309,0.0008392247087636309,finisher,9.0,,64.28571428571429,,,3.0,24.18,64.28571428571429,,
56359,Sukhmeet Singh,False,0.0002839191383328021,0.0002839191383328021,finishing allrounder,14.0,,82.3529411764706,16.0,7.475409836065574,12.0,22.05,82.3529411764706,-7.999999999999998,-3.999999999999999
56360,Sayed Irfan-Aftab,False,5.159727897920273e-05,5.159727897920273e-05,finishing allrounder,19.0,,86.36363636363636,21.0,6.42023346303502,14.0,22.02,86.36363636363636,14.999999999999995,0.9999999999999998
56362,Aditya Purohit,False,4.628409415071645e-06,4.628409415071645e-06,opener,321.0,,134.30962343096235,0.0,13.0,14.0,31.03,134.30962343096235,-2.9999999999999996,
56364,Ankit Chatterjee,False,6.625839108792676e-05,6.625839108792676e-05,opener,37.0,,100.0,,,3.0,16.83,100.0,36.99999999999999,
56365,Nitin Verma,False,0.049260060879465176,0.049260060879465176,finishing allrounder,2.0,,100.0,13.0,6.44,7.0,-14.1,100.0,,
56366,Rishabh Chaudhary,False,7.438251593522787e-09,7.438251593522787e-09,top/middle,198.0,,128.57142857142858,2.0,4.75,9.0,23.48,128.57142857142858,,
56369,Priyam Sarkar,False,7.861406471241527e-05,7.861406471241527e-05,finisher,47.0,,106.81818181818181,,,11.0,31.93,106.81818181818181,-8.999999999999996,
5637,M Ganesh Moorthi,False,2.5990045507185734e-05,2.5990045507185734e-05,finishing allrounder,21.0,,65.625,15.0,6.877358490566038,22.0,,1.0442305287103035,-10.999999999999998,-0.9000000000000002
56370,Akshay Ramani,False,0.0035277860533107983,0.0035277860533107983,finisher,0.0,,0.0,,,1.0,24.18,0.0,,
5638,Athisayaraj Davidson,False,0.0008992113035699462,0.0007643296080344543,finishing allrounder,13.0,,118.18181818181819,48.0,7.618915159944367,31.0,33.47,0.572771487722569,2.0,1.0
56380,Priyanshu Gaurav Srivastav,False,5.66649097900312e-07,5.66649097900312e-07,top/middle,513.0,,136.43617021276594,,,13.0,25.45,136.43617021276594,-176.99999999999991,
56384,Ayush Ghosh,False,0.00011642506005976742,0.00011642506005976742,finishing allrounder,1.0,,100.0,0.0,8.88,5.0,18.1,100.0,,
56386,Akash Biswas,False,0.0009724260551721801,0.000826562146896353,finisher,1.0,,50.0,0.0,6.0,2.0,32.04,50.0,,
56387,Deepak Kumar Mahato,False,0.005176783217259676,0.005176783217259676,finishing allrounder,84.0,,105.0,1.0,5.294117647058823,9.0,24.99,14.131697255959539,47.99999999999999,
56391,Saksham Sharma,False,0.009844348071607806,0.009844348071607806,finishing allrounder,31.0,,182.35294117647058,15.0,7.0144927536231885,11.0,28.75,182.35294117647058,,8.999999999999996
56393,Harsimar Singh Patheja,False,1.7245914208905405e-05,1.7245914208905405e-05,opener,4.0,,50.0,,,1.0,30.13,50.0,,
56395,Nuruddin Mandal,False,1.3458599531670368e-05,1.3458599531670368e-05,finishing allrounder,2.0,,66.66666666666667,18.0,6.4,8.0,21.78,66.66666666666667,,
5645,Laxmesha Suryaprakash,False,1.541518605631335e-06,1.0790630239419345e-06,top/middle,492.0,,113.88888888888889,,,27.0,36.16,9.983937271652012,-35.8,
56463,Nikhil Singh,False,0.00020560491923559497,0.00014392344346491647,finishing allrounder,13.0,,54.166666666666664,3.0,7.0,7.0,35.2,54.166666666666664,,
56465,Deepak Kumar,False,0.0006698485854206458,0.0006698485854206458,finishing allrounder,2.0,,100.0,12.0,8.287128712871286,10.0,25.05,100.0,,-5.999999999999999
56467,Arjun Singh,False,0.0008046025888372024,0.0008046025888372024,finishing allrounder,56.0,,94.91525423728814,0.0,7.5,14.0,18.03,94.91525423728814,41.999999999999986,
5648,Anirudh Sita Ram,False,8.989055170597403e-06,8.989055170597403e-06,top/middle,758.0,,115.90214067278288,,,37.0,31.24,6.965720789744746,-8.9,
5649,Ajith Ram,False,1.153451077630164e-05,1.153451077630164e-05,finishing allrounder,53.0,,80.3030303030303,35.0,6.677551020408163,35.0,27.23,2.413223718975522,1.2999999999999998,-1.0
5650,S Harish Kumar,False,1.7972497932847793e-06,1.7972497932847793e-06,finishing allrounder,446.0,,129.2753623188406,32.0,8.990066225165563,40.0,,6.285197510096162,-1.9999999999999982,-1.0
5651,Akshay V Srinivasan,False,0.0004304373365684752,0.0004304373365684752,top/middle,79.0,,84.94623655913979,0.0,5.0,13.0,31.49,0.8496110216362514,-24.499999999999986,
56516,Vishal Bhati,False,4.1988969300352014e-07,4.1988969300352014e-07,batting allrounder,161.0,,123.84615384615384,12.0,5.846938775510204,14.0,20.03,123.84615384615384,92.99999999999999,5.999999999999999
56517,Ashutosh Kumar,False,0.0009582302894484862,0.0009582302894484862,finishing allrounder,13.0,,61.904761904761905,1.0,6.865979381443299,12.0,17.18,61.904761904761905,2.9999999999999996,0.9999999999999998
56538,Vivek Singh,False,0.034430263047056424,0.034430263047056424,finisher,41.0,,87.23404255319149,,,4.0,20.11,87.23404255319149,,
56541,Manvir Singh Heer,False,0.0011344134853721376,0.0011344134853721376,opener,1.0,,12.5,,,2.0,19.05,12.5,,
56543,Kunwarjeet Singh Ballagan,False,0.006782735898644092,0.006782735898644092,top/middle,68.0,,130.76923076923077,,,7.0,26.18,130.76923076923077,,
56544,Gurmehar Singh Sra,False,6.799833403970204e-06,6.799833403970204e-06,top/middle,164.0,,145.13274336283186,,,11.0,24.59,145.13274336283186,87.99999999999999,
56548,Rahul Kumar,False,0.001610615879169158,0.001610615879169158,top/middle,142.0,,110.9375,,,8.0,18.57,110.9375,,
56550,Arjun Rajput,False,0.008290530246271367,0.008290530246271367,finishing allrounder,17.0,,70.83333333333333,0.0,7.875,6.0,18.17,70.83333333333333,,
56554,Abhishek Kumar,False,9.727496858282902e-05,9.727496858282902e-05,finishing allrounder,195.0,,110.79545454545455,7.0,6.56,15.0,28.03,3.6502319942855412,-44.999999999999986,4.999999999999998
56555,Krish Nanda,False,0.008219366701017267,0.008219366701017267,finishing allrounder,0.0,,0.0,0.0,8.571428571428571,2.0,20.25,0.0,,0.0
56556,Aseem Kohli,False,0.0016493074019571154,0.0016493074019571154,finishing allrounder,7.0,,87.5,0.0,5.25,3.0,23.98,87.5,,
56559,Kartik Chadha,False,0.00019740638228472063,0.00019740638228472063,finishing allrounder,26.0,,108.33333333333333,23.0,7.335616438356165,14.0,21.32,108.33333333333333,-11.999999999999998,4.999999999999998
56560,Parvjot Singh,False,0.000655065256447739,0.000655065256447739,finisher,24.0,,126.3157894736842,,,2.0,20.09,126.3157894736842,21.999999999999996,
56561,Parmish Kumar,False,4.773115761701629e-05,4.773115761701629e-05,top/middle,10.0,,90.9090909090909,,,1.0,19.18,90.9090909090909,,
56562,Sahil Chander,False,0.0009911963969096937,0.0009911963969096937,top/middle,13.0,,76.47058823529412,,,5.0,25.9,76.47058823529412,,
56563,Jovanpreet Singh,False,7.693128360529729e-05,7.693128360529729e-05,opener,9.0,,75.0,,,1.0,21.81,75.0,,
56565,Jeevanjot Singh Bajwa,False,0.00013153702233601467,0.00013153702233601467,finisher,22.0,,137.5,,,1.0,20.2,137.5,,
56567,Chintan Randhan,False,0.0013098845791154536,0.0013098845791154536,finishing allrounder,15.0,,125.0,0.0,15.0,1.0,25.9,125.0,,
56571,Sahil Sharma,False,1.0466203661578344e-05,1.0466203661578344e-05,finishing allrounder,198.0,,154.6875,3.0,9.375,17.0,23.31,154.6875,-97.99999999999999,
56573,Inderpreet Singh,False,7.419785637769893e-06,7.419785637769893e-06,finishing allrounder,17.0,,100.0,2.0,9.0,7.0,26.57,100.0,-4.999999999999998,1.9999999999999996
56575,Jass Inder Singh Baidwan,False,1.1070012644392624e-05,1.1070012644392624e-05,finishing allrounder,13.0,,72.22222222222223,6.0,8.878612716763005,12.0,28.95,72.22222222222223,,
56578,Shubham Rana,False,0.0002478149509954529,0.0002478149509954529,finishing allrounder,1.0,,16.666666666666668,13.0,6.898550724637682,12.0,19.5,16.666666666666668,,-2.9999999999999996
5658,Gowtham Kannan,False,0.0028727669369889314,0.0028727669369889314,finishing allrounder,6.0,,200.0,22.0,7.447876447876448,28.0,,1.6345055565958637,,0.9000000000000002
56581,Anil Yadav,False,0.00024288581690318705,0.00024288581690318705,finisher,157.0,,130.83333333333334,,,9.0,28.12,130.83333333333334,56.99999999999997,
56583,Lovekirat Singh,False,1.2521633616457058e-05,1.2521633616457058e-05,finisher,0.0,,0.0,1.0,5.0,1.0,25.02,0.0,,
56584,Sarthak Sharma,False,0.009394237004302244,0.009394237004302244,top/middle,24.0,,68.57142857142857,,,3.0,24.1,68.57142857142857,,
5659,Abhishek Tanwar,False,0.00033138717353591723,0.00028167909750552965,finishing allrounder,323.0,,156.03864734299518,61.0,7.674418604651163,40.0,34.11,2.6628725760164333,-13.100000000000001,0.3000000000000003
56592,Abhijeet Tah,False,0.0008678951836208267,0.0008678951836208267,opener,390.0,,148.85496183206106,0.0,19.0,13.0,24.9,5.464767864049278,1.9999999999999996,
56593,Shobit Sharma,False,0.00589468654759951,0.00589468654759951,top/middle,78.0,,91.76470588235294,,,7.0,24.9,91.76470588235294,,
56594,Harsh Sahu,False,0.04139568976923928,0.04139568976923928,top/middle,162.0,,132.78688524590163,,,13.0,24.9,4.175730889792017,105.99999999999999,
56595,Mohammad Irfan,False,2.3826441085446385e-05,2.3826441085446385e-05,finishing allrounder,439.0,,130.6547619047619,14.0,7.5524475524475525,19.0,24.9,9.142157619033679,130.99999999999997,-1.9999999999999996
56596,Rudra Pratap,False,0.00018694014140941878,0.00018694014140941878,finishing allrounder,1.0,,50.0,14.0,8.015444015444016,12.0,24.9,50.0,0.9999999999999998,0.0
56598,Harsh Sharma,False,0.0037712242575355273,0.0037712242575355273,top/middle,280.0,,113.36032388663968,2.0,6.7894736842105265,16.0,24.9,5.563652808344432,-13.999999999999996,
56599,Vaibhav Sahu,False,3.760023354070544e-05,3.760023354070544e-05,finishing allrounder,267.0,,136.22448979591837,3.0,7.9714285714285715,15.0,24.9,5.889084002778259,174.99999999999994,
5660,Kavin Ravi,False,0.00031611948049048666,0.00031611948049048666,top/middle,419.0,,105.54156171284635,,,22.0,,3.001545278187845,16.700000000000003,
56600,Om Vaishnav,False,0.05900958772991251,0.05900958772991251,finishing allrounder,21.0,,91.30434782608695,6.0,7.1891891891891895,5.0,24.9,12.850217672594276,,5.999999999999999
56603,Vijay Yadav,False,0.06923434484865888,0.06923434484865888,finishing allrounder,122.0,,158.44155844155844,16.0,8.043956043956044,10.0,-41.3,4.055455996192894,67.99999999999999,-5.999999999999999
56604,Abdul Anas Khan,False,4.627333487672393e-06,4.627333487672393e-06,finishing allrounder,133.0,,158.33333333333334,6.0,8.503311258278146,9.0,25.9,158.33333333333334,52.99999999999999,3.999999999999999
56605,Prabhat Anand,False,0.0003180682044617623,0.0003180682044617623,top/middle,45.0,,128.57142857142858,0.0,6.461538461538462,2.0,25.9,128.57142857142858,,
56608,Naman Dhruw,False,0.0003432764524453715,0.0003432764524453715,finishing allrounder,9.0,,69.23076923076923,11.0,8.231155778894472,11.0,25.9,3.0951137282417216,,10.999999999999998
56609,Sangeet Soni,False,0.0016695114431873933,0.0016695114431873933,opener,514.0,,146.85714285714286,,,16.0,25.9,9.077020712761971,165.99999999999997,
5661,Chaturved Sarangarajan,False,2.966188275476179e-05,2.076331792833325e-05,top/middle,646.0,,128.94211576846308,,,36.0,35.06,3.8144169429521693,-28.300000000000004,
56610,Altmash Khan,False,0.00020370731975631782,0.00020370731975631782,finisher,26.0,,61.904761904761905,3.0,8.0,3.0,25.9,3.7924074639417165,15.999999999999996,2.9999999999999996
56611,Rishi Sharma,False,1.1509427493409539e-05,1.1509427493409539e-05,batting allrounder,161.0,,100.625,2.0,7.868852459016393,11.0,25.9,9.868901595175204,92.99999999999999,
56612,Prabhash Shukla,False,5.696369086156285e-05,5.696369086156285e-05,finisher,1.0,,33.333333333333336,2.0,7.666666666666667,2.0,25.9,33.333333333333336,,
56613,Rahul Pradhan,False,0.00389378484625044,0.00389378484625044,top/middle,345.0,,124.10071942446044,,,15.0,25.9,5.19429018445002,122.99999999999997,
56615,Anand Rao,False,0.0019430058159580796,0.0019430058159580796,batting allrounder,359.0,,143.6,21.0,8.419354838709678,17.0,20.46,7.086490724373083,224.99999999999994,4.999999999999998
56618,Shashwat Sharda,False,4.140196626651621e-05,4.140196626651621e-05,top/middle,122.0,,120.79207920792079,,,8.0,25.9,6.351123273365281,,
56619,Rohan Taank,False,0.0012437545612774155,0.0012437545612774155,finishing allrounder,12.0,,100.0,9.0,8.285714285714286,8.0,25.9,100.0,9.999999999999996,6.999999999999998
5662,Rohit Ramalingam,False,0.06210820693992803,0.052791975898938824,finishing allrounder,72.0,,114.28571428571429,17.0,8.00561797752809,21.0,33.57,2.233571206021527,2.285714285714285,-0.8285714285714285
56620,Snehil Chadda,False,5.316471540171647e-05,5.316471540171647e-05,finishing allrounder,24.0,,126.3157894736842,21.0,8.028776978417266,15.0,25.9,3.0387146118785595,15.999999999999996,-6.999999999999998
56621,Imtiyaj Khan,False,7.018894823512279e-05,7.018894823512279e-05,finishing allrounder,170.0,,139.34426229508196,10.0,9.492537313432836,13.0,25.9,1.9435721219834807,,5.999999999999999
56622,Darvansh Bhuppal,False,4.1031894390718084e-05,4.1031894390718084e-05,finisher,2.0,,100.0,0.0,17.0,1.0,25.9,100.0,,
56623,Harsh Yadav,False,0.0001273618228649293,0.0001273618228649293,finishing allrounder,95.0,,211.11111111111111,22.0,8.78,15.0,25.9,0.9977631273481646,78.99999999999997,-5.999999999999999
56624,Md Faiz,False,9.616939952891334e-05,9.616939952891334e-05,opener,272.0,,135.3233830845771,,,7.0,22.2,135.3233830845771,,
56625,Mayank Verma,False,0.0006489677405054063,0.0006489677405054063,top/middle,164.0,,123.30827067669173,,,9.0,22.1,4.167764933014802,,
56626,Aditya Singh,False,0.0017506497107041274,0.0017506497107041274,opener,179.0,,154.31034482758622,,,5.0,25.9,154.31034482758622,,
56627,Anurag Sahu,False,0.00021842033815261074,0.00021842033815261074,finisher,215.0,,127.2189349112426,,,12.0,25.9,8.114155783446297,48.99999999999999,
5663,RS Sinivas,False,0.0033118316303039994,0.0033118316303039994,finishing allrounder,128.0,,128.0,10.0,7.614213197969543,14.0,,2.789485920284303,13.999999999999998,3.999999999999999
56630,Nitant Singh,False,6.0834825377311854e-05,6.0834825377311854e-05,finisher,2.0,,50.0,1.0,7.578947368421052,4.0,25.9,50.0,,
56631,Aditya Agarwal,False,1.398910837510894e-05,9.792375862576257e-06,finishing allrounder,2.0,,100.0,2.0,6.489795918367347,4.0,46.89,100.0,,
56632,Hamid Raza,False,0.012728038196728048,0.012728038196728048,finishing allrounder,65.0,,144.44444444444446,8.0,8.76923076923077,9.0,25.9,3.575712256798071,34.999999999999986,-3.999999999999999
56633,Ravi Roshan Singh,False,0.00014222640448838725,0.00014222640448838725,finishing allrounder,5.0,,125.0,7.0,7.282051282051282,8.0,25.9,125.0,,
56634,Dzu Kivnoor Singh,False,0.0008473587818317208,0.0008473587818317208,finisher,92.0,,127.77777777777777,,,4.0,25.9,127.77777777777777,,
56635,Dzv Ashish Pandey,False,0.000415827217798687,0.000415827217798687,top/middle,190.0,,120.25316455696202,1.0,10.857142857142858,11.0,25.9,3.9371950160858695,111.99999999999997,0.9999999999999998
56637,Abhishek Khare,False,0.030953914344640895,0.030953914344640895,finishing allrounder,9.0,,150.0,5.0,6.411764705882353,5.0,,150.0,,
56638,Garv Singh,False,3.726530314810067e-05,3.726530314810067e-05,top/middle,0.0,,0.0,,,1.0,22.68,0.0,,
56639,Shreyam Sundram,False,0.0019788344604667945,0.0019788344604667945,finishing allrounder,69.0,,146.80851063829786,14.0,5.9781818181818185,13.0,25.9,1.881407583479108,,13.999999999999996
5664,Vignesh G Venkatesh,False,3.4596756547380975e-05,3.4596756547380975e-05,opener,0.0,,0.0,,,1.0,,0.0,,
56640,Mohammad Sohail,False,0.016678861046563354,0.016678861046563354,finishing allrounder,3.0,,100.0,13.0,8.043956043956044,5.0,25.9,100.0,,
56641,Daksh Kumar Parakh,False,0.0018659380691140295,0.0018659380691140295,top/middle,111.0,,121.97802197802197,,,10.0,25.9,13.64707518880802,22.999999999999993,
56643,Arin Dwivedi,False,0.17590165578207104,0.17590165578207104,finishing allrounder,3.0,,60.0,6.0,7.465116279069767,7.0,25.9,2.062970720135751,-0.9999999999999998,1.9999999999999996
56646,Anurag Mishra,False,0.08369552320764707,0.08369552320764707,finisher,119.0,,136.7816091954023,,,5.0,25.9,3.5955940176336565,48.99999999999999,
56647,Deepak Singh Baghel,False,0.0026509972748017274,0.0026509972748017274,finishing allrounder,0.0,,0.0,1.0,7.714285714285714,2.0,25.9,0.0,,
56648,Jitesh Chouhan,False,0.0015471184071394733,0.0015471184071394733,finishing allrounder,4.0,,28.571428571428573,0.0,9.483870967741936,4.0,25.9,2.2925059986757863,,
56649,Jitesh Verma,False,0.001192580850485258,0.001192580850485258,finishing allrounder,54.0,,96.42857142857143,8.0,7.836734693877551,11.0,25.9,1.4464903222881265,47.99999999999999,1.9999999999999996
5665,Sanjay Yadav,True,0.9999924393589311,0.9999924393589311,batting allrounder,1115.0,,139.8996235884567,26.0,6.7542857142857144,41.0,30.55,1.556686460438582,-8.59999999999999,-1.3
56650,Bharat Gondwani,False,0.011266470575863224,0.011266470575863224,finishing allrounder,39.0,,130.0,6.0,9.439490445859873,8.0,25.9,4.302724965591948,-18.99999999999999,0.0
56651,Vaibhav Pandey,False,4.128986631299334e-05,4.128986631299334e-05,finisher,5.0,,50.0,,,3.0,25.9,50.0,,
56652,Shubham Maurya,False,0.0005191765080521233,0.0005191765080521233,top/middle,218.0,,124.57142857142857,7.0,5.571428571428571,8.0,25.9,7.531635952135555,,
56654,Alok Sahu,False,0.006009269217184385,0.004206488452029069,finisher,160.0,,111.8881118881119,,,11.0,36.06,6.833693800457563,-59.99999999999998,
56655,Satyam Dubey,False,1.3672889347592125e-06,1.3672889347592125e-06,finishing allrounder,8.0,,66.66666666666667,16.0,10.142857142857142,14.0,23.19,66.66666666666667,-7.999999999999998,1.9999999999999996
56656,Kritesh Sahu,False,0.3570177769363042,0.3570177769363042,top/middle,168.0,,137.70491803278688,,,8.0,25.9,3.558937129060802,23.999999999999996,
56657,Pawan Parnate,False,0.02986822956313145,0.02986822956313145,top/middle,346.0,,130.56603773584905,,,18.0,25.9,3.7480411462421195,53.999999999999986,
56659,Ayush Sharma,False,2.1729950990621275e-05,2.1729950990621275e-05,top/middle,35.0,,94.5945945945946,1.0,11.142857142857142,4.0,31.53,4.468234509411872,,
5666,Arun S,False,3.9667736098644025e-05,3.9667736098644025e-05,batting allrounder,68.0,,78.16091954022988,2.0,8.222222222222221,9.0,25.46,4.761393662470153,-30.999999999999986,0.9999999999999998
56661,Abhyuday Singh,False,0.0007149318869646463,0.0007149318869646463,finishing allrounder,5.0,,250.0,12.0,7.188679245283019,11.0,25.9,250.0,,11.999999999999998
56662,Dhananjay Nayak,False,0.00029719364510970417,0.00029719364510970417,finishing allrounder,23.0,,100.0,6.0,8.364705882352942,10.0,25.9,100.0,-20.999999999999993,-1.9999999999999996
56664,Akash Sharma,False,0.0906135959371063,0.07702155654654036,finishing allrounder,1.0,,14.285714285714286,1.0,10.340425531914894,4.0,33.13,14.285714285714286,,
56665,Shivam Verma,False,0.029974622285064784,0.029974622285064784,finishing allrounder,1.0,,100.0,1.0,9.692307692307692,1.0,18.45,100.0,,
56666,Ian Singh,False,0.00032454932109938817,0.00032454932109938817,finisher,0.0,,0.0,1.0,10.0,1.0,25.9,0.0,,
56668,Mohammad Hussain,False,0.006310783425578754,0.0044175483979051276,finisher,25.0,,113.63636363636364,,,5.0,49.13,113.63636363636364,,
56669,Daksh Parakh,False,0.001103204187656935,0.001103204187656935,top/middle,55.0,,177.41935483870967,,,3.0,25.9,177.41935483870967,,
56676,Dev Singh,False,0.00014543620578286065,0.00014543620578286065,finishing allrounder,18.0,,94.73684210526316,4.0,8.444444444444445,5.0,25.9,94.73684210526316,,
5668,Hari Nishaanth,True,0.9999997957475211,0.9999997957475211,opener,1380.0,,121.90812720848056,5.0,7.928571428571429,50.0,29.28,6.066499606001432,-91.90000000000002,0.4000000000000001
56685,Abdullah Ahmadzai,False,0.36220695333775066,0.36220695333775066,finishing allrounder,1.0,,16.666666666666668,3.0,9.402985074626866,4.0,,0.6604088253131131,,
56693,Gautam Shastry,False,4.717799596177718e-05,4.717799596177718e-05,top/middle,136.0,,87.17948717948718,,,15.0,24.12,87.17948717948718,-23.999999999999996,
56697,P Shailesh Vaithianathan,False,7.220803532114067e-07,7.220803532114067e-07,finisher,140.0,,116.66666666666667,,,11.0,16.41,116.66666666666667,137.99999999999997,
5670,R Silambarasan,False,0.0001529565153947368,0.00013001303808552627,finishing allrounder,35.0,,92.10526315789474,47.0,7.181434599156118,34.0,32.72,1.7832308262149208,0.8000000000000007,0.5
56705,Ritesh Gudge,False,0.0002490286869294245,0.00021167438389001084,top/middle,250.0,,132.27513227513228,2.0,9.0,12.0,33.48,132.27513227513228,,
56712,Sabhay Chadha,False,0.0014083967093386478,0.0014083967093386478,finishing allrounder,133.0,,154.65116279069767,29.0,7.964601769911504,19.0,27.56,154.65116279069767,-90.99999999999999,-6.999999999999998
56715,Samarth Saxena,False,7.773134820133142e-05,7.773134820133142e-05,opener,16.0,,61.53846153846154,,,2.0,26.21,61.53846153846154,,
56716,Mohammed Waseef Mukadam,False,3.539897313141416e-05,3.0089127161702032e-05,finisher,235.0,,126.34408602150538,,,14.0,32.26,126.34408602150538,-66.99999999999997,
56722,K Sai Satwik,False,0.005988428230788578,0.005988428230788578,top/middle,220.0,,112.24489795918367,,,10.0,20.23,112.24489795918367,,
56732,Bharat Rawat,False,9.704470256690902e-06,9.704470256690902e-06,finisher,11.0,,91.66666666666667,,,1.0,22.78,91.66666666666667,,
56733,Anishvishagan G P,False,0.1457471243464092,0.1457471243464092,finisher,31.0,,67.3913043478261,,,4.0,20.4,67.3913043478261,,
5674,S Santosh Shiv,False,0.0016335587210018253,0.0016335587210018253,opener,252.0,,113.51351351351352,,,14.0,,6.929782579881277,-18.742857142857147,
56756,Sunny Pandey,False,0.00439662872074588,0.00439662872074588,finisher,66.0,,160.97560975609755,,,5.0,25.9,0.7013957075135288,,
5676,Suresh Lokeshwar,False,0.016190925682613194,0.016190925682613194,top/middle,560.0,,122.5382932166302,,,24.0,27.73,3.929071734219712,37.7142857142857,
56763,Indrajeet Kumar,False,0.0019297043781739299,0.0019297043781739299,finishing allrounder,5.0,,29.41176470588235,8.0,7.328571428571428,8.0,26.12,29.41176470588235,,
56767,Akshant Baghel,False,0.006787740337673917,0.006787740337673917,finishing allrounder,61.0,,124.48979591836735,3.0,8.228571428571428,2.0,25.02,124.48979591836735,,
5678,Shoaib Md Khan,False,0.021361493009880137,0.018157269058398116,finishing allrounder,16.0,,133.33333333333334,2.0,6.967741935483871,2.0,34.24,133.33333333333334,,
5679,Vishal Vaidhya,False,0.0010888104271081975,0.0010888104271081975,top/middle,452.0,,111.05651105651106,,,18.0,,3.833956167873725,-32.400000000000006,
56795,Vikrant Bhadoriya,False,0.00018714229142423845,0.00018714229142423845,batting allrounder,86.0,,130.3030303030303,2.0,8.783505154639176,9.0,25.0,127.58620689655173,11.999999999999998,-1.9999999999999996
56797,Himanshu Shinde,False,0.0001320515396818179,0.0001320515396818179,finishing allrounder,105.0,,111.70212765957447,3.0,6.244897959183674,10.0,,91.30434782608695,62.99999999999998,0.9999999999999998
56799,Prithviraj Raghvendra Singh Tomar,False,1.5030993365015328e-06,1.5030993365015328e-06,opener,379.0,,155.96707818930042,0.0,9.333333333333334,11.0,23.2,160.31746031746033,176.99999999999991,0.0
5680,R Sonu Yadav,False,0.035984984226510044,0.035984984226510044,finishing allrounder,537.0,,129.3975903614458,80.0,6.9209039548022595,49.0,26.04,4.856860288200398,16.2,-0.6000000000000004
56800,Shivam Shukla,False,0.05020191823730327,0.05020191823730327,finishing allrounder,8.0,,66.66666666666667,27.0,6.774193548387097,16.0,25.9,1.3848367389056027,-5.999999999999999,-1.9999999999999996
56801,Parth Goswami,False,0.0005894085227008364,0.0005894085227008364,top/middle,18.0,,105.88235294117646,,,1.0,25.9,105.88235294117646,,
56802,Harsh Dixit,False,6.62438391373851e-07,6.62438391373851e-07,top/middle,218.0,,139.74358974358975,0.0,6.0,11.0,25.9,136.1904761904762,-67.99999999999999,
56803,Shubham Rathore,False,0.00588088637835666,0.00588088637835666,finisher,32.0,,96.96969696969697,,,4.0,25.9,96.96969696969697,,
56805,Parth Chaudhary,False,6.670987199318554e-07,6.670987199318554e-07,opener,214.0,,168.50393700787401,,,7.0,25.9,,,
56806,Kanishk Dubey,False,1.6061494103301703e-06,1.6061494103301703e-06,finisher,163.0,,142.98245614035088,,,13.0,25.9,130.76923076923077,26.999999999999993,
56807,Aryan Rakesh Deshmukh,False,0.0004979035193948575,0.0004979035193948575,finisher,36.0,,163.63636363636363,1.0,4.0,2.0,22.89,163.63636363636363,,
56809,Ankur Singh Chauhan,False,3.0348611383744803e-05,3.0348611383744803e-05,finishing allrounder,88.0,,179.59183673469389,2.0,11.1,10.0,25.9,120.0,75.99999999999996,0.0
5681,Rajkumar Ravichandran,False,8.443184322935824e-05,8.443184322935824e-05,finishing allrounder,554.0,,157.83475783475782,18.0,7.16205533596838,34.0,,5.351808317442134,36.400000000000006,0.29999999999999993
56810,Abhishek Pathak,False,0.0005180286105990539,0.0005180286105990539,opener,566.0,,219.3798449612403,2.0,9.789473684210526,14.0,28.77,56.774789421796775,-25.999999999999986,-1.9999999999999996
56811,Tripuresh Singh,False,2.298772520362794e-05,2.298772520362794e-05,finishing allrounder,138.0,,172.5,35.0,7.834123222748815,19.0,25.9,1.13504105069446,108.99999999999994,-10.999999999999998
56812,Ishan Afridi,False,0.0003019074085491825,0.0003019074085491825,finishing allrounder,18.0,,138.46153846153845,4.0,11.125,4.0,24.11,138.46153846153845,,
56815,Arpit Patel,False,5.6346074177899336e-08,5.6346074177899336e-08,finishing allrounder,99.0,,125.31645569620254,9.0,7.136094674556213,12.0,25.9,122.85714285714286,12.999999999999993,4.999999999999998
56816,Sanjoy Singh Nijjer,False,3.272846948530475e-05,3.272846948530475e-05,finisher,98.0,,171.9298245614035,,,11.0,25.9,162.16216216216216,-21.999999999999996,
56817,Shivang Kumar,False,1.4997791405416688e-05,1.4997791405416688e-05,batting allrounder,235.0,,155.6291390728477,9.0,6.879310344827586,13.0,25.9,125.60975609756098,16.999999999999996,5.999999999999999
56818,Apurve Dwivedi,False,4.1189987007048625e-07,4.1189987007048625e-07,opener,262.0,,157.83132530120483,,,12.0,25.9,126.92307692307692,63.999999999999986,
56819,Ramveer Singh Gurjar,False,6.268368245460775e-05,6.268368245460775e-05,finishing allrounder,1.0,,50.0,11.0,8.544,7.0,25.9,,,
5682,S Mohan Prasath,False,1.994953547666428e-05,1.994953547666428e-05,finishing allrounder,11.0,,44.0,33.0,7.060382916053019,34.0,27.41,1.2555505419391773,1.0999999999999999,2.808666774861361e-16
56820,Vishnu Bhardwaj,False,0.0011519147258257849,0.0011519147258257849,finishing allrounder,1.0,,50.0,11.0,8.360655737704919,10.0,25.9,50.0,,-6.999999999999998
56822,Aman Singh Solanki,False,0.0002755294158111194,0.0002755294158111194,finisher,5.0,,71.42857142857143,,,2.0,25.9,71.42857142857143,,
56823,Devansh Vishwakarma,False,0.00011059159936779975,0.00011059159936779975,finisher,13.0,,61.904761904761905,,,3.0,25.9,61.904761904761905,,
56824,Lucky Mishra,False,5.0150013687887166e-06,5.0150013687887166e-06,finishing allrounder,17.0,,100.0,2.0,10.054054054054054,3.0,25.9,100.0,,
56825,Goutam Joshi,False,3.6772718465184624e-09,3.6772718465184624e-09,finisher,71.0,,154.34782608695653,0.0,10.285714285714286,5.0,25.9,,,
56826,Kartik Parihar,False,0.004486146482765366,0.004486146482765366,top/middle,46.0,,124.32432432432432,,,4.0,25.9,124.32432432432432,,
56827,Akshay Singh,False,0.009831491323158316,0.009831491323158316,finishing allrounder,5.0,,35.714285714285715,2.0,10.181818181818182,7.0,29.22,41.666666666666664,-4.999999999999998,-1.9999999999999996
56828,Harshvardhan Singh,False,0.0045779580130445394,0.0045779580130445394,finishing allrounder,4.0,,100.0,6.0,9.842105263157896,6.0,25.9,100.0,,-3.999999999999999
56830,Madhav Tiwari,True,0.9999632575434728,0.9999632575434728,finishing allrounder,207.0,,162.99212598425197,6.0,10.343558282208589,18.0,25.16,1.4545689302041096,60.999999999999986,-1.9999999999999996
56834,Priyanshu Shukla,False,0.04935162718808082,0.04935162718808082,finishing allrounder,21.0,,262.5,11.0,10.5,5.0,25.9,262.5,,
5684,Abhinav Mohan,False,0.0010258744326052127,0.0010258744326052127,finishing allrounder,2.0,,28.571428571428573,2.0,8.947368421052632,5.0,30.75,4.231618068683929,0.0,-1.9999999999999996
5686,Rajhamany Srinivasan,False,1.5638314973726496e-07,1.0946820481608546e-07,top/middle,125.0,,105.04201680672269,,,7.0,40.19,105.04201680672269,,
5687,L Kiran Akash,False,0.00029358938131920513,0.00029358938131920513,finishing allrounder,26.0,,72.22222222222223,23.0,7.364485981308412,16.0,,4.065216841513516,-3.7857142857142874,-2.8999999999999995
5689,Swaminathan Shankar,False,4.676802524313287e-07,4.676802524313287e-07,finishing allrounder,42.0,,107.6923076923077,6.0,6.512820512820513,9.0,,107.6923076923077,,
5690,Shajahan Mohamed,False,5.659414022683313e-06,5.659414022683313e-06,finisher,87.0,,90.625,1.0,8.142857142857142,16.0,,2.5813194985308345,-13.1,
5691,Kaushik Gandhi,False,1.6246735791991714e-05,1.1372715054394199e-05,opener,574.0,,111.89083820662768,3.0,7.2,26.0,35.76,6.866895131932624,-33.99999999999999,0.0
5692,Aushik Srinivas,False,7.335938692786087e-05,6.235547888868174e-05,finishing allrounder,2.0,,100.0,13.0,7.086206896551724,22.0,32.7,100.0,,-0.3
5699,Santha Moorthy,False,0.005852661513576214,0.004096863059503349,finishing allrounder,17.0,,80.95238095238095,16.0,8.136986301369863,11.0,46.21,80.95238095238095,,-2.4615384615384617
57003,Akram Khan M,False,0.00811653880168043,0.00811653880168043,finisher,12.0,,75.0,,,2.0,25.9,1.2117321465424022,,
57004,Sachin Rathi,False,0.0032112559220881976,0.0032112559220881976,finishing allrounder,3.0,,15.789473684210526,10.0,8.204819277108435,8.0,22.06,0.7590419585691863,,7.999999999999998
57007,Pankaj Sharma,False,0.013534605034949678,0.013534605034949678,top/middle,80.0,,190.47619047619048,,,1.0,25.9,190.47619047619048,,
57064,B Rilasa Reddy,False,0.002225052425805775,0.002225052425805775,top/middle,0.0,,0.0,,,2.0,19.99,0.0,,
57070,S D N V Prasad,False,0.00010411867199477801,0.00010411867199477801,finisher,258.0,,135.78947368421052,,,19.0,22.07,6.185244538134302,-101.99999999999997,
57081,P Manikanta Gangadhar,False,0.0068034223872104555,0.0068034223872104555,finishing allrounder,1.0,,100.0,7.0,9.36,4.0,26.07,100.0,,-0.9999999999999998
571,Parvez Aziz,False,4.426898246120661e-05,3.098828772284462e-05,finishing allrounder,108.0,,121.34831460674157,10.0,5.55,14.0,37.97,9.896641742293436,-15.0,5.999999999999999
5737,Ashwin Venkataraman,False,0.0006126652166272386,0.000428865651639067,top/middle,59.0,,73.75,,,8.0,36.41,2.5773726051171186,-46.999999999999986,
57373,P Nirmal Kumar,False,0.017805318640635143,0.017805318640635143,finishing allrounder,123.0,,105.12820512820512,1.0,9.9,11.0,23.73,2.653885976453364,24.999999999999993,0.9999999999999998
5738,Xavier Bartlett,True,0.9999999380188792,0.9999999380188792,finishing allrounder,29.0,,67.44186046511628,20.0,7.834862385321101,18.0,26.94,0.8842435060227735,18.99999999999999,3.999999999999999
57383,Arunraj S,False,0.00020957704174959097,0.00020957704174959097,finisher,3.0,,60.0,,,2.0,23.28,60.0,,
5739,R Vivek,False,0.00016062853989873125,0.00013653425891392156,batting allrounder,637.0,,141.8708240534521,10.0,7.949238578680203,37.0,34.46,11.413011091468618,-32.4,-1.142857142857143
57431,Arasada Kishore,False,0.0002192193002313145,0.0002192193002313145,top/middle,18.0,,46.15384615384615,,,2.0,28.31,46.15384615384615,,
57432,Sayed Izharuddin,False,0.007804735477028526,0.007804735477028526,finisher,27.0,,69.23076923076923,,,3.0,25.9,69.23076923076923,,
57433,S Dinesh Raj,False,0.0063872009255275634,0.0063872009255275634,finisher,68.0,,144.68085106382978,,,17.0,23.06,1.2985720838509578,-11.999999999999998,
57435,Gaurav Choudhary,False,0.002039808822300487,0.0014278661756103408,opener,78.0,,165.95744680851064,,,4.0,36.1,165.95744680851064,,
57437,Soumya Biswal,False,0.0001394649274750042,0.0001394649274750042,finisher,6.0,,60.0,,,3.0,,60.0,,
57438,Biki Nag,False,7.930219472334678e-05,7.930219472334678e-05,finishing allrounder,7.0,,100.0,3.0,6.0,3.0,,100.0,,
57441,Asutosh Marndi,False,8.561792885679188e-06,8.561792885679188e-06,finishing allrounder,11.0,,50.0,2.0,6.285714285714286,3.0,,50.0,,
57442,Prasanta Rana,False,0.0047912698641354445,0.0047912698641354445,finishing allrounder,0.0,,0.0,12.0,7.014084507042254,8.0,,0.0,,0.0
57443,Sujal Singh,False,0.0003104681179601798,0.0003104681179601798,finisher,216.0,,113.08900523560209,,,9.0,,113.08900523560209,31.999999999999993,
57444,Subham Biswal,False,1.7071637626567277e-06,1.7071637626567277e-06,opener,14.0,,100.0,,,1.0,,100.0,,
57445,Liladhar Pradhan,False,0.002041436175963951,0.002041436175963951,finisher,36.0,,124.13793103448276,,,4.0,,124.13793103448276,,
57447,Hemanta Nayak,False,0.00010121142607435787,0.00010121142607435787,finisher,11.0,,68.75,,,1.0,,68.75,,
57448,S Mohanty,False,0.004852269248758321,0.004852269248758321,top/middle,37.0,,78.72340425531915,,,3.0,,78.72340425531915,,
57450,Aryashree Bhatta,False,0.00016437385274876596,0.00016437385274876596,finisher,57.0,,90.47619047619048,,,9.0,,90.47619047619048,16.999999999999996,
57452,Swayam Routray,False,0.004672905827653724,0.004672905827653724,finishing allrounder,4.0,,57.142857142857146,2.0,7.297297297297297,6.0,,57.142857142857146,,0.0
57455,Soubhagya Mishra,False,0.010764693950352755,0.010764693950352755,opener,41.0,,75.92592592592592,,,3.0,,75.92592592592592,,
57456,Gurudipan Jena,False,0.0012280730857420453,0.0012280730857420453,finisher,17.0,,77.27272727272727,,,2.0,,77.27272727272727,,
57457,Subhasis Mirdha,False,0.0002091250992550609,0.0002091250992550609,finisher,8.0,,72.72727272727273,,,2.0,,72.72727272727273,,
57458,Venkatesh Vande,False,1.2275527384133715e-06,1.2275527384133715e-06,opener,11.0,,91.66666666666667,,,2.0,,91.66666666666667,,
57459,Sambit Baral,False,4.655077992173338e-05,4.655077992173338e-05,finishing allrounder,153.0,,131.89655172413794,7.0,9.19047619047619,8.0,,131.89655172413794,-12.999999999999993,-0.9999999999999998
57461,Nitish Samantaray,False,2.5141325165946375e-06,2.5141325165946375e-06,opener,21.0,,100.0,,,1.0,,100.0,,
57463,Raghvendra Tripathy,False,0.00016972371882590414,0.00016972371882590414,top/middle,22.0,,73.33333333333333,,,2.0,,73.33333333333333,,
57465,Vimal Kumar,False,1.6766396703926726e-05,1.6766396703926726e-05,finishing allrounder,5.0,,125.0,14.0,7.341614906832298,9.0,,125.0,,7.999999999999998
57466,Girija Barik,False,0.0016125145824065093,0.0016125145824065093,top/middle,43.0,,95.55555555555556,,,2.0,,95.55555555555556,,
57468,Ayaskant Sahu,False,0.0006686387838857766,0.0006686387838857766,finishing allrounder,0.0,,0.0,2.0,6.9,3.0,,0.0,,
57470,Sambit Beja,False,0.00016767091392766686,0.00016767091392766686,finishing allrounder,41.0,,80.3921568627451,2.0,7.591836734693878,6.0,,80.3921568627451,28.99999999999999,
57471,Sarthak Panda,False,0.003274366455714155,0.003274366455714155,top/middle,1.0,,8.333333333333334,,,2.0,,0.6783277711746619,,
57472,Sk Ajharudin,False,0.005996370679593231,0.005996370679593231,finishing allrounder,1.0,,100.0,0.0,7.666666666666667,4.0,,100.0,,
5750,Ehsan Khan,True,0.9999538892994935,0.6999677225096453,finishing allrounder,40.0,,133.33333333333334,10.0,6.817120622568093,11.0,40.91,1.100691846243697,8.428571428571427,0.5000000000000001
5769,Codanda Karthik,False,0.000297958488622867,0.00025326471532943697,batting allrounder,552.0,,132.37410071942446,49.0,8.06832298136646,36.0,32.13,4.555410796744522,9.799999999999995,-2.499999999999999
5785,Pranav Bhatia,False,0.0005662578422319744,0.0005662578422319744,finishing allrounder,169.0,,131.0077519379845,17.0,7.707446808510638,23.0,28.75,23.18732462267375,-4.500000000000006,-4.999999999999998
5787,Prithviraj Shekhawat,False,1.0622049154322163e-05,1.0622049154322163e-05,finishing allrounder,166.0,,102.46913580246914,19.0,7.073047858942066,21.0,,102.46913580246914,-43.99999999999999,4.999999999999998
5792,Kushal Wadhwani,False,0.000565221442347807,0.000565221442347807,finishing allrounder,3.0,,33.333333333333336,16.0,8.305970149253731,13.0,29.07,33.333333333333336,,-1.3571428571428574
5795,Vinay Sagar,False,0.0007215769242912257,0.0007215769242912257,top/middle,99.0,,99.0,,,11.0,28.24,3.88570048057055,-8.999999999999996,
5799,Srinivas Sharath,False,0.00032173564372682225,0.00032173564372682225,finisher,245.0,,94.96124031007751,,,23.0,29.9,6.24362246212115,-8.699999999999998,
57992,Madhav Prakash Bajaj,False,8.169316961748488e-07,8.169316961748488e-07,finishing allrounder,47.0,,111.9047619047619,11.0,7.065989847715736,11.0,25.56,111.9047619047619,40.999999999999986,0.9999999999999998
57994,Dheeraj Mohan,False,0.004574908552483801,0.004574908552483801,opener,40.0,,97.5609756097561,,,4.0,25.69,97.5609756097561,,
57995,Aadithya Vishwa Karma,False,0.0009546184192573442,0.0009546184192573442,opener,1.0,,6.25,,,1.0,19.06,6.25,,
57996,Wahid Faizan Khan,False,0.0004049166276727193,0.0004049166276727193,finisher,56.0,,98.24561403508773,,,7.0,22.38,98.24561403508773,,
57997,Abhishek Prabhakar,False,0.0024674628813859552,0.0024674628813859552,finishing allrounder,0.0,,0.0,15.0,7.2,8.0,27.06,0.0,,
57999,Suchith Jagadeesh,False,0.01583179912096892,0.01583179912096892,finishing allrounder,20.0,,166.66666666666666,3.0,10.333333333333334,2.0,31.86,1.200060610667823,,
58000,Harshil Dharmani,False,9.236975046432242e-06,9.236975046432242e-06,finisher,247.0,,126.66666666666667,,,19.0,20.64,126.66666666666667,102.99999999999997,
58001,Samit Dravid,False,0.11343826496331008,0.11343826496331008,top/middle,68.0,,121.42857142857143,,,5.0,20.04,121.42857142857143,,
58006,Niranjan Naik,False,0.14183760147282493,0.14183760147282493,finisher,45.0,,88.23529411764706,,,5.0,23.02,88.23529411764706,,
58009,Shikhar Shetty,False,0.0010243854063778784,0.0010243854063778784,finishing allrounder,9.0,,60.0,5.0,7.457142857142857,11.0,20.25,60.0,,4.999999999999998
58010,Dhruv Prabhakar,False,2.314491129692394e-05,2.314491129692394e-05,batting allrounder,203.0,,109.72972972972973,6.0,7.544117647058823,15.0,20.68,109.72972972972973,56.99999999999997,3.999999999999999
58013,Karthikeya P,False,2.559540953639734e-06,2.559540953639734e-06,top/middle,308.0,,126.74897119341564,1.0,7.333333333333333,19.0,20.1,126.74897119341564,21.999999999999996,
58014,Samarth Nagaraj,False,0.00025451038998163835,0.00025451038998163835,finishing allrounder,15.0,,100.0,2.0,9.6,7.0,20.1,100.0,8.999999999999996,0.0
58036,Biswajit K Mohapatra,False,0.0002232791470284467,0.0002232791470284467,finishing allrounder,20.0,,111.11111111111111,6.0,6.909090909090909,3.0,,111.11111111111111,,
58037,Manav Bhattacharya,False,0.0025818444261307945,0.0025818444261307945,top/middle,28.0,,54.90196078431372,,,3.0,,54.90196078431372,,
5805,Shivkumar Rakshith,False,4.815079630087478e-07,4.815079630087478e-07,finisher,494.0,,124.74747474747475,,,43.0,30.99,8.321922900016048,-10.799999999999995,
5808,Karim Janat,True,0.9999984165311335,0.9999984165311335,finishing allrounder,548.0,,126.55889145496536,26.0,8.340659340659341,45.0,27.29,2.4938158222797195,-35.4,-2.7999999999999994
58085,Faizan Riaz,False,9.754852029980088e-06,9.754852029980088e-06,finisher,13.0,,185.71428571428572,,,1.0,23.78,185.71428571428572,,
5809,Naveen ul Haq,True,0.9999999823186171,0.9999999823186171,finishing allrounder,26.0,,57.77777777777778,39.0,8.866187050359713,31.0,26.18,1.8812166249016677,3.9999999999999982,6.499999999999999
5810,Jeswanth Acharya,False,0.0003302639113569572,0.0003302639113569572,top/middle,372.0,,132.38434163701066,,,18.0,,17.930647088336723,-193.99999999999994,
5811,Sachin Shinde,False,0.0004388331870036111,0.0003071832309025277,finishing allrounder,10.0,,90.9090909090909,13.0,5.9375,11.0,38.16,90.9090909090909,,
58134,Digvesh Rathi,True,0.9999984316582645,0.9999984316582645,finishing allrounder,28.0,,77.77777777777777,32.0,7.817671809256662,33.0,25.95,1.272261963266291,-19.999999999999993,3.999999999999999
58135,Tejasvi Dahiya,False,6.582708131483485e-08,6.582708131483485e-08,top/middle,547.0,,173.65079365079364,,,20.0,23.61,173.65079365079364,130.99999999999997,
58136,Raghav Singh,False,0.0013159661336872676,0.0013159661336872676,finishing allrounder,3.0,,27.272727272727273,9.0,8.081632653061224,4.0,25.9,27.272727272727273,,
58137,Sarthak Ray,False,0.015290525661544225,0.015290525661544225,opener,170.0,,118.05555555555556,,,8.0,,118.05555555555556,-87.99999999999999,
58138,Saurabh Deswal,False,0.000455750307725132,0.000455750307725132,top/middle,16.0,,123.07692307692308,,,2.0,,123.07692307692308,,
58143,Anshuman Hooda,False,0.006669126008562257,0.006669126008562257,finishing allrounder,5.0,,166.66666666666666,12.0,8.963855421686747,11.0,,166.66666666666666,,3.999999999999999
58144,Deepanshu Gulia,False,0.0004709142741339774,0.0004709142741339774,finishing allrounder,5.0,,50.0,9.0,8.979591836734693,9.0,,50.0,,4.999999999999998
58149,Pranav Pant,False,7.566767186545844e-06,7.566767186545844e-06,finisher,232.0,,118.97435897435898,0.0,9.157894736842104,18.0,,118.97435897435898,193.99999999999994,0.0
58151,Sujal Singh,False,2.815322660736811e-06,2.815322660736811e-06,top/middle,473.0,,130.3030303030303,,,20.0,,130.3030303030303,-96.99999999999997,
58152,Raunak Waghela,False,0.0003303240951126023,0.0003303240951126023,finishing allrounder,61.0,,110.9090909090909,20.0,7.564469914040115,21.0,17.97,110.9090909090909,,1.9999999999999996
58155,Bhagwan Singh,False,0.0002704240003891368,0.0002704240003891368,finishing allrounder,3.0,,150.0,13.0,8.242622950819673,16.0,,150.0,,-8.999999999999996
58159,Keshav Dabas,False,1.5494085378542467e-07,1.5494085378542467e-07,finishing allrounder,277.0,,121.49122807017544,8.0,9.95,18.0,,121.49122807017544,114.99999999999996,-1.9999999999999996
58160,Shaurya Malik,False,0.0009839709160209809,0.0009839709160209809,finishing allrounder,14.0,,140.0,11.0,8.271428571428572,8.0,,140.0,,4.999999999999998
58161,Sourav Dagar,False,0.00016854792205290927,0.00016854792205290927,top/middle,2.0,,40.0,,,1.0,,40.0,,
58162,Aryan Rana,False,1.4373864354277186e-05,1.4373864354277186e-05,top/middle,247.0,,149.6969696969697,,,12.0,,149.6969696969697,-88.99999999999997,
58163,Siddhant Bansal,False,0.000375683913688401,0.000375683913688401,finishing allrounder,20.0,,95.23809523809524,1.0,8.307692307692308,11.0,,95.23809523809524,-7.999999999999998,-0.9999999999999998
58164,Rajneesh Dadar,False,0.0038442390159602307,0.0038442390159602307,finishing allrounder,30.0,,69.76744186046511,33.0,7.767441860465116,18.0,,69.76744186046511,,6.999999999999998
58165,Kaushal Suman,False,0.0001959718109683593,0.0001959718109683593,top/middle,52.0,,94.54545454545455,,,6.0,,94.54545454545455,49.999999999999986,
58166,Deepesh Balyan,False,0.0004218103260200439,0.0004218103260200439,opener,12.0,,57.142857142857146,0.0,16.0,2.0,,57.142857142857146,,
58167,Vishant Bhati,False,0.0007566342928996529,0.0007566342928996529,top/middle,56.0,,116.66666666666667,,,2.0,,116.66666666666667,,
58168,Harish Dagar,False,2.0538837819521665e-05,2.0538837819521665e-05,finisher,4.0,,50.0,2.0,10.666666666666666,3.0,,50.0,,
58169,Dhruv Kaushik,False,3.5691678148274956e-05,3.5691678148274956e-05,top/middle,447.0,,145.6026058631922,1.0,11.837837837837839,19.0,,145.6026058631922,-140.99999999999997,-0.9999999999999998
58171,Pranav Rajvanshi,False,6.470280409501844e-05,6.470280409501844e-05,finisher,110.0,,111.11111111111111,,,17.0,,111.11111111111111,-7.999999999999998,
58172,Manan Bhardwaj,False,1.5240135276580919e-05,1.5240135276580919e-05,finishing allrounder,44.0,,141.93548387096774,19.0,7.080745341614906,19.0,,141.93548387096774,-13.999999999999996,8.999999999999996
58173,Yajas Sharma,False,1.2990677322832753e-05,1.2990677322832753e-05,top/middle,218.0,,155.71428571428572,,,12.0,,155.71428571428572,-123.99999999999994,
58178,Ayush Doseja,False,3.245939032343331e-06,3.245939032343331e-06,top/middle,334.0,,127.96934865900383,0.0,6.857142857142857,13.0,,127.96934865900383,265.99999999999994,
58179,Yugal Saini,False,3.58226193217684e-06,3.58226193217684e-06,top/middle,339.0,,129.38931297709922,,,14.0,,129.38931297709922,286.9999999999999,
58181,Ekansh Dobal,False,1.8173125227596715e-06,1.8173125227596715e-06,finisher,250.0,,123.76237623762377,,,16.0,,123.76237623762377,-67.99999999999999,
58182,Suryakant Chauhan,False,0.0008702121267360635,0.0008702121267360635,finishing allrounder,6.0,,120.0,1.0,8.75,3.0,,120.0,,
58184,Mayank Gusain,False,6.816573498091193e-07,6.816573498091193e-07,finishing allrounder,212.0,,115.84699453551913,7.0,8.806451612903226,21.0,,115.84699453551913,-3.999999999999999,6.999999999999998
58185,Sanat Sangwan,False,6.7414232438635485e-06,6.7414232438635485e-06,top/middle,265.0,,123.83177570093459,,,12.0,25.23,123.83177570093459,20.999999999999993,
58187,Keshav Dalal,False,0.00030898462480518984,0.00030898462480518984,top/middle,216.0,,142.10526315789474,,,16.0,,142.10526315789474,-139.99999999999994,
58188,Kush Nagpal,False,0.00015237931473493173,0.00015237931473493173,finisher,2.0,,22.22222222222222,,,2.0,,22.22222222222222,0.0,
58189,Sumit Chhikara,False,0.002135509469984701,0.002135509469984701,finisher,27.0,,135.0,,,5.0,,135.0,-10.999999999999998,
58190,Arnav Bugga,False,9.75111747578407e-07,9.75111747578407e-07,top/middle,352.0,,129.41176470588235,0.0,16.0,17.0,,129.41176470588235,59.99999999999998,0.0
58192,Sambhav Sharma,False,0.0001272734002052044,0.0001272734002052044,finisher,0.0,,0.0,,,2.0,,0.0,,
58214,Sunil Roul,False,0.0020273652117744263,0.0020273652117744263,finishing allrounder,1.0,,50.0,1.0,9.833333333333334,2.0,27.78,50.0,,
58232,Chandra Tejas,False,8.256996512232109e-06,5.779897558562476e-06,opener,4.0,,80.0,,,1.0,41.05,80.0,,
58239,Yash Dabas,False,0.006648268425264971,0.006648268425264971,top/middle,215.0,,142.3841059602649,,,15.0,25.9,3.977118782072989,-144.99999999999994,
58240,Yash Bhatia,False,2.0538275095542304e-07,2.0538275095542304e-07,finisher,171.0,,114.76510067114094,,,13.0,25.9,114.76510067114094,-106.99999999999997,
58241,Yatish Singh,False,0.00041559948529822327,0.00041559948529822327,finishing allrounder,5.0,,71.42857142857143,5.0,8.195121951219512,6.0,25.9,71.42857142857143,,
58243,Shivam,False,8.387237291477118e-05,8.387237291477118e-05,finisher,1.0,,50.0,,,1.0,,50.0,,
58246,Prince Yadav,True,0.9999990167708757,0.9999990167708757,finishing allrounder,11.0,,57.89473684210526,36.0,8.26271186440678,29.0,23.96,1.2002449734638656,10.999999999999998,-0.9999999999999998
58253,A Ganapathy,False,0.008386370229213276,0.008386370229213276,finisher,10.0,,83.33333333333333,,,5.0,31.42,83.33333333333333,,
58258,Ranjan Sarkar,False,0.006295554922189947,0.006295554922189947,finishing allrounder,38.0,,90.47619047619048,15.0,5.896551724137931,13.0,21.19,0.0,-37.99999999999998,-12.999999999999993
58260,Sobhraj Pathak,False,2.795237887257579e-05,2.3759522041689422e-05,finisher,114.0,,79.16666666666667,,,11.0,32.36,50.0,-111.99999999999997,
58268,Parthiv Kashyap Sharma,False,0.00276820479191836,0.002352974073130606,finisher,10.0,,90.9090909090909,,,2.0,33.17,90.9090909090909,,
58270,Manish Das,False,4.1566847978010165e-05,2.9096793584607114e-05,top/middle,4.0,,50.0,,,1.0,41.77,50.0,,
58282,Dipankar Gogoi,False,0.005839588766491703,0.005839588766491703,finishing allrounder,103.0,,111.95652173913044,11.0,5.358139534883721,10.0,23.01,207.69230769230768,-48.99999999999999,-6.999999999999998
58293,Abhishek Anand,False,7.832330843435858e-05,7.832330843435858e-05,finishing allrounder,27.0,,90.0,3.0,12.0,3.0,,90.0,,
58295,Abhijit Singha Roy,False,0.00028403747913531,0.000198826235394717,finishing allrounder,31.0,,79.48717948717949,2.0,8.4,6.0,38.77,,,
58299,Pattayraj Das,False,9.84364232229535e-06,9.84364232229535e-06,finishing allrounder,3.0,,50.0,1.0,3.25,1.0,21.21,50.0,,
58328,Akshay Deka,False,1.1076294918528443e-05,1.1076294918528443e-05,finishing allrounder,4.0,,50.0,7.0,7.78125,3.0,22.04,50.0,,
58329,Dilip Singh,False,4.1031179861625126e-05,4.1031179861625126e-05,finisher,1.0,,16.666666666666668,,,1.0,,16.666666666666668,,
58338,Samar Khan,False,0.003506223525459021,0.003506223525459021,finishing allrounder,137.0,,107.03125,21.0,7.380191693290735,20.0,20.05,107.03125,-68.99999999999999,-8.999999999999996
58360,Sagar Chhetri,False,0.00012341715933424706,0.00012341715933424706,finishing allrounder,1.0,,50.0,2.0,5.0,1.0,26.35,,,
58362,Md Khan,False,2.4868602157003442e-05,2.4868602157003442e-05,finishing allrounder,118.0,,134.0909090909091,9.0,5.478260869565218,7.0,22.0,134.0909090909091,,
58367,Venkata Vamsi Krishna,False,0.02066971624626403,0.02066971624626403,finisher,10.0,,111.11111111111111,,,2.0,24.85,111.11111111111111,,
5837,Mahedi Hasan,True,0.9999997868070397,0.9999997868070397,finishing allrounder,827.0,,113.75515818431911,88.0,6.4176755447941884,83.0,30.96,2.7163277596081326,15.800000000000013,4.8999999999999995
5838,Shohidul Islam,False,7.841120354404458e-05,7.841120354404458e-05,finishing allrounder,54.0,,81.81818181818181,28.0,7.970588235294118,19.0,30.89,2.374873076913769,19.999999999999993,-1.9999999999999996
5839,Yasir Ali Chowdhury,True,0.9996935533215914,0.9996935533215914,finisher,948.0,,131.66666666666666,0.0,10.153846153846153,50.0,29.72,7.802988245676084,-6.1999999999999975,0.0
58393,Manjeet Manjeet,False,0.0011498366443660202,0.0011498366443660202,opener,72.0,,107.46268656716418,2.0,7.674418604651163,7.0,,107.46268656716418,-71.99999999999997,
58396,Dhruv Singh,False,3.843488900335185e-05,3.843488900335185e-05,finisher,321.0,,132.09876543209876,,,18.0,23.9,132.09876543209876,-12.999999999999993,
58398,Shubham Dubey,False,0.002434381757929027,0.002434381757929027,finishing allrounder,0.0,,0.0,15.0,9.100371747211897,15.0,,0.0,,8.999999999999996
58404,Harish Dagar,False,0.005814985041763404,0.005814985041763404,finishing allrounder,24.0,,133.33333333333334,3.0,8.068965517241379,5.0,,133.33333333333334,,
5841,Nahidul Islam,False,7.7639896410127e-06,6.599391194860795e-06,finishing allrounder,176.0,,100.0,33.0,6.736572890025576,38.0,32.36,5.447691329832904,1.400000000000002,-1.8999999999999995
58416,Kokil Gogoi,False,0.0006572389812364869,0.0006572389812364869,finisher,19.0,,126.66666666666667,0.0,5.5,2.0,23.28,126.66666666666667,,
58418,Vision Panchal,False,1.1959116599486744e-05,1.1959116599486744e-05,finishing allrounder,207.0,,169.672131147541,5.0,9.222857142857142,20.0,31.92,169.672131147541,-8.999999999999996,-2.9999999999999996
58420,Hardik Sharma,False,9.719354605830195e-06,9.719354605830195e-06,top/middle,257.0,,120.09345794392523,,,21.0,25.9,120.09345794392523,4.999999999999998,
58421,Shivam Tripathi,False,0.00021183855802161888,0.00021183855802161888,top/middle,0.0,,0.0,,,1.0,30.46,0.0,,
58422,Money Grewal,False,0.00027126672344227894,0.00027126672344227894,finishing allrounder,15.0,,107.14285714285714,33.0,7.623059866962306,21.0,25.14,107.14285714285714,-12.999999999999993,8.999999999999996
58423,Ankit Kumar,False,3.2942026265978365e-10,3.2942026265978365e-10,opener,481.0,,164.16382252559728,,,21.0,25.9,164.16382252559728,-34.999999999999986,
58424,Krish Yadav,False,2.2629097222351103e-07,2.2629097222351103e-07,opener,631.0,,130.64182194616978,,,19.0,25.9,130.64182194616978,148.99999999999994,
58425,Vivek Yadav,False,0.0001885615671494377,0.0001885615671494377,top/middle,21.0,,70.0,0.0,10.0,4.0,25.9,70.0,-10.999999999999998,
58426,Aayush Singh,False,1.4054978690508817e-05,1.4054978690508817e-05,finishing allrounder,11.0,,44.0,26.0,8.666666666666666,14.0,24.01,44.0,8.999999999999996,-11.999999999999998
58427,Yug Gupta,False,5.8813132416002135e-06,5.8813132416002135e-06,finishing allrounder,186.0,,145.3125,5.0,6.971830985915493,16.0,25.9,145.3125,-71.99999999999997,-2.9999999999999996
5844,Ebadot Hossain,False,0.0009210969727690125,0.0009210969727690125,finishing allrounder,2.0,,66.66666666666667,20.0,7.757869249394673,18.0,31.89,66.66666666666667,0.0,-2.5
5845,Mohammad Salman Hossain Emon,False,9.872657869192487e-05,9.872657869192487e-05,finisher,33.0,,106.45161290322581,0.0,8.0,5.0,30.44,1.068998178455652,32.99999999999999,
58619,Sanjit Basfore,False,0.00017048733320149145,0.00017048733320149145,finishing allrounder,20.0,,142.85714285714286,1.0,5.538461538461538,3.0,31.52,142.85714285714286,,
58634,Mohammed Aashiyan,False,7.83692061851052e-06,7.83692061851052e-06,opener,42.0,,87.5,,,4.0,,87.5,31.999999999999993,
58636,Inzamam Hussain,False,0.06749732324208581,0.06749732324208581,top/middle,40.0,,81.63265306122449,,,5.0,,81.63265306122449,-29.99999999999999,
58637,Shubham Mishra,False,0.00018325590709475096,0.00018325590709475096,finishing allrounder,79.0,,65.83333333333333,23.0,7.3768115942028984,21.0,,65.83333333333333,-0.9999999999999998,2.9999999999999996
58638,Kavya Teotia,False,0.012578306905706245,0.012578306905706245,top/middle,208.0,,106.12244897959184,,,10.0,20.07,106.12244897959184,-203.99999999999994,
58639,Rahul Raj Namala,True,0.6346297257969546,0.6346297257969546,top/middle,111.0,,124.71910112359551,,,6.0,,124.71910112359551,,
58642,Shubhanker Shukla,False,0.0010488979349058587,0.0010488979349058587,top/middle,15.0,,55.55555555555556,,,3.0,,55.55555555555556,,
58644,Mohamed Shavaz,False,6.660512050013488e-05,6.660512050013488e-05,finisher,1.0,,25.0,,,2.0,,25.0,,
5866,Patrick Kruger,True,0.9869074838699026,0.9869074838699026,finishing allrounder,67.0,,115.51724137931035,3.0,8.538461538461538,5.0,30.81,2.3871556205731643,,
5871,Fazle Mahmud,False,0.07385496789229992,0.051698477524609945,finisher,91.0,,112.34567901234568,,,7.0,37.91,9.280051607206573,-2.9999999999999996,
5872,Habibur Rahman,False,0.0002463935100917568,0.00017247545706422973,top/middle,40.0,,148.14814814814815,0.0,13.0,3.0,38.36,0.9724358765563941,,
58726,Faiz Ahmad,False,0.0007833993006585992,0.0007833993006585992,top/middle,36.0,,92.3076923076923,,,3.0,,92.3076923076923,,
58727,Abhinandan Singh,False,0.00018713755094894,0.00018713755094894,finishing allrounder,18.0,,138.46153846153845,27.0,6.559652928416486,21.0,28.73,1.4861728591779575,9.999999999999996,-6.999999999999998
58729,Abhay Chauhan,False,0.0006669563766803112,0.0006669563766803112,opener,119.0,,116.66666666666667,,,7.0,,116.66666666666667,16.999999999999996,
58731,Mantu Kr Yadav,False,0.0002064922944689716,0.0002064922944689716,finishing allrounder,62.0,,95.38461538461539,17.0,6.603174603174603,13.0,22.95,80.95238095238095,-27.999999999999993,-2.9999999999999996
58734,Pankaj Kumar,False,3.1562901394295678e-06,3.1562901394295678e-06,finishing allrounder,17.0,,100.0,8.0,6.801980198019802,13.0,,100.0,-4.999999999999998,-5.999999999999999
58735,Manav Sindhu,False,3.076039162961566e-05,3.076039162961566e-05,opener,8.0,,66.66666666666667,,,1.0,21.21,66.66666666666667,,
58743,Akshu Bajwa,False,1.1851789263070614e-05,1.1851789263070614e-05,finishing allrounder,71.0,,118.33333333333333,16.0,6.752186588921282,22.0,19.94,118.33333333333333,-0.9999999999999998,1.9999999999999996
58744,Parth Palawat,False,0.03149093483903919,0.03149093483903919,top/middle,79.0,,90.80459770114942,2.0,2.16,9.0,,4.7630920465596125,,
58746,Harsh Patel,False,1.8710677031880678e-05,1.5904075477098576e-05,opener,8.0,,61.53846153846154,0.0,13.0,1.0,34.07,61.53846153846154,,
58749,Ziabur Rahman,False,0.0001249270745680467,0.0001249270745680467,top/middle,9.0,,27.272727272727273,,,4.0,21.96,,,
58750,Md Saif Ali,False,0.024556093148447436,0.024556093148447436,finishing allrounder,0.0,,0.0,6.0,5.925,7.0,20.05,,,
58751,Ghanshyam Upadhyay,False,0.1624090689919104,0.1624090689919104,finisher,56.0,,77.77777777777777,,,5.0,,77.77777777777777,,
5882,Afif Hossain,False,0.018828790100711684,0.018828790100711684,top/middle,1533.0,,116.4009111617312,4.0,8.627737226277372,77.0,26.18,2.537531540343742,-8.499999999999988,-8.777083671441753e-18
58859,Amar Chaudhary,False,0.0016762434129700247,0.0016762434129700247,finishing allrounder,104.0,,130.0,11.0,6.838235294117647,9.0,,2.841171222334973,81.99999999999997,8.999999999999996
58865,Vijay Yadav,False,7.027636272006026e-06,7.027636272006026e-06,finishing allrounder,35.0,,100.0,10.0,7.790322580645161,15.0,,100.0,-8.999999999999996,-3.999999999999999
58912,Sushant,False,0.001152663151086097,0.001152663151086097,finisher,3.0,,100.0,,,1.0,25.9,100.0,,
5892,Blair Tickner,True,0.9991486407554607,0.8492763446421416,finishing allrounder,6.0,,35.294117647058826,9.0,9.493150684931507,9.0,32.12,1.8892224967359719,-1.9999999999999996,1.9999999999999996
59064,Chandradeep Das,False,0.0013545572266516687,0.000948190058656168,finishing allrounder,0.0,,0.0,10.0,6.148760330578512,6.0,36.82,,,
59067,Abhilash Kumar Maurya,False,5.607012296107668e-06,5.607012296107668e-06,batting allrounder,208.0,,99.52153110047847,6.0,6.549618320610687,12.0,24.94,105.17241379310344,35.999999999999986,5.999999999999999
59068,Ramen Arya,False,7.948238183818508e-06,7.948238183818508e-06,finisher,10.0,,50.0,,,2.0,20.94,,,
59070,Bhaskar Kalita,False,1.1494730244509278e-05,8.046311171156495e-06,finishing allrounder,51.0,,65.38461538461539,9.0,4.387096774193548,12.0,43.9,,,
59071,Siddhant Bordoloi,False,0.000623891510272032,0.000623891510272032,finishing allrounder,6.0,,46.15384615384615,1.0,6.6923076923076925,2.0,18.47,,,
59080,Mudassir Alam,False,0.0004894006298554799,0.0004894006298554799,batting allrounder,196.0,,93.33333333333333,11.0,3.9735099337748343,8.0,21.92,,,
59084,Saksham Gahlot,False,0.0011063350952316452,0.0011063350952316452,finishing allrounder,1.0,,33.333333333333336,5.0,8.75294117647059,4.0,20.21,33.333333333333336,,
59085,Rahul Gahlot,False,0.0006708180223936189,0.0006708180223936189,finishing allrounder,0.0,,0.0,2.0,7.714285714285714,3.0,,0.0,,
59086,Aditya Bhandari,False,1.659615292413807e-05,1.659615292413807e-05,finisher,143.0,,133.6448598130841,,,13.0,,133.6448598130841,130.99999999999997,
59116,Nikhil Kumar,False,0.001941643537050163,0.001941643537050163,batting allrounder,82.0,,113.88888888888889,6.0,7.01123595505618,6.0,19.31,113.88888888888889,,
5912,Ashish Kumar,False,0.001173135262280141,0.0008211946835960987,opener,224.0,,155.55555555555554,,,6.0,36.96,155.55555555555554,,
5913,Shubham Rohilla,True,0.999841930698045,0.999841930698045,opener,116.0,,126.08695652173913,,,6.0,27.72,1.9290018110716796,-111.99999999999997,
5915,Shivam Chauhan,False,0.05881617246602153,0.05881617246602153,top/middle,126.0,,136.95652173913044,,,3.0,28.12,7.448770259050721,,
59153,Makarand Patil,False,0.013133440144901119,0.013133440144901119,finisher,16.0,,133.33333333333334,,,5.0,29.4,1.0513673098509033,,
59154,Aditya Kumar,False,2.4607800492812813e-05,2.4607800492812813e-05,opener,3.0,,33.333333333333336,,,1.0,,33.333333333333336,,
59155,Anivesh Chaudhary,False,2.7430623177614535e-07,2.7430623177614535e-07,opener,285.0,,113.0952380952381,,,15.0,,113.0952380952381,102.99999999999997,
59162,Deepak Rana,False,1.877658746655757e-05,1.877658746655757e-05,top/middle,148.0,,105.71428571428571,,,7.0,,105.71428571428571,103.99999999999994,
59163,Priyanshu Gautam,False,5.5051645107250454e-06,5.5051645107250454e-06,finishing allrounder,42.0,,107.6923076923077,4.0,9.154639175257731,8.0,,107.6923076923077,39.999999999999986,-3.999999999999999
59211,Abhishek Pandey,False,0.0002082165746085116,0.0002082165746085116,finisher,62.0,,119.23076923076923,,,12.0,26.13,119.23076923076923,15.999999999999996,
59216,Subham Das,False,1.8451785683341046e-05,1.8451785683341046e-05,finishing allrounder,38.0,,76.0,4.0,6.64,7.0,21.44,,,
5922,Vijay Gohil,True,0.9941151266422035,0.9941151266422035,finishing allrounder,28.0,,155.55555555555554,21.0,5.717277486910994,9.0,30.12,155.55555555555554,,7.499999999999997
59271,Simanta Roy,False,0.0005091400743390142,0.0005091400743390142,finishing allrounder,47.0,,85.45454545454545,1.0,6.979591836734694,7.0,19.79,,,
59279,Kavya Gupta,False,0.0004635235190608627,0.0004635235190608627,finisher,71.0,,114.51612903225806,,,9.0,,114.51612903225806,-10.999999999999998,
5928,Prithvi Shaw,True,0.999999999382454,0.999999999382454,opener,1762.0,,158.02690582959642,,,66.0,26.05,2.1823264054703677,-51.90000000000001,
59287,Pranjal Bharali,False,0.00024717940592520544,0.00024717940592520544,finishing allrounder,3.0,,60.0,4.0,3.107142857142857,4.0,22.01,,,
59288,Vikash Yadav,False,4.38679943246569e-06,4.38679943246569e-06,top/middle,166.0,,105.73248407643312,0.0,4.5,8.0,16.95,,,
59299,Rakshit Rohi,True,0.9981782018268865,0.9981782018268865,finishing allrounder,55.0,,107.84313725490196,6.0,8.61038961038961,11.0,20.68,16.83833371161354,20.999999999999993,5.999999999999999
5930,Ajaz Patel,False,0.0005571115653294372,0.00038997809573060603,finishing allrounder,7.0,,50.0,10.0,3.4146341463414633,5.0,37.1,50.0,,
59300,Ashar Khan,True,0.9727860097351665,0.9727860097351665,finisher,70.0,,111.11111111111111,0.0,6.0,3.0,21.12,111.11111111111111,,
59302,Rajya Vardhan Singh,False,0.000998556241214534,0.000998556241214534,finisher,15.0,,107.14285714285714,,,6.0,20.21,107.14285714285714,,
59304,Himanshu Sony,True,0.9988749676929993,0.9988749676929993,top/middle,97.0,,190.19607843137254,,,7.0,24.68,7.385137450737446,70.99999999999999,
59305,Pramod Rawat,False,0.0076111903794677275,0.0076111903794677275,finishing allrounder,0.0,,0.0,2.0,8.459016393442623,3.0,29.16,0.0,,
59306,Daksh Awana,True,0.9857145270473325,0.9857145270473325,opener,120.0,,84.50704225352112,,,7.0,19.67,14.074174140108845,57.99999999999998,
59307,Kartik Bhatt,True,0.9918840295784729,0.9918840295784729,top/middle,79.0,,112.85714285714286,,,6.0,23.83,112.85714285714286,,
59308,Abhyuday Bhatnagar,True,0.8393856119113005,0.8393856119113005,opener,101.0,,131.16883116883116,,,6.0,20.26,131.16883116883116,,
59311,Sachin Bhati,True,0.9986098113799866,0.9986098113799866,top/middle,95.0,,103.26086956521739,0.0,6.48,7.0,,1.2709581286235883,86.99999999999997,
59313,Anay Basant Chettri,True,0.9990956349218881,0.9990956349218881,finishing allrounder,64.0,,103.2258064516129,6.0,8.88888888888889,11.0,,0.6978544509142472,63.999999999999986,3.999999999999999
59317,Hitesh Naula,True,0.9590712833227109,0.9590712833227109,top/middle,74.0,,112.12121212121212,,,4.0,24.1,112.12121212121212,,
59318,Aditya Naithani,True,0.9994164268948837,0.9994164268948837,top/middle,63.0,,110.52631578947368,,,7.0,19.07,11.1752088122435,-48.99999999999999,
59320,Parmender Chadda,True,0.8270752984904236,0.8270752984904236,finisher,58.0,,120.83333333333333,,,4.0,23.06,120.83333333333333,,
59321,Nikhil Harsh,False,0.0004221541922343928,0.0004221541922343928,opener,37.0,,123.33333333333333,,,1.0,23.4,123.33333333333333,,
5933,Chintan Gaja,False,0.0061536196719091125,0.0061536196719091125,finishing allrounder,70.0,,125.0,24.0,8.853868194842407,17.0,31.04,1.2790563747464305,20.999999999999993,0.19999999999999996
59330,Aarav Mahajan,True,0.9961877110438647,0.9961877110438647,opener,252.0,,131.9371727748691,,,13.0,19.42,4.4263397580088935,-21.999999999999996,
59332,Harman Singh,True,0.04410272958374603,0.04410272958374603,finishing allrounder,2.0,,25.0,5.0,7.166666666666667,4.0,25.52,25.0,,
59333,Shashwat Dangwal,True,0.9996241683364381,0.9996241683364381,top/middle,521.0,,151.89504373177843,4.0,7.2272727272727275,12.0,22.12,45.49345116812041,308.9999999999999,1.9999999999999996
59335,Poorvansh Dhruv,True,0.9820775787088891,0.9820775787088891,top/middle,199.0,,153.07692307692307,,,8.0,20.45,153.07692307692307,,
59336,Sanskar Rawat,True,0.9995339362727994,0.9995339362727994,opener,504.0,,159.49367088607596,,,12.0,20.45,2.7001114589803135,89.99999999999997,
59343,Shivam Gupta,True,0.9994046954719035,0.9994046954719035,finishing allrounder,9.0,,56.25,9.0,8.0,7.0,,2.255013620080363,-6.999999999999998,-2.9999999999999996
59344,Deepak Kumar,True,0.9991958186000219,0.9991958186000219,finishing allrounder,6.0,,300.0,6.0,9.264705882352942,4.0,30.3,300.0,,
59346,Saurav Chauhan,True,0.9458320913626932,0.9458320913626932,finisher,227.0,,148.36601307189542,,,11.0,28.1,7.86822889328765,46.999999999999986,
59351,Shashank Shekhar Pant,True,0.9987879580599553,0.9987879580599553,finishing allrounder,22.0,,95.65217391304348,2.0,8.0,5.0,20.08,95.65217391304348,,
5939,Cameron Green,True,0.999999999982566,0.999999999982566,batting allrounder,1127.0,,151.68236877523555,25.0,8.31772575250836,44.0,26.48,2.2532213475225715,19.499999999999996,3.999999999999999
5940,Riley Meredith,True,0.9999995196645302,0.9999995196645302,finishing allrounder,0.0,,0.0,25.0,8.646680942184155,20.0,29.43,0.0,0.0,-0.5
59417,Priyank Singh,False,0.0009245597320453881,0.0009245597320453881,finishing allrounder,30.0,,250.0,2.0,7.090909090909091,3.0,,250.0,,
5944,Mohammed Siraj,True,0.9999999999496121,0.9999999999496121,finishing allrounder,73.0,,86.9047619047619,81.0,7.470927187008905,83.0,31.71,1.2395236494555237,-5.700000000000001,0.8000000000000005
5949,Shubham Ranjane,False,0.16651942611868484,0.16651942611868484,finishing allrounder,48.0,,126.3157894736842,3.0,9.826086956521738,4.0,31.67,1.2781964180297813,4.999999999999998,0.7499999999999999
5953,Lakshan Sandakan,False,0.0009677866151405333,0.0008226186228694533,finishing allrounder,3.0,,25.0,0.0,7.0,1.0,34.46,25.0,,
5956,Vinod Kumar,False,0.0024335750675279614,0.001703502547269573,finishing allrounder,114.0,,156.16438356164383,21.0,6.285714285714286,13.0,38.32,1.650036748624678,,
5957,Rohan Kunnummal,False,0.00111273357617058,0.00111273357617058,opener,1401.0,,154.63576158940398,,,41.0,27.55,5.224950003589459,150.7,
59580,Himanshu Singh,False,3.592816780069124e-06,3.592816780069124e-06,finisher,3.0,,75.0,0.0,8.526315789473685,3.0,22.34,75.0,,
5959,Girinath Reddy,False,0.0012316649346732127,0.0012316649346732127,finishing allrounder,170.0,,114.09395973154362,14.0,7.693379790940766,17.0,27.13,3.6607652488136577,16.2,2.0
59590,Saurabh Darekar,False,0.00048081679740046934,0.00048081679740046934,top/middle,42.0,,77.77777777777777,,,6.0,25.32,,,
59591,Soham Sarwade,False,0.00033929128314647813,0.00033929128314647813,finishing allrounder,4.0,,80.0,8.0,7.779310344827586,10.0,22.86,,,
59593,Omkar Mohol,False,5.37338478330902e-05,5.37338478330902e-05,finisher,79.0,,100.0,,,6.0,25.02,,,
59594,Sagar Pawar,False,4.3756561340364774e-05,4.3756561340364774e-05,top/middle,191.0,,169.02654867256638,0.0,15.0,6.0,21.14,,,
59596,Sagar Hogade,False,6.27526483453478e-05,6.27526483453478e-05,finishing allrounder,7.0,,77.77777777777777,4.0,8.735294117647058,3.0,28.45,,,
59597,Soham Lele,False,9.62882414335931e-06,9.62882414335931e-06,finishing allrounder,10.0,,62.5,4.0,9.306122448979592,4.0,25.62,,,
5960,Karthik Raman,False,0.004213181860273505,0.004213181860273505,finishing allrounder,44.0,,200.0,10.0,9.071428571428571,8.0,28.64,200.0,-5.999999999999999,-3.999999999999999
59600,Akash Borade,False,1.2093866078848162e-07,1.2093866078848162e-07,opener,74.0,,101.36986301369863,2.0,8.235294117647058,9.0,24.76,,,
59601,Vinay Shetty,False,0.00013289035885445072,0.00013289035885445072,finishing allrounder,18.0,,94.73684210526316,3.0,10.0,5.0,22.86,,,
59603,,False,0.00042657488191636306,0.00042657488191636306,bowler,22.0,,104.76190476190476,1.0,8.666666666666666,0.0,,3.4082117462249553,,
59605,Aadarsh Jain,False,3.205364469480881e-06,3.205364469480881e-06,finisher,22.0,,95.65217391304348,1.0,10.666666666666666,4.0,,,,
59607,Kartik Pillay,False,0.00013025106465547106,0.00013025106465547106,finishing allrounder,0.0,,0.0,2.0,10.097560975609756,3.0,,,,
59608,Jay Patil,False,0.0036514188356383246,0.0036514188356383246,finishing allrounder,3.0,,33.333333333333336,2.0,7.741935483870968,6.0,,,,
5961,KV Sasikanth,False,0.08716658328124807,0.08716658328124807,finishing allrounder,371.0,,170.1834862385321,47.0,8.445,34.0,30.36,1.2362571069395865,33.6,5.5
59611,Ubed Khatik,False,0.00023684866459500114,0.00023684866459500114,finisher,0.0,,0.0,0.0,18.0,2.0,,,,
59612,Sai Banait,False,4.023868572291961e-06,4.023868572291961e-06,finisher,8.0,,66.66666666666667,,,3.0,,,,
59613,Shubham Velankar,False,8.492467273169154e-05,8.492467273169154e-05,finishing allrounder,5.0,,83.33333333333333,1.0,7.818181818181818,2.0,27.58,,,
59620,Krishna Martand,False,0.01198534797857217,0.01198534797857217,finishing allrounder,0.0,,0.0,10.0,8.176991150442477,8.0,23.93,,,
59622,Sambit Sahoo,False,1.9876987509418958e-05,1.9876987509418958e-05,top/middle,18.0,,78.26086956521739,,,3.0,,78.26086956521739,,
59652,Ashutosh Chhuria,False,0.000884874445538228,0.000884874445538228,finishing allrounder,1.0,,50.0,6.0,7.212765957446808,6.0,22.85,50.0,,
5966,Himalay Agarwal,True,0.8669541112560131,0.7369109945676111,finisher,86.0,,108.86075949367088,,,4.0,32.13,2.6885895311012895,,
59688,Limar Dabi,False,0.0007619481519016961,0.0006476559291164417,finishing allrounder,7.0,,350.0,4.0,6.405405405405405,4.0,34.05,350.0,,
5969,Telukupalli Ravi Teja,True,0.9996343847268656,0.9996343847268656,finishing allrounder,56.0,,93.33333333333333,25.0,6.339622641509434,13.0,31.1,1.5364347229780841,-11.500000000000004,-0.09999999999999998
5971,Kolla Sumanth,True,0.9597959446207461,0.8158265529276342,top/middle,17.0,,130.76923076923077,,,1.0,33.59,130.76923076923077,,
5972,Deepraj Gaonkar,True,0.9998032339755638,0.9998032339755638,finishing allrounder,206.0,,136.42384105960264,7.0,7.321428571428571,13.0,27.65,10.098584508984032,3.6000000000000014,0.42857142857142844
59724,Jaymeet Manishbhai Patel,False,4.804925463033512e-05,4.804925463033512e-05,batting allrounder,84.0,,120.0,7.0,8.810126582278482,5.0,23.53,120.0,,
59728,Roshan Kesari Warbah,False,3.955177065824528e-05,3.955177065824528e-05,top/middle,17.0,,56.666666666666664,0.0,18.0,3.0,25.82,56.666666666666664,,
59729,Aditya Verma,False,2.6122917058640243e-05,2.6122917058640243e-05,top/middle,5.0,,38.46153846153846,,,2.0,25.34,38.46153846153846,,
59730,Biki Kumar,False,0.00031198928609365136,0.00031198928609365136,top/middle,66.0,,82.5,,,7.0,24.46,82.5,,
59732,Mibum Mosu,False,5.468487388252781e-05,5.468487388252781e-05,finishing allrounder,43.0,,113.15789473684211,11.0,5.215686274509804,8.0,23.0,113.15789473684211,,
59734,Nabam Dol,False,1.9147403424057366e-05,1.9147403424057366e-05,finishing allrounder,141.0,,134.28571428571428,2.0,5.751724137931035,8.0,24.9,134.28571428571428,,
59735,Prince Yadav,False,0.0007175473011971059,0.0007175473011971059,batting allrounder,164.0,,174.46808510638297,5.0,6.409090909090909,5.0,24.54,174.46808510638297,,
59737,Hardik Himanshu Varma,False,1.1740169478596397e-07,1.1740169478596397e-07,batting allrounder,152.0,,99.34640522875817,13.0,7.242603550295858,7.0,24.95,99.34640522875817,,
5977,Khary Pierre,False,0.08744847500463694,0.0743312037539414,finishing allrounder,0.0,,0.0,3.0,8.04,3.0,34.01,0.0,,
5979,Abrar Ahmed,True,0.9995433145316888,0.9995433145316888,finishing allrounder,4.0,,33.333333333333336,25.0,6.766423357664234,25.0,27.21,1.26392253251853,,8.999999999999996
59848,Arun Kumar,False,0.0006503294738329342,0.0006503294738329342,finisher,42.0,,131.25,,,3.0,22.97,131.25,,
5985,Shubham Shubham Agarwal,True,0.9997032531517235,0.8497477651789649,finishing allrounder,187.0,,109.35672514619883,13.0,7.6875,18.0,32.01,4.485007944870005,43.499999999999986,3.999999999999999
59873,Gaurav Jotshi,False,8.286850436326858e-05,8.286850436326858e-05,finishing allrounder,4.0,,33.333333333333336,3.0,6.617647058823529,3.0,,,,
59876,Siddhesh Wargante,False,0.00011892064965310637,0.00011892064965310637,finishing allrounder,58.0,,156.75675675675674,5.0,11.225806451612904,6.0,26.93,,,
5988,Sayan Ghosh,False,0.00026287201355299324,0.00022344121152004424,finishing allrounder,26.0,,70.27027027027027,38.0,6.53030303030303,22.0,33.19,0.8922868653084601,-10.999999999999998,-3.999999999999999
59881,Vaibhav Darkunde,False,8.302067182444617e-05,8.302067182444617e-05,finishing allrounder,12.0,,133.33333333333334,8.0,7.822222222222222,8.0,22.47,,,
59883,Akash Benali,False,0.000752983237753357,0.000752983237753357,finishing allrounder,53.0,,94.64285714285714,8.0,9.88888888888889,7.0,,,,
599,Avinash Yadav,False,0.0010372142549150236,0.0007260499784405165,finishing allrounder,19.0,,100.0,2.0,6.0,2.0,39.15,100.0,,
5990,Amit Pachhara,False,0.0005822451614428867,0.0005822451614428867,finisher,14.0,,63.63636363636363,,,3.0,30.22,63.63636363636363,,
5991,Dharmendrasinh Jadeja,False,0.00015233859470394038,0.00010663701629275826,finishing allrounder,184.0,,126.89655172413794,35.0,6.5244215938303345,37.0,35.31,3.8597862013895905,6.000000000000001,0.6000000000000004
59925,Vinay Patil,False,0.001023146878179454,0.001023146878179454,top/middle,50.0,,90.9090909090909,,,5.0,,,,
59926,Paradym Mohajain,False,0.0005105932399984639,0.0005105932399984639,finisher,1.0,,50.0,,,4.0,,,,
59934,Ajay Godse,False,0.0006358076958106106,0.0006358076958106106,finishing allrounder,14.0,,87.5,7.0,7.1891891891891895,6.0,29.19,,,
60114,,False,2.630330894948871e-06,2.630330894948871e-06,bowler,144.0,,146.9387755102041,0.0,12.0,0.0,,,,
60115,Abhay Kamal Choudhary,False,0.0458562232029161,0.0458562232029161,opener,142.0,,133.96226415094338,,,7.0,23.75,5.162495540739949,,
60119,Tejasvi Jaiswal,False,0.0060313202203229315,0.0060313202203229315,top/middle,1.0,,50.0,,,1.0,28.74,50.0,,
60121,Ayush Loharuka,False,0.03835331799182886,0.03835331799182886,top/middle,85.0,,107.59493670886076,,,4.0,22.42,3.013560892184738,-22.999999999999993,
6025,Henry Shipley,False,0.0004257609608265925,0.0004257609608265925,finishing allrounder,2.0,,100.0,2.0,9.831325301204819,5.0,29.55,100.0,,
6038,Pratham Sing,False,0.008169815970615345,0.0069443435750230435,opener,114.0,,126.66666666666667,,,8.0,33.24,1.6093928698371898,95.99999999999999,
6046,Kanishk Seth,True,0.9975946966722329,0.9975946966722329,finishing allrounder,49.0,,90.74074074074075,24.0,8.42152466367713,22.0,28.06,1.5910784473639494,-18.99999999999999,-3.999999999999999
6047,Abhishek Raman,False,1.3247749684547382e-05,1.1260587231865274e-05,top/middle,259.0,,124.51923076923077,1.0,8.727272727272727,14.0,32.22,124.51923076923077,22.999999999999993,
605,Abu Nechim,False,0.0007312799236909466,0.0005118959465836625,top/middle,57.0,,103.63636363636364,,,3.0,37.06,103.63636363636364,,
60502,Sagar Chabria,True,0.996903070735722,0.996903070735722,batting allrounder,207.0,,140.81632653061226,7.0,7.285714285714286,11.0,25.87,2.357998648117511,,
60504,Dip Borah,False,0.0012281363385998217,0.0012281363385998217,finishing allrounder,0.0,,0.0,3.0,9.67741935483871,4.0,21.78,0.0,,
6054,Satyajeet Bachhav,False,0.0011117236238274936,0.0009449650802533695,finishing allrounder,71.0,,142.0,39.0,7.057591623036649,29.0,32.99,3.4511036133619686,16.499999999999993,1.4999999999999982
60542,Afzal Hussain,False,3.587803831609258e-05,3.587803831609258e-05,top/middle,10.0,,52.63157894736842,,,2.0,24.41,60.0,,
60543,Vishal Yadav,False,5.1594670063899116e-05,5.1594670063899116e-05,finishing allrounder,6.0,,100.0,2.0,10.5,1.0,25.9,,,
6058,Nikit Dhumal,False,4.648594005239077e-05,3.9513049044532154e-05,finishing allrounder,9.0,,75.0,35.0,8.188888888888888,33.0,34.4,66.66666666666667,-4.710277376051325e-16,5.499999999999997
6059,Ruturaj Gaikwad,True,0.9999999999985245,0.9999999999985245,top/middle,3267.0,,141.12311015118792,,,96.0,28.82,2.562891953857081,-63.4,
6060,Shamshuzama Kazi,False,3.1538412943183402e-06,3.1538412943183402e-06,finishing allrounder,134.0,,103.07692307692308,17.0,7.7164179104477615,24.0,31.04,103.07692307692308,-1.5000000000000004,-1.0
6061,Naushad Shaikh,True,0.9992381150621508,0.8493523978028281,top/middle,449.0,,136.06060606060606,,,23.0,34.12,4.386658509799342,-122.49999999999996,
60634,Gaurav Kochar,False,4.032351047402939e-05,3.427498390292498e-05,top/middle,6.0,,85.71428571428571,,,1.0,33.19,85.71428571428571,,
60635,Abhishek Desai,False,0.00634850292326386,0.00634850292326386,opener,177.0,,108.58895705521472,,,7.0,27.12,30.87978526136871,72.99999999999999,
60637,Smit Patel,False,0.0006278972417210124,0.0005337126554628605,opener,201.0,,139.58333333333334,,,7.0,32.53,139.58333333333334,,
60638,Samrat Sutradhar,False,4.217843694962027e-05,4.217843694962027e-05,opener,1.0,,20.0,,,2.0,28.96,20.0,,
60639,Riaz Uddain,False,5.132576572399507e-06,5.132576572399507e-06,top/middle,4.0,,36.36363636363637,,,1.0,25.04,36.36363636363637,,
60664,Subham Satrujit,False,0.00014289773392025984,0.00014289773392025984,top/middle,152.0,,143.39622641509433,,,6.0,26.21,151.04166666666666,,
60666,,False,2.0949643804775308e-08,2.0949643804775308e-08,bowler,15.0,,88.23529411764706,0.0,10.736842105263158,0.0,,,,
60667,Ibitlang Thabah,False,7.094947423065285e-05,7.094947423065285e-05,top/middle,4.0,,66.66666666666667,,,1.0,,66.66666666666667,,
60674,Shamphri Terang,False,0.10597028046358241,0.10597028046358241,opener,114.0,,83.21167883211679,,,4.0,25.09,81.18811881188118,,
60681,Kara Hakap,False,0.00023310526480485418,0.00023310526480485418,opener,207.0,,127.77777777777777,,,6.0,31.89,127.77777777777777,,
60688,Azizul Hakim Tamin,False,0.007584161959512259,0.007584161959512259,top/middle,5.0,,20.833333333333332,,,4.0,,0.6783277711746619,,
60689,Zawad Abrar,True,0.9761373141908847,0.9761373141908847,top/middle,66.0,,79.51807228915662,,,5.0,,1.3977959082423042,,
60700,Ravi Singh,False,9.280010952074541e-07,9.280010952074541e-07,top/middle,234.0,,151.94805194805195,,,11.0,24.51,151.94805194805195,,
60796,Nitin Yadav,True,0.4663450440704653,0.4663450440704653,finishing allrounder,2.0,,100.0,2.0,6.230769230769231,1.0,21.61,100.0,,
60798,,False,6.392094094648579e-05,6.392094094648579e-05,unknown,12.0,,85.71428571428571,,,0.0,,85.71428571428571,,
60799,Azaan Thota,False,0.00023408543081309435,0.00023408543081309435,opener,56.0,,109.80392156862744,,,3.0,,109.80392156862744,,
6097,Brydon Carse,True,0.9999999888277603,0.9999999888277603,finishing allrounder,46.0,,124.32432432432432,20.0,8.416961130742049,14.0,25.9,1.0259805476742834,22.999999999999993,4.999999999999999
61443,Surya Pratap Singh,False,0.00012375946933842102,0.00012375946933842102,finisher,11.0,,110.0,,,2.0,20.33,110.0,,
61502,Hridyanand Singh,False,3.614220708172258e-05,3.614220708172258e-05,top/middle,10.0,,52.63157894736842,,,1.0,,52.63157894736842,,
6160,Chamika Karunaratne,True,0.9999999999992224,0.9999999999992224,finishing allrounder,257.0,,104.47154471544715,15.0,8.103092783505154,30.0,29.49,1.3413026773179104,-20.2,-1.0571428571428572
6161,Rahul Chahar,True,0.9999999999996751,0.9999999999996751,finishing allrounder,160.0,,105.26315789473684,62.0,7.434875444839857,64.0,26.31,1.569226484030072,-5.6,-5.0
6162,Kulwant Khejroliya,True,0.9999153402526098,0.8499280392147183,finishing allrounder,27.0,,103.84615384615384,17.0,9.678018575851393,16.0,33.71,140.0,-0.9999999999999998,1.6999999999999997
6172,Lasith Croospulle,False,0.046449241496112306,0.046449241496112306,top/middle,113.0,,121.50537634408602,,,8.0,27.13,1.1107238215953052,-12.999999999999993,
6176,Ashen Bandara,True,0.5019416766492545,0.5019416766492545,top/middle,9.0,,45.0,,,1.0,27.01,45.0,,
6179,Nipun Ransika,False,0.002354753027134221,0.002354753027134221,finishing allrounder,6.0,,85.71428571428571,6.0,7.108695652173913,5.0,26.49,85.71428571428571,,
6180,Praveen Jayawickrama,True,0.8517269306883598,0.8517269306883598,finishing allrounder,0.0,,0.0,2.0,8.962025316455696,5.0,27.16,0.0,,1.9999999999999996
61889,Gedak Ete,False,5.88327949911488e-05,5.88327949911488e-05,top/middle,112.0,,105.66037735849056,,,7.0,27.92,105.66037735849056,,
61890,Namam Tatang,False,0.000556378336011697,0.000556378336011697,top/middle,22.0,,64.70588235294117,,,3.0,28.38,64.70588235294117,,
62028,Honey Khari,False,0.016750583644535095,0.016750583644535095,opener,94.0,,89.52380952380952,4.0,5.659090909090909,4.0,,89.52380952380952,,
62036,Amit Yadav,False,2.929806879944773e-06,2.929806879944773e-06,opener,274.0,,135.64356435643563,,,8.0,23.24,135.64356435643563,,
6235,Sundararaman Radhakrishnan,False,0.0011949922214868028,0.0011949922214868028,top/middle,557.0,,109.43025540275049,,,28.0,26.37,5.918259904991843,-28.599999999999998,
62358,Sasidharan R,False,0.048959969627807506,0.048959969627807506,finishing allrounder,4.0,,44.44444444444444,5.0,9.405405405405405,2.0,27.32,44.44444444444444,,
6236,Manish Ravi,False,0.0008035379137889735,0.0008035379137889735,finishing allrounder,4.0,,50.0,3.0,9.6,4.0,29.95,50.0,,
6237,Manimaran Siddharth,False,0.439807636902592,0.439807636902592,finishing allrounder,48.0,,92.3076923076923,52.0,5.6680851063829785,51.0,27.4,2.1696999494218514,-0.20000000000000032,-1.5
6238,K Deeban Lingesh,False,9.911893337374244e-05,9.911893337374244e-05,finisher,38.0,,79.16666666666667,1.0,5.625,7.0,,2.2416834382941335,,
6240,M Poiyamozhi,False,1.596851641192843e-06,1.596851641192843e-06,finishing allrounder,62.0,,96.875,60.0,7.192592592592592,34.0,,1.320319011414177,-1.6999999999999995,1.0000000000000002
6243,K Mani Bharathi,False,2.5536052512568664e-07,2.5536052512568664e-07,top/middle,408.0,,110.5691056910569,,,22.0,,5.352299175968652,-48.499999999999986,
6245,Kannan Vignesh,False,0.004052234585291232,0.0034443993974975474,finishing allrounder,20.0,,54.054054054054056,30.0,7.460122699386503,23.0,32.11,1.1107022429509152,-1.807692307692308,-0.34615384615384626
6247,RS Hariharan,False,7.909201915901993e-05,7.909201915901993e-05,top/middle,476.0,,105.77777777777777,5.0,7.967213114754099,34.0,25.17,6.929223372663399,10.5,0.14285714285714282
62473,Sharad Chahar,False,6.694407272986952e-05,6.694407272986952e-05,finishing allrounder,6.0,,46.15384615384615,1.0,9.551020408163266,3.0,21.15,46.15384615384615,,
62475,Jitesh Singh,False,6.112165374204504e-05,6.112165374204504e-05,finisher,6.0,,60.0,,,2.0,26.95,60.0,,
6250,R Rajan,False,0.001683237845499485,0.001683237845499485,finisher,53.0,,132.5,,,2.0,,132.5,,
62505,Lindum Kamte,False,0.00011658611355042689,0.00011658611355042689,finisher,59.0,,105.35714285714286,,,7.0,31.73,105.35714285714286,,
6252,S Kishan Kumar,False,3.248483857752723e-05,3.248483857752723e-05,finishing allrounder,8.0,,100.0,1.0,5.0,1.0,,100.0,,
62525,Nabam Natung,False,5.132904245579181e-07,5.132904245579181e-07,batting allrounder,113.0,,109.70873786407768,2.0,7.454545454545454,8.0,25.89,109.70873786407768,,
62526,Krains Fuletra,False,0.00016048741910696794,0.00016048741910696794,finishing allrounder,1.0,,100.0,10.0,7.555555555555555,10.0,21.44,100.0,,
6256,Varun Chakravarthy,True,0.9999999999996609,0.8499999999997118,finishing allrounder,98.0,,84.48275862068965,193.0,7.065176908752328,138.0,34.25,1.075136542559095,5.9,11.0
6263,Aaditya AVaradarajan,False,0.00047301135312860374,0.00047301135312860374,top/middle,177.0,,104.11764705882354,,,9.0,,1.1336436958012124,70.99999999999999,
6264,S Aravind,False,7.027095067229677e-05,7.027095067229677e-05,top/middle,197.0,,93.36492890995261,2.0,5.833333333333333,14.0,,5.121733208472952,1.9999999999999933,
6265,S Sujay,False,9.08210595656064e-05,9.08210595656064e-05,top/middle,491.0,,104.46808510638297,,,27.0,,8.137691717405168,30.400000000000006,
62650,Roshan Madhav,False,9.623902767657193e-06,9.623902767657193e-06,opener,140.0,,102.94117647058823,10.0,7.785123966942149,7.0,28.44,102.94117647058823,,
62679,Ritesh Paul,False,0.00022899260252303073,0.0001602948217661215,opener,79.0,,105.33333333333333,,,7.0,41.6,105.33333333333333,,
6268,Stephen Eskinazi,False,0.005615468361168155,0.005615468361168155,top/middle,68.0,,103.03030303030303,,,4.0,31.67,1.2771180189999833,33.99999999999999,
62680,Jubin Doley,False,3.193910580501071e-05,3.193910580501071e-05,batting allrounder,11.0,,25.58139534883721,1.0,6.5625,3.0,25.9,25.58139534883721,,
62681,Saibal Ghose,False,0.0001553568471115848,0.0001553568471115848,finisher,15.0,,57.69230769230769,0.0,10.5,3.0,28.76,57.69230769230769,,
62686,Jayesh Halakr,False,6.948070476887263e-05,6.948070476887263e-05,opener,6.0,,60.0,,,2.0,20.13,60.0,,
62693,Damian Sereng,False,0.001296188651352515,0.001296188651352515,batting allrounder,4.0,,21.05263157894737,4.0,9.826086956521738,3.0,25.85,21.05263157894737,,
62694,Khalid Alam,False,3.993710261864937e-05,3.993710261864937e-05,batting allrounder,76.0,,101.33333333333333,6.0,7.0212765957446805,7.0,26.0,5.198377367389835,,
62695,Abhishant Bakshi,False,0.0005647349255611668,0.0005647349255611668,finishing allrounder,84.0,,101.20481927710843,6.0,5.731343283582089,5.0,29.23,101.20481927710843,,
62708,Shreevathsa R Acharya,False,0.0002871607143780576,0.0002871607143780576,finishing allrounder,2.0,,100.0,7.0,8.08695652173913,10.0,23.7,100.0,,
6272,William Jacks,True,0.9999999983154984,0.9999999983154984,top/middle,1419.0,,147.50519750519751,13.0,7.592727272727273,61.0,27.01,3.051884370608425,-17.89999999999999,2.2999999999999994
6273,Tom Banton,False,0.5313310640342884,0.5313310640342884,top/middle,224.0,,151.35135135135135,,,14.0,27.04,2.3867230481637938,-20.0,
62781,Utpal Gayari,False,0.011299058235797847,0.007909340765058493,batting allrounder,3.0,,75.0,1.0,12.75,1.0,43.73,75.0,,
62783,,False,4.776832582912304e-05,4.776832582912304e-05,bowler,0.0,,0.0,4.0,8.294117647058824,0.0,,0.0,,
6280,Harry Brook,True,0.9999999999900342,0.9999999999900342,top/middle,1001.0,,144.02877697841726,,,49.0,26.76,1.8952687408273954,-37.699999999999996,
6281,Abhishek Sharma,True,0.9999999997573144,0.9999999997573144,opener,3517.0,,166.20982986767487,45.0,6.908700322234157,122.0,25.23,3.8117089488781692,268.8,1.3
6282,Salman Khan,False,0.005191568044520823,0.005191568044520823,top/middle,119.0,,121.42857142857143,,,3.0,26.92,121.42857142857143,,
6283,Het Patel,False,0.07044632317431479,0.07044632317431479,top/middle,164.0,,98.79518072289157,,,10.0,27.12,2.749527403333216,27.999999999999996,
6284,Anukul Roy,True,0.99999861106148,0.99999861106148,finishing allrounder,221.0,,154.54545454545453,12.0,7.010989010989011,17.0,26.99,1.3072062303633503,-5.900000000000001,0.20000000000000004
6285,Kamlesh Nagarkoti,True,0.9999844729952947,0.9999844729952947,finishing allrounder,3.0,,33.333333333333336,7.0,9.171974522292993,8.0,25.91,0.6845188127826887,-0.2142857142857143,1.6428571428571435
62852,Aditya Anand,False,0.0008788675405702227,0.0008788675405702227,batting allrounder,64.0,,95.5223880597015,3.0,5.529411764705882,4.0,20.83,95.5223880597015,,
62853,Badal Kanaujiya,False,0.00024061763849038387,0.00024061763849038387,finishing allrounder,25.0,,51.02040816326531,2.0,5.714285714285714,3.0,,51.02040816326531,,
62854,Aakash Kumar,False,0.00023923506546744683,0.00023923506546744683,finisher,25.0,,49.01960784313726,2.0,6.3,2.0,21.0,49.01960784313726,,
62856,Pramod Yadav,False,0.00015061560334753802,0.00015061560334753802,top/middle,69.0,,135.2941176470588,,,7.0,21.99,135.2941176470588,,
62857,Pankaj Vishwakarma,False,7.077667413268728e-06,7.077667413268728e-06,finisher,34.0,,55.73770491803279,0.0,13.714285714285714,4.0,23.77,55.73770491803279,,
6286,Shivam Mavi,True,0.9999999796934083,0.9999999796934083,finishing allrounder,277.0,,156.49717514124293,62.0,7.646302250803859,44.0,27.0,1.4167217245226356,26.200000000000003,2.3
62861,Saurabh Tripathi,False,2.5803323245609807e-05,2.5803323245609807e-05,finishing allrounder,78.0,,102.63157894736842,6.0,6.578313253012048,5.0,27.04,102.63157894736842,,
62862,Vaibhav Pal,False,0.0031022664793779998,0.0031022664793779998,finishing allrounder,26.0,,89.65517241379311,10.0,6.0,7.0,19.92,89.65517241379311,,
62867,Rajnish Pandit,False,0.002656079012239363,0.002656079012239363,top/middle,61.0,,132.6086956521739,,,4.0,,132.6086956521739,,
62868,,False,1.174312054594473e-06,1.174312054594473e-06,bowler,15.0,,68.18181818181819,4.0,4.894736842105263,0.0,,68.18181818181819,,
6287,Yash Thakur,True,0.999999672552403,0.999999672552403,finishing allrounder,45.0,,109.7560975609756,59.0,8.49164677804296,38.0,26.91,1.7650235397311294,5.749999999999998,0.6000000000000001
62870,Aarmand Zuffri,False,0.0022367763722348213,0.0022367763722348213,finisher,42.0,,85.71428571428571,,,4.0,19.03,85.71428571428571,,
62871,Jay Singh,False,0.002012265433748815,0.002012265433748815,batting allrounder,110.0,,94.82758620689656,2.0,4.604651162790698,5.0,23.28,94.82758620689656,,
62874,Rohit Shah,False,5.968497542447523e-05,5.968497542447523e-05,finishing allrounder,0.0,,0.0,1.0,7.333333333333333,2.0,19.84,0.0,,
62875,Divya Jyoti Sharma,False,4.585757873790911e-05,4.585757873790911e-05,finishing allrounder,38.0,,115.15151515151516,1.0,8.884615384615385,3.0,21.61,115.15151515151516,,
62876,Bhargav Jyoti Kalita,False,0.0007950544348777566,0.0007950544348777566,finisher,10.0,,125.0,,,1.0,21.4,125.0,,
62877,Akash Kumar Shah,False,4.0780609824599813e-05,4.0780609824599813e-05,finisher,1.0,,33.333333333333336,,,1.0,24.97,33.333333333333336,,
62879,Yash Sharma,False,8.140131025385946e-05,8.140131025385946e-05,top/middle,19.0,,79.16666666666667,,,2.0,18.98,79.16666666666667,,
6288,Shubman Gill,True,0.9999999999806586,0.9999999999806586,opener,3833.0,,140.35151958989383,,,110.0,26.22,2.85356468127689,66.20000000000002,
62881,Ashutosh Kumar,False,0.00044899535520538636,0.00044899535520538636,finishing allrounder,58.0,,111.53846153846153,6.0,6.233766233766234,3.0,21.0,111.53846153846153,,
62882,Ranjan Jyoti Khataniar,False,9.676203905684973e-06,9.676203905684973e-06,batting allrounder,11.0,,91.66666666666667,1.0,9.428571428571429,1.0,27.77,91.66666666666667,,
62883,Ikramul Ali,False,0.0006869086456182776,0.0005838723487755359,finishing allrounder,15.0,,71.42857142857143,1.0,6.428571428571429,2.0,33.82,71.42857142857143,,
62884,Hirakjyoti Mahanta,False,0.00027999076786030245,0.00027999076786030245,finisher,0.0,,0.0,,,3.0,21.17,0.0,,
62888,Nilim Gogoi,False,5.984904829750541e-05,4.189433380825379e-05,finisher,3.0,,60.0,,,1.0,36.24,60.0,,
62889,Sunil Ranjan Gogoi,False,0.0015693817288902816,0.001098567210223197,opener,70.0,,145.83333333333334,3.0,8.555555555555555,3.0,35.85,145.83333333333334,,
62898,Mashaikh Faraz,False,0.0011092823005957877,0.0007764976104170513,top/middle,1.0,,25.0,,,2.0,35.9,25.0,,
62900,Kanhaiya Wadhawan,False,0.0016164591920340271,0.0016164591920340271,finisher,19.0,,172.72727272727272,,,1.0,24.16,172.72727272727272,,
62901,Rahul Romauld,False,1.7117655070346158e-05,1.7117655070346158e-05,batting allrounder,6.0,,35.294117647058826,1.0,5.076923076923077,3.0,23.65,35.294117647058826,,
62902,Aman Kumar,False,0.0003193545472915977,0.0003193545472915977,finishing allrounder,8.0,,47.05882352941177,1.0,11.35135135135135,6.0,20.23,47.05882352941177,,
62904,Abhay Kumar,False,8.646286628729442e-05,8.646286628729442e-05,finishing allrounder,3.0,,37.5,5.0,6.083333333333333,4.0,17.91,37.5,,
62906,Kumar Prabhuji,False,4.002635344041449e-05,4.002635344041449e-05,top/middle,8.0,,42.10526315789474,,,1.0,18.06,42.10526315789474,,
62907,Yuvraj Singh,False,0.00015792616151224639,0.00015792616151224639,batting allrounder,118.0,,147.5,4.0,6.422535211267606,5.0,26.59,147.5,,
62908,Anukul Singh,False,0.009455490645078723,0.009455490645078723,finishing allrounder,0.0,,0.0,3.0,8.129032258064516,3.0,22.98,0.0,,
62909,Nikhil Singh,False,0.00011073095253442142,0.00011073095253442142,finisher,14.0,,66.66666666666667,,,3.0,23.78,66.66666666666667,,
62912,Mohammad Habib,False,0.0007841996093942366,0.0007841996093942366,top/middle,91.0,,102.24719101123596,,,7.0,25.11,102.24719101123596,,
62916,Ranjeesh Kumar,False,0.006148456136472747,0.006148456136472747,finishing allrounder,2.0,,50.0,2.0,7.111111111111111,3.0,27.4,50.0,,
62918,Anuj Parihar,False,0.00037196351629170476,0.00037196351629170476,finisher,62.0,,112.72727272727273,1.0,4.8,7.0,,112.72727272727273,,
62922,Divya Singh,False,2.2019375097511787e-07,2.2019375097511787e-07,finishing allrounder,131.0,,122.42990654205607,10.0,7.9171597633136095,13.0,,5.8271850686791815,,
62923,Mandeep Boora,False,2.6828717271267813e-05,2.6828717271267813e-05,batting allrounder,45.0,,128.57142857142858,0.0,7.0476190476190474,4.0,29.03,128.57142857142858,,
62925,Gaurab,False,6.222779137706782e-06,6.222779137706782e-06,finishing allrounder,5.0,,83.33333333333333,4.0,6.846153846153846,4.0,22.24,83.33333333333333,,
62926,Tarique Jameel,False,6.779313715203285e-05,6.779313715203285e-05,finishing allrounder,49.0,,116.66666666666667,6.0,6.666666666666667,3.0,26.15,116.66666666666667,,
62928,,False,0.00020656749698427437,0.00020656749698427437,bowler,53.0,,100.0,1.0,7.953488372093023,0.0,,100.0,,
62930,Yusuf Nadeem,False,0.0001501254195681217,0.0001501254195681217,top/middle,13.0,,54.166666666666664,,,2.0,22.15,54.166666666666664,,
62932,Gokul Prasad Dewangan,False,0.003163684139025335,0.003163684139025335,finisher,50.0,,151.5151515151515,,,2.0,24.68,151.5151515151515,,
6297,Matthew Parkinson,True,0.9995844244929065,0.9995844244929065,finishing allrounder,5.0,,41.666666666666664,2.0,9.068181818181818,4.0,29.09,0.49212598425196846,-4.999999999999998,0.0
63019,Aditya Raj,False,4.063057649167058e-05,4.063057649167058e-05,finishing allrounder,10.0,,43.47826086956522,4.0,5.5,3.0,21.34,43.47826086956522,,
63042,Dilip Singh,False,0.005282729494975297,0.005282729494975297,finishing allrounder,41.0,,113.88888888888889,6.0,4.823529411764706,5.0,27.78,113.88888888888889,,
63044,Arnav Bansal,False,0.0007179056253599544,0.0007179056253599544,top/middle,6.0,,37.5,,,3.0,21.95,37.5,,
63049,Mohit Soni,False,1.5675448987118434e-05,1.5675448987118434e-05,finishing allrounder,1.0,,50.0,2.0,5.857142857142857,2.0,25.92,50.0,,
63050,Ajai Jain,False,1.1868739037913607e-05,1.1868739037913607e-05,top/middle,15.0,,75.0,,,1.0,20.96,75.0,,
63052,Gurtaj Singh Bains,False,1.6869197853401606e-06,1.6869197853401606e-06,top/middle,181.0,,126.57342657342657,,,8.0,21.43,126.57342657342657,,
63053,Ritik Sandhu,False,0.0001799547331653268,0.0001799547331653268,finishing allrounder,1.0,,100.0,1.0,8.75,3.0,19.23,100.0,,
63059,Ivraj Ranauta,False,0.0011333205127592942,0.0011333205127592942,finishing allrounder,15.0,,166.66666666666666,7.0,6.634146341463414,6.0,25.58,166.66666666666666,,
63062,Karan Singh,False,6.136568483737964e-06,6.136568483737964e-06,finishing allrounder,56.0,,100.0,2.0,9.578947368421053,6.0,29.94,100.0,,
63065,Markanday Panchal,False,4.672606354753092e-05,4.672606354753092e-05,top/middle,80.0,,109.58904109589041,2.0,7.578947368421052,7.0,17.83,109.58904109589041,,
63066,Arjit Singh,False,1.0651180616729962e-05,1.0651180616729962e-05,finisher,160.0,,133.33333333333334,,,9.0,29.59,133.33333333333334,,
63067,Dhananjay Sharma,False,0.0007246290003337147,0.0007246290003337147,finishing allrounder,15.0,,71.42857142857143,1.0,10.857142857142858,5.0,23.02,71.42857142857143,,
63068,Dushyant Thamman,False,0.027047454995489835,0.027047454995489835,opener,94.0,,116.04938271604938,,,6.0,22.03,116.04938271604938,,
63069,Awanish Raghuvanshi,False,4.631261551729992e-05,4.631261551729992e-05,finisher,0.0,,0.0,,,1.0,23.84,0.0,,
63070,Ishaan Ishaan,False,0.00361426151396662,0.00361426151396662,finishing allrounder,7.0,,233.33333333333334,7.0,7.081967213114754,7.0,18.92,233.33333333333334,,
63071,Yuvraj Singh,False,0.0005722732324062857,0.0005722732324062857,finishing allrounder,4.0,,57.142857142857146,1.0,9.84,2.0,18.86,57.142857142857146,,
63073,Aarush Bhandari,False,3.682946846541163e-05,3.682946846541163e-05,opener,197.0,,139.7163120567376,,,9.0,20.35,139.7163120567376,,
63074,Paras Kumar,False,0.0002305297326785924,0.0002305297326785924,finishing allrounder,31.0,,83.78378378378379,3.0,7.741935483870968,5.0,21.05,83.78378378378379,,
63075,Rupesh Yadav,False,0.02359059417647714,0.02359059417647714,top/middle,46.0,,117.94871794871794,,,5.0,17.68,117.94871794871794,,
63076,Meet Dahiya,False,0.002121290011896118,0.002121290011896118,finisher,8.0,,100.0,,,2.0,17.62,100.0,,
63077,Sahil Kumar,False,3.220451630725197e-05,3.220451630725197e-05,finishing allrounder,13.0,,76.47058823529412,10.0,5.746031746031746,9.0,22.03,76.47058823529412,,
63086,Ashish Dahariya,False,0.0010526414384312973,0.0010526414384312973,opener,337.0,,143.40425531914894,4.0,4.378378378378378,10.0,21.11,1.1409891947335085,,
63087,Jagjot Sasan,False,3.847791605610536e-06,3.847791605610536e-06,top/middle,202.0,,113.48314606741573,2.0,8.285714285714286,5.0,21.35,113.48314606741573,,
63088,Ashit Singh,False,1.5064965062980903e-05,1.5064965062980903e-05,finishing allrounder,47.0,,117.5,6.0,7.164179104477612,6.0,21.62,117.5,,
63089,Vedant Dighade,False,0.0013671789610170426,0.0013671789610170426,top/middle,174.0,,129.8507462686567,,,7.0,19.87,129.8507462686567,,
63091,Aditya Ahuja,False,0.0028288749280030263,0.0028288749280030263,top/middle,119.0,,143.3734939759036,,,7.0,20.57,143.3734939759036,,
63092,Sanskar Chavate,False,0.0055354834783080615,0.0055354834783080615,finishing allrounder,6.0,,150.0,0.0,8.526315789473685,4.0,19.81,150.0,,
63093,Varun Bisht,False,1.4009264286598615e-06,1.4009264286598615e-06,finishing allrounder,138.0,,209.0909090909091,3.0,5.830985915492958,6.0,21.89,209.0909090909091,,
63094,Vishesh Tiwari,False,1.0062492215402222e-05,1.0062492215402222e-05,finisher,91.0,,128.16901408450704,,,7.0,21.97,128.16901408450704,,
63095,Tejas Soni,False,0.00017908386073499906,0.00017908386073499906,finishing allrounder,34.0,,136.0,1.0,10.071428571428571,5.0,22.38,136.0,,
63096,Akash Kombe,False,0.0003764856557661515,0.0003764856557661515,finisher,38.0,,108.57142857142857,,,7.0,30.22,108.57142857142857,,
63102,Ashutosh Marandi,False,0.0009812551282660181,0.0009812551282660181,finishing allrounder,2.0,,33.333333333333336,3.0,6.571428571428571,2.0,22.19,33.333333333333336,,
63104,Dipender Kush,False,0.0006239768704777869,0.0006239768704777869,top/middle,56.0,,96.55172413793103,,,5.0,,96.55172413793103,,
63109,Abhishek Yadav,False,0.0004654258806387992,0.0004654258806387992,top/middle,215.0,,153.57142857142858,,,8.0,27.94,2.6348386252499796,,
63112,,False,3.929029128100175e-06,3.929029128100175e-06,bowler,2.0,,25.0,8.0,6.666666666666667,0.0,,25.0,,
63125,Pushpak Gujar,False,0.00019121328240607194,0.00019121328240607194,finishing allrounder,31.0,,72.09302325581395,5.0,6.605504587155964,6.0,27.33,72.09302325581395,,
63131,Kartik Naidu,False,0.0017831069388758443,0.0017831069388758443,finishing allrounder,138.0,,158.6206896551724,7.0,5.611510791366906,8.0,,5.361555330063909,,
6314,Devdutt Padikkal,True,0.9999999999797962,0.9999999999797962,top/middle,2583.0,,124.1826923076923,,,100.0,25.39,2.7388702454464635,-1.7999999999999998,
63166,Gaurav Mishra,False,0.0019154895912764714,0.0019154895912764714,finisher,27.0,,142.10526315789474,,,3.0,21.91,1.1040656524528594,,
63167,Yash Thakur,False,0.00012762902745000744,0.00012762902745000744,top/middle,0.0,,0.0,,,1.0,27.44,0.0,,
6319,Swapnil Yelave,False,8.943252140524124e-05,8.943252140524124e-05,finishing allrounder,58.0,,113.72549019607843,1.0,6.6923076923076925,7.0,,4.563330560310183,,
6321,Shubhang Hegde,False,0.0024045397578965275,0.0024045397578965275,finishing allrounder,683.0,,122.1824686940966,59.0,6.316666666666666,50.0,24.66,1.3433674581231148,3.699999999999999,0.6999999999999997
6322,D Avinash,False,3.403761201458584e-05,3.403761201458584e-05,finishing allrounder,374.0,,119.87179487179488,25.0,9.176470588235293,37.0,,6.703736807675285,-7.4,-2.8999999999999995
6323,SH Ashraf,False,2.71875401284826e-05,1.9031278089937818e-05,finishing allrounder,27.0,,71.05263157894737,11.0,6.803827751196172,10.0,36.07,71.05263157894737,,-10.999999999999998
63271,Prabal Chokhande,False,7.3268050491413e-05,7.3268050491413e-05,finisher,32.0,,84.21052631578948,,,4.0,21.21,84.21052631578948,,
6328,Lavish Kaushal,False,6.532170842093195e-05,6.532170842093195e-05,finishing allrounder,122.0,,169.44444444444446,41.0,6.996978851963746,30.0,,169.44444444444446,41.999999999999986,-1.4999999999999998
63387,Monu Paswan,False,2.5015019520435043e-05,2.5015019520435043e-05,finishing allrounder,20.0,,95.23809523809524,4.0,6.461538461538462,2.0,23.93,95.23809523809524,,
6342,Matthew Breetzke,True,0.9999996597692306,0.9999996597692306,top/middle,102.0,,107.36842105263158,,,12.0,27.06,2.193634375645083,-2.0000000000000013,
63496,Hunny Saini,False,0.05348620387288762,0.05348620387288762,top/middle,193.0,,166.3793103448276,,,11.0,21.06,2.4034252232296733,,
63501,Pradheep Vishal,False,1.821998063687035e-06,1.821998063687035e-06,finisher,18.0,,72.0,,,2.0,22.06,72.0,,
63503,Prabanjan S,False,0.00557875091962562,0.00557875091962562,finisher,13.0,,130.0,,,2.0,17.5,2.091738691297902,,
6351,Yarra Prithviraj,False,0.0053334576656759005,0.0053334576656759005,finishing allrounder,22.0,,115.78947368421052,28.0,6.552631578947368,14.0,27.76,23.239816808147523,-1.9999999999999996,6.499999999999998
63513,Sahibjit Singh Billing,False,0.0007052583966579085,0.0007052583966579085,finishing allrounder,10.0,,100.0,1.0,7.285714285714286,2.0,22.93,100.0,,
6352,Kishan Parmar,False,3.6217411783259396e-06,3.0784800015770484e-06,top/middle,159.0,,108.16326530612245,,,8.0,33.63,108.16326530612245,-6.999999999999998,
63523,,False,2.6739727749872618e-05,2.6739727749872618e-05,unknown,0.0,,0.0,,,0.0,,0.0,,
63526,Atchayan,False,4.816133267668283e-05,4.816133267668283e-05,finishing allrounder,0.0,,0.0,0.0,9.25,1.0,19.26,0.0,,
63536,Shobhit Shaudhary,False,2.3571454624071173e-06,2.3571454624071173e-06,finishing allrounder,130.0,,128.7128712871287,1.0,10.64516129032258,10.0,21.02,128.7128712871287,,
63538,Praveen Kumar S,False,5.453838859258465e-05,5.453838859258465e-05,finishing allrounder,5.0,,83.33333333333333,3.0,9.241379310344827,6.0,27.76,83.33333333333333,,
6354,Spencer Johnson,True,0.9999998021550817,0.9999998021550817,finishing allrounder,8.0,,66.66666666666667,19.0,8.676384839650146,17.0,29.95,1.085390747368927,-3.999999999999999,-0.5000000000000009
63545,Rohit Chouhan,False,8.662313399713292e-06,8.662313399713292e-06,top/middle,11.0,,73.33333333333333,,,1.0,19.84,73.33333333333333,,
63547,Aahil Kachru,False,0.03233236553748465,0.03233236553748465,opener,87.0,,112.98701298701299,,,6.0,16.47,112.98701298701299,,
63548,Shrikaran A,False,1.0860585282231508e-07,1.0860585282231508e-07,finisher,275.0,,143.97905759162305,,,12.0,29.06,143.97905759162305,,
6355,Shaheen Afridi,True,0.9999999988624553,0.9999999988624553,finishing allrounder,253.0,,116.58986175115207,66.0,7.764084507042254,51.0,25.64,1.3437364424544345,34.50000000000001,5.6000000000000005
6356,Khaled Ahmed,False,0.00031381223001824985,0.0002667403955155124,finishing allrounder,73.0,,121.66666666666667,54.0,8.07529411764706,39.0,33.18,21.15243343843777,13.899999999999997,3.1999999999999993
63564,Mohit Kumar,True,0.9089839005563305,0.9089839005563305,finishing allrounder,4.0,,57.142857142857146,1.0,8.625,2.0,,0.6924183694528013,,
63565,Arun Arun,True,0.9916052328313405,0.9916052328313405,finisher,6.0,,200.0,3.0,11.052631578947368,3.0,,200.0,,
63567,Shubham Shubham,True,0.9985277552017975,0.9985277552017975,top/middle,187.0,,178.0952380952381,,,4.0,,15.0972785110765,,
63568,Suraj Vashishi,True,0.9974504336158352,0.9974504336158352,top/middle,130.0,,136.8421052631579,,,4.0,,5.359180303851423,,
63569,Varun Varun,True,0.7693463220084095,0.7693463220084095,finishing allrounder,0.0,,0.0,6.0,7.26,4.0,,0.0,,
63570,Aaryan Aaryan,True,0.13405789111334304,0.13405789111334304,opener,22.0,,115.78947368421052,0.0,8.571428571428571,2.0,,115.78947368421052,,
63575,Yaseen Saudagar,False,0.003488920420299931,0.003488920420299931,finisher,34.0,,125.92592592592592,,,3.0,,65.09410305006067,,
63580,Prithvi Rajan Khanna,False,2.205980053096347e-06,2.205980053096347e-06,finisher,174.0,,125.17985611510791,,,10.0,19.43,125.17985611510791,,
63586,Eshaan Goyal,False,0.00017664959420705327,0.00017664959420705327,finisher,47.0,,97.91666666666667,,,2.0,,3.875200046094323,,
6359,Raghu Sharma,False,0.08405639086045565,0.0714479322313873,finishing allrounder,23.0,,104.54545454545455,19.0,6.675,15.0,32.71,1.3066477197076054,2.249999999999999,-3.384615384615384
6360,Raghunath Sanjay,False,0.003881329421791039,0.003881329421791039,batting allrounder,282.0,,128.76712328767124,10.0,6.46875,12.0,30.66,2.6663729943697687,13.285714285714288,
63600,Vikrant Auty,False,0.00010845192893370723,0.00010845192893370723,top/middle,18.0,,100.0,,,2.0,,2.521408657943696,,
6362,Lalit Yadav,False,0.022377876379330537,0.022377876379330537,finishing allrounder,23.0,,115.0,16.0,7.435582822085889,8.0,29.95,115.0,,4.666666666666665
63662,Karthick Saran,False,0.0009100878969917151,0.0009100878969917151,finishing allrounder,94.0,,174.07407407407408,1.0,12.285714285714286,3.0,,22.867150062570722,,
63663,Atul Atul,False,0.013913921403053024,0.013913921403053024,finisher,51.0,,110.8695652173913,0.0,16.0,3.0,,1.393762020166497,,
63664,Dinesh Dinesh,False,0.0035635742847463267,0.0035635742847463267,finisher,47.0,,117.5,,,3.0,,4.932542673763629,,
63665,Rajesh Kannan,False,4.3691214242409775e-05,4.3691214242409775e-05,finisher,7.0,,116.66666666666667,0.0,15.23076923076923,1.0,,116.66666666666667,,
63666,Rajwinder Singh,False,0.00039380763953861904,0.00039380763953861904,finishing allrounder,17.0,,113.33333333333333,0.0,10.75,1.0,,113.33333333333333,,
63667,Ravi Teja,False,0.005377492081370844,0.005377492081370844,batting allrounder,77.0,,120.3125,1.0,9.777777777777779,3.0,,2.6820345945850645,,
63669,Thanarai Selwan,False,0.002284748688021013,0.002284748688021013,top/middle,0.0,,0.0,,,3.0,,0.0,,
6369,Wasiqur Rahman,True,0.9988721989569255,0.9988721989569255,opener,336.0,,100.59880239520957,,,26.0,30.91,1.9992770611675454,42.64285714285714,
63703,Harshal Gajanan Waghmare,False,0.00015700817909380366,0.00015700817909380366,finishing allrounder,19.0,,135.71428571428572,5.0,5.816326530612245,5.0,21.26,135.71428571428572,,
63705,Amitsingh Awadheshsingh Rathore,False,0.0007363857493427133,0.0007363857493427133,batting allrounder,91.0,,146.7741935483871,2.0,2.25,4.0,29.5,146.7741935483871,,
63706,Ritesh Rajaram Chikane,False,1.1411202720197943e-05,1.1411202720197943e-05,opener,0.0,,0.0,,,1.0,23.58,0.0,,
63707,Suhail Ahmad Ansari,False,0.000130472218983994,0.000130472218983994,finisher,70.0,,102.94117647058823,,,4.0,22.4,102.94117647058823,,
6371,Aditya Singh,False,0.012550935975461506,0.008785655182823053,top/middle,10.0,,62.5,,,3.0,35.96,62.5,,
63712,Dildar Khan,False,0.005121917879679621,0.005121917879679621,finisher,7.0,,140.0,,,2.0,25.02,140.0,,
63716,Aryan Mhase,False,2.553596100415643e-05,2.553596100415643e-05,finisher,0.0,,0.0,,,1.0,19.21,0.0,,
63718,Harsh Ubale,False,0.0005052229521593963,0.0005052229521593963,finishing allrounder,58.0,,95.08196721311475,1.0,7.6,5.0,25.69,95.08196721311475,,
63720,Rahul Jadhav,False,2.605060014159036e-05,2.605060014159036e-05,top/middle,15.0,,65.21739130434783,,,2.0,22.11,65.21739130434783,,
63721,Yogesh Shinde,False,1.1023150375245141e-05,1.1023150375245141e-05,finishing allrounder,84.0,,140.0,1.0,7.181818181818182,6.0,26.94,140.0,,
63722,Soham Bende,False,0.00023694607645911059,0.00023694607645911059,top/middle,92.0,,124.32432432432432,2.0,6.571428571428571,6.0,21.31,124.32432432432432,,
63723,Indal Patel,False,0.00012838427132180397,0.00012838427132180397,finishing allrounder,21.0,,70.0,1.0,10.8,3.0,19.31,70.0,,
63725,Ganesh Bhoi,False,0.0002743673372182698,0.00019205713605278886,finishing allrounder,14.0,,87.5,0.0,8.25,2.0,38.4,87.5,,
63726,Shivam Gupta,False,6.522246060658077e-06,6.522246060658077e-06,finisher,4.0,,80.0,1.0,5.666666666666667,2.0,19.99,80.0,,
63727,Akhilesh Barai,False,2.2438301280294472e-05,2.2438301280294472e-05,finisher,63.0,,118.86792452830188,0.0,4.285714285714286,5.0,18.37,118.86792452830188,,
63729,Sunny Kahar,False,7.15247066658552e-05,7.15247066658552e-05,finisher,0.0,,0.0,0.0,12.5,1.0,21.92,0.0,,
63730,Piyush Kanojiya,False,0.0008992016408354708,0.0008992016408354708,finishing allrounder,2.0,,66.66666666666667,7.0,6.394160583941606,6.0,20.64,66.66666666666667,,
63731,Dhruv Gothi,False,0.00012165300919229109,0.00012165300919229109,finishing allrounder,7.0,,175.0,4.0,6.895522388059701,5.0,24.69,175.0,,
63732,Jaineel Nandha,False,3.047293550656622e-06,3.047293550656622e-06,finisher,4.0,,66.66666666666667,,,3.0,18.55,66.66666666666667,,
63735,Tushar Singh,False,0.00010847323773508885,0.00010847323773508885,finisher,17.0,,113.33333333333333,,,3.0,19.09,8.47339661102449,,
63737,Aryan Deshmuk,False,0.000780620514782799,0.000780620514782799,top/middle,36.0,,85.71428571428571,,,3.0,19.1,85.71428571428571,,
63738,Suraj Shirsat,False,0.0026559627392292334,0.0026559627392292334,finishing allrounder,4.0,,80.0,7.0,5.6875,5.0,19.26,80.0,,
63739,Suchit Deavli,False,4.106839465913062e-05,4.106839465913062e-05,finishing allrounder,92.0,,124.32432432432432,6.0,8.571428571428571,7.0,,124.32432432432432,,
63740,Alim Shaikh,False,0.028987499494351164,0.028987499494351164,finishing allrounder,4.0,,57.142857142857146,5.0,6.87378640776699,8.0,27.47,0.6948239136595661,,
63741,Mairaj Khan,False,0.013088313873763547,0.013088313873763547,finishing allrounder,0.0,,0.0,0.0,10.0,2.0,31.96,0.0,,
63742,Vidyadhar Kamath,False,0.0026665709319672777,0.0018665996523770942,finishing allrounder,26.0,,89.65517241379311,9.0,5.314285714285714,5.0,42.45,89.65517241379311,,
63743,Pratik Tare,False,0.00010908201877802595,0.00010908201877802595,finisher,3.0,,60.0,,,1.0,17.23,60.0,,
63745,Ketan Kharat,False,0.00036779701217668414,0.00025745790852367887,finishing allrounder,19.0,,51.351351351351354,10.0,5.0,7.0,36.11,51.351351351351354,,
63748,Anirudh Ghag,False,1.1401091252970408e-05,1.1401091252970408e-05,finisher,1.0,,50.0,0.0,2.6666666666666665,1.0,21.75,50.0,,
63749,Aryaveer Rakesh,False,0.00016754543351859159,0.00016754543351859159,top/middle,0.0,,0.0,,,1.0,19.18,0.0,,
63750,Ashaz Shah,False,0.00031952320152127915,0.00031952320152127915,finisher,8.0,,66.66666666666667,,,1.0,18.07,66.66666666666667,,
63751,Omkar Joshi,False,1.870514789230258e-05,1.870514789230258e-05,finisher,2.0,,40.0,,,1.0,21.22,40.0,,
63754,Aadarsh Patil,False,4.382454534166338e-06,4.382454534166338e-06,top/middle,15.0,,107.14285714285714,,,1.0,24.28,107.14285714285714,,
63768,Ajinkya Patil,False,0.0008605552736334503,0.0008605552736334503,opener,11.0,,73.33333333333333,,,3.0,,0.5692827780450513,,
63769,Vinay Kunwar,False,0.0028217642435989254,0.0028217642435989254,finisher,191.0,,129.05405405405406,1.0,6.461538461538462,9.0,,2.938976933253082,,
6377,Shubham Khajuria,False,0.013365976076603506,0.013365976076603506,top/middle,138.0,,105.34351145038168,,,5.0,30.2,6.54079310779238,-42.99999999999998,
63770,Maninder Singh,False,0.0027414425879923746,0.0027414425879923746,finisher,21.0,,116.66666666666667,,,3.0,,0.9951502820794905,,
63772,Vedanth Bharadwaj,False,7.343811060253596e-05,7.343811060253596e-05,finisher,2.0,,50.0,,,1.0,,50.0,,
63780,Abhinav Tiwari,True,0.9345816266976967,0.9345816266976967,finisher,12.0,,133.33333333333334,,,1.0,,133.33333333333334,,
63788,Shubham Sharma,False,0.002626459262351081,0.002626459262351081,opener,49.0,,140.0,,,3.0,,7.524171446049998,,
63793,Mittansh N,False,3.4273334100678474e-05,3.4273334100678474e-05,finisher,3.0,,60.0,,,1.0,,60.0,,
63794,Rohan Tambe,False,0.24148133079784687,0.24148133079784687,finisher,10.0,,125.0,,,1.0,,125.0,,
63803,Yash Gadia,False,0.002707942874470813,0.002707942874470813,finishing allrounder,27.0,,135.0,1.0,7.0,2.0,,135.0,,
63804,Bhavin Thakkar,False,8.524388569386296e-06,5.967071998570407e-06,finisher,17.0,,106.25,2.0,12.375,1.0,43.84,106.25,,
63806,Aayush Zimre,False,0.0001453190262154298,0.0001453190262154298,top/middle,12.0,,200.0,,,1.0,,200.0,,
63807,Anish Chaudhary,False,0.032072809228115465,0.032072809228115465,top/middle,140.0,,122.80701754385964,,,7.0,,4.047800030117666,,
63809,Gautam Waghela,False,0.00012161162956513697,0.00012161162956513697,finisher,3.0,,75.0,,,1.0,,75.0,,
63812,Rohith K R,False,4.843806864398426e-06,4.843806864398426e-06,opener,30.0,,100.0,,,2.0,17.05,100.0,,
63833,Ayush Vartar,False,6.100540090438945e-06,6.100540090438945e-06,top/middle,3.0,,60.0,1.0,11.076923076923077,1.0,,60.0,,
63837,Samek Jagtap,False,2.419687459883963e-05,2.419687459883963e-05,finishing allrounder,32.0,,64.0,1.0,6.333333333333333,2.0,,64.0,,
6384,Ashutosh Singh,False,1.2489841964044151e-06,1.2489841964044151e-06,opener,561.0,,155.83333333333334,,,11.0,31.89,155.83333333333334,-156.99999999999991,
63853,Sourabh Singh,False,0.0003892331596404981,0.0003892331596404981,finishing allrounder,161.0,,164.28571428571428,5.0,7.52112676056338,9.0,23.01,2.880494083383412,,
63868,Akshanth Jain,False,0.00177385233718064,0.00177385233718064,finisher,70.0,,112.90322580645162,,,5.0,24.07,112.90322580645162,,
63869,Ayush Kaudare,False,7.468000442787045e-05,7.468000442787045e-05,top/middle,106.0,,99.06542056074767,,,7.0,22.47,99.06542056074767,,
6387,Anshul Gupta,True,0.9692989399604577,0.6785092579723203,top/middle,179.0,,130.65693430656935,,,8.0,36.18,3.46933909294063,27.74999999999999,
6389,Tanvir Islam,False,0.002625614389172648,0.002625614389172648,finishing allrounder,64.0,,108.47457627118644,59.0,7.053481331987891,51.0,29.09,1.8898190536169086,-5.1999999999999975,-2.8999999999999995
6392,Vishal Kushwah,False,0.0006957443576389057,0.0005913827039930698,finisher,105.0,,175.0,,,5.0,34.99,175.0,,
63945,KN Ajeesh,False,3.2363988562451797e-06,3.2363988562451797e-06,finishing allrounder,105.0,,128.0487804878049,2.0,6.580645161290323,6.0,27.23,128.0487804878049,,
6395,Josh Philippe,True,0.9998612552211639,0.9998612552211639,top/middle,55.0,,85.9375,,,10.0,28.49,4.172858531393928,-5.749999999999999,
6396,Tim David,True,0.9999999999524998,0.9999999999524998,finisher,1762.0,,165.6015037593985,,,90.0,29.7,1.7003936186311825,127.60000000000001,
6398,Aaron Hardie,True,0.9999998071385251,0.9999998071385251,finishing allrounder,169.0,,118.18181818181819,11.0,8.152466367713005,14.0,26.89,2.57021378601101,-0.5000000000000006,-1.570092458683775e-16
64046,Ajay Singh Janu,False,0.006724101997521213,0.006724101997521213,finisher,1.0,,33.333333333333336,0.0,13.384615384615385,3.0,,33.333333333333336,,
6406,Akash Parkar,True,0.9999674827691779,0.9999674827691779,finishing allrounder,349.0,,135.7976653696498,21.0,8.167741935483871,20.0,31.52,4.0512128716256965,63.249999999999986,4.249999999999999
6407,Sandeep Pattnaik,False,0.16379595068109284,0.16379595068109284,top/middle,365.0,,129.8932384341637,,,14.0,27.53,1.7468962840012923,-7.499999999999985,
6408,Subhranshu Senapati,True,0.9999799496354796,0.9999799496354796,top/middle,513.0,,139.40217391304347,,,20.0,28.91,2.4149351499446357,20.542857142857137,
6409,Shantanu Mishra,False,2.695312401800178e-06,2.695312401800178e-06,opener,192.0,,107.26256983240224,,,8.0,31.49,107.26256983240224,63.999999999999986,
6410,Saurabh Rawat,True,0.999771745862808,0.999771745862808,finisher,374.0,,146.09375,,,15.0,27.93,17.47885702084361,34.49999999999999,
6411,Koushik Ghosh,False,0.0015353008831536846,0.001305005750680632,opener,106.0,,89.83050847457628,,,7.0,33.1,89.83050847457628,-91.99999999999997,
6412,Pradipta Pramanik,True,0.9999735898642729,0.9999735898642729,finishing allrounder,182.0,,136.8421052631579,13.0,8.083601286173634,23.0,27.13,2.0265296723979622,22.599999999999994,0.09999999999999998
6413,Siddhesh Wath,False,0.5191291319680792,0.5191291319680792,opener,192.0,,126.3157894736842,,,8.0,28.4,5.69508033311747,9.999999999999996,
6414,Aditya Dhumal,True,0.9997682702400411,0.9997682702400411,finishing allrounder,84.0,,109.0909090909091,14.0,7.116719242902208,15.0,25.9,3.0492887958659374,19.999999999999993,2.9999999999999996
6415,Eknath Kerkar,True,0.998605303896038,0.8488145083116323,top/middle,277.0,,124.2152466367713,,,15.0,32.21,5.999123749681507,-13.228571428571426,
6418,Mitesh Patel,False,0.0007348429950665343,0.0007348429950665343,top/middle,397.0,,147.03703703703704,,,18.0,28.53,134.3065693430657,27.71428571428571,
6419,Kartik Kakade,False,0.007935222540653368,0.007935222540653368,finishing allrounder,93.0,,124.0,9.0,6.8059701492537314,18.0,30.34,3.630068091509552,-6.485714285714286,0.6000000000000001
6422,Rajjakuddin Ahmed,True,0.9998390622295269,0.9998390622295269,finishing allrounder,394.0,,151.53846153846155,17.0,6.666666666666667,21.0,30.23,6.293303144897819,24.7,1.2
6423,Riyan Parag,True,0.9999999999954594,0.9999999999954594,batting allrounder,1929.0,,142.67751479289942,21.0,8.16042780748663,85.0,24.05,2.4885441035644935,68.30000000000001,0.09999999999999994
6424,Rajat Khan,False,0.0007196554451005621,0.0007196554451005621,finishing allrounder,110.0,,129.41176470588235,8.0,5.625,10.0,28.93,0.6995520049707966,109.99999999999996,7.999999999999998
6426,Shivam Chaudhary,False,0.0017916006585209086,0.0017916006585209086,opener,526.0,,120.91954022988506,4.0,6.082758620689655,19.0,28.31,11.027369792844286,33.57142857142858,0.3571428571428572
6427,Mohammad Saif,False,4.169075132631034e-05,4.169075132631034e-05,top/middle,424.0,,123.61516034985422,0.0,12.857142857142858,17.0,29.24,2.1314640664931233,127.00000000000001,0.0
6428,Upendra Yadav,True,0.9999313274709687,0.9999313274709687,top/middle,487.0,,133.0601092896175,,,20.0,29.13,6.526322004050796,17.099999999999998,
6429,Dhruv Singh,True,0.9995808981823597,0.9995808981823597,finishing allrounder,131.0,,107.37704918032787,23.0,7.348623853211009,22.0,28.04,1.4225895815974117,64.49999999999997,6.4999999999999964
6433,Darwish Rasooli,True,0.9999573081195146,0.9999573081195146,top/middle,394.0,,105.63002680965147,,,24.0,25.96,4.067618028582114,44.79999999999998,
6436,Qais Ahmad,True,0.9993881233083978,0.9993881233083978,finishing allrounder,56.0,,93.33333333333333,17.0,7.405940594059406,16.0,25.28,3.524364314797505,3.142857142857142,-1.5714285714285714
6440,Omair Yousuf,True,0.9993944234971881,0.9993944234971881,top/middle,123.0,,124.24242424242425,,,5.0,26.92,1.7736072048532732,-108.99999999999994,
6441,Abdullah Shafique,False,0.0007109317918730725,0.0007109317918730725,top/middle,23.0,,143.75,,,3.0,26.02,143.75,,
6443,Rohail Nazir,False,0.0016344047997230713,0.0016344047997230713,finisher,41.0,,195.23809523809524,,,1.0,24.13,195.23809523809524,,
6448,Ibrahim Zadran,True,0.9999713006675386,0.9999713006675386,top/middle,785.0,,104.24966799468791,,,34.0,23.96,4.519948564902849,-39.9,
6450,Mujeeb Ur Rahman,True,0.9999977203967191,0.9999977203967191,finishing allrounder,98.0,,127.27272727272727,35.0,6.009724473257698,27.0,24.67,2.141197568401048,1.3000000000000012,-1.0999999999999994
6452,Harsh Tyagi,False,0.0179168958248406,0.0179168958248406,batting allrounder,540.0,,119.73392461197339,24.0,7.492822966507177,43.0,25.9,3.163890000637332,29.0,3.1999999999999993
6455,Ninad Rathva,False,0.016773194092549237,0.016773194092549237,batting allrounder,412.0,,135.52631578947367,17.0,6.778761061946903,29.0,26.72,2.302881196386096,38.8,0.9999999999999998
6457,Urvil Patel,False,0.09737452874166007,0.09737452874166007,opener,722.0,,200.55555555555554,,,27.0,27.11,2.074175844979547,75.6,
6460,Ayush Badoni,True,0.9999999999737148,0.9999999999737148,finisher,2078.0,,145.01046755059315,19.0,7.758354755784062,94.0,25.98,3.8738117941249843,135.5,2.099999999999999
64604,Kalhan Challu,False,0.0007004661108666458,0.0007004661108666458,finisher,8.0,,72.72727272727273,,,2.0,22.84,72.72727272727273,,
6461,Mayank Rawat,False,0.11594588121492061,0.11594588121492061,finishing allrounder,638.0,,157.14285714285714,19.0,6.93854748603352,28.0,25.98,1.6732853447161127,11.999999999999998,-2.9999999999999996
6462,U Mukilesh,False,9.799574940033688e-07,9.799574940033688e-07,finishing allrounder,630.0,,117.97752808988764,11.0,7.225806451612903,43.0,,8.861338824885262,8.100000000000001,-0.10000000000000016
6463,Shiva Singh,False,0.004355133606664496,0.004355133606664496,finishing allrounder,358.0,,129.71014492753622,24.0,6.36180904522613,41.0,26.11,4.376000247469436,23.799999999999986,1.1999999999999997
6464,Arshdeep Singh,True,0.9999999999999187,0.9999999999999187,finishing allrounder,124.0,,105.08474576271186,189.0,7.790257104194858,134.0,26.81,1.4637463041148733,3.7000000000000006,3.100000000000001
6465,Vivekanand Tiwari,True,0.7848883192904116,0.7848883192904116,finishing allrounder,1.0,,50.0,3.0,7.953488372093023,2.0,27.14,50.0,,
6466,Atharva Taide,True,0.9999999951314149,0.9999999951314149,opener,939.0,,148.10725552050474,2.0,12.23076923076923,29.0,25.59,2.7905762530875196,34.8,0.38461538461538464
6467,Anuj Rawat,True,0.9999999994931077,0.9999999994931077,top/middle,1617.0,,132.86770747740346,0.0,10.0,69.0,26.11,1.7795547262471234,106.70000000000002,
6468,Rajesh Dhuper,False,0.4831294580143211,0.4831294580143211,top/middle,281.0,,129.49308755760367,,,15.0,25.98,4.0265947221915095,12.771428571428565,
6470,Subham Nayak,False,0.007414530231718059,0.007414530231718059,finishing allrounder,20.0,,95.23809523809524,3.0,5.52,3.0,27.09,95.23809523809524,,
64726,Dibakar Goala,False,0.00010643255346975162,0.00010643255346975162,finisher,59.0,,125.53191489361703,0.0,6.0,4.0,26.35,125.53191489361703,,
6473,M K Fernando,False,0.00046509945758146264,0.00046509945758146264,top/middle,214.0,,122.98850574712644,,,9.0,26.12,46.843255710659754,-1.9999999999999996,
6481,Nayeem Hasan,False,0.07066510029898515,0.07066510029898515,finishing allrounder,14.0,,82.3529411764706,10.0,7.491525423728813,8.0,25.79,1.1252398618974686,6.499999999999999,-1.4999999999999991
6483,Nishan Madushka,False,9.055352341866563e-05,9.055352341866563e-05,opener,55.0,,119.56521739130434,,,4.0,26.21,119.56521739130434,,
6486,Tanush Kotian,True,0.999999876174833,0.999999876174833,finishing allrounder,172.0,,116.21621621621621,27.0,7.144736842105263,27.0,27.11,1.5165040146528357,6.999999999999997,-0.4999999999999999
6487,Priyam Garg,True,0.9999924232872672,0.9999924232872672,top/middle,1131.0,,131.8181818181818,,,47.0,24.99,3.1676021209171354,103.30000000000001,
6488,Harvik Desai,False,0.00042196656103210886,0.00042196656103210886,opener,725.0,,136.79245283018867,,,26.0,26.15,6.162566512300966,44.60000000000001,
64887,Vipin Chandra,False,1.7592195008335225e-05,1.7592195008335225e-05,finishing allrounder,24.0,,82.75862068965517,2.0,7.76,8.0,25.9,82.75862068965517,,
6489,Darshan Nalkande,True,0.9999999769314795,0.9999999769314795,finishing allrounder,188.0,,118.23899371069183,22.0,9.050632911392405,26.0,27.15,1.6754328265187317,7.399999999999999,-0.10000000000000002
6491,Mohit jangra,True,0.9988947707262903,0.9988947707262903,batting allrounder,189.0,,128.57142857142858,9.0,8.2875,7.0,26.17,5.3560962981033,112.99999999999997,4.999999999999998
6492,Aryan Juyal,False,0.05328183820458906,0.05328183820458906,top/middle,401.0,,126.1006289308176,,,12.0,24.04,3.027267566856815,50.92857142857143,
6493,Ankush Singh,False,9.518760127450815e-07,9.518760127450815e-07,opener,287.0,,176.07361963190183,,,13.0,27.12,155.84415584415584,21.999999999999996,
6494,Manoj Bhandage,False,0.027620097310716477,0.027620097310716477,finishing allrounder,603.0,,171.3068181818182,35.0,8.810408921933085,43.0,27.14,3.100982940324242,-54.1,1.4999999999999998
6506,Mohammad Imran Randhawa,False,0.00796456469774507,0.00796456469774507,finishing allrounder,8.0,,72.72727272727273,1.0,8.76923076923077,3.0,28.92,72.72727272727273,,
6509,Utkarsh Singh,True,0.9999890680372368,0.9999890680372368,batting allrounder,99.0,,139.43661971830986,4.0,6.185567010309279,5.0,27.56,89.48123396636544,-11.749999999999996,0.0
6512,Michael Bracewell,True,0.9999999999856015,0.8499999999877613,finishing allrounder,369.0,,115.3125,33.0,7.046979865771812,41.0,34.78,1.9089799714540416,44.49999999999999,-2.6999999999999993
6515,Benjamin Lister,True,0.9643675102146223,0.9643675102146223,finishing allrounder,1.0,,16.666666666666668,8.0,7.92,9.0,29.9,0.5580198930612994,0.9999999999999998,-5.999999999999999
6516,Karsh Kothari,False,0.015816779045339027,0.015816779045339027,finishing allrounder,2.0,,40.0,7.0,9.272727272727273,9.0,29.74,0.687656906711917,,
6518,Daniel Sams,True,0.9999998113048404,0.8499998396091143,finishing allrounder,96.0,,109.0909090909091,18.0,7.546987951807229,19.0,33.08,3.3636356275980988,83.99999999999997,15.999999999999996
6522,Akshay Wadkar,False,0.027519664741143358,0.027519664741143358,top/middle,170.0,,101.19047619047619,,,11.0,31.38,2.4531516339637216,-2.4571428571428595,
6525,Kunal Chandela,True,0.9998489894299984,0.9998489894299984,top/middle,635.0,,146.31336405529953,4.0,6.3428571428571425,18.0,31.39,3.417887966104812,117.5,-1.9999999999999996
6526,Himmat Singh,False,0.024335423934040194,0.024335423934040194,top/middle,1038.0,,145.3781512605042,9.0,9.664429530201343,41.0,29.05,3.2424351204060384,94.30000000000001,4.999999999999998
6527,Pulkit Narang,False,0.04380901130182836,0.04380901130182836,finishing allrounder,16.0,,106.66666666666667,13.0,4.926829268292683,7.0,31.44,2.8154385010913425,3.999999999999999,1.7857142857142856
65304,Poras Yadav,False,0.00434014818274063,0.00434014818274063,top/middle,56.0,,109.80392156862744,,,3.0,,9.180435302325426,,
65307,Arpit Shrivastava,False,9.92522331653122e-06,9.92522331653122e-06,top/middle,10.0,,83.33333333333333,,,1.0,,83.33333333333333,,
65313,Shivam Yadav,False,0.010540868522542716,0.010540868522542716,finishing allrounder,5.0,,83.33333333333333,5.0,10.556962025316455,5.0,,2.062970720135751,,
65316,Akanshu Kaiwart,False,0.0003347644039109787,0.0003347644039109787,finisher,16.0,,69.56521739130434,,,4.0,,1.2603157170760593,,
65319,Akash Singh,False,0.021074622465937772,0.021074622465937772,finisher,39.0,,185.71428571428572,,,4.0,,0.7020154999505159,,
65320,Sourabh Solanki,False,0.0029174524893157976,0.0029174524893157976,finishing allrounder,40.0,,160.0,5.0,7.870967741935484,4.0,,28.684015199561095,,
65323,Ashutosh Pandey,False,0.00020136141178753048,0.00020136141178753048,top/middle,2.0,,33.333333333333336,,,2.0,,33.333333333333336,,
65331,Ian Coster,False,0.041212852117205816,0.041212852117205816,top/middle,84.0,,88.42105263157895,,,4.0,,2.3859070912151368,,
65332,Krishna Gandhi,False,9.540071843209744e-05,9.540071843209744e-05,top/middle,19.0,,105.55555555555556,,,1.0,,105.55555555555556,,
65333,P Ashutosh,False,2.4907631276188568e-06,2.4907631276188568e-06,top/middle,14.0,,77.77777777777777,,,1.0,,77.77777777777777,,
65336,Shobhit Sharma,False,0.001412377649205581,0.001412377649205581,top/middle,38.0,,74.50980392156863,,,5.0,,1.401599556579004,,
65338,Kivnoor Singh Chhabra,False,0.0004940339757863745,0.0004940339757863745,top/middle,195.0,,119.6319018404908,,,8.0,,4.086000411719839,,
65346,Tripesh Kumar Sahu,False,9.375787801417989e-06,9.375787801417989e-06,finisher,11.0,,57.89473684210526,,,2.0,,57.89473684210526,,
65347,Chandrakant Devangan,False,4.623076874164289e-07,4.623076874164289e-07,finisher,13.0,,48.148148148148145,0.0,11.142857142857142,4.0,,19.27844166677295,,
65348,Deovrat Rai,False,2.7328593100854992e-05,2.7328593100854992e-05,finishing allrounder,12.0,,120.0,4.0,8.232558139534884,3.0,,120.0,,
65354,Shivam Chandrakar,False,0.00010411707330144465,0.00010411707330144465,finishing allrounder,10.0,,83.33333333333333,0.0,11.5,4.0,,83.33333333333333,,
65355,Umang Soni,False,0.0002751851645192549,0.0002751851645192549,finisher,3.0,,100.0,0.0,12.0,1.0,,100.0,,
65356,Manish Sharma,False,0.0014410260149081322,0.0014410260149081322,finisher,57.0,,100.0,,,4.0,,4.152363437970411,,
65358,Tushar Chandrakar,False,0.00937165101747866,0.00937165101747866,batting allrounder,45.0,,93.75,1.0,8.6,4.0,,0.6968143627102243,,
65362,Omkar Deshmukh,False,0.001021988799626415,0.001021988799626415,top/middle,56.0,,105.66037735849056,,,4.0,,4.250187321990524,,
65365,Ambrish Kumar Singh,False,6.67953857804819e-06,6.67953857804819e-06,finisher,132.0,,106.45161290322581,,,11.0,,25.434814101248357,,
65366,Ninad Pathania,False,7.914825202431257e-05,7.914825202431257e-05,opener,0.0,,0.0,,,1.0,,0.0,,
65368,M Binny Samuel,False,0.0003901219331565529,0.0003901219331565529,finisher,12.0,,120.0,,,2.0,,1.491128540202083,,
65371,Sahil Rajat Shariff,False,0.0005353921780647227,0.0005353921780647227,top/middle,60.0,,113.20754716981132,,,8.0,,4.338631451927862,,
65373,Diwakar Tamrakar,False,0.004272766168600527,0.004272766168600527,finishing allrounder,3.0,,100.0,11.0,7.561643835616438,7.0,,100.0,,
65379,V Vaibhav,False,1.7722462655490056e-06,1.7722462655490056e-06,finisher,31.0,,100.0,1.0,11.0,4.0,,100.0,,
65391,Abhishek Sohgaura,False,0.03129963678239276,0.03129963678239276,finisher,33.0,,94.28571428571429,,,6.0,,2.6242715097726874,,
65393,Syed Naved Ali,False,0.00014409068180850303,0.00014409068180850303,opener,53.0,,115.21739130434783,,,3.0,,0.699270078617568,,
65402,Rohit Netani,False,0.016138844158880887,0.016138844158880887,finisher,49.0,,84.48275862068965,,,6.0,,1.4885488891810192,,
65403,Aryan Jaiswal,False,0.003341391952975743,0.003341391952975743,finisher,2.0,,66.66666666666667,0.0,7.0,5.0,,66.66666666666667,,
65405,Atul Pal,False,0.007845651221267399,0.007845651221267399,top/middle,35.0,,152.17391304347825,,,2.0,30.17,152.17391304347825,,
65406,Upendra Kumar Yadav,False,0.0002879211614025409,0.0002879211614025409,top/middle,11.0,,73.33333333333333,,,2.0,,4.255367950763337,,
65407,Harsh Rathore,False,5.848854502853874e-05,5.848854502853874e-05,finishing allrounder,12.0,,100.0,6.0,9.022222222222222,8.0,,1.0053914994110809,,
65410,Praveen Kumar Kewat,False,0.003694344138435615,0.003694344138435615,opener,43.0,,84.31372549019608,,,4.0,,0.9702993885547325,,
65411,Lovyum Rajput,False,0.003496994945886015,0.003496994945886015,finishing allrounder,40.0,,68.96551724137932,6.0,7.47887323943662,7.0,,3.3933454193035715,,
65412,Devashish Singh,False,2.5867320077157556e-05,2.5867320077157556e-05,finisher,10.0,,66.66666666666667,0.0,12.0,1.0,,66.66666666666667,,
65413,Janendra Sidar,False,0.02550633921686383,0.02550633921686383,top/middle,107.0,,117.58241758241758,,,5.0,,2.1137446200699825,,
65414,Sourabh Jaiswal,False,0.02620602444127162,0.02620602444127162,top/middle,91.0,,149.18032786885246,,,4.0,,3.6166322873848653,,
65415,Himanshu Jogi,False,0.00634815941755272,0.00634815941755272,finisher,11.0,,110.0,,,1.0,,110.0,,
65417,Digvijay Singh,False,0.003297490752526732,0.003297490752526732,finisher,35.0,,97.22222222222223,,,3.0,27.98,2.290649323328371,,
65418,Murli Mohan Sharma,False,0.009299400160914115,0.009299400160914115,finishing allrounder,4.0,,50.0,0.0,11.837837837837839,2.0,,50.0,,
65420,Sudhanshu Tiwari,False,0.0008614051083326734,0.0008614051083326734,finisher,19.0,,70.37037037037037,,,2.0,,2.2310494553956834,,
65421,Sanjeev Singh Singh,False,7.695518426272745e-06,7.695518426272745e-06,finisher,4.0,,50.0,,,3.0,22.97,50.0,,
65422,Krish Chopra,False,0.00406607907512952,0.00406607907512952,finisher,186.0,,152.45901639344262,,,8.0,,1.3844682767512155,,
65423,Amit Kunwar,False,5.637969381796703e-06,5.637969381796703e-06,top/middle,4.0,,80.0,,,1.0,,80.0,,
65450,Amit Kumar Yadav,False,0.020184249629142444,0.020184249629142444,opener,376.0,,181.6425120772947,13.0,6.818181818181818,9.0,17.04,9.688066431840907,,
65451,Rahul Naik,False,0.0265949579174733,0.0265949579174733,top/middle,170.0,,140.49586776859505,,,9.0,,4.102581926455453,,
65453,Digvijay Patel,False,0.00014934086541233102,0.00014934086541233102,finisher,10.0,,52.63157894736842,,,3.0,,2.595742660342536,,
6554,Salman Nizar,False,0.0094735507566747,0.0094735507566747,top/middle,1458.0,,145.36390827517448,1.0,4.615384615384615,44.0,28.41,3.209794099585199,113.42857142857142,
65562,Md Faiz Khan,False,0.0005607012970979369,0.0005607012970979369,finisher,3.0,,23.076923076923077,0.0,13.0,2.0,18.13,23.076923076923077,,
6560,Harishankar Reddy,False,0.179919817429592,0.179919817429592,finishing allrounder,10.0,,71.42857142857143,23.0,9.078534031413612,16.0,27.49,0.9091104567047561,-0.057142857142857044,0.7999999999999997
6561,Sudhesan Midhun,False,0.00010267000408432698,0.00010267000408432698,finishing allrounder,33.0,,110.0,29.0,7.554702495201536,27.0,31.14,122.22222222222223,8.999999999999996,3.0999999999999996
6574,Alick Athanaze,False,0.023773442202255853,0.023773442202255853,opener,326.0,,123.95437262357414,0.0,12.857142857142858,12.0,26.97,2.4688265830576404,175.99999999999997,
6591,KM Asif,False,0.12991212839331162,0.11042530913431488,finishing allrounder,18.0,,105.88235294117646,52.0,7.448840381991815,34.0,32.34,0.69887051320227,17.999999999999993,3.6
6592,Daryl Ferrario,False,4.428181218219504e-05,4.428181218219504e-05,batting allrounder,500.0,,113.63636363636364,10.0,7.59375,32.0,27.56,7.413284442827828,-30.299999999999997,0.1999999999999999
66103,Noor Rahman,False,2.46094038866256e-06,2.46094038866256e-06,opener,1.0,,33.333333333333336,,,1.0,24.9,33.333333333333336,,
66153,Aju Paulose,False,1.2775667482786784e-06,1.2775667482786784e-06,top/middle,44.0,,125.71428571428571,,,2.0,29.88,125.71428571428571,,
6628,Gerald Coetzee,True,0.9999996872943716,0.9999996872943716,finishing allrounder,112.0,,116.66666666666667,27.0,8.863117870722434,24.0,25.15,1.2449836110771282,-4.000000000000002,-2.0000000000000004
66311,Rahul Chaudhary,False,0.0006100372568947725,0.0006100372568947725,finishing allrounder,1.0,,100.0,3.0,10.08,3.0,24.2,100.0,,
6643,Hasan Mahmud,False,0.16181941892716334,0.16181941892716334,finishing allrounder,50.0,,83.33333333333333,64.0,7.364093959731544,54.0,28.79,2.0102280493055558,9.999999999999996,3.9999999999999987
6644,Mahidul Ankon,True,0.9988237221746075,0.9988237221746075,finisher,558.0,,133.81294964028777,,,35.0,26.57,3.3840133201316007,81.2142857142857,
6645,Mohammad Sheikh,False,1.1051058075513306e-06,1.1051058075513306e-06,opener,1358.0,,109.42788074133763,,,64.0,26.27,3.4139529772134316,94.09999999999998,
6647,Robiul Haque,False,0.10075938243356047,0.10075938243356047,finishing allrounder,31.0,,147.61904761904762,7.0,7.64,7.0,26.08,2.4271731905703926,,
66491,Shikhar Thakur,False,1.787635687229388e-05,1.787635687229388e-05,opener,11.0,,78.57142857142857,,,1.0,,78.57142857142857,,
66492,Shivam Nirupam,False,9.015915814270992e-05,9.015915814270992e-05,finisher,0.0,,0.0,,,1.0,,0.0,,
66493,Parth Naik,False,0.15549512452978165,0.15549512452978165,finisher,1.0,,100.0,0.0,19.0,1.0,,100.0,,
66494,Atharva Poojari,False,0.00036259178914992314,0.00036259178914992314,finishing allrounder,10.0,,111.11111111111111,2.0,9.6,4.0,26.2,1.0978597294166523,,
66495,Parth Ankolekar,False,0.00019621224030627634,0.00019621224030627634,finishing allrounder,3.0,,50.0,0.0,7.741935483870968,5.0,,50.0,,
66496,Tatsat Singh,False,0.005690282756625762,0.005690282756625762,top/middle,17.0,,70.83333333333333,,,3.0,,5.9564708706736775,,
66500,Harsh Aghav,False,0.019389488702548016,0.019389488702548016,batting allrounder,149.0,,158.51063829787233,4.0,6.4411764705882355,7.0,,17.87418553665442,,
66501,Nikhil Giri,False,0.0001632620321867003,0.0001632620321867003,finishing allrounder,1.0,,16.666666666666668,6.0,8.842105263157896,4.0,,16.666666666666668,,
66502,Mayuresh Tandel,False,0.000681168634900686,0.000681168634900686,top/middle,50.0,,151.5151515151515,0.0,11.0,1.0,,151.5151515151515,,
66503,Shreyanssh Rai,False,5.489873336728681e-05,5.489873336728681e-05,finisher,9.0,,81.81818181818181,,,5.0,,81.81818181818181,,
66505,Raza Mirza,False,0.0011839918365857225,0.0011839918365857225,top/middle,18.0,,100.0,,,3.0,,0.69887051320227,,
66506,Siddid Tiwari,False,0.008135095448666677,0.008135095448666677,finisher,14.0,,107.6923076923077,,,1.0,21.76,107.6923076923077,,
66508,Monil Soni,False,0.0019303996492364866,0.0019303996492364866,finisher,34.0,,106.25,1.0,6.0,3.0,,106.25,,
66509,Onkar Jadhav,False,0.027006842664386,0.027006842664386,finisher,30.0,,115.38461538461539,,,5.0,,3.1539588263296827,,
6651,Towhid Hridoy,True,0.999999995910009,0.999999995910009,top/middle,1945.0,,123.41370558375634,0.0,6.0,82.0,24.98,3.545365373868349,153.09999999999994,0.0
66511,Aryan Chauhan,False,0.0781857671394256,0.0781857671394256,finishing allrounder,5.0,,83.33333333333333,2.0,5.555555555555555,5.0,,83.33333333333333,,
66514,Ayaz Ahmed,False,0.00026312107180263985,0.00026312107180263985,finisher,17.0,,121.42857142857143,,,2.0,,6.440664937568826,,
6654,Tanay Thyagarajan,True,0.999991116908616,0.999991116908616,finishing allrounder,127.0,,147.67441860465115,8.0,6.63265306122449,13.0,30.03,2.627335321559553,1.0,0.3999999999999999
6664,Dion Myers,False,3.4518567172766464e-06,3.4518567172766464e-06,top/middle,6.0,,85.71428571428571,,,1.0,23.69,85.71428571428571,,
6669,Mohsin Khan,True,0.9999999918560819,0.9999999918560819,finishing allrounder,75.0,,100.0,55.0,7.039908779931585,41.0,27.37,1.4918278608911593,14.499999999999998,7.499999999999997
6670,Pramod Chandila,False,0.005086244603875846,0.004323307913294469,top/middle,552.0,,131.74224343675417,2.0,3.5,22.0,32.36,3.0501201357796157,299.9999999999999,
6671,Lalit Yadav,True,0.9999999999995639,0.9999999999995639,finishing allrounder,991.0,,126.24203821656052,49.0,7.607142857142857,68.0,28.9,2.1515357227021545,18.3,1.5999999999999999
6673,Dhruv B Patel,False,0.001111782142226978,0.001111782142226978,finishing allrounder,182.0,,129.07801418439718,5.0,8.795454545454545,17.0,28.21,1.3895292384697189,51.50000000000002,1.1428571428571432
6674,Rahmanullah Gurbaz,True,0.999999996574453,0.999999996574453,opener,1017.0,,130.8880308880309,,,45.0,23.99,2.4126521424328113,1.5000000000000009,
6676,Azmatullah Omarzai,True,0.9999999999950349,0.9999999999950349,finishing allrounder,662.0,,128.79377431906616,63.0,7.548746518105849,60.0,25.68,1.7983507221413435,50.800000000000004,1.6999999999999995
6677,Mohammad Hasnain,True,0.9996842411456537,0.9996842411456537,finishing allrounder,19.0,,135.71428571428572,15.0,8.738675958188153,13.0,25.56,1.4504029464363937,18.99999999999999,2.9999999999999996
66773,Yashraj Joshi,False,2.5313736627745072e-05,2.5313736627745072e-05,finishing allrounder,96.0,,137.14285714285714,5.0,6.688524590163935,9.0,27.24,137.14285714285714,,
6680,Kshitiz Sharma,False,0.011091760312874196,0.0077642322190119364,top/middle,26.0,,113.04347826086956,,,4.0,35.6,113.04347826086956,,
66816,Shekar Sirohi,False,9.723174863252566e-05,9.723174863252566e-05,batting allrounder,249.0,,152.76073619631902,15.0,4.356687898089172,9.0,25.19,152.76073619631902,,
66824,Jigar Surendra Rana,False,2.902619355774447e-06,2.902619355774447e-06,opener,86.0,,103.6144578313253,,,4.0,26.1,8.141951926197684,,
6683,Mayank Markande,True,0.999999994185093,0.999999994185093,finishing allrounder,94.0,,123.6842105263158,56.0,7.794392523364486,58.0,28.04,2.092733495713848,8.057142857142855,0.9000000000000005
66831,Vasim Khan,False,0.004378304259507791,0.004378304259507791,finisher,70.0,,170.73170731707316,1.0,8.5,5.0,19.16,1.222725943356307,,
6684,MD Nidheesh,False,0.000334839013251052,0.0002846131612633942,finishing allrounder,72.0,,130.9090909090909,35.0,7.502407704654896,29.0,34.56,0.8648513100391924,5.499999999999994,2.542857142857142
6691,Parikshit Valsangkar,False,0.16694817473049117,0.16694817473049117,batting allrounder,262.0,,123.00469483568075,17.0,6.5,17.0,30.75,5.294737795587892,123.99999999999994,8.499999999999998
6692,Dhrumil Matkar,True,0.9989226485287308,0.9989226485287308,finishing allrounder,213.0,,121.02272727272727,20.0,6.879765395894428,17.0,29.48,5.856815670536569,100.49999999999999,7.999999999999998
6693,Chetan Bist,False,0.03984142742592201,0.027888999198145407,finisher,240.0,,113.74407582938389,,,9.0,36.23,6.426926701526379,14.999999999999995,
66934,Tushar Suryavanshi,False,4.7932002349786186e-05,4.7932002349786186e-05,finisher,43.0,,143.33333333333334,1.0,1.0,6.0,20.22,143.33333333333334,,
66935,Rohit Binkar,False,9.113307484426528e-07,9.113307484426528e-07,opener,271.0,,141.14583333333334,0.0,12.0,6.0,22.02,141.14583333333334,,
66936,Mohit Nachankar,False,3.148585073479403e-05,3.148585073479403e-05,finisher,21.0,,67.74193548387096,,,5.0,22.17,67.74193548387096,,
66937,Vikram Patel,False,0.0005902546769173466,0.0005902546769173466,finishing allrounder,0.0,,0.0,2.0,8.5,5.0,27.81,0.0,,
66938,Minar Sahare,False,0.00039923712769807866,0.00039923712769807866,finishing allrounder,10.0,,58.8235294117647,4.0,6.576923076923077,5.0,23.13,58.8235294117647,,
66948,Aryam Meshram,False,6.933899726421419e-06,6.933899726421419e-06,opener,358.0,,138.75968992248062,,,7.0,23.78,138.75968992248062,,
6695,Chandrapal Singh,False,0.007426789616013783,0.007426789616013783,finishing allrounder,2.0,,40.0,2.0,7.32,2.0,31.22,40.0,,
66959,Piyush Sawarkar,False,8.13140782544586e-05,8.13140782544586e-05,finishing allrounder,6.0,,100.0,1.0,9.36,5.0,23.99,100.0,,
6696,Ankit Lamba,False,0.0005514963827048527,0.00046877192529912474,opener,131.0,,103.96825396825396,,,4.0,33.98,6.57034551536413,,
66960,Shree Choudhary,False,2.2460736426059947e-07,2.2460736426059947e-07,top/middle,66.0,,106.45161290322581,0.0,15.75,6.0,20.18,106.45161290322581,,
66961,Updesh Rajput,False,0.001094920192601574,0.001094920192601574,top/middle,130.0,,118.18181818181819,,,6.0,27.81,118.18181818181819,,
66962,Alok Wadkar,False,2.0039285109502433e-05,2.0039285109502433e-05,finisher,7.0,,46.666666666666664,,,1.0,21.3,46.666666666666664,,
66963,Malhar Dosi,False,0.015838355878610155,0.015838355878610155,finishing allrounder,29.0,,80.55555555555556,5.0,8.775,5.0,18.78,80.55555555555556,,
66964,Manan Agrawal,False,1.9036149185658008e-06,1.9036149185658008e-06,finishing allrounder,45.0,,125.0,4.0,7.47945205479452,6.0,22.55,125.0,,
66967,Gaurav Farde,False,0.00011895151698002424,0.00011895151698002424,finishing allrounder,5.0,,62.5,2.0,5.925925925925926,6.0,21.19,62.5,,
66968,Neel Athaley,False,0.0004706419736085938,0.0004706419736085938,top/middle,80.0,,125.0,,,4.0,22.08,125.0,,
6697,Shams Mulani,True,0.9999999999887363,0.9999999999887363,finishing allrounder,382.0,,134.50704225352112,41.0,6.8515625,37.0,28.71,2.2143059510716867,53.00000000000001,1.2000000000000008
66970,Vaibhav Chouksey,False,1.4744829919368e-05,1.4744829919368e-05,finisher,38.0,,111.76470588235294,,,3.0,29.99,111.76470588235294,,
66971,Anurag Dixit,False,0.0006128172832931698,0.0006128172832931698,finisher,2.0,,100.0,0.0,6.0,2.0,20.41,100.0,,
66973,Yash Titre,False,0.0010854565873314724,0.0010854565873314724,finisher,1.0,,100.0,0.0,7.666666666666667,2.0,18.26,100.0,,
66975,Arjun Ingle,False,3.417005467080192e-05,3.417005467080192e-05,finishing allrounder,2.0,,66.66666666666667,5.0,6.658536585365853,5.0,20.99,66.66666666666667,,
66977,Amit Desai,False,4.765920708717637e-08,4.765920708717637e-08,finishing allrounder,18.0,,81.81818181818181,1.0,9.571428571428571,5.0,23.56,81.81818181818181,,
66978,Kushan Patel,False,4.053039758933185e-06,4.053039758933185e-06,finishing allrounder,23.0,,100.0,5.0,6.823529411764706,7.0,,100.0,,
66979,Pavitra Patel,False,0.000707222748502218,0.000707222748502218,opener,140.0,,128.44036697247705,,,6.0,,128.44036697247705,,
66980,Pranshu Badheka,False,1.9908490835294e-05,1.9908490835294e-05,finisher,52.0,,82.53968253968254,0.0,8.0,6.0,,82.53968253968254,,
66982,Aditya Raval,False,4.696603518673974e-05,4.696603518673974e-05,top/middle,20.0,,62.5,,,3.0,25.9,62.5,,
66983,Yash Doshi,False,2.9487153187039412e-06,2.9487153187039412e-06,finishing allrounder,45.0,,104.65116279069767,6.0,6.7,6.0,26.11,104.65116279069767,,
66984,Aryan Kamli,False,1.9608736915234254e-06,1.9608736915234254e-06,finisher,61.0,,124.48979591836735,0.0,12.0,7.0,25.9,124.48979591836735,,
66986,Dhrumin Patel,False,0.000642977372563094,0.000642977372563094,finisher,55.0,,152.77777777777777,1.0,8.0,4.0,,152.77777777777777,,
66991,Shen Patel,False,4.409262972407768e-05,4.409262972407768e-05,finishing allrounder,25.0,,83.33333333333333,15.0,7.3907284768211925,7.0,22.59,83.33333333333333,,
66993,Rohan Mistry,False,0.00027291889302219024,0.00027291889302219024,finisher,7.0,,46.666666666666664,2.0,9.333333333333334,3.0,,46.666666666666664,,
66994,Rudra Patel,False,2.798269733631702e-07,2.798269733631702e-07,finisher,52.0,,123.80952380952381,,,6.0,25.9,123.80952380952381,,
66995,Siddhart Vekharia,False,0.00012392229529419407,0.00012392229529419407,finisher,221.0,,128.48837209302326,3.0,9.0,6.0,,128.48837209302326,,
66997,Rudra Patel,False,9.616211813794029e-05,9.616211813794029e-05,finisher,69.0,,132.69230769230768,,,6.0,,132.69230769230768,,
66999,Ashutosh Patel,False,0.0009920435188121883,0.0009920435188121883,top/middle,33.0,,86.84210526315789,,,5.0,,86.84210526315789,,
67000,Smit J Patel,False,0.001606071970409217,0.001606071970409217,top/middle,168.0,,113.51351351351352,,,6.0,,113.51351351351352,,
67002,Rudra Patel,False,0.000346750660257044,0.000346750660257044,finisher,113.0,,116.49484536082474,0.0,10.0,5.0,,116.49484536082474,,
67004,Dhyey Patel,False,0.0013573731838135018,0.0013573731838135018,finishing allrounder,11.0,,275.0,4.0,11.076923076923077,6.0,,275.0,,
67005,Bhavin Rathod,False,0.0006522159570104435,0.0006522159570104435,finisher,7.0,,87.5,0.0,12.0,1.0,,87.5,,
67006,Krish Gupta,False,3.424979363547826e-05,3.424979363547826e-05,finishing allrounder,46.0,,104.54545454545455,5.0,7.357142857142857,5.0,,104.54545454545455,,
67007,Parth Khatri,False,0.005241188146097492,0.005241188146097492,finisher,6.0,,150.0,0.0,11.0,4.0,,150.0,,
67008,Lakhya Kochar,False,1.7534755837227755e-05,1.7534755837227755e-05,top/middle,202.0,,142.25352112676057,0.0,10.0,6.0,,142.25352112676057,,
67012,Yash Mistry,False,4.540425175642235e-05,4.540425175642235e-05,finishing allrounder,61.0,,112.96296296296296,3.0,7.222222222222222,5.0,21.79,112.96296296296296,,
67013,Arya Rathod,False,0.0002379007842259043,0.0002379007842259043,finisher,22.0,,91.66666666666667,0.0,7.384615384615385,5.0,,91.66666666666667,,
67014,Japagnya Bhatt,False,2.183368220049119e-05,2.183368220049119e-05,finishing allrounder,43.0,,116.21621621621621,2.0,9.616438356164384,5.0,24.16,116.21621621621621,,
67015,Krish Patel,False,1.479796386056448e-05,1.479796386056448e-05,top/middle,17.0,,85.0,,,3.0,25.9,85.0,,
67016,Alsaaz Khan,False,0.0006540316035942719,0.0006540316035942719,top/middle,105.0,,102.94117647058823,,,5.0,,102.94117647058823,,
67019,Shivam Arekar,False,0.0045439191500040756,0.0045439191500040756,finishing allrounder,0.0,,0.0,4.0,7.121495327102804,5.0,,0.0,,
67020,Nishit Gohil,False,7.050787637922193e-06,7.050787637922193e-06,top/middle,10.0,,58.8235294117647,,,2.0,25.9,58.8235294117647,,
67022,Rakesh Kahar,False,2.338041644085013e-06,2.338041644085013e-06,finishing allrounder,47.0,,162.06896551724137,8.0,7.325581395348837,5.0,,162.06896551724137,,
67023,Shehzor Diwan,False,4.399154368445695e-05,4.399154368445695e-05,finishing allrounder,2.0,,100.0,6.0,6.456521739130435,5.0,25.9,100.0,,
67024,Rahul Ahuja,False,6.109228299548566e-05,6.109228299548566e-05,top/middle,30.0,,115.38461538461539,,,5.0,26.28,115.38461538461539,,
67025,Sujal Jiwani,False,0.00037180880953718853,0.00037180880953718853,finisher,22.0,,88.0,,,5.0,,88.0,,
67026,Saral Prajapati,False,4.6045166644627e-06,4.6045166644627e-06,finishing allrounder,34.0,,117.24137931034483,4.0,9.320388349514563,5.0,24.01,117.24137931034483,,
67027,Dev Kathiyara,False,0.00026183051812347984,0.00026183051812347984,opener,32.0,,80.0,,,2.0,,80.0,,
67029,Vikas Mahla,False,0.00020265700302989762,0.00020265700302989762,finishing allrounder,2.0,,18.181818181818183,12.0,8.168067226890756,5.0,,18.181818181818183,,
67030,Ankush Tyagi,False,2.166099152171754e-05,2.166099152171754e-05,finishing allrounder,108.0,,118.68131868131869,4.0,7.1875,7.0,,118.68131868131869,,
67031,Priyank Patel,False,0.00019449407171022326,0.00016531996095368976,top/middle,23.0,,79.3103448275862,,,7.0,33.44,79.3103448275862,,
67036,Brijesh Sharma,False,0.0031956906234571034,0.0031956906234571034,finishing allrounder,0.0,,0.0,12.0,6.654545454545454,7.0,,0.0,,
67037,Viraj Krishna,False,6.503797749302275e-06,6.503797749302275e-06,finishing allrounder,123.0,,125.51020408163265,4.0,5.853658536585366,7.0,,125.51020408163265,,
67038,Sayan Paul,False,0.00010784845344767234,0.00010784845344767234,finisher,11.0,,110.0,,,3.0,19.3,110.0,,
6705,Scott McKechnie,True,0.9970620159028357,0.8475027135174104,finisher,20.0,,133.33333333333334,,,2.0,34.31,1.2603157170760593,,
67067,Sundaram Diwakar,False,0.00011984965137736659,0.00011984965137736659,finishing allrounder,38.0,,135.71428571428572,5.0,7.430769230769231,7.0,27.95,135.71428571428572,,
67069,Dhruv Parekh,False,0.03749097286331408,0.03749097286331408,finisher,48.0,,208.69565217391303,,,4.0,,208.69565217391303,,
67093,Abhishek Agrawal,False,0.0001926739213271732,0.0001926739213271732,top/middle,10.0,,71.42857142857143,,,3.0,23.15,71.42857142857143,,
67094,Aditya Narwade,False,0.0036554193342260006,0.0036554193342260006,top/middle,39.0,,118.18181818181819,,,3.0,20.13,118.18181818181819,,
67095,Sahil Sheikh,False,0.0024113610667036425,0.0024113610667036425,finishing allrounder,41.0,,107.89473684210526,6.0,6.947368421052632,5.0,22.35,107.89473684210526,,
67096,Addhyan Rauthan,False,0.0002392438615082589,0.0002392438615082589,finisher,41.0,,95.34883720930233,,,7.0,18.9,95.34883720930233,,
67097,Rahul Singh,False,0.0012791874045470723,0.0012791874045470723,finishing allrounder,6.0,,60.0,3.0,8.297872340425531,4.0,20.95,60.0,,
6711,Aditya Thakare,True,0.9940923768634186,0.9940923768634186,finishing allrounder,2.0,,66.66666666666667,8.0,7.046979865771812,8.0,27.05,2.062970720135751,0.0,1.9626155733547187e-17
67124,Sahil Bhagwanta Jadhav,False,0.0036163900282606748,0.0036163900282606748,opener,137.0,,155.6818181818182,,,5.0,24.16,5.87929503139737,,
67128,Moin Naushad Ahmed,False,0.0002072399887084433,0.0002072399887084433,finisher,0.0,,0.0,,,2.0,,0.0,,
67141,Prem Thakor,False,0.0015177836106560504,0.0015177836106560504,top/middle,86.0,,94.50549450549451,,,5.0,,94.50549450549451,,
67142,Aakaash Sharma,False,1.2666784205858586e-05,1.2666784205858586e-05,finisher,4.0,,66.66666666666667,,,3.0,25.88,66.66666666666667,,
67143,Rayyan Patel,False,0.0009626225697822958,0.0009626225697822958,finishing allrounder,10.0,,100.0,2.0,5.857142857142857,5.0,,100.0,,
67145,Roshan Kewat,False,0.00043205173344050015,0.00043205173344050015,finishing allrounder,0.0,,0.0,4.0,8.8,3.0,,,,
67149,Priyanshu Shukla,False,9.356791485629791e-06,9.356791485629791e-06,finishing allrounder,6.0,,60.0,7.0,11.816793893129772,6.0,,,,
67150,Abhishek Mavi,False,6.304320425380189e-05,6.304320425380189e-05,finisher,54.0,,158.8235294117647,,,5.0,,,,
67151,Aryan Tiwari,False,1.608042890938625e-06,1.608042890938625e-06,top/middle,8.0,,72.72727272727273,,,1.0,,,,
67152,Vivek Sharma,False,0.0022696759529090174,0.0022696759529090174,finishing allrounder,1.0,,14.285714285714286,8.0,8.307692307692308,5.0,,,,
67153,Karan Tahliyani,False,0.0004150669436841113,0.0004150669436841113,opener,183.0,,151.2396694214876,1.0,14.0,6.0,,,,
67155,Shubham Kaithwas,False,4.6670033432885494e-05,4.6670033432885494e-05,finishing allrounder,28.0,,200.0,5.0,14.081632653061224,3.0,,,,
67157,Rudransh Singh,False,6.7308629501266796e-06,6.7308629501266796e-06,finisher,3.0,,30.0,,,4.0,,,,
67158,Suraj Singh Sengar,False,6.592471445344464e-06,6.592471445344464e-06,finisher,2.0,,40.0,,,3.0,,,,
67159,Nayanraj Mewada,False,0.0001049463857454047,0.0001049463857454047,finishing allrounder,1.0,,14.285714285714286,11.0,6.391304347826087,7.0,,,,
67160,Raj Dabi,False,0.0018156213727133171,0.0018156213727133171,finishing allrounder,12.0,,57.142857142857146,2.0,8.5,3.0,,,,
67162,Anvesh Chawla,False,1.8056913177073497e-05,1.8056913177073497e-05,finishing allrounder,11.0,,122.22222222222223,0.0,12.352941176470589,4.0,,,,
67163,Praprabdha V Mishra,False,9.74292377271573e-07,9.74292377271573e-07,finisher,7.0,,53.84615384615385,1.0,23.0,5.0,,,,
67164,Anant Dubey,False,0.0005954846208504554,0.0005954846208504554,finisher,2.0,,100.0,0.0,11.0,1.0,,,,
67167,Akash Raghuwanshi,False,1.3973102087715946e-06,1.3973102087715946e-06,finishing allrounder,11.0,,157.14285714285714,11.0,9.126050420168067,6.0,,,,
67169,Pawan Nirwani,False,0.00018413072398674486,0.00018413072398674486,finishing allrounder,9.0,,90.0,2.0,10.767123287671232,4.0,27.85,,,
67170,Siddhant Agarwal,False,3.903746341554202e-05,3.903746341554202e-05,finishing allrounder,2.0,,50.0,3.0,8.0,3.0,,,,
67172,Taanishq Yadav,False,0.0008824681259198792,0.0008824681259198792,opener,27.0,,90.0,2.0,13.0,4.0,,,,
67175,Akasrh Singh Parihar,False,9.672297804199091e-06,9.672297804199091e-06,top/middle,3.0,,37.5,,,3.0,,,,
67177,Ritik Tada,False,2.0474614134186663e-06,2.0474614134186663e-06,finisher,173.0,,213.58024691358025,,,6.0,,,,
67178,Dharmesh Patel,False,1.9582476200871734e-05,1.9582476200871734e-05,batting allrounder,102.0,,152.23880597014926,1.0,6.688524590163935,6.0,,,,
67180,Saransh Surana,False,1.1629021391338833e-07,1.1629021391338833e-07,finishing allrounder,72.0,,180.0,11.0,8.921739130434782,7.0,,,,
67181,Atharv Mahajan,False,7.688361078723654e-07,7.688361078723654e-07,finisher,6.0,,100.0,,,3.0,,,,
67182,Pranjul Puri,False,2.7241255047489654e-05,2.7241255047489654e-05,finishing allrounder,28.0,,116.66666666666667,3.0,6.380952380952381,3.0,,,,
67183,Mukul Raghav,False,8.621369630347805e-07,8.621369630347805e-07,top/middle,90.0,,152.54237288135593,,,5.0,31.18,,,
67194,Dev Dey,False,2.9786422376414903e-05,2.9786422376414903e-05,finishing allrounder,14.0,,70.0,5.0,9.4,7.0,22.1,70.0,,
67195,Harshvardhan Rana,False,0.0003484512278115355,0.0003484512278115355,top/middle,34.0,,75.55555555555556,,,5.0,22.13,75.55555555555556,,
67196,Namya Khoyani,False,0.012049258013280256,0.012049258013280256,opener,53.0,,135.89743589743588,,,4.0,22.31,135.89743589743588,,
67202,Kwinsh Padaliya,False,0.0036408792817320197,0.0036408792817320197,finishing allrounder,32.0,,84.21052631578948,12.0,8.313725490196079,7.0,20.84,84.21052631578948,,
67204,Kartik Badhana,False,0.0017614447332629456,0.0017614447332629456,top/middle,30.0,,90.9090909090909,,,5.0,20.16,90.9090909090909,,
67207,Mohit Ulva,False,0.001698321522047532,0.001698321522047532,finishing allrounder,6.0,,120.0,3.0,9.096774193548388,4.0,,120.0,,
67208,Nihal Chaudhari,False,6.56126210192814e-06,6.56126210192814e-06,opener,177.0,,120.40816326530613,,,8.0,21.34,120.40816326530613,,
67209,Divyang Kanani,False,4.499542945839425e-05,4.499542945839425e-05,finisher,35.0,,89.74358974358974,,,4.0,25.5,89.74358974358974,,
67213,Arjun Jayswal,False,1.3887078173531887e-05,1.3887078173531887e-05,top/middle,15.0,,75.0,,,2.0,,75.0,,
67214,Atik Jafai,False,0.00021916609388562754,0.00021916609388562754,finishing allrounder,49.0,,94.23076923076923,0.0,7.8,4.0,22.5,94.23076923076923,,
67215,Dax Bhindi,False,0.0010444297498299665,0.0010444297498299665,top/middle,59.0,,137.2093023255814,,,5.0,22.73,137.2093023255814,,
67217,Dhruvam Patel,False,0.004173789826022138,0.004173789826022138,finishing allrounder,56.0,,140.0,10.0,8.341463414634147,9.0,28.13,140.0,,
67218,Saurav Sharma,False,1.1673951301900502e-06,1.1673951301900502e-06,finisher,3.0,,30.0,,,1.0,21.4,30.0,,
67219,Amit Pandey,False,0.19069338590188387,0.19069338590188387,finishing allrounder,2.0,,66.66666666666667,3.0,7.344827586206897,5.0,,0.697246230432634,,
67220,Yashvendra Gaur,False,0.00026812672121621467,0.00026812672121621467,opener,9.0,,112.5,,,1.0,,112.5,,
67229,Karan Ravidas More,False,2.504331441786475e-05,1.7530320092505324e-05,finisher,5.0,,125.0,,,1.0,38.64,125.0,,
67233,Debangshu Pakhira,False,0.0029160285116098792,0.0029160285116098792,finishing allrounder,0.0,,0.0,1.0,9.870967741935484,3.0,20.07,0.0,,
67234,Agastya Shukla,False,0.0005718167916611742,0.0005718167916611742,batting allrounder,14.0,,82.3529411764706,3.0,6.90566037735849,5.0,16.38,82.3529411764706,,
67237,Aniket Singh,False,0.0003315229324523629,0.0003315229324523629,finishing allrounder,16.0,,94.11764705882354,5.0,6.2,5.0,22.04,94.11764705882354,,
67238,Saikat Das,False,0.003307167863266561,0.003307167863266561,finishing allrounder,12.0,,80.0,7.0,6.486486486486487,6.0,31.27,80.0,,
67239,Sourav Halder,False,3.8587943264383053e-05,3.8587943264383053e-05,finishing allrounder,34.0,,161.9047619047619,7.0,7.014705882352941,6.0,28.25,161.9047619047619,,
67240,Jagmohan Prasad Gupta,False,8.394863848715263e-07,8.394863848715263e-07,finisher,2.0,,50.0,1.0,11.0,1.0,18.99,50.0,,
67242,Lokesh Gait,False,3.62753755968925e-06,3.62753755968925e-06,finishing allrounder,109.0,,118.47826086956522,3.0,7.0212765957446805,8.0,25.16,118.47826086956522,,
67243,Pawan,False,5.393896321186673e-05,5.393896321186673e-05,finisher,2.0,,25.0,0.0,15.428571428571429,2.0,27.69,25.0,,
67244,Shivamm Bharati,False,2.354408021061074e-05,2.354408021061074e-05,finishing allrounder,1.0,,100.0,3.0,7.645161290322581,5.0,18.02,100.0,,
6725,Sherfane Rutherford,True,0.9999999994218167,0.9999999994218167,finisher,748.0,,129.41176470588235,1.0,11.428571428571429,44.0,27.28,1.4782222113714125,132.79999999999998,0.4999999999999999
6726,Romario Shepherd,True,0.9999999999354341,0.9999999999354341,finishing allrounder,985.0,,143.37700145560407,87.0,8.766712141882675,79.0,31.0,1.7933768969868944,62.3,6.200000000000002
67264,Kartik Rathod,False,0.0044860442778816186,0.0044860442778816186,finishing allrounder,22.0,,110.0,3.0,6.5,6.0,,110.0,,
67274,Tejas Morey,False,0.000523896605443684,0.000523896605443684,finisher,44.0,,97.77777777777777,,,5.0,,97.77777777777777,,
67275,Aditya Shingh,False,0.004301012941324047,0.004301012941324047,opener,118.0,,147.5,,,5.0,,147.5,,
67316,Anurag Yadav,False,5.074012948837288e-05,5.074012948837288e-05,finishing allrounder,3.0,,21.428571428571427,6.0,4.660714285714286,6.0,25.92,21.428571428571427,,
67323,Arjun Bhardwaj,False,1.8993048738688233e-06,1.8993048738688233e-06,finisher,130.0,,108.33333333333333,,,7.0,,108.33333333333333,,
6739,Amir Jangoo,False,0.010524123105015376,0.010524123105015376,opener,51.0,,113.33333333333333,,,3.0,28.37,2.2116752142539275,,
67405,Sachin Choudhary,False,0.00012278534074256623,0.00012278534074256623,finisher,7.0,,100.0,,,4.0,,100.0,,
67419,Sachin Yadav,False,0.0018535684289375017,0.0018535684289375017,finisher,5.0,,250.0,0.0,7.578947368421052,3.0,17.04,250.0,,
67427,Aman Yadav,False,6.26687087499701e-05,6.26687087499701e-05,finisher,0.0,,0.0,,,1.0,,,,
67443,Keyur Solanki,False,1.256500625090026e-05,1.256500625090026e-05,top/middle,45.0,,150.0,,,4.0,28.99,,,
67446,Deep Patel,False,5.116649164258316e-07,5.116649164258316e-07,finishing allrounder,53.0,,135.89743589743588,5.0,6.979591836734694,11.0,21.37,,,
67447,Hitanshu Oad,False,0.00011631360703836945,0.00011631360703836945,finisher,0.0,,0.0,0.0,11.142857142857142,5.0,22.4,,,
67451,Deep Kheni,False,2.011092182546164e-08,2.011092182546164e-08,top/middle,205.0,,175.2136752136752,,,11.0,23.85,,,
67453,Tejsingh Mane,False,3.4923856571882017e-07,3.4923856571882017e-07,finisher,19.0,,79.16666666666667,,,4.0,25.92,,,
67454,Manan Solanki,False,0.0031430543382032364,0.0031430543382032364,finishing allrounder,53.0,,89.83050847457628,1.0,10.2,4.0,24.28,,,
67455,Irfan Shaikh,False,1.3491692489181835e-05,1.3491692489181835e-05,finisher,131.0,,132.32323232323233,2.0,5.3076923076923075,11.0,20.8,,,
67464,Harshit Maurya,False,3.760969026696331e-05,3.760969026696331e-05,finishing allrounder,6.0,,66.66666666666667,0.0,11.236363636363636,3.0,20.35,,,
67466,Jatin Rana Chaudhary,False,5.8108410782356664e-05,5.8108410782356664e-05,finisher,0.0,,0.0,0.0,14.0,1.0,30.01,,,
67467,Vaibhav Bhrambhatt,False,6.606738375056197e-05,6.606738375056197e-05,finisher,2.0,,50.0,0.0,8.0,6.0,20.7,,,
67469,Vishv Chaudhary,False,4.5255349218962445e-07,4.5255349218962445e-07,finisher,68.0,,97.14285714285714,,,10.0,22.41,,,
67475,Vishvas Patel,False,5.670464026735284e-09,5.670464026735284e-09,opener,102.0,,102.0,,,12.0,18.53,,,
67496,Dhiraj Chettri,False,2.287864376238616e-05,2.287864376238616e-05,finisher,5.0,,83.33333333333333,,,2.0,24.96,83.33333333333333,,
67497,Om Saini,False,2.207547926974616e-05,2.207547926974616e-05,opener,110.0,,108.91089108910892,6.0,6.75,8.0,26.07,108.91089108910892,,
67498,Yugdeep Saini,False,1.2148030406933585e-06,1.2148030406933585e-06,batting allrounder,134.0,,124.07407407407408,8.0,4.352941176470588,8.0,23.58,124.07407407407408,,
67499,Bhaskar Bharadwaj,False,0.0008372883845879171,0.0008372883845879171,batting allrounder,323.0,,146.15384615384616,9.0,5.488372093023256,13.0,22.75,3.4447172544569398,,
67502,Sajid Ali,False,0.04178165855263941,0.04178165855263941,finisher,9.0,,112.5,,,4.0,17.14,112.5,,
67505,Inza Mamul Haq,False,0.00012136736624784293,0.00012136736624784293,top/middle,79.0,,88.76404494382022,,,6.0,18.38,88.76404494382022,,
67507,Sandeep Chettri,False,0.00030362820204835625,0.00025808397174110283,finishing allrounder,7.0,,53.84615384615385,7.0,6.8807339449541285,6.0,32.73,53.84615384615385,,
67508,Sonam Lama,False,4.5351768064312644e-06,4.5351768064312644e-06,finisher,6.0,,37.5,0.0,8.0,4.0,31.21,37.5,,
67509,Md Nazim,False,0.0005888905188883927,0.0005888905188883927,top/middle,31.0,,140.9090909090909,,,1.0,26.56,140.9090909090909,,
67516,Jorden Sherpa,False,1.6327119906877235e-05,1.6327119906877235e-05,finisher,28.0,,59.57446808510638,,,7.0,26.18,59.57446808510638,,
67517,Sachit Rai,False,2.5269478775956782e-05,2.5269478775956782e-05,finishing allrounder,58.0,,67.44186046511628,3.0,8.8125,8.0,28.87,67.44186046511628,,
67518,Prashant Chettri,False,2.8521531072223002e-05,2.8521531072223002e-05,finisher,29.0,,61.702127659574465,,,7.0,20.71,61.702127659574465,,
67519,Rahul Kumar,False,5.8678953798248034e-05,5.8678953798248034e-05,finishing allrounder,52.0,,88.13559322033899,14.0,6.987341772151899,8.0,23.28,88.13559322033899,,
67521,Om Kumar Gupta,False,0.0001330717812123096,0.0001330717812123096,finishing allrounder,0.0,,0.0,4.0,4.625,4.0,17.82,0.0,,
67523,Deepak Gupta,False,1.0056866550993744e-05,1.0056866550993744e-05,top/middle,42.0,,61.76470588235294,,,7.0,19.12,61.76470588235294,,
67525,Md Aadil,False,1.139274637705268e-05,1.139274637705268e-05,finishing allrounder,14.0,,116.66666666666667,10.0,6.779220779220779,8.0,23.0,116.66666666666667,,
67526,Narchung Lepcha,False,1.4583730218513956e-05,1.0208611152959769e-05,opener,0.0,,0.0,,,1.0,37.42,0.0,,
67530,Puran Giri,False,9.085739830673887e-05,6.360017881471721e-05,top/middle,29.0,,60.416666666666664,,,4.0,39.6,60.416666666666664,,
67531,Prashant Gurung,False,0.0007501646626623645,0.0006376399632630098,finisher,16.0,,64.0,0.0,17.0,4.0,32.44,64.0,,
67532,Arpan Gurung,False,6.285327878819614e-05,4.39972951517373e-05,finisher,1.0,,25.0,0.0,13.0,1.0,39.01,25.0,,
67534,Akash Thapa,False,7.200337883066502e-05,6.120287200606527e-05,finishing allrounder,35.0,,58.333333333333336,2.0,6.512195121951219,5.0,32.03,58.333333333333336,,
67535,Avishkar Chettri,False,5.760949482133872e-06,5.760949482133872e-06,finisher,4.0,,30.76923076923077,0.0,16.285714285714285,6.0,23.68,30.76923076923077,,
67536,Amar Rao,False,4.947329862102123e-06,4.947329862102123e-06,top/middle,101.0,,97.11538461538461,0.0,10.0,7.0,27.9,97.11538461538461,,
67537,Sabin Tamang,False,0.0004579992310996474,0.0004579992310996474,finishing allrounder,0.0,,0.0,2.0,6.929577464788732,6.0,30.26,0.0,,
67539,Asraf Ali,False,7.712913468362819e-06,7.712913468362819e-06,finisher,1.0,,11.11111111111111,0.0,36.0,4.0,18.26,11.11111111111111,,
6754,Salman Irshad,False,0.10467825291672708,0.10467825291672708,finishing allrounder,16.0,,100.0,18.0,7.4462540716612375,14.0,29.98,2.37676641276388,3.9999999999999987,1.9999999999999996
67540,Vikas Sikarwar,False,9.048986331179192e-08,9.048986331179192e-08,opener,135.0,,120.53571428571429,3.0,9.631578947368421,7.0,23.24,120.53571428571429,,
67541,Amit Thainua,False,4.752609000662762e-05,4.752609000662762e-05,batting allrounder,38.0,,58.46153846153846,4.0,5.9491525423728815,7.0,22.96,58.46153846153846,,
67542,Jayant Chaudhar,False,3.1563491445541626e-05,3.1563491445541626e-05,finishing allrounder,102.0,,124.39024390243902,5.0,8.037735849056604,7.0,23.44,124.39024390243902,,
67545,Dhruv Patel,False,4.46825655575076e-06,4.46825655575076e-06,finishing allrounder,5.0,,55.55555555555556,0.0,4.536585365853658,3.0,18.23,55.55555555555556,,
67546,Samrath Jakhar,False,0.0027426114375354196,0.0027426114375354196,top/middle,120.0,,100.0,,,7.0,17.74,100.0,,
67548,Anuj Biswakarma,False,0.00031857696230297493,0.00031857696230297493,finisher,0.0,,0.0,0.0,5.538461538461538,2.0,19.07,0.0,,
6761,Rohit Rayudu,True,0.999949578644839,0.999949578644839,top/middle,134.0,,124.07407407407408,,,7.0,31.33,1.8743718040290214,-117.99999999999997,
6762,Hiten Dalal,False,0.005474300148887447,0.005474300148887447,top/middle,256.0,,118.51851851851852,,,16.0,31.17,7.7225179056668605,31.428571428571434,
6763,Siraparapu Ashish,False,0.0008436183837470741,0.0008436183837470741,finishing allrounder,3.0,,60.0,5.0,7.566265060240964,13.0,27.07,60.0,2.9999999999999996,0.15384615384615385
67642,Shubham Sharma,False,0.004221434101332577,0.004221434101332577,finishing allrounder,77.0,,116.66666666666667,15.0,4.2430939226519335,9.0,28.04,116.66666666666667,,
67643,Anshuman Singh,False,2.74413936041524e-06,2.74413936041524e-06,top/middle,202.0,,114.77272727272727,,,10.0,26.56,3.248689926479254,,
67645,Yash Tandel,False,6.049474878217861e-05,6.049474878217861e-05,finishing allrounder,0.0,,0.0,1.0,8.938775510204081,3.0,23.21,,,
6771,Vishvaraj Jadeja,False,0.037413770419938853,0.037413770419938853,top/middle,835.0,,125.56390977443608,,,38.0,27.36,3.040058821966687,78.2,
6772,Chetan Sakariya,True,0.9999999715502391,0.9999999715502391,finishing allrounder,47.0,,77.04918032786885,52.0,6.789156626506024,42.0,27.27,1.1887883258342145,-1.8571428571428568,-3.314285714285714
6774,Samarth Vyas,True,0.9999943726592142,0.9999943726592142,top/middle,783.0,,132.26351351351352,0.0,12.0,33.0,30.0,3.5918158828231532,-0.7142857142857232,0.0
6775,Shaurya Sanandia,False,0.0005926443370643927,0.00041485103594507487,finishing allrounder,36.0,,97.29729729729729,20.0,6.42654028436019,10.0,38.59,97.29729729729729,13.999999999999996,0.0
67825,Tanvish Ramakant,False,0.0032789955100500463,0.0032789955100500463,finishing allrounder,76.0,,124.59016393442623,3.0,7.461538461538462,4.0,26.1,124.59016393442623,,
67826,Vimal Solanki,False,0.02782064127242704,0.02782064127242704,finisher,23.0,,121.05263157894737,,,2.0,27.1,121.05263157894737,,
6783,Azam Khan,False,0.3225204195438988,0.3225204195438988,finisher,266.0,,136.4102564102564,,,19.0,27.3,1.521679815891613,23.500000000000014,
6784,Hassan Mohammad,False,0.016324535029429904,0.016324535029429904,finishing allrounder,1.0,,100.0,3.0,6.461538461538462,1.0,25.22,100.0,,
67856,Yowan Lepcha,False,0.0007893760135180978,0.0005525632094626684,finishing allrounder,25.0,,56.81818181818182,10.0,5.462686567164179,8.0,38.74,56.81818181818182,,
67863,Dipak Ghosh,False,0.00010192163295051348,0.00010192163295051348,finisher,2.0,,66.66666666666667,,,4.0,16.96,66.66666666666667,,
6789,Murtaza Trunkwala,False,0.0001780853674493151,0.0001780853674493151,top/middle,605.0,,121.0,,,27.0,29.85,121.0,34.499999999999986,
6790,Divyang Himganekar,True,0.9999999079920356,0.8499999217932303,finishing allrounder,826.0,,142.16867469879517,32.0,8.178438661710038,45.0,32.12,2.526723410576641,56.49999999999997,1.4999999999999993
6791,Atharva Kale,True,0.9985644880844265,0.9985644880844265,top/middle,793.0,,142.88288288288288,,,38.0,26.18,3.0685495045771094,83.49999999999999,
6792,Jay Pande,False,0.05622422703602168,0.05622422703602168,top/middle,151.0,,114.39393939393939,,,5.0,31.18,114.39393939393939,,
6793,Prashant Kore,False,0.000764029243666012,0.000764029243666012,finisher,19.0,,111.76470588235294,,,2.0,30.14,111.76470588235294,,
67934,Omkarnath Singh,False,1.0582268251542154e-06,1.0582268251542154e-06,finishing allrounder,5.0,,166.66666666666666,5.0,10.046511627906977,2.0,26.12,,,
67936,Ramij Raja,False,0.00024761995967085513,0.00024761995967085513,finisher,0.0,,0.0,,,3.0,19.02,0.0,,
67937,Yash Patidar,False,1.1238949129986468e-05,1.1238949129986468e-05,finisher,0.0,,0.0,2.0,12.0,1.0,21.99,,,
67939,Deo Ashish Thapa,False,2.79137059808672e-06,1.9539594186607037e-06,opener,4.0,,36.36363636363637,,,1.0,40.01,36.36363636363637,,
67949,Rohit Agarwal,False,0.00011318187432325976,0.00011318187432325976,finisher,13.0,,52.0,,,3.0,24.97,52.0,,
6795,Terrance Hinds,False,0.004500207170187351,0.0038251760946592483,finishing allrounder,5.0,,125.0,1.0,9.290322580645162,2.0,33.84,125.0,,
67950,Bivash Pradhan,False,0.00039845664504848023,0.00039845664504848023,finisher,0.0,,0.0,,,3.0,28.87,0.0,,
67951,,False,4.991794898151297e-05,4.991794898151297e-05,bowler,0.0,,0.0,2.0,5.538461538461538,0.0,,,,
6797,Dominic Drakes,True,0.9992453695778379,0.9992453695778379,finishing allrounder,10.0,,71.42857142857143,4.0,7.8320610687022905,7.0,27.8,1.6564451257708688,,
67996,Rohan Gurung,False,0.0012725617809876718,0.0010816775138395211,top/middle,0.0,,0.0,,,1.0,33.01,0.0,,
68,Taruwar Kohli,False,0.00421613009089599,0.0029512910636271925,batting allrounder,34.0,,87.17948717948718,3.0,4.75,2.0,36.94,87.17948717948718,,
6804,Prathamesh Dake,False,0.009107813411049912,0.007741641399392425,finishing allrounder,30.0,,107.14285714285714,14.0,6.440677966101695,8.0,34.9,107.14285714285714,,1.9999999999999996
6806,Tushar Deshpande,True,0.9999999999990168,0.9999999999990168,finishing allrounder,29.0,,74.35897435897436,80.0,8.284066330209084,61.0,30.54,1.190853741889643,1.0999999999999999,2.8000000000000007
6815,Rakesh Prabhu,False,0.5415474549574358,0.37908321847020504,finishing allrounder,0.0,,0.0,4.0,8.448979591836734,2.0,38.92,0.0,,
6819,Yashasvi Jaiswal,True,0.9999999991801845,0.9999999991801845,opener,3092.0,,148.36852207293666,2.0,10.864864864864865,97.0,23.91,3.0506865395140883,64.59999999999998,1.9999999999999996
68279,Jasoliya Senilkumar,False,0.0008195549237239331,0.0008195549237239331,finishing allrounder,1.0,,16.666666666666668,5.0,8.210526315789474,6.0,25.5,16.666666666666668,,
6828,Vinayak Bhoir,True,0.9988749882167074,0.6992124917516951,finishing allrounder,76.0,,149.01960784313727,6.0,7.153846153846154,9.0,37.23,9.055202309005393,-4.999999999999998,0.0
68295,Ashish Meena,False,1.2724449163413811e-05,1.2724449163413811e-05,finishing allrounder,2.0,,66.66666666666667,7.0,8.446601941747574,11.0,,66.66666666666667,,
68299,Vaibhav Baisla,False,6.188842113397313e-05,6.188842113397313e-05,top/middle,1.0,,50.0,,,2.0,,50.0,,
68302,Aaryavir Sehwag,False,0.00029143060433336386,0.00029143060433336386,opener,23.0,,104.54545454545455,,,2.0,,104.54545454545455,,
68303,Siddharth Joon,False,0.0024921937056407583,0.0024921937056407583,opener,150.0,,174.41860465116278,,,7.0,,174.41860465116278,,
68309,Aatrey Tripathi,False,3.561410562158395e-05,3.561410562158395e-05,finishing allrounder,1.0,,100.0,5.0,7.666666666666667,7.0,25.9,100.0,,
68313,Ajay Rana,False,0.0002058644314633883,0.0001441051020243718,finisher,3.0,,42.857142857142854,,,3.0,36.09,42.857142857142854,,
68316,Vikas Dixit,False,0.0006361301844936203,0.0006361301844936203,finishing allrounder,36.0,,105.88235294117646,7.0,8.516129032258064,10.0,,105.88235294117646,,
68319,Arjun Rapria,False,2.8284075057168985e-06,2.8284075057168985e-06,finishing allrounder,189.0,,157.5,6.0,9.965217391304348,10.0,,157.5,,
68325,Gulzar Sandhu,False,0.00014434370042157245,0.00014434370042157245,finisher,16.0,,76.19047619047619,,,5.0,,76.19047619047619,,
68328,Rohan Rana,False,1.0478984984812787e-05,1.0478984984812787e-05,top/middle,4.0,,100.0,,,1.0,23.87,100.0,,
68329,Sagar Tanwar,False,0.0023488785423215076,0.0023488785423215076,finishing allrounder,11.0,,110.0,1.0,5.217391304347826,2.0,,110.0,,
68330,Manish Sehrawat,False,1.4856966608169082e-06,1.4856966608169082e-06,finishing allrounder,22.0,,122.22222222222223,1.0,7.25,5.0,,122.22222222222223,,
68331,Ankur Kaushik,False,0.008717433701302912,0.008717433701302912,opener,78.0,,121.875,,,4.0,,121.875,,
68333,Abhishek Khandelwal,False,3.278683714456061e-05,3.278683714456061e-05,finishing allrounder,60.0,,98.36065573770492,6.0,10.758620689655173,9.0,,98.36065573770492,,
68337,Saksham Rai,False,9.651204955997656e-07,9.651204955997656e-07,finisher,126.0,,123.52941176470588,0.0,13.0,8.0,,123.52941176470588,,
68338,Bhavy Goyal,False,0.00012775030558929263,0.00012775030558929263,top/middle,6.0,,40.0,,,2.0,,40.0,,
68339,Rahul Sharma,False,0.0030508080522135463,0.0030508080522135463,finishing allrounder,6.0,,54.54545454545455,11.0,8.074468085106384,10.0,,54.54545454545455,,
68348,Karan Garg,False,9.558939658002908e-05,9.558939658002908e-05,top/middle,44.0,,133.33333333333334,,,4.0,,133.33333333333334,,
68350,Mohit Panwar,False,0.00024068160788571637,0.00024068160788571637,top/middle,27.0,,67.5,,,4.0,,67.5,,
68351,Shreshth Yadav,False,0.005005474924346715,0.005005474924346715,top/middle,37.0,,92.5,,,2.0,25.9,92.5,,
68353,Kamal Bhairwa,False,0.005449159930778273,0.005449159930778273,finishing allrounder,4.0,,50.0,2.0,9.9,4.0,,50.0,,
68358,Varun Yadav,False,0.0008269367920386889,0.0008269367920386889,top/middle,18.0,,112.5,,,2.0,,112.5,,
68360,Aarush Malhotra,False,0.001060874140675898,0.001060874140675898,opener,47.0,,106.81818181818181,,,5.0,,106.81818181818181,,
68361,Sarthak Pal,False,8.293065350416139e-06,8.293065350416139e-06,finisher,5.0,,71.42857142857143,,,1.0,,71.42857142857143,,
68362,Udhav Mohan,False,0.00011152006202708638,0.00011152006202708638,finishing allrounder,1.0,,25.0,14.0,7.766355140186916,9.0,,25.0,,
68364,Aryan Kapoor,False,0.00013441008478102618,0.00013441008478102618,finisher,13.0,,86.66666666666667,,,2.0,,86.66666666666667,,
68365,Pardeep Parashar,False,4.849452510504417e-06,4.122034633928755e-06,finishing allrounder,6.0,,100.0,6.0,9.35820895522388,8.0,34.21,100.0,,
68366,Rushal Saini,False,0.00015131256625357362,0.00015131256625357362,finisher,0.0,,0.0,,,2.0,,0.0,,
68367,Aditya Malhotra,False,3.6507322164812495e-05,3.6507322164812495e-05,finisher,0.0,,0.0,,,1.0,,0.0,,
68369,Gaurav Saroha,False,0.0007163668384081814,0.0007163668384081814,finishing allrounder,4.0,,400.0,1.0,9.0,2.0,,400.0,,
68407,Muhammad Ashik,False,0.00036090019420288635,0.00036090019420288635,finishing allrounder,144.0,,240.0,16.0,8.264705882352942,10.0,30.95,240.0,,
68410,Rahmatullah Zadran,False,0.00024887349712220016,0.00024887349712220016,top/middle,24.0,,109.0909090909091,,,1.0,,109.0909090909091,,
68543,Anugrah Latwal,False,0.0048408455897742215,0.0048408455897742215,finishing allrounder,12.0,,200.0,8.0,7.673076923076923,8.0,21.87,200.0,,
68555,Prakar Chaturvedi,False,0.001120912728387986,0.001120912728387986,opener,125.0,,142.04545454545453,,,6.0,25.9,142.04545454545453,,
68557,Siddharth Akhil,False,5.8779078578455906e-06,5.8779078578455906e-06,finisher,10.0,,47.61904761904762,,,3.0,25.9,47.61904761904762,,
68559,Harshvardhan Khuba,False,3.894251440245256e-06,3.894251440245256e-06,top/middle,12.0,,85.71428571428571,,,2.0,25.9,85.71428571428571,,
68560,Younus Baig,False,0.010415633887757403,0.010415633887757403,finisher,11.0,,84.61538461538461,,,2.0,24.32,84.61538461538461,,
68567,Ganta Adarsh,False,3.1337973990544327e-05,3.1337973990544327e-05,finisher,2.0,,25.0,,,1.0,,25.0,,
68569,Chittineni Srihith,False,0.00024244489109100193,0.00024244489109100193,finisher,10.0,,100.0,0.0,9.692307692307692,1.0,,100.0,,
68578,K Satya Sai Sathwik,False,0.0014346980453338706,0.0014346980453338706,finisher,47.0,,167.85714285714286,,,5.0,,167.85714285714286,,
68579,Nakkala Manoj Kumar,False,0.0003785596084635411,0.0003785596084635411,top/middle,0.0,,0.0,,,3.0,,0.0,,
6858,Aakarshit Gomel,True,0.9989015374836866,0.9989015374836866,opener,122.0,,154.43037974683546,,,6.0,31.98,1.7750984904381795,58.999999999999986,
68580,M Vasu Deva Raju,False,8.744604850813554e-05,8.744604850813554e-05,top/middle,33.0,,75.0,,,2.0,,75.0,,
68581,S Sai Pranav Chandra,False,0.0002466064210041494,0.0002466064210041494,finishing allrounder,1.0,,14.285714285714286,0.0,11.76,1.0,,14.285714285714286,,
68582,T Dheeraj Reddy,False,0.0009117980412995118,0.0009117980412995118,finisher,2.0,,50.0,0.0,18.0,3.0,,50.0,,
68583,Marthala Dhanush,False,0.00010634378605756185,0.00010634378605756185,top/middle,11.0,,50.0,,,5.0,,50.0,,
68586,Kancherla Anand Josiah,False,0.0007304534353170233,0.0007304534353170233,finisher,104.0,,170.49180327868854,,,9.0,,170.49180327868854,,
68587,Ms Samanyu Datta,False,2.6589817098971223e-05,2.6589817098971223e-05,opener,11.0,,57.89473684210526,,,3.0,,57.89473684210526,,
68588,J Jai Chander Kesav,False,1.5174078067597008e-05,1.5174078067597008e-05,opener,7.0,,58.333333333333336,,,1.0,,58.333333333333336,,
68592,G Sai Venkata Sumith,False,0.0005163180607147125,0.0005163180607147125,finishing allrounder,16.0,,123.07692307692308,8.0,6.755905511811024,7.0,,123.07692307692308,,
6865,Atif Attarwala,True,0.9983573428374067,0.8486037414117957,finishing allrounder,10.0,,111.11111111111111,6.0,9.387096774193548,6.0,33.11,10.799043030967693,-3.999999999999999,-2.9999999999999996
68746,Pranav Chopra,False,2.6238356223848872e-05,2.6238356223848872e-05,finishing allrounder,0.0,,0.0,2.0,6.923076923076923,3.0,18.95,0.0,,
6875,Shashikant Kadam,False,8.410000063002583e-05,8.410000063002583e-05,finishing allrounder,92.0,,141.53846153846155,3.0,7.0588235294117645,5.0,,3.3637316335038476,,
6883,Chinmay Sutar,False,0.10952631050535717,0.10952631050535717,top/middle,495.0,,134.8773841961853,3.0,6.444444444444445,15.0,28.57,4.8190966036295,162.49999999999994,
6884,Shashank Attarde,True,0.998671875283338,0.8488710939908373,finishing allrounder,11.0,,45.833333333333336,15.0,6.848780487804878,10.0,34.06,1.2002449734638656,5.499999999999999,
68882,Parth Kumar Bali,False,2.7700383355046593e-06,2.7700383355046593e-06,finishing allrounder,64.0,,96.96969696969697,4.0,7.1571428571428575,9.0,23.09,96.96969696969697,,
6892,VV Dabholkar,True,0.9810599358062927,0.6867419550644048,finishing allrounder,5.0,,27.77777777777778,8.0,8.272727272727273,8.0,38.68,27.77777777777778,,
6896,Siddharth Akre,False,0.0019913615294997835,0.0019913615294997835,finisher,116.0,,152.6315789473684,,,8.0,28.06,5.4054993130125855,,
69082,Rishabh Rana,False,0.00016912226041350105,0.00016912226041350105,finisher,4.0,,100.0,,,1.0,22.98,100.0,,
69083,Naman Tiwari,False,1.200510649408673e-05,1.200510649408673e-05,finisher,7.0,,38.888888888888886,,,2.0,22.83,38.888888888888886,,
691,Samit Patel,False,0.09839310663725385,0.06887517464607769,batting allrounder,68.0,,86.07594936708861,10.0,4.6350710900473935,9.0,40.99,3.6359144789253977,,
69128,Sumit Kumar Beniwal,False,1.2330959695383384e-05,1.2330959695383384e-05,finishing allrounder,47.0,,223.8095238095238,14.0,10.0,9.0,26.63,223.8095238095238,,
6922,Abdul Samad,True,0.9993146126509701,0.9993146126509701,finisher,112.0,,117.89473684210526,,,9.0,27.84,1.9735324810668413,19.999999999999993,
6931,Pathum Nissanka,True,0.9999999942982416,0.9999999942982416,opener,1630.0,,125.28823981552652,,,50.0,27.53,1.8502314864971026,47.99999999999999,
6932,Pramod Madushan,False,0.17015375411747638,0.17015375411747638,finishing allrounder,9.0,,60.0,13.0,7.414012738853503,7.0,31.95,2.0349833135239854,3.499999999999999,-0.5000000000000004
6935,Lahiru Milantha,False,3.45907969303918e-05,3.45907969303918e-05,opener,6.0,,50.0,,,1.0,31.5,50.0,,
69397,Prajwal Pavan,False,2.5346246877934125e-07,2.5346246877934125e-07,top/middle,171.0,,96.06741573033707,,,11.0,25.62,96.06741573033707,,
6942,S Abishiek,False,0.00019913447905322296,0.00019913447905322296,top/middle,357.0,,88.36633663366337,,,28.0,25.78,5.458500045501727,19.3,
6944,Boopalan S,False,0.0012317779165631954,0.0008622445415942368,finishing allrounder,13.0,,108.33333333333333,0.0,7.461538461538462,7.0,37.69,2.27008210138892,0.4999999999999996,0.0
6945,Nidhish Rajagopal,False,1.4664610042743428e-05,1.4664610042743428e-05,top/middle,940.0,,119.89795918367346,,,37.0,,8.794176616268247,-10.300000000000004,
6954,Ganesh S,False,0.023365007562390957,0.023365007562390957,finisher,258.0,,104.8780487804878,,,21.0,25.56,7.3537644782399205,14.8,
6956,Manigandan S,False,0.006200645125022846,0.006200645125022846,finishing allrounder,12.0,,75.0,5.0,6.330275229357798,6.0,29.56,12.431820622194238,3.999999999999999,-2.9999999999999996
6957,R Mithun,False,0.00037968909882884924,0.00037968909882884924,finishing allrounder,49.0,,81.66666666666667,4.0,7.0,9.0,,2.6490879797499263,2.8999999999999995,0.8
6958,Muhammed Khan,False,1.5258204344260422e-06,1.5258204344260422e-06,finisher,443.0,,128.40579710144928,1.0,12.0,30.0,,4.650162515412407,7.499999999999998,0.33333333333333326
6960,Sumant Jain,False,0.0004331174566371758,0.0004331174566371758,top/middle,55.0,,94.82758620689656,,,4.0,31.49,94.82758620689656,,
6964,Damodaran Rohit,True,0.9999327643333641,0.8499428496833594,batting allrounder,505.0,,114.25339366515837,17.0,7.327102803738318,34.0,33.5,2.6073238494770945,-21.40000000000001,-0.10000000000000016
6966,Tushar Raheja,False,0.00013589835857438968,0.00013589835857438968,top/middle,1317.0,,144.88448844884488,,,39.0,,4.59236143838546,116.4,
69679,Rishabh Drall,False,4.5284980955157126e-05,4.5284980955157126e-05,top/middle,40.0,,125.0,,,2.0,25.75,125.0,,
6971,Saravana Kumar P,False,0.001259966333212938,0.0008819764332490566,finishing allrounder,193.0,,121.38364779874213,50.0,7.625316455696202,37.0,36.25,3.8763738331035587,-10.400000000000002,-0.7000000000000002
69748,Siddharth Jain,False,8.84318594645629e-05,8.84318594645629e-05,opener,0.0,,0.0,,,1.0,,0.0,,
6975,Divakar R,False,0.0002895376960591517,0.0002895376960591517,finishing allrounder,47.0,,114.63414634146342,28.0,7.833827893175074,17.0,,2.9881731022496187,2.500000000000001,-0.30769230769230754
69805,Kartik Siddhu,False,0.0014898134016315288,0.0014898134016315288,finishing allrounder,10.0,,125.0,4.0,7.217391304347826,5.0,25.9,125.0,,
69809,Vipin Dhaka,False,0.00034728105891733375,0.00034728105891733375,top/middle,2.0,,40.0,,,1.0,29.63,40.0,,
69814,Deepak Rajput,False,1.3124186601315542e-05,1.3124186601315542e-05,opener,39.0,,90.69767441860465,,,2.0,,90.69767441860465,,
69818,Rishab Rizvi,False,0.005896233061916947,0.005896233061916947,finishing allrounder,0.0,,0.0,1.0,11.210526315789474,6.0,,0.0,,
69819,Raman Singh,False,0.00024101453808549061,0.00024101453808549061,top/middle,52.0,,126.82926829268293,,,6.0,29.71,126.82926829268293,,
69820,Vishal Dhankar,False,5.402572304767712e-05,5.402572304767712e-05,top/middle,23.0,,65.71428571428571,,,3.0,,65.71428571428571,,
69822,Manish Saini,False,0.00046101064449571285,0.00046101064449571285,finishing allrounder,25.0,,125.0,4.0,8.512820512820513,6.0,,125.0,,
69825,Vaibhav Narang,False,0.0001122820487101275,9.543974140360838e-05,finisher,17.0,,60.714285714285715,0.0,8.0,4.0,34.51,60.714285714285715,,
69826,Aryan Choudhury,False,8.678874794654199e-05,8.678874794654199e-05,finisher,13.0,,100.0,,,2.0,21.0,100.0,,
69835,Dado Tachung,False,0.004002503793298058,0.004002503793298058,top/middle,110.0,,90.9090909090909,1.0,10.451612903225806,9.0,,90.9090909090909,,
69836,Nabam Ram,False,3.6878156751681515e-05,3.6878156751681515e-05,finisher,6.0,,75.0,,,1.0,,75.0,,
69837,Takam Jacob,False,0.0007938564383881562,0.0007938564383881562,top/middle,157.0,,112.94964028776978,,,9.0,,112.94964028776978,,
69841,Raju Yadav,False,0.010175124926541332,0.010175124926541332,finisher,28.0,,84.84848484848484,,,2.0,,84.84848484848484,,
69844,Ankit Pal,False,0.07087773322792802,0.07087773322792802,batting allrounder,35.0,,125.0,5.0,4.5,4.0,,125.0,,
69845,Deepak Kushwaha,False,0.001417384001184149,0.001417384001184149,finisher,12.0,,57.142857142857146,,,2.0,,57.142857142857146,,
69846,Likha Tatam,False,0.004979561530516058,0.004979561530516058,finisher,46.0,,97.87234042553192,,,5.0,,97.87234042553192,,
69847,Yowa Topu,False,0.0008001335153794338,0.0008001335153794338,finishing allrounder,0.0,,0.0,7.0,6.397058823529412,8.0,,0.0,,
69848,Anuraj Sinha,False,0.00020371416275004125,0.00020371416275004125,finishing allrounder,14.0,,200.0,12.0,5.357142857142857,6.0,,200.0,,
69850,Chera Mapu,False,6.558645210311763e-05,6.558645210311763e-05,finisher,5.0,,55.55555555555556,,,4.0,,55.55555555555556,,
69851,Taba Tatang,False,3.9539241999525435e-05,3.9539241999525435e-05,finisher,4.0,,36.36363636363637,,,1.0,,36.36363636363637,,
69852,Techi Tado,False,5.883385666619281e-05,5.883385666619281e-05,opener,184.0,,115.0,,,8.0,,115.0,,
69853,Bishal Nag,False,0.0026425782206024205,0.0026425782206024205,finishing allrounder,0.0,,0.0,0.0,12.0,2.0,,0.0,,
69855,Abhilash Shandilya,False,0.00012734220710300623,0.00012734220710300623,finisher,4.0,,33.333333333333336,,,2.0,,33.333333333333336,,
69856,Aditya Mukesh,False,0.00031029231452643207,0.00031029231452643207,opener,2.0,,50.0,0.0,6.666666666666667,2.0,,50.0,,
69857,Himanshu Himanshu,False,0.0014766118584748273,0.0014766118584748273,opener,21.0,,116.66666666666667,1.0,11.25,1.0,,116.66666666666667,,
69858,Techi Tarum,False,0.00025041912688917667,0.00025041912688917667,finishing allrounder,41.0,,89.1304347826087,4.0,6.470588235294118,7.0,,89.1304347826087,,
69859,Tnc Tassar,False,0.01826704923206411,0.01826704923206411,finisher,44.0,,118.91891891891892,,,5.0,,118.91891891891892,,
69862,Techi Sania,False,0.0001394594502981784,0.0001394594502981784,top/middle,73.0,,100.0,,,7.0,,100.0,,
69864,Rajesh Rebi,False,0.00013013165556401493,0.00013013165556401493,finisher,12.0,,85.71428571428571,,,7.0,,85.71428571428571,,
69865,Kabak Yakup,False,0.00010073414763369638,0.00010073414763369638,finisher,0.0,,0.0,,,1.0,,0.0,,
69867,Yigam Pale,False,4.24417410971539e-05,4.24417410971539e-05,finisher,13.0,,48.148148148148145,,,4.0,,48.148148148148145,,
69868,Amit Patel,False,0.001477968732618616,0.001477968732618616,top/middle,32.0,,86.48648648648648,,,3.0,,86.48648648648648,,
69869,Mahi Pal,False,0.00012895291939454302,0.00012895291939454302,top/middle,71.0,,116.39344262295081,0.0,17.5,7.0,20.28,116.39344262295081,,
69870,Nabam Abo Jnr,False,0.00046267653110890856,0.00046267653110890856,finishing allrounder,36.0,,83.72093023255815,9.0,5.888888888888889,7.0,20.35,83.72093023255815,,
69871,Namendra Singh,False,3.2978256754861826e-05,3.2978256754861826e-05,finishing allrounder,40.0,,88.88888888888889,8.0,5.512195121951219,7.0,23.78,88.88888888888889,,
69872,Tai Magung,False,2.261244102996705e-05,2.261244102996705e-05,finisher,45.0,,67.16417910447761,,,6.0,23.63,67.16417910447761,,
69873,Yadvendra Yadav,False,3.5448756977314954e-05,3.5448756977314954e-05,top/middle,130.0,,96.29629629629629,,,7.0,20.06,96.29629629629629,,
69874,Nabam Takar,False,0.00030082113996860056,0.00030082113996860056,finisher,4.0,,40.0,,,2.0,19.54,40.0,,
69875,Shubham Jhunjunwala,False,0.0028503832802401255,0.0028503832802401255,finishing allrounder,69.0,,109.52380952380952,2.0,10.285714285714286,4.0,26.17,109.52380952380952,,
69876,Techi Dol,False,0.0007476526547695095,0.0007476526547695095,finishing allrounder,35.0,,106.06060606060606,10.0,6.218978102189781,7.0,21.91,106.06060606060606,,
69880,Harsh Pandey,False,0.0007605959843474874,0.0007605959843474874,top/middle,63.0,,95.45454545454545,,,4.0,,95.45454545454545,,
69881,Nich Mima,False,0.00014108908310985835,0.00014108908310985835,finishing allrounder,9.0,,69.23076923076923,6.0,6.573913043478261,7.0,27.96,69.23076923076923,,
69882,Kanishk Dalal,False,2.4499844420802667e-05,2.4499844420802667e-05,finisher,0.0,,0.0,0.0,9.6,1.0,22.37,0.0,,
69884,Nabam Totu,False,0.007322832957013473,0.007322832957013473,opener,137.0,,124.54545454545455,,,6.0,23.14,124.54545454545455,,
69886,Vidush Arora,False,1.0243563126263063e-06,1.0243563126263063e-06,opener,10.0,,76.92307692307692,,,1.0,28.85,76.92307692307692,,
69887,Abhishek Chaurasia,False,0.0024443096033101934,0.0024443096033101934,finishing allrounder,5.0,,125.0,3.0,7.7368421052631575,2.0,21.99,125.0,,
69888,Chubing Chege,False,5.469980412582097e-07,5.469980412582097e-07,finishing allrounder,36.0,,97.29729729729729,4.0,5.9361702127659575,6.0,19.23,97.29729729729729,,
69890,Prasant Goswami,False,6.0295504424953065e-05,6.0295504424953065e-05,finisher,12.0,,66.66666666666667,,,1.0,21.39,66.66666666666667,,
69891,Pratam Mudgil,False,0.00022236061963310812,0.00022236061963310812,top/middle,43.0,,82.6923076923077,,,6.0,17.14,82.6923076923077,,
69892,Yugvinder Saroha,False,4.08160947759353e-06,4.08160947759353e-06,opener,39.0,,97.5,0.0,6.461538461538462,1.0,25.54,97.5,,
69894,Techi Tania,False,5.248948712020582e-07,5.248948712020582e-07,finisher,48.0,,102.12765957446808,,,6.0,22.79,102.12765957446808,,
69895,Piyush Kumar,False,8.570497791968286e-06,8.570497791968286e-06,finisher,1.0,,20.0,,,1.0,21.24,20.0,,
69896,Sachin Mourya,False,0.00010845211778236008,0.00010845211778236008,top/middle,0.0,,0.0,,,2.0,18.15,0.0,,
69897,Takar Muri,False,6.9367985120099e-05,6.9367985120099e-05,finishing allrounder,39.0,,111.42857142857143,4.0,9.069767441860465,7.0,20.28,111.42857142857143,,
69898,Tayum Niare,False,1.6472484543435785e-05,1.6472484543435785e-05,finisher,16.0,,44.44444444444444,,,6.0,21.1,44.44444444444444,,
69899,Techi Tiklee,False,9.476913891098966e-05,9.476913891098966e-05,batting allrounder,50.0,,111.11111111111111,3.0,7.404255319148936,6.0,23.7,111.11111111111111,,
69901,Likha Sonia,False,0.0003087356788278758,0.0003087356788278758,finishing allrounder,40.0,,88.88888888888889,5.0,6.461538461538462,6.0,27.49,88.88888888888889,,
69902,Sohit Tomar,False,0.002351837078554887,0.002351837078554887,top/middle,53.0,,139.47368421052633,,,4.0,26.21,139.47368421052633,,
69903,Deepak Yadav,False,0.09060364360702396,0.09060364360702396,finishing allrounder,27.0,,150.0,0.0,6.0,3.0,20.05,150.0,,
69904,Mohd Wasim,False,0.0010189894841341025,0.0010189894841341025,finishing allrounder,14.0,,127.27272727272727,3.0,9.0,5.0,27.05,127.27272727272727,,
69905,Rahul Rahul,False,3.820033547794735e-06,3.820033547794735e-06,finishing allrounder,99.0,,128.57142857142858,3.0,6.8,7.0,31.48,128.57142857142858,,
69907,Pranjal Pranjal,False,0.0022222919333529084,0.0022222919333529084,finisher,3.0,,33.333333333333336,2.0,11.142857142857142,2.0,28.54,33.333333333333336,,
69908,Saamant Jha,False,0.0016657694926809948,0.0016657694926809948,top/middle,19.0,,57.57575757575758,0.0,36.0,2.0,18.81,57.57575757575758,,
69909,Vedant Yadav,False,0.006384342817864556,0.006384342817864556,finisher,53.0,,147.22222222222223,,,2.0,17.66,147.22222222222223,,
69910,Rupesh Mishra,False,1.4298964917706174e-05,1.4298964917706174e-05,batting allrounder,75.0,,75.0,5.0,4.705882352941177,7.0,24.38,75.0,,
69913,Taba Kagu,False,3.0925154681364335e-05,3.0925154681364335e-05,finisher,21.0,,75.0,,,7.0,28.93,75.0,,
69915,Teli Radhe,False,0.0001047897572545474,0.0001047897572545474,finisher,0.0,,0.0,,,2.0,19.81,0.0,,
69916,Dagbom Geyi,False,0.0004459412139241452,0.0004459412139241452,finisher,0.0,,0.0,1.0,5.1,3.0,23.74,0.0,,
69918,Devnash Nagar,False,0.006016835519276184,0.006016835519276184,top/middle,30.0,,76.92307692307692,,,3.0,19.26,76.92307692307692,,
69919,Gaurav Mishra,False,0.041742072644158607,0.041742072644158607,top/middle,18.0,,300.0,,,5.0,19.16,300.0,,
69920,Nabam Kama,False,6.563442679869433e-05,6.563442679869433e-05,top/middle,124.0,,93.93939393939394,5.0,4.0,8.0,24.01,93.93939393939394,,
69922,Varun Gupta,False,1.4592736879817681e-05,1.4592736879817681e-05,finisher,0.0,,0.0,,,1.0,25.43,0.0,,
69923,Baddula Sunil Yadav,False,5.040073022712956e-06,5.040073022712956e-06,finisher,6.0,,54.54545454545455,,,4.0,25.75,54.54545454545455,,
69924,Rishi Sharma,False,0.0005406288259288586,0.0005406288259288586,finishing allrounder,2.0,,15.384615384615385,2.0,6.142857142857143,4.0,20.1,15.384615384615385,,
69925,Shuhel Akhtar,False,0.0005309021078558217,0.0005309021078558217,top/middle,46.0,,131.42857142857142,0.0,4.666666666666667,4.0,25.16,131.42857142857142,,
69926,Taying Siyum,False,0.013690316348610676,0.013690316348610676,finishing allrounder,2.0,,50.0,4.0,16.4,4.0,20.3,50.0,,
69929,Ajit Kamra,False,1.7658875912599615e-06,1.7658875912599615e-06,finishing allrounder,5.0,,71.42857142857143,3.0,8.513513513513514,7.0,25.84,71.42857142857143,,
69930,Aman Pisa,False,0.0003285795785355564,0.0003285795785355564,top/middle,44.0,,89.79591836734694,,,8.0,20.9,89.79591836734694,,
69931,Amit Kumar,False,0.013344282869960715,0.0093409980089725,finishing allrounder,15.0,,37.5,4.0,8.262295081967213,4.0,36.65,37.5,,
69932,Passang Norbu,False,2.184965700954208e-05,2.184965700954208e-05,finishing allrounder,20.0,,86.95652173913044,4.0,8.876712328767123,8.0,18.64,86.95652173913044,,
69933,Shakes Bhargava,False,0.00032511738186549445,0.00032511738186549445,finishing allrounder,35.0,,194.44444444444446,2.0,5.492957746478873,3.0,21.07,194.44444444444446,,
69935,Satyam Pandey,False,0.008690844819011723,0.008690844819011723,finisher,38.0,,152.0,,,3.0,22.0,152.0,,
69981,Vibhanshu Kumar,False,0.0001150748137940389,0.0001150748137940389,top/middle,151.0,,148.0392156862745,0.0,8.0,6.0,20.7,148.0392156862745,,
70057,Yash Rana,False,0.0008890922956993549,0.0008890922956993549,finisher,13.0,,144.44444444444446,0.0,7.384615384615385,1.0,,144.44444444444446,,
70058,Priyanshu Chaudhary,False,5.3338822349707376e-05,5.3338822349707376e-05,opener,5.0,,29.41176470588235,,,1.0,,29.41176470588235,,
70067,Suraj Singh Rathore,False,8.90489265820796e-05,8.90489265820796e-05,finishing allrounder,3.0,,50.0,2.0,6.967741935483871,3.0,,50.0,,
70068,Rapole Sai Santosh,False,0.0023158430947237147,0.0023158430947237147,finishing allrounder,2.0,,20.0,3.0,7.2,3.0,,20.0,,
70076,Nabam Rikam,False,0.0018150116677843706,0.0018150116677843706,finisher,9.0,,112.5,,,4.0,,112.5,,
7008,Gus Atkinson,True,0.9999984008736257,0.9999984008736257,finishing allrounder,10.0,,43.47826086956522,7.0,10.746268656716419,4.0,27.85,1.0214677996034212,-2.9999999999999996,-3.499999999999999
70122,Mingma Paffa,False,0.002067682523197819,0.002067682523197819,finisher,2.0,,100.0,0.0,8.0,2.0,24.16,100.0,,
70126,Karan Gola,False,0.007685412482265022,0.007685412482265022,finishing allrounder,13.0,,100.0,4.0,5.888888888888889,4.0,,100.0,,
70127,Vishnu Kumar Sharma,False,8.195714352327486e-05,8.195714352327486e-05,finisher,0.0,,0.0,1.0,4.153846153846154,1.0,,0.0,,
70129,Abhinav Singh,False,0.0018082128360786623,0.0018082128360786623,finishing allrounder,28.0,,107.6923076923077,4.0,2.88,2.0,,107.6923076923077,,
70148,Bivash Shaw,False,6.282944855916055e-05,6.282944855916055e-05,top/middle,45.0,,173.07692307692307,,,4.0,22.83,173.07692307692307,,
70150,Prayan Prantik Samal,False,3.1485719968189485e-05,3.1485719968189485e-05,opener,5.0,,45.45454545454545,,,2.0,16.9,45.45454545454545,,
70154,Panakala Sasanka,False,1.3943791773508293e-05,1.3943791773508293e-05,opener,59.0,,105.35714285714286,,,2.0,19.54,105.35714285714286,,
70155,Anurag Mallick,False,1.0885845770714487e-05,1.0885845770714487e-05,opener,2.0,,50.0,,,1.0,,50.0,,
70157,Vagesh Sharma,False,0.0007434408224593071,0.0007434408224593071,finishing allrounder,29.0,,116.0,5.0,6.674157303370786,6.0,,116.0,,
70158,Abhishek Champati,False,6.676724043422602e-05,6.676724043422602e-05,finisher,4.0,,100.0,,,2.0,,100.0,,
70159,Sayed Tuffel Ahmed,False,0.0005921280908575081,0.0005921280908575081,finishing allrounder,16.0,,145.45454545454547,3.0,7.98,5.0,,145.45454545454547,,
70161,Panakala Moxit,False,1.942247276440444e-06,1.942247276440444e-06,finisher,3.0,,50.0,,,2.0,,50.0,,
70162,Soumya Ranjan Lenka,False,4.682189807028399e-06,4.682189807028399e-06,finishing allrounder,31.0,,103.33333333333333,5.0,7.636363636363637,5.0,,103.33333333333333,,
70163,Udaya Jata,False,0.0003981586306643368,0.0003981586306643368,finishing allrounder,7.0,,87.5,3.0,7.432835820895522,6.0,,87.5,,
70169,Saransh Kumar,False,0.004154637921629434,0.004154637921629434,finisher,25.0,,108.69565217391305,,,6.0,,108.69565217391305,,
70170,Md Danish,False,0.009288536170715915,0.009288536170715915,finishing allrounder,7.0,,175.0,9.0,8.689655172413794,6.0,,175.0,,
70171,Shovandeb Behera,False,2.771211195730821e-05,2.771211195730821e-05,finishing allrounder,1.0,,100.0,1.0,9.473684210526315,3.0,,100.0,,
70172,Swoop Samit Bhuyan,False,1.4233940750555355e-06,1.4233940750555355e-06,finisher,31.0,,163.1578947368421,0.0,10.285714285714286,2.0,21.09,163.1578947368421,,
70173,Biswajit Pradhan,False,2.740629828662668e-05,2.740629828662668e-05,finishing allrounder,24.0,,72.72727272727273,1.0,7.153846153846154,4.0,19.51,72.72727272727273,,
70175,Ayush K Barik,False,3.332479178485801e-05,3.332479178485801e-05,finishing allrounder,20.0,,83.33333333333333,6.0,6.846153846153846,6.0,22.06,83.33333333333333,,
70176,Swayam Srivastav,False,0.0005918214688250741,0.0005918214688250741,finisher,9.0,,128.57142857142858,,,6.0,,128.57142857142858,,
70181,Md Sohail Khan,False,7.897816861966783e-05,7.897816861966783e-05,finisher,1.0,,33.333333333333336,,,1.0,,33.333333333333336,,
70184,Bikramjeet Singh,False,0.00023263313289670814,0.00023263313289670814,opener,17.0,,73.91304347826087,,,2.0,,73.91304347826087,,
70186,Japji Japji,False,7.156578254985098e-05,7.156578254985098e-05,top/middle,5.0,,55.55555555555556,,,2.0,,55.55555555555556,,
70188,Shabaj Singh,False,9.211368930053876e-06,9.211368930053876e-06,finishing allrounder,91.0,,124.65753424657534,1.0,10.909090909090908,6.0,,124.65753424657534,,
70189,Sukhreeb Singh,False,4.349950089908224e-06,4.349950089908224e-06,opener,9.0,,64.28571428571429,,,2.0,20.33,64.28571428571429,,
70191,Pardeep Jagraon,False,0.0008506052839465784,0.0008506052839465784,finisher,10.0,,71.42857142857143,0.0,15.0,1.0,,71.42857142857143,,
70193,Varinder Viru,False,0.0006924469512327413,0.0006924469512327413,top/middle,39.0,,114.70588235294117,,,3.0,,114.70588235294117,,
70194,Asheesh Asheesh,False,0.00011270081545680729,0.00011270081545680729,finisher,6.0,,60.0,0.0,11.294117647058824,2.0,,60.0,,
70196,Karteek Sharma,False,0.0037424216207347146,0.0037424216207347146,opener,95.0,,115.85365853658537,,,4.0,,115.85365853658537,,
70198,Sukhwinder Singh,False,0.00046323910708536055,0.00046323910708536055,finishing allrounder,7.0,,63.63636363636363,2.0,8.88888888888889,3.0,29.23,63.63636363636363,,
70205,Jasan Jindal,False,0.0030543825744585073,0.0030543825744585073,finishing allrounder,1.0,,25.0,6.0,9.2,3.0,22.78,25.0,,
70209,Reavan Preet Singh,False,2.0349421999050363e-05,2.0349421999050363e-05,top/middle,24.0,,218.1818181818182,,,2.0,,218.1818181818182,,
70210,Rushil Shrivastava,False,2.232174647315452e-05,2.232174647315452e-05,finisher,47.0,,146.875,,,3.0,22.35,146.875,,
70211,Shivein Rakheja,False,0.0002151420457273881,0.0002151420457273881,opener,117.0,,107.33944954128441,,,5.0,21.23,107.33944954128441,,
70258,Samarath Semwal,True,0.992564373560428,0.992564373560428,top/middle,83.0,,123.88059701492537,,,5.0,,123.88059701492537,,
7026,Brooke Guest,False,0.06870848609990451,0.06870848609990451,top/middle,44.0,,93.61702127659575,,,2.0,28.54,8.38269440748557,,
70261,Pranjal Singh Raikwal,False,2.029866648075324e-05,2.029866648075324e-05,finisher,1.0,,20.0,0.0,16.0,1.0,18.02,20.0,,
70262,Siddharth Gupta,True,0.9919249305593449,0.9919249305593449,finishing allrounder,34.0,,170.0,10.0,7.956521739130435,7.0,21.19,170.0,,
70264,Mohammad Uzair Malik,False,0.008794011847176831,0.008794011847176831,finisher,22.0,,169.23076923076923,,,1.0,13.7,169.23076923076923,,
70270,Shivansh Gautam,True,0.011869741621877641,0.011869741621877641,finisher,11.0,,78.57142857142857,,,3.0,,78.57142857142857,,
70273,Vishal Kumar Saini,True,0.36349708987462176,0.36349708987462176,finishing allrounder,1.0,,100.0,11.0,6.146341463414634,8.0,,100.0,,
70275,Tushar Nautiyal,False,0.0009786660190432297,0.0009786660190432297,top/middle,101.0,,117.44186046511628,,,5.0,,117.44186046511628,,
70276,Vikas Bhati,True,0.4455609913444072,0.4455609913444072,finishing allrounder,32.0,,80.0,2.0,5.5,4.0,20.74,80.0,,
70279,Daksh Arora,False,8.302830833195157e-05,8.302830833195157e-05,top/middle,31.0,,106.89655172413794,,,2.0,19.72,106.89655172413794,,
70280,Priyanshu Panwar,True,0.09633686640205574,0.09633686640205574,finisher,13.0,,100.0,,,3.0,21.0,100.0,,
70281,Sagar Ojha,False,1.3645217594396193e-05,1.3645217594396193e-05,top/middle,12.0,,70.58823529411765,,,1.0,23.29,70.58823529411765,,
70282,Aaryan Godiyal,False,0.005464822989235198,0.005464822989235198,finisher,22.0,,115.78947368421052,,,4.0,,115.78947368421052,,
70284,Allen Chetan,True,0.9978740429595349,0.9978740429595349,opener,218.0,,205.66037735849056,,,5.0,,205.66037735849056,,
70287,Abhishek Barthwal,False,9.899294106778089e-06,9.899294106778089e-06,finisher,10.0,,76.92307692307692,,,1.0,21.66,76.92307692307692,,
70289,Aasham Gulati,False,9.360673847726182e-05,9.360673847726182e-05,top/middle,7.0,,70.0,,,2.0,,70.0,,
70290,Shikhar Baliyan,False,1.974468730812025e-05,1.974468730812025e-05,top/middle,5.0,,100.0,,,1.0,,100.0,,
70291,Manu Kumar,False,0.0013076147444598812,0.0013076147444598812,finisher,21.0,,123.52941176470588,,,1.0,,123.52941176470588,,
70292,Gopal Singh,False,7.767076808008464e-06,7.767076808008464e-06,finisher,14.0,,58.333333333333336,0.0,9.0,2.0,,58.333333333333336,,
70294,Shobhit Sareen,True,0.9288415063490274,0.9288415063490274,finisher,63.0,,121.15384615384616,0.0,7.0,5.0,,121.15384615384616,,
70295,Ansh Tyagi,True,0.09290062958244572,0.09290062958244572,opener,23.0,,53.48837209302326,,,4.0,,53.48837209302326,,
70296,Sumit Panwar,True,0.9979504316044238,0.8482578668637601,finishing allrounder,6.0,,42.857142857142854,1.0,10.2,3.0,32.23,42.857142857142854,,
70297,Aniket Malik,False,1.5602730723487748e-05,1.5602730723487748e-05,finisher,64.0,,77.10843373493977,0.0,10.5,5.0,24.57,77.10843373493977,,
70298,Ayush Deswal,False,0.005021266485983326,0.005021266485983326,top/middle,8.0,,200.0,,,2.0,,200.0,,
70299,Jagdish Singh Koshyari,True,0.5429633285254121,0.5429633285254121,finishing allrounder,6.0,,100.0,2.0,9.9,4.0,,100.0,,
70303,Bhavya Deep Singh,True,0.01516638871860929,0.01516638871860929,finishing allrounder,1.0,,16.666666666666668,4.0,7.469387755102041,5.0,,16.666666666666668,,
70304,Abhishek Dafouti,True,0.996811724328316,0.996811724328316,batting allrounder,102.0,,120.0,2.0,10.421052631578947,6.0,21.02,120.0,,
70305,Jatin Sharma,True,0.04887356214154083,0.04887356214154083,finisher,2.0,,66.66666666666667,0.0,12.0,2.0,,66.66666666666667,,
70306,Vanshaj Chauhan,True,0.9585202883498545,0.9585202883498545,finisher,41.0,,170.83333333333334,,,4.0,,170.83333333333334,,
70307,Binay Singh Rawat,True,0.44051338200176837,0.44051338200176837,finisher,44.0,,102.32558139534883,,,5.0,,102.32558139534883,,
70308,Rahul Devnath,True,0.9408290677873484,0.9408290677873484,finishing allrounder,14.0,,100.0,7.0,7.851063829787234,6.0,,100.0,,
70310,Parvv Verma,True,0.9950442617850253,0.9950442617850253,finisher,24.0,,133.33333333333334,,,1.0,,133.33333333333334,,
70341,Satyajeet Sabat,False,0.00021364595021556654,0.00021364595021556654,finisher,12.0,,200.0,,,1.0,,200.0,,
70357,,False,3.676984786190726e-05,3.676984786190726e-05,unknown,0.0,,0.0,,,0.0,,,,
70364,Sankalp Pathodiya,False,0.04233888134116727,0.04233888134116727,finisher,5.0,,250.0,1.0,11.571428571428571,1.0,,250.0,,
70368,Priyanshu Barswal,True,0.03231978028349876,0.03231978028349876,finisher,15.0,,115.38461538461539,,,2.0,22.99,115.38461538461539,,
7044,Jamie Smith,True,0.9985677453070199,0.9985677453070199,top/middle,130.0,,191.1764705882353,,,5.0,25.37,2.915302730018557,,
70487,,False,1.7461054047705393e-06,1.7461054047705393e-06,unknown,4.0,,40.0,,,0.0,,,,
7049,Kamil Mishara,True,0.9997906669362294,0.9997906669362294,top/middle,199.0,,116.37426900584795,,,9.0,24.59,1.8809630443725747,30.999999999999986,
7052,Dunith Wellalage,False,0.0018545556546107939,0.0018545556546107939,finishing allrounder,84.0,,113.51351351351352,19.0,6.73900293255132,15.0,22.88,3.1602842926656254,31.999999999999993,-0.9999999999999998
7057,Pawan Shah,False,8.169772025685679e-07,8.169772025685679e-07,opener,472.0,,115.1219512195122,,,30.0,26.23,115.1219512195122,-34.49999999999999,
7058,Yash Vijay Rathod,False,0.0014078021039576306,0.0014078021039576306,opener,92.0,,104.54545454545455,,,7.0,25.53,7.855148641784863,4.999999999999998,
7059,Nehal Wadhera,True,0.9999999999950393,0.9999999999950393,top/middle,1502.0,,139.33209647495363,4.0,10.2,70.0,25.23,2.614329118315942,-41.49999999999995,-1.4999999999999993
7060,Arjun Sachin Tendulkar,True,0.9999999796472714,0.9999999796472714,finishing allrounder,115.0,,98.2905982905983,25.0,6.482412060301508,17.0,26.17,1.6558042786763616,0.7000000000000004,0.7000000000000002
70832,Sentu Sarkar,False,0.0001137092484480123,0.0001137092484480123,top/middle,11.0,,110.0,,,1.0,,110.0,,
7094,Curtis Campher,False,0.027422823606904602,0.027422823606904602,finishing allrounder,128.0,,126.73267326732673,9.0,8.456140350877194,11.0,26.6,1.9233534471398004,1.9999999999999996,2.9999999999999996
7105,Sameer Choudhary,False,6.351693371455646e-05,6.351693371455646e-05,finisher,380.0,,125.82781456953643,0.0,9.4,33.0,25.94,14.247729389875582,47.499999999999986,0.0
7106,Ajay Dev Goud,True,0.5698126616142785,0.5698126616142785,finishing allrounder,12.0,,109.0909090909091,7.0,4.8,2.0,25.78,109.0909090909091,,-0.33333333333333326
71192,Indrajit Debnath,False,3.2198662622846335e-05,3.2198662622846335e-05,finishing allrounder,2.0,,100.0,1.0,8.538461538461538,1.0,,100.0,,
7125,Vidyadhar Patil,False,0.022436288010806174,0.022436288010806174,finishing allrounder,144.0,,165.51724137931035,54.0,8.401554404145077,37.0,25.22,12.936773136874502,9.14285714285714,1.0
7130,Abhilash Shetty,False,0.0014602673029029676,0.0014602673029029676,finishing allrounder,11.0,,68.75,49.0,7.526530612244898,35.0,,24.15444007313456,0.09999999999999994,-0.6999999999999997
71309,Atul Prakash,False,2.1282891161033372e-05,2.1282891161033372e-05,top/middle,7.0,,58.333333333333336,,,1.0,,58.333333333333336,,
71310,Bhanu Kumar,False,0.0001108012393755114,0.0001108012393755114,finisher,2.0,,33.333333333333336,0.0,11.666666666666666,1.0,,0.0,,
71311,Mohd Izhar,False,8.468418353843405e-05,8.468418353843405e-05,finishing allrounder,3.0,,37.5,6.0,6.8076923076923075,1.0,,,,
7134,Luvnith Sisodia,False,0.00018016749988609865,0.00018016749988609865,opener,1314.0,,150.86107921928817,,,44.0,25.86,6.264600086748897,-54.39999999999999,
7140,Senuran Muthusamy,False,0.06269818236974858,0.06269818236974858,finishing allrounder,9.0,,100.0,1.0,7.953488372093023,1.0,31.76,0.698328245403105,,
7145,Adhoksh Hegde,True,0.9941665914080303,0.9941665914080303,finishing allrounder,1.0,,50.0,2.0,10.254545454545454,5.0,,50.0,,
7152,Hazratullah Zazai,True,0.999587548895305,0.999587548895305,opener,217.0,,116.66666666666667,,,11.0,27.68,2.79599013572637,-56.49999999999998,
7155,Sahan Arachchige,False,0.038222090092836405,0.038222090092836405,batting allrounder,235.0,,123.6842105263158,3.0,6.3076923076923075,9.0,29.54,11.87577508383828,-58.999999999999986,-0.9999999999999998
7157,Oshada Fernando,False,0.00010686302007612507,9.083356706470631e-05,top/middle,19.0,,65.51724137931035,,,1.0,33.62,65.51724137931035,,
7162,Jacob Lintott,False,0.01544996966112422,0.013132474211955587,finishing allrounder,19.0,,172.72727272727272,4.0,4.835820895522388,3.0,32.6,9.809995682824681,,
7197,Jhatavedh Subramanyan,False,0.007058306566928766,0.007058306566928766,finishing allrounder,5.0,,83.33333333333333,26.0,6.820224719101123,25.0,26.2,0.6294277623668542,2.9999999999999996,-4.499999999999999
7201,Haroon Arshad,True,0.6301991626601271,0.6301991626601271,finishing allrounder,3.0,,75.0,0.0,10.628571428571428,2.0,26.23,75.0,,
7205,Tom O Connell,False,2.1578314877968186e-06,2.1578314877968186e-06,finisher,0.0,,0.0,0.0,12.5,1.0,25.45,0.0,,
7215,Rajesh Mohanty,False,0.0072845597654866995,0.0072845597654866995,finishing allrounder,71.0,,142.0,16.0,5.585106382978723,9.0,25.52,1.3878408002877725,9.384615384615385,1.8846153846153852
7216,Prabhsimran Singh,True,0.9999999959111978,0.9999999959111978,opener,2751.0,,153.08848080133555,,,92.0,25.3,3.300916422495078,216.10000000000005,
7217,Pranshu Vijayran,False,0.0009858603971921454,0.0009858603971921454,finishing allrounder,164.0,,140.17094017094018,13.0,8.798722044728434,21.0,30.02,1.1331540169838143,28.399999999999995,2.0999999999999996
7218,Arun Chaprana,False,0.09492796609989229,0.09492796609989229,batting allrounder,32.0,,168.42105263157896,4.0,8.921052631578947,3.0,31.57,6.586955888733936,,
7219,Shasheem Rathour,False,0.001341271761021226,0.001341271761021226,opener,0.0,,0.0,0.0,7.333333333333333,1.0,31.11,0.0,,
722,Liam Dawson,False,0.0009110770090821563,0.0006377539063575094,finishing allrounder,40.0,,137.93103448275863,10.0,7.3649289099526065,13.0,35.74,1.1675039689970457,,2.666666666666666
724,Imran Tahir,False,0.004356942938174615,0.0030498600567222304,finishing allrounder,5.0,,100.0,9.0,5.387755102040816,4.0,46.48,100.0,,1.0
7240,FazalHaq Farooqi,True,0.999999709229052,0.999999709229052,finishing allrounder,10.0,,40.0,39.0,7.505202312138728,38.0,25.18,1.6391758139110473,0.5999999999999999,-3.8999999999999995
7245,Pappu Roy,False,0.008805811220725959,0.008805811220725959,finishing allrounder,0.0,,0.0,22.0,5.80327868852459,11.0,30.76,,,2.3076923076923084
7250,Mukesh Choudhary,True,0.9999998504605888,0.9999998504605888,finishing allrounder,68.0,,123.63636363636364,64.0,8.272425249169435,43.0,29.39,3.1481387151057176,27.999999999999993,0.9285714285714288
7256,Qamran Iqbal,False,0.17960446261283175,0.17960446261283175,opener,133.0,,111.76470588235294,,,5.0,24.11,13.008421301172056,-38.499999999999986,
7260,Dhruv Jurel,True,0.9999999996599671,0.9999999996599671,finisher,1159.0,,148.97172236503857,,,60.0,24.85,2.5571870071583818,9.5,
7266,M Venkatesh,False,1.6352127568181972e-05,1.6352127568181972e-05,finishing allrounder,271.0,,116.30901287553648,21.0,8.295399515738499,32.0,25.62,8.34763031488162,62.29999999999999,-2.3
7269,Sushant Mishra,False,0.10901539099765273,0.10901539099765273,finishing allrounder,0.0,,0.0,6.0,6.923076923076923,1.0,24.93,,,
7270,Anrich Nortje,True,0.9999999999471334,0.8499999999550634,finishing allrounder,49.0,,76.5625,58.0,8.421818181818182,50.0,32.03,1.0981830921115125,3.3,-4.5
7276,Rishabh Chouhan,False,1.243531230274703e-07,1.243531230274703e-07,finisher,326.0,,153.05164319248826,1.0,7.0,13.0,26.23,6.91387121925073,53.499999999999986,
7279,Atharva Ankolekar,False,0.2734075472948248,0.2734075472948248,finishing allrounder,190.0,,125.0,21.0,7.111638954869359,21.0,25.17,2.255868017125979,33.885714285714286,2.371428571428571
728,Dawid Malan,True,0.9999999999840739,0.6999999999888517,top/middle,1113.0,,125.76271186440678,,,40.0,38.23,2.6293272768457534,18.885714285714283,
7289,WJ Lubbe,False,0.0016646073014624618,0.0014149162062430925,top/middle,16.0,,160.0,,,2.0,33.01,160.0,,
7292,Ranjit Mali,False,0.01278672906322003,0.00895071034425402,finishing allrounder,10.0,,100.0,2.0,11.419354838709678,3.0,37.06,100.0,,
7293,Mrinmoy Dutta,False,0.00740756703104909,0.00740756703104909,finishing allrounder,156.0,,120.0,20.0,8.251716247139589,19.0,27.01,1.324716801782811,5.999999999999997,0.7000000000000004
7294,Jitumoni Kalita,False,3.190171734770776e-06,3.190171734770776e-06,finishing allrounder,95.0,,121.7948717948718,2.0,5.851851851851852,6.0,25.13,1.532871383560888,,
7295,Mukhtar Hussain,False,0.1310558650784959,0.1310558650784959,finishing allrounder,77.0,,202.6315789473684,23.0,6.966292134831461,12.0,26.87,1.589013689521174,-10.85714285714286,0.9428571428571426
7296,Debabrata Pradhan,False,0.04034174045219636,0.04034174045219636,finishing allrounder,32.0,,123.07692307692308,23.0,6.688524590163935,13.0,29.13,6.28275934155617,-4.999999999999998,-1.9999999999999991
7297,Romario Sharma,True,0.9995902622548778,0.9995902622548778,finishing allrounder,227.0,,96.1864406779661,14.0,5.59375,19.0,30.94,88.13559322033899,-198.99999999999994,
7298,Sujit Lenka,False,0.0081395494095534,0.006918616998120389,top/middle,121.0,,114.15094339622641,,,4.0,32.95,114.15094339622641,,
7304,Sanvir Singh,True,0.9999998923708695,0.9999998923708695,batting allrounder,1280.0,,174.62482946793997,32.0,8.023728813559321,53.0,29.12,4.2562270205368185,38.79999999999998,-0.8000000000000003
7312,Nandre Burger,True,0.9999281414765725,0.9999281414765725,finishing allrounder,10.0,,47.61904761904762,8.0,8.4,10.0,30.29,3.2589986965478825,3.999999999999999,-0.5000000000000001
7322,Yash Dayal,True,0.999999956271472,0.999999956271472,finishing allrounder,13.0,,76.47058823529412,60.0,7.931192660550459,62.0,27.95,0.8278958767385729,1.4999999999999996,0.3999999999999999
7324,Agnivesh Ayachi,False,4.397912648839807e-05,4.397912648839807e-05,finishing allrounder,19.0,,76.0,4.0,8.117647058823529,4.0,30.45,76.0,,
7325,Harpreet Brar,True,0.9999999999982132,0.9999999999982132,finishing allrounder,661.0,,124.71698113207547,82.0,7.633835457705678,93.0,30.2,1.6905776570279412,38.0,3.0
7326,PP Jaiswal,False,0.031082157830594027,0.031082157830594027,finishing allrounder,77.0,,160.41666666666666,24.0,8.459227467811159,25.0,30.18,1.8719755372823599,2.77142857142857,5.142857142857143
7327,Rasikh Salam,True,0.9999989593216386,0.9999989593216386,finishing allrounder,45.0,,102.27272727272727,24.0,8.225063938618925,20.0,25.64,0.8671998742902797,13.499999999999995,1.5999999999999996
7328,Prayas Ray Barman,False,0.0004516623442115589,0.0004516623442115589,finishing allrounder,170.0,,111.11111111111111,8.0,8.607142857142858,16.0,23.09,111.11111111111111,22.653846153846157,0.7999999999999998
7338,Haider Ali,True,0.99998537925029,0.99998537925029,top/middle,388.0,,140.57971014492753,,,30.0,25.15,2.595470327858379,32.599999999999994,
7341,Jake McGurk,True,0.9999976684719515,0.9999976684719515,opener,484.0,,180.59701492537314,,,20.0,23.63,2.0716709491762235,-369.9999999999999,
7343,Mohor Sheikh,False,0.07199388472944919,0.07199388472944919,finishing allrounder,4.0,,28.571428571428573,8.0,9.163636363636364,7.0,28.68,0.6853006480927414,,3.999999999999999
7344,Shoriful Islam,True,0.9999998613942463,0.9999998613942463,finishing allrounder,106.0,,99.06542056074767,96.0,7.749667110519308,70.0,24.48,1.344257460556236,6.300000000000001,3.7000000000000006
7354,Al Alis,False,0.00045161508880228827,0.00045161508880228827,finishing allrounder,30.0,,63.829787234042556,28.0,6.365422396856582,22.0,28.96,0.9770621113890616,17.999999999999993,0.0
7355,Tayyab Tahir,False,0.04515053246382714,0.03837795259425306,top/middle,63.0,,92.6470588235294,,,6.0,32.34,15.329047496452707,-14.999999999999995,
7364,Haris Rauf,True,0.9999999999518436,0.849999999959067,finishing allrounder,97.0,,95.09803921568627,90.0,8.004545454545454,59.0,32.05,1.1442997603177079,2.1,2.3
7419,Ahmed Shah,False,0.11670230603898327,0.11670230603898327,top/middle,0.0,,0.0,,,1.0,30.81,0.0,,
7421,Bishworjit Konthoujam,False,0.001284427281781697,0.001284427281781697,finishing allrounder,2.0,,66.66666666666667,2.0,6.6947368421052635,6.0,29.81,66.66666666666667,,0.0
7426,Kangabam Priyojit Singh,False,0.00028404811333781235,0.00028404811333781235,top/middle,100.0,,75.18796992481202,,,6.0,31.01,4.974382060361596,65.99999999999999,
7429,Prafullomani Singh,False,0.002306302380488501,0.002306302380488501,top/middle,105.0,,87.5,,,5.0,31.74,9.298098265012266,98.99999999999994,
7430,Thokchom Singh,False,0.2110144837702931,0.14771013863920518,finisher,1.0,,20.0,,,1.0,35.9,20.0,,
7431,Sultan Karim,False,0.0009051024029126636,0.0009051024029126636,finisher,7.0,,58.333333333333336,1.0,10.125,5.0,31.03,0.6931039664789879,6.999999999999998,-0.9999999999999998
7436,Imliwati Lemtur,False,0.0007337768743920767,0.0006237103432332651,finishing allrounder,63.0,,79.74683544303798,8.0,7.691489361702128,11.0,33.92,1.770874094144878,7.999999999999998,0.5
7440,Sedezhalie Rupero,False,0.03546288651763724,0.03546288651763724,top/middle,114.0,,63.333333333333336,,,9.0,28.03,1.3531815886738237,-9.500000000000002,
7442,Tahmeed Rahman,False,0.0010191473011410134,0.0010191473011410134,finishing allrounder,12.0,,41.37931034482759,4.0,7.956521739130435,8.0,27.17,1.1767110489749535,-3.999999999999999,0.0
7446,Abdul Samad,True,0.9999999998907578,0.9999999998907578,finisher,850.0,,144.31239388794566,1.0,9.857142857142858,62.0,24.08,2.175307714001231,43.0,-0.19230769230769237
7449,Shubham Pundir,False,0.00010195972649938202,0.00010195972649938202,top/middle,47.0,,104.44444444444444,0.0,5.7,4.0,27.11,104.44444444444444,,
7454,Manyala Pranith,False,2.319487927596043e-05,1.9715647384566365e-05,opener,151.0,,158.94736842105263,,,7.0,32.22,158.94736842105263,122.99999999999997,
7458,Rushabh Rathod,False,0.00011287704654590082,0.00011287704654590082,finisher,655.0,,142.70152505446623,1.0,9.0,40.0,31.34,0.6997187254231506,60.02857142857142,
7459,Ankit Chaudhary,False,0.0008933023332740413,0.0008933023332740413,finishing allrounder,66.0,,132.0,3.0,6.707865168539326,12.0,28.93,132.0,19.999999999999993,0.0
7463,Gandhar Bhatawadekar,True,0.9999118425514784,0.8499250661687566,top/middle,74.0,,121.31147540983606,,,3.0,32.39,0.9657217849524486,-10.999999999999998,
7466,Supriyo Chakraborty,False,0.006184834057772932,0.006184834057772932,finisher,6.0,,120.0,,,1.0,30.55,120.0,,
7467,Hiten Mehra,False,0.0003035378384129942,0.0003035378384129942,finisher,93.0,,166.07142857142858,,,5.0,27.94,166.07142857142858,,
7468,Hemang Patel,False,0.15164141069860979,0.15164141069860979,finishing allrounder,227.0,,168.14814814814815,5.0,6.662068965517242,11.0,27.02,2.806632062892919,36.29999999999999,0.4999999999999999
7469,Tejas Patel,False,0.0004284588127552219,0.0004284588127552219,finishing allrounder,59.0,,159.45945945945945,14.0,9.605504587155963,9.0,30.02,159.45945945945945,,2.714285714285714
7470,Arzan Nagwaswalla,False,0.0005783721481162819,0.0005783721481162819,finishing allrounder,2.0,,40.0,22.0,7.533333333333333,16.0,28.11,40.0,,-1.7999999999999994
7471,Ayan Bhattacharjee,False,6.3405867278981376e-06,5.3894987187134165e-06,finishing allrounder,87.0,,147.45762711864407,4.0,8.35135135135135,14.0,34.36,147.45762711864407,-26.999999999999993,3.999999999999999
7472,Shahbaz Ahmed,True,0.9999999999986666,0.9999999999986666,finishing allrounder,1232.0,,132.90183387270767,48.0,8.193254329990884,83.0,30.96,2.301307482006847,27.40000000000002,-0.19999999999999984
7473,Akash Deep,True,0.9999988738795849,0.9999988738795849,finishing allrounder,106.0,,173.7704918032787,31.0,8.491228070175438,30.0,28.95,1.3993747064780044,7.2,-0.6999999999999998
7474,Yash Nahar,True,0.999977656740709,0.999977656740709,opener,741.0,,136.21323529411765,0.0,19.714285714285715,29.0,31.13,1.7498813247068663,22.999999999999982,
7475,Hitesh Walunj,False,5.09168541541694e-06,4.327932603104399e-06,finishing allrounder,25.0,,89.28571428571429,16.0,7.54140127388535,23.0,32.65,89.28571428571429,-22.999999999999993,-1.5
7476,Azim Kazi,True,0.9999660845722728,0.8499711718864318,batting allrounder,822.0,,120.88235294117646,14.0,6.696245733788396,33.0,32.12,1.1393011889816314,11.499999999999991,-2.9999999999999996
7481,Swarajeet Das,False,0.0007652008741932075,0.0007652008741932075,finishing allrounder,51.0,,108.51063829787235,1.0,7.5,4.0,30.68,0.9186389928455584,48.99999999999999,0.9999999999999998
7483,Amiangshu Sen,False,7.914974078452526e-05,7.914974078452526e-05,finisher,11.0,,42.30769230769231,,,3.0,31.0,42.30769230769231,,
7485,Akash Choudhary,False,0.002075810004843954,0.002075810004843954,finishing allrounder,50.0,,74.6268656716418,0.0,8.347826086956522,6.0,26.0,4.564402793449285,7.999999999999998,0.0
7487,Jayveer Parmar,False,0.00019139222603198103,0.00019139222603198103,finishing allrounder,6.0,,54.54545454545455,8.0,7.139240506329114,7.0,27.46,54.54545454545455,,
7488,Madhav Kaushik,False,0.0016317633938678707,0.0016317633938678707,top/middle,1002.0,,141.92634560906515,,,36.0,27.9,36.493321246832544,-31.99999999999999,
7490,Wanlambok Nongkhlaw,False,3.318452540433389e-05,2.8206846593683805e-05,top/middle,8.0,,57.142857142857146,,,1.0,32.79,57.142857142857146,,
7492,Kanwar Abhinay,False,0.01209259013252421,0.01027870161264558,finishing allrounder,1.0,,50.0,12.0,7.389162561576355,9.0,34.45,50.0,,-5.999999999999999
7493,Ayush Jamwal,False,9.513652256227007e-05,9.513652256227007e-05,finishing allrounder,3.0,,75.0,0.0,6.48,1.0,26.29,75.0,,
7495,Nitin Sharma,False,0.024789292739001757,0.024789292739001757,top/middle,42.0,,102.4390243902439,,,4.0,29.16,1.121295514666493,-9.999999999999996,
7496,Ekant Sen,False,0.36730224827211844,0.36730224827211844,finisher,154.0,,120.3125,,,10.0,30.43,3.0800254662916204,26.99999999999999,
7498,Abhijeet Tomar,True,0.9997830711992198,0.9997830711992198,opener,88.0,,122.22222222222223,,,5.0,30.7,2.021941191409379,15.99999999999999,
7499,Manish Sharma,False,0.0001973067374041793,0.0001973067374041793,finishing allrounder,12.0,,100.0,0.0,9.870967741935484,2.0,29.22,100.0,,
750,Thisara Perera,False,8.198395455070701e-05,5.7388768185494904e-05,finishing allrounder,499.0,,149.84984984984985,24.0,8.085287846481876,36.0,36.65,7.307102639988273,7.099999999999999,-3.2142857142857144
7501,Ashutosh Ama,False,0.012391073934532485,0.008673751754172739,finishing allrounder,2.0,,100.0,5.0,7.979381443298969,5.0,39.52,100.0,,0.9999999999999998
7502,Babul Kumar,False,0.002509171984860437,0.0021327961871313713,opener,135.0,,128.57142857142858,,,5.0,32.87,2.137392762327892,-8.500000000000002,
7503,Ravi Bishnoi,True,0.9999999999984726,0.9999999999984726,finishing allrounder,91.0,,87.5,137.0,7.289099526066351,111.0,25.22,1.092726715050998,3.9,-1.0999999999999996
7504,Mangal Mahrour,False,0.007844064540585062,0.006667454859497303,top/middle,187.0,,115.4320987654321,,,5.0,33.65,11.792509756871933,50.999999999999986,
7505,Piyush Singh,False,7.683342901410816e-07,7.683342901410816e-07,opener,51.0,,92.72727272727273,,,2.0,24.56,100.0,,
7506,Prashant Singh,False,4.488104788867975e-06,4.488104788867975e-06,finishing allrounder,1.0,,50.0,0.0,4.0,1.0,25.19,50.0,,
7508,MD Rahmatullah,False,0.0006163490047324402,0.00043144430331270813,top/middle,9.0,,75.0,,,1.0,40.96,75.0,,
7509,Yashasvi Rishav,False,0.0032851759986086914,0.0032851759986086914,top/middle,35.0,,106.06060606060606,,,1.0,28.16,106.06060606060606,,
7515,Larry Sangma,False,0.00499494547310875,0.004245703652142437,top/middle,97.0,,88.18181818181819,0.0,8.0,5.0,33.14,3.250188618432295,0.9999999999999998,
7516,Ritwik Chowdhury,True,0.9999662218581166,0.9999662218581166,finisher,353.0,,136.8217054263566,,,23.0,30.02,1.7118557524371776,10.5,
7521,Mohit Kale,False,1.0803917099518446e-07,1.0803917099518446e-07,top/middle,565.0,,134.52380952380952,0.0,9.428571428571429,24.0,29.0,134.52380952380952,42.99999999999998,
7525,Poonish Mehta,False,0.00015780524585258098,0.00013413445897469384,finishing allrounder,62.0,,137.77777777777777,0.0,10.434782608695652,3.0,32.06,137.77777777777777,,
7528,Priyanshu Khanduri,True,0.997796853494121,0.997796853494121,top/middle,356.0,,123.1833910034602,,,15.0,30.12,4.110468985653505,49.499999999999964,
7529,Akshay Chandran,False,0.00025515370765392725,0.00021688065150583815,finishing allrounder,147.0,,96.71052631578948,20.0,6.442477876106195,20.0,32.1,1.2000095799287522,13.742857142857137,0.7999999999999992
7530,Kshitij Patel,False,1.590134467756287e-06,1.590134467756287e-06,top/middle,150.0,,116.27906976744185,0.0,16.0,7.0,28.11,116.27906976744185,,
7532,Yuvraj Chudasama,False,2.959627312234784e-06,2.959627312234784e-06,finishing allrounder,19.0,,76.0,24.0,7.238532110091743,24.0,30.01,76.0,-0.9285714285714287,-1.1999999999999993
7533,Simarjeet Singh,True,0.9999999995186444,0.9999999995186444,finishing allrounder,63.0,,128.57142857142858,62.0,8.39446366782007,41.0,27.86,1.1110329625930797,10.928571428571425,5.099999999999999
7534,Sarthak Ranjan,False,0.0005227765226023416,0.0005227765226023416,opener,701.0,,135.32818532818533,,,19.0,29.17,135.32818532818533,196.9999999999999,
7535,Shivank Vashisht,False,0.3031522678102162,0.3031522678102162,finishing allrounder,182.0,,118.95424836601308,26.0,6.548856548856548,26.0,30.19,2.5801649303523426,34.214285714285715,4.199999999999998
7537,Kunwar Bidhuri,False,1.0367808748724107e-05,1.0367808748724107e-05,top/middle,172.0,,121.98581560283688,2.0,11.0,15.0,29.59,121.98581560283688,33.99999999999999,
7539,Fazil Rashid,False,0.0001126219495738915,0.0001126219495738915,finisher,39.0,,134.48275862068965,,,4.0,28.96,134.48275862068965,,
7540,Jonty Sidhu,False,1.7630878755747572e-06,1.7630878755747572e-06,batting allrounder,496.0,,142.93948126801152,9.0,6.972972972972973,21.0,27.96,142.93948126801152,1.9999999999999996,0.9999999999999998
7542,Ajay Rohera,False,0.0003461222032815536,0.0003461222032815536,opener,1067.0,,160.93514328808448,,,26.0,28.48,4.433025288439247,278.99999999999983,
7543,Yash Dubey,False,1.691715011436855e-05,1.691715011436855e-05,opener,146.0,,119.67213114754098,,,8.0,26.93,100.0,137.99999999999997,
7544,Venkatesh Iyer,True,0.9999999999992875,0.9999999999992875,top/middle,2283.0,,138.02902055622732,27.0,8.477732793522268,98.0,30.92,3.301634752383488,-45.50000000000001,-1.1000000000000003
7545,Kuldeep Sen,True,0.9999999162024725,0.9999999162024725,finishing allrounder,0.0,,0.0,32.0,8.872841444270016,30.0,29.1,0.0,0.0,-0.20000000000000007
7547,Vikrant Auti,False,0.01706931612729715,0.01706931612729715,top/middle,124.0,,113.76146788990826,1.0,4.5,6.0,31.47,4.353873504066211,,
7548,Shivalik Sharma,False,0.1600397511672901,0.1600397511672901,top/middle,433.0,,143.3774834437086,,,23.0,27.0,4.031537097026932,42.499999999999986,
7550,Sijomon Joseph,False,0.00017722319773825918,0.00017722319773825918,finishing allrounder,188.0,,112.57485029940119,24.0,7.111111111111111,27.0,28.16,1.0968326385029552,21.99999999999999,0.7999999999999995
7551,Lavin Coster,False,0.005142616118297825,0.004371223700553151,finisher,4.0,,44.44444444444444,,,4.0,32.95,5.575470439468293,0.0,
7552,Sanjeet Desai,True,0.9999630115407062,0.9999630115407062,top/middle,581.0,,139.3285371702638,0.0,24.0,22.0,27.96,2.449695006034737,136.89999999999998,
7553,Ajay Mandal,True,0.999985166689202,0.999985166689202,batting allrounder,458.0,,149.185667752443,23.0,6.134078212290503,16.0,29.75,2.4017616525014263,90.7,2.799999999999999
7555,Rishabh Tiwari,False,0.002836720061363833,0.002411212052159258,opener,226.0,,126.96629213483146,,,10.0,32.24,126.96629213483146,-39.999999999999986,
7559,Avnish Dhaliwal,False,0.5342735376117566,0.4541325069699931,top/middle,125.0,,113.63636363636364,,,6.0,33.2,3.5602060388840195,64.99999999999997,
7560,Mandar Bhandari,False,8.639220837468813e-05,8.639220837468813e-05,opener,691.0,,146.39830508474577,,,30.0,31.45,52.053602715042274,64.49999999999997,
7567,Bishal Ghosh,False,0.000315587367276608,0.000315587367276608,opener,1.0,,33.333333333333336,,,1.0,29.58,33.333333333333336,,
7569,SS Das,False,0.035890981063014755,0.030507333903562542,finishing allrounder,3.0,,25.0,6.0,7.25,4.0,32.07,3.4394569777857136,-0.9999999999999998,-1.9999999999999996
7574,Kumar Kartikeya Singh,True,0.999999986430941,0.999999986430941,finishing allrounder,69.0,,111.29032258064517,49.0,7.336273428886439,43.0,27.92,1.4254010245600048,10.5,1.8999999999999995
7575,Arpit Guleria,True,0.9997055080608208,0.9997055080608208,finishing allrounder,0.0,,0.0,4.0,9.574468085106384,2.0,28.59,0.0,,
7583,Rahul Rawat,False,0.0005156913218898198,0.0005156913218898198,top/middle,56.0,,90.3225806451613,,,5.0,29.15,90.3225806451613,,
7593,Sagar Mishra,True,0.9999425820142813,0.8499511947121391,batting allrounder,155.0,,93.37349397590361,14.0,6.0,13.0,32.2,1.1773905216625564,46.49999999999999,4.999999999999998
7594,Ankush Jaiswal,True,0.9995726456340757,0.9995726456340757,finisher,7.0,,116.66666666666667,1.0,17.333333333333332,3.0,25.9,0.7014383036880129,-3.499999999999999,0.4999999999999999
7595,Kruthik Hanagavadi,False,0.01350773406338225,0.01350773406338225,finishing allrounder,8.0,,88.88888888888889,7.0,9.056603773584905,7.0,29.86,0.697246230432634,1.9999999999999996,1.2499999999999996
76,Suresh Raina,True,0.9996635393773968,0.6997644775641777,top/middle,160.0,,120.30075187969925,,,12.0,39.0,4.055532277555172,,
7603,Salil Agharkar,True,0.9792322338467633,0.6854625636927343,finishing allrounder,1.0,,50.0,3.0,6.625,2.0,39.92,0.697246230432634,-0.4999999999999999,-0.4999999999999999
7605,Karn Kaushal,True,0.9997973387574153,0.849827737943803,top/middle,69.0,,109.52380952380952,,,8.0,34.26,2.236885623947713,28.499999999999986,
7606,Vaibhav Bhatt,True,0.9997370769968638,0.9997370769968638,top/middle,197.0,,123.8993710691824,,,14.0,30.0,4.04694626816937,-32.99999999999998,
7607,Avneesh Sudha,True,0.9999350884187419,0.9999350884187419,opener,780.0,,139.78494623655914,9.0,9.43728813559322,25.0,24.02,5.0754282036994685,11.799999999999994,-0.09999999999999988
7609,Mayank Mishra,True,0.9975519245431436,0.6982863471802004,finishing allrounder,31.0,,114.81481481481481,23.0,7.716621253405995,16.0,35.13,1.1377093444194042,7.357142857142855,2.714285714285714
7610,Sunny Rana,False,0.00046814435205876526,0.00032770104644113567,finishing allrounder,1.0,,25.0,0.0,9.166666666666666,4.0,37.92,25.0,,
7613,Shivam Khurana,False,0.0056151753067218094,0.004772899010713538,finisher,67.0,,128.84615384615384,,,6.0,34.75,128.84615384615384,,
7625,Suryansh Shedge,False,0.02852989289794351,0.02852989289794351,finishing allrounder,184.0,,187.75510204081633,8.0,9.438202247191011,17.0,,1.5260866059196136,-51.99999999999997,-5.999999999999999
7634,Aaron Jones,False,0.0006895567726214219,0.0006895567726214219,top/middle,131.0,,129.7029702970297,0.0,16.666666666666668,9.0,31.1,5.232667904236859,,0.0
7649,Parth Chauhan,False,2.4870810134363993e-06,2.4870810134363993e-06,finishing allrounder,252.0,,124.13793103448276,5.0,8.751381215469614,24.0,30.4,6.7097180988397405,-0.34285714285714314,0.25714285714285706
7650,Krunal Karamchandani,False,7.245435881966738e-06,6.158620499671727e-06,finishing allrounder,23.0,,82.14285714285714,4.0,6.4,6.0,32.13,82.14285714285714,22.999999999999993,0.0
7656,Sahil Karathia,False,0.00013471749270380188,0.0001145098687982316,opener,11.0,,73.33333333333333,,,2.0,34.03,73.33333333333333,,
7658,Parth Bhut,False,0.0002673021838405787,0.0002673021838405787,finishing allrounder,94.0,,104.44444444444444,27.0,6.953846153846154,19.0,28.31,104.44444444444444,5.928571428571429,3.2142857142857153
7663,Vandit Jivrajani,False,1.5636445935664105e-06,1.329097904531449e-06,finishing allrounder,7.0,,77.77777777777777,9.0,7.216589861751152,12.0,34.23,77.77777777777777,,0.6428571428571432
7665,Sunil Yadav,False,3.707798122078615e-05,3.151628403766823e-05,finishing allrounder,40.0,,93.02325581395348,22.0,7.037037037037037,21.0,33.95,2.1430827134829795,-9.2,-1.5999999999999996
7666,Jay Chauhan,False,4.470499045321354e-05,3.799924188523151e-05,finishing allrounder,9.0,,42.857142857142854,4.0,5.621621621621622,6.0,33.14,42.857142857142854,-0.9999999999999998,0.0
7669,Devang Karamta,False,0.0034846425480679712,0.0034846425480679712,finishing allrounder,20.0,,76.92307692307692,22.0,7.478005865102639,15.0,27.84,76.92307692307692,2.0,2.642857142857143
768,Reeza Hendricks,True,0.9999999995367717,0.6999999996757401,opener,1241.0,,140.8626560726447,0.0,11.4,38.0,36.28,3.97042326458598,2.1000000000000036,0.0
7689,Dilshan Madushanka,True,0.9999999141513469,0.9999999141513469,finishing allrounder,2.0,,28.571428571428573,14.0,8.4375,12.0,25.19,0.837029839591949,-0.49999999999999983,-2.9999999999999996
7690,Saim Ayub,True,0.9999999974330138,0.9999999974330138,batting allrounder,889.0,,121.28240109140519,20.0,6.857142857142857,47.0,23.51,1.4459599997511634,127.99999999999997,18.99999999999999
7692,Qasim Akram,True,0.9401069111626592,0.9401069111626592,batting allrounder,98.0,,102.08333333333333,2.0,5.863636363636363,4.0,22.99,102.08333333333333,,
7696,Mohammad Wasim,False,0.036145895879089104,0.036145895879089104,finishing allrounder,101.0,,116.0919540229885,43.0,7.679706601466993,36.0,24.25,1.505618134511825,6.300000000000001,1.0999999999999999
7699,Abbas Afridi,True,0.9999998823862678,0.9999998823862678,finishing allrounder,147.0,,120.49180327868852,32.0,7.846153846153846,24.0,24.64,1.30556606411556,-60.999999999999986,-13.999999999999996
7702,Chamindu Wickramasinghe,True,0.9896191360232197,0.9896191360232197,finishing allrounder,14.0,,127.27272727272727,1.0,7.534883720930233,3.0,23.23,2.782191418329257,-1.9999999999999996,-0.9999999999999998
7704,Paven Rathnayake,False,0.4902688894179607,0.4902688894179607,finisher,97.0,,107.77777777777777,,,6.0,23.26,107.77777777777777,,
772,Rilee Rossouw,True,0.9999999999003668,0.6999999999302567,top/middle,719.0,,162.66968325791856,,,26.0,36.13,2.7617410105813085,-10.0,
7720,Sugendhran P,False,0.005284002636286647,0.0036988018454006525,top/middle,70.0,,101.44927536231884,,,10.0,35.05,2.840164569682082,0.5000000000000014,
7721,NS Harish,False,0.0011564192331911833,0.0011564192331911833,finishing allrounder,223.0,,127.42857142857143,23.0,6.904255319148936,35.0,27.79,2.3519764122752163,25.000000000000007,-1.4000000000000001
7723,N Selva Kumaran,False,0.002552190647666821,0.002552190647666821,finishing allrounder,19.0,,65.51724137931035,14.0,7.595375722543353,20.0,31.77,1.2343669313484444,1.8999999999999997,-0.5000000000000001
7726,Ganeshan Periyaswamy,False,0.0020075026373208896,0.0020075026373208896,finishing allrounder,9.0,,50.0,49.0,6.832957110609481,36.0,31.73,0.7620248737061845,6.999999999999998,0.3999999999999998
7727,Dev Rahul,False,0.01725223560794084,0.01725223560794084,finishing allrounder,32.0,,152.38095238095238,6.0,9.375,7.0,26.16,0.5720862065666857,4.499999999999999,-0.2499999999999999
7731,Neyan Shyam Kangayan,False,2.618385776757292e-07,2.618385776757292e-07,opener,632.0,,120.61068702290076,,,24.0,22.53,120.61068702290076,28.653846153846157,
7734,Praanesh B,False,0.000866202855052981,0.000866202855052981,finishing allrounder,7.0,,63.63636363636363,3.0,9.31764705882353,6.0,29.28,2.2320795722451976,0.9999999999999998,-0.9999999999999998
7743,Rajendran Karthikeyan,False,2.7100339861326396e-06,1.8970237902928476e-06,finishing allrounder,11.0,,42.30769230769231,5.0,6.896551724137931,7.0,38.49,42.30769230769231,-2.9999999999999996,0.9999999999999998
7744,Jordan Cox,False,0.061480056056728,0.061480056056728,finisher,33.0,,103.125,,,5.0,25.1,1.0586195434041754,-0.9999999999999998,
7763,Kishan Bidare,False,0.0015318195243139382,0.0015318195243139382,finisher,22.0,,75.86206896551724,,,2.0,,75.86206896551724,,
778,Darren Bravo,False,0.0005151043751443415,0.00036057306260103904,finisher,31.0,,86.11111111111111,,,5.0,36.8,3.4576455524754888,20.999999999999993,
7802,Krishna Pandey,True,0.9997525584165333,0.9997525584165333,finishing allrounder,559.0,,153.57142857142858,21.0,8.15625,25.0,31.19,2.9729460703246864,162.99999999999994,4.071428571428571
7807,Shreesha Achar,True,0.9773107275971765,0.9773107275971765,finishing allrounder,3.0,,100.0,28.0,7.0718446601941745,27.0,,100.0,,3.1999999999999993
7808,Marco Jansen,True,0.9999999999986979,0.9999999999986979,finishing allrounder,276.0,,126.02739726027397,51.0,8.346303501945526,46.0,25.57,1.3108602938119767,25.099999999999998,2.9000000000000004
781,Sunil Narine,True,0.9999999999905405,0.6999999999933783,batting allrounder,1140.0,,158.33333333333334,83.0,6.266733266733267,86.0,37.5,1.9860027728278233,66.20000000000002,-0.39999999999999997
786,Chris Jordan,True,0.9999999999109925,0.6999999999376947,finishing allrounder,208.0,,126.06060606060606,28.0,8.574834437086093,36.0,37.14,1.565517970052913,-25.999999999999993,-2.8
7894,Tony Munyonga,False,0.02026914824351534,0.02026914824351534,finisher,4.0,,33.333333333333336,,,3.0,26.82,1.1145683211417328,,
7895,Shashwat Rawat,False,0.018562227888007484,0.018562227888007484,top/middle,514.0,,138.1720430107527,2.0,7.2439024390243905,18.0,24.64,12.799453032159912,-36.49999999999999,-0.49999999999999983
7896,Akash Singh,False,0.023633073499898093,0.023633073499898093,finishing allrounder,25.0,,89.28571428571429,14.0,8.487394957983193,18.0,23.59,89.28571428571429,,0.9000000000000002
7897,Namboori Tilak Varma,True,0.9999999999777947,0.9999999999777947,top/middle,3205.0,,137.4946374946375,6.0,7.437125748502994,109.0,23.05,3.0829871981866117,204.50000000000003,0.10000000000000009
7898,Varun Lavande,True,0.9938375341034433,0.9938375341034433,top/middle,256.0,,120.75471698113208,,,15.0,24.97,2.798478467685593,73.99999999999999,
7899,Karan Lal,True,0.9999959936924544,0.9999959936924544,batting allrounder,652.0,,127.34375,21.0,6.463235294117647,28.0,25.1,2.283794108383267,105.79999999999998,3.0999999999999996
7900,Tanzid Hasan,True,0.9999999862164552,0.9999999862164552,opener,1431.0,,128.68705035971223,,,49.0,24.99,2.6787879727636565,306.21428571428567,
7901,Parvez Emon,True,0.9999999996825102,0.9999999996825102,opener,929.0,,128.13793103448276,,,44.0,23.46,1.761149563695267,209.49999999999997,
7902,Mahmudul Joy,False,3.01486864326303e-07,3.01486864326303e-07,top/middle,596.0,,106.61896243291592,0.0,11.0,30.0,25.03,12.261463176929837,-63.499999999999986,
7903,Shamim Hossain,True,0.999999890083264,0.999999890083264,finisher,1285.0,,131.52507676560901,6.0,8.739884393063583,88.0,25.23,2.185604982824892,118.99999999999999,1.0857142857142854
7904,Mohammad Chowdhury,False,0.0024070396388509306,0.0024070396388509306,finishing allrounder,114.0,,98.27586206896552,33.0,7.591397849462366,26.0,24.41,1.4260445436619933,-6.8571428571428585,-2.3
7905,Tanzim Sakib,True,0.9999995468663881,0.9999995468663881,finishing allrounder,248.0,,106.89655172413794,64.0,8.339080459770114,47.0,23.1,1.6080087700566794,46.999999999999986,9.999999999999996
7906,Rakibul Hasan,True,0.9992909627059485,0.9992909627059485,finishing allrounder,89.0,,109.87654320987654,25.0,6.986301369863014,30.0,23.21,1.3975313767898319,16.5,0.5000000000000006
7908,Mohammad Akbar Ali,True,0.9899489373773435,0.9899489373773435,finisher,362.0,,120.66666666666667,,,35.0,24.13,4.814500531335397,53.19999999999999,
7920,Nathan Ellis,True,0.9999999999823415,0.9999999999823415,finishing allrounder,51.0,,62.19512195121951,72.0,7.595744680851064,45.0,31.18,0.9528130836592229,0.19999999999999948,2.2000000000000006
7935,Mohammad Ghazanfar,True,0.9568320663925419,0.9568320663925419,finishing allrounder,0.0,,0.0,1.0,9.5,2.0,30.91,0.0,,
7937,Wasim Ali,True,0.9998036052424891,0.9998036052424891,batting allrounder,149.0,,93.125,4.0,6.202247191011236,7.0,26.97,2.900124109146105,30.999999999999986,1.9999999999999996
7938,Sandeep Goud 1,True,0.9956088537699186,0.8462675257044308,finisher,5.0,,250.0,,,1.0,34.05,250.0,,
7942,Jay Odedara,True,0.9570083212846333,0.6699058248992433,finishing allrounder,0.0,,0.0,3.0,8.222222222222221,3.0,36.06,0.0,,0.9999999999999998
7945,Nasrulla Rana,False,0.001561949079256393,0.001561949079256393,finishing allrounder,11.0,,73.33333333333333,2.0,9.0,5.0,23.21,4.622861777191791,4.999999999999998,0.0
7954,Akif Javed,False,0.0032326685794600903,0.0032326685794600903,finishing allrounder,37.0,,132.14285714285714,27.0,6.661016949152542,15.0,25.13,1.1187778171813947,,16.999999999999996
796,Matthew Wade,True,0.9999999999679623,0.6999999999775736,top/middle,721.0,,127.83687943262412,,,48.0,37.92,2.5246701882623066,-59.099999999999994,
7966,Farmanullah Safi,False,0.0070914380913259046,0.0070914380913259046,finishing allrounder,74.0,,82.22222222222223,6.0,7.9125,10.0,24.7,2.211108839377989,71.99999999999997,5.999999999999999
7967,Noor Ahmad,True,0.9999999979071992,0.9999999979071992,finishing allrounder,61.0,,88.40579710144928,56.0,7.366045142296369,46.0,20.9,1.5071697234884973,12.499999999999995,6.999999999999999
7968,Shafiqullah Ghafari,False,1.0798995053157024e-05,1.0798995053157024e-05,opener,5.0,,100.0,1.0,5.25,1.0,24.13,100.0,,
7981,Imran Mir,False,1.259372523221278e-05,1.259372523221278e-05,opener,58.0,,161.11111111111111,,,3.0,24.16,161.11111111111111,,
8,Mahendra Singh Dhoni,True,0.9999999960614818,0.6999999972430372,finisher,807.0,,132.73026315789474,,,74.0,44.39,1.9357607528664713,9.300000000000002,
8009,Junaid Siddique,True,0.5312051299436458,0.45152436045209887,finishing allrounder,0.0,,0.0,9.0,5.1,3.0,32.97,0.0,,
8033,Abdul Rahmani,True,0.8855370070029749,0.8855370070029749,finishing allrounder,6.0,,150.0,6.0,7.333333333333333,3.0,24.01,150.0,,
8034,Iqlas Naha,False,0.00930063440261197,0.00930063440261197,batting allrounder,196.0,,110.11235955056179,8.0,7.409395973154362,11.0,31.13,110.11235955056179,,
8035,Vikneshwaran Marimuthu,False,0.07357753039512982,0.06254090083586035,top/middle,492.0,,113.88888888888889,2.0,10.604651162790697,34.0,33.24,2.118580303402054,8.899999999999997,
8037,Ashith Rajiv,False,3.7971732828526363e-05,3.227597290424741e-05,finishing allrounder,172.0,,163.8095238095238,10.0,7.373493975903615,14.0,32.67,2.720984425805126,,
8038,Sagar Udeshi,True,0.998452863674861,0.6989170045724027,finishing allrounder,4.0,,26.666666666666668,41.0,6.492159227985525,36.0,39.12,1.077098968686565,-0.9285714285714286,4.0
8040,Ripal Patel,False,0.12942077960079126,0.12942077960079126,finishing allrounder,381.0,,144.86692015209127,2.0,7.322033898305085,27.0,30.16,1.948176187660988,29.499999999999996,0.4999999999999999
8041,Shubham Singh,False,0.004965527843914802,0.004965527843914802,finishing allrounder,128.0,,152.38095238095238,11.0,7.993548387096774,20.0,28.89,10.776432067135811,69.99999999999997,2.499999999999999
8049,Naseem Shah,True,0.9999097217064905,0.9999097217064905,finishing allrounder,45.0,,90.0,27.0,7.842696629213483,24.0,22.78,0.9969188638503598,-1.2999999999999998,-2.8999999999999995
8050,Diwesh Pathania,False,0.0024644688435620943,0.0017251281904934659,finishing allrounder,14.0,,140.0,2.0,8.153846153846153,3.0,36.43,140.0,,
8054,Manish Golamaru,False,0.006997317491686963,0.006997317491686963,finishing allrounder,90.0,,112.5,4.0,7.25,14.0,29.2,0.9866328631932396,11.2,-0.7999999999999998
8056,Neelam Obi,False,0.0006015206578566573,0.0005112925591781587,top/middle,112.0,,80.57553956834532,,,11.0,32.86,2.9100059464520847,14.999999999999995,
8058,Karkir Taye,False,0.0008427690796741658,0.0008427690796741658,finishing allrounder,4.0,,200.0,4.0,7.880597014925373,9.0,29.95,200.0,,
8059,Rohan Rathi,False,1.8998671704115699e-07,1.8998671704115699e-07,finishing allrounder,69.0,,104.54545454545455,2.0,9.290322580645162,11.0,30.18,104.54545454545455,,
8060,Techi Neri,False,0.01474182802682925,0.01474182802682925,opener,136.0,,121.42857142857143,6.0,9.71900826446281,8.0,31.55,0.9084360454311571,66.99999999999997,
8062,Akhilesh Sahani,False,5.415339592616564e-07,5.415339592616564e-07,batting allrounder,104.0,,123.80952380952381,5.0,4.194174757281553,6.0,31.7,123.80952380952381,,
8063,Samarth Seth,False,3.297502216756246e-05,3.297502216756246e-05,opener,239.0,,139.76608187134502,,,9.0,26.2,139.76608187134502,,
8068,Ankit Yadav,False,0.00998600778186633,0.00848810661458638,finishing allrounder,6.0,,50.0,2.0,10.25,2.0,32.02,50.0,,
8069,Himanshu Bisht,True,0.999886053025214,0.999886053025214,finishing allrounder,67.0,,113.55932203389831,14.0,7.54601226993865,16.0,29.02,2.4832280035149585,-17.999999999999996,-1.1999999999999997
8070,Yab Niya,False,0.06967882476768114,0.06967882476768114,finishing allrounder,18.0,,43.90243902439025,7.0,7.278688524590164,11.0,31.11,1.5618144280416766,2.9999999999999996,3.499999999999999
8073,Aditya Kaushik,True,0.9635399086916627,0.8190089223879133,opener,89.0,,115.58441558441558,,,5.0,34.21,10.95803828316191,-16.999999999999996,
8077,Vaibhav Govekar,False,0.0009819924467500422,0.0009819924467500422,opener,0.0,,0.0,,,1.0,28.1,0.0,,
8078,Ajoy Sarkar,False,1.4940873381403699e-05,1.4940873381403699e-05,finishing allrounder,7.0,,87.5,10.0,6.597510373443983,11.0,28.71,87.5,,0.4999999999999998
8080,Arkaprabha Sinha,False,0.00940229410222585,0.00940229410222585,top/middle,29.0,,100.0,,,3.0,27.33,4.442667035571239,-10.999999999999998,
8081,Roshan Alam,False,0.0016672953332618216,0.0016672953332618216,finishing allrounder,138.0,,104.54545454545455,7.0,6.366906474820144,13.0,30.6,2.9921236059093994,-5.7857142857142865,-0.9285714285714286
8082,Hrishikesh Tamuli,True,0.9974823231539988,0.9974823231539988,top/middle,248.0,,123.38308457711443,,,7.0,30.37,123.38308457711443,-199.99999999999994,
8083,Parandaman Thamaraikannan,False,0.002191177857185682,0.0018625011786078298,finishing allrounder,369.0,,139.77272727272728,14.0,8.7,22.0,33.13,2.6340228616401027,-39.24999999999998,-2.9999999999999996
8085,Suyash Prabhudessai,True,0.9999989481760118,0.9999989481760118,finisher,542.0,,126.93208430913349,0.0,10.0,28.0,27.97,2.5722386774004398,50.59999999999999,0.0
8087,A Aravinddaraj,False,0.0014758855286196087,0.0014758855286196087,finishing allrounder,30.0,,88.23529411764706,13.0,6.798029556650246,8.0,29.46,0.6962752798042602,-14.999999999999995,-5.499999999999999
8088,Parth Kohli,False,2.373128575675783e-07,2.373128575675783e-07,top/middle,94.0,,134.28571428571428,,,8.0,29.3,,,
8094,Vipul Krishna,True,0.9880285009125264,0.9880285009125264,finishing allrounder,2.0,,100.0,5.0,8.686567164179104,3.0,24.79,100.0,,
8096,Anmol Malhotra,False,4.2105835481299335e-05,4.2105835481299335e-05,top/middle,768.0,,143.55140186915887,,,28.0,29.99,143.55140186915887,-65.5,
8097,Abhishek Bhandari,False,4.1627763650177927e-07,4.1627763650177927e-07,top/middle,148.0,,149.4949494949495,,,6.0,31.07,,,
8098,Saransh Subodh Jain,False,0.0008332844907341196,0.0007082918171240016,finishing allrounder,86.0,,108.86075949367088,13.0,7.06015037593985,15.0,32.66,5.866197653786191,36.49999999999998,2.5
8099,Parth Sahani,True,0.9995469976640586,0.8496149480144498,finishing allrounder,549.0,,124.77272727272727,9.0,8.361702127659575,31.0,32.72,2.4993081240142225,19.199999999999996,0.6999999999999998
8101,Ashutosh Sharma,True,0.9999999969362128,0.9999999969362128,finisher,600.0,,153.84615384615384,1.0,15.428571428571429,38.0,27.2,2.3938261100777516,148.49999999999994,
8103,Vikas Hathwala,False,0.1595936380611769,0.13565459235200036,finisher,84.0,,109.0909090909091,,,4.0,32.22,5.9397664483604125,5.142857142857145,
8106,Mohit Kumar,True,0.9996119781896874,0.9996119781896874,finisher,83.0,,244.11764705882354,1.0,10.2,3.0,29.17,244.11764705882354,,
8107,Nakul Sharma,True,0.998741150603832,0.8489299780132571,finisher,110.0,,142.85714285714286,,,6.0,32.09,2.2471061637672696,49.999999999999986,
8108,Navneet Singh,False,7.480078708196066e-05,7.480078708196066e-05,top/middle,21.0,,72.41379310344827,,,2.0,30.97,72.41379310344827,,
8109,G Lalbiakvela,False,0.045263241333245524,0.031684268933271864,finishing allrounder,1.0,,16.666666666666668,1.0,9.891891891891891,3.0,37.83,16.666666666666668,,0.9999999999999998
8111,Ravi Chauhan,False,0.0005340874642253949,0.0004539743445915857,opener,35.0,,77.77777777777777,,,2.0,32.19,77.77777777777777,,
8112,Lalhmangaiha,False,0.00027816222345943643,0.0001947135564216055,opener,4.0,,44.44444444444444,,,1.0,42.03,44.44444444444444,,
8114,Nitin Tanwar,True,0.9999608049739194,0.9999608049739194,finishing allrounder,109.0,,131.32530120481928,8.0,8.379888268156424,10.0,29.13,1.8583850609452033,-0.48571428571428626,-0.34285714285714286
8116,Vikas Yadav,False,0.0037767687060180455,0.0037767687060180455,finishing allrounder,0.0,,0.0,4.0,7.764705882352941,5.0,29.35,0.0,,-0.35714285714285704
8118,Lalhruaizela,True,0.9544040370593916,0.9544040370593916,opener,6.0,,20.0,,,4.0,28.91,0.7822766141406874,-3.999999999999999,
8120,Dippu Sangma,False,0.00015814480852152757,0.00015814480852152757,finisher,6.0,,150.0,1.0,7.666666666666667,1.0,28.52,150.0,,
8121,Parvez Ahmed,False,8.607458643405872e-07,8.607458643405872e-07,finisher,17.0,,38.63636363636363,0.0,11.0,4.0,29.9,38.63636363636363,-5.499999999999999,
8127,Ashish Thapa,False,0.3219305488105597,0.3219305488105597,top/middle,246.0,,93.18181818181819,0.0,6.1875,15.0,31.89,3.5217525937589342,35.0,
8129,Bibek Diyali,False,2.9777063852582713e-05,2.08439446968079e-05,finisher,77.0,,81.91489361702128,,,10.0,36.51,81.91489361702128,,
813,Jos Buttler,True,0.9999999998624778,0.6999999999037344,top/middle,3816.0,,147.44976816074188,,,106.0,35.22,3.994151679093293,68.29999999999998,
8130,Sabin Chettri,False,0.012406642994097716,0.012406642994097716,top/middle,38.0,,59.375,,,8.0,31.39,0.5624802242050466,18.99999999999999,
8137,Palzor Tamang,False,0.0012530078839876903,0.0010650567013895367,finishing allrounder,64.0,,75.29411764705883,4.0,9.128205128205128,7.0,32.76,3.321013303914038,-39.999999999999986,-1.9999999999999996
8138,Benoy Upreti,False,7.657278466028732e-06,5.360094926220112e-06,finishing allrounder,25.0,,100.0,2.0,9.12,6.0,39.24,100.0,,
8140,Abid Mangnoo,False,0.0032595873726514323,0.0032595873726514323,finishing allrounder,31.0,,114.81481481481481,6.0,6.0,8.0,28.86,1.178741440058833,2.499999999999999,-0.9999999999999998
8141,Aquib Nabi,False,0.00037204930563848495,0.00037204930563848495,finishing allrounder,3.0,,42.857142857142854,3.0,7.0,2.0,29.06,42.857142857142854,,1.4999999999999998
8143,Moakumzuk Tzudir,False,0.01201964303801735,0.01201964303801735,finisher,17.0,,65.38461538461539,1.0,13.714285714285714,2.0,30.11,0.6927005097807434,16.999999999999996,
8144,Nagaho Chishi,False,0.01835861205189502,0.01835861205189502,finishing allrounder,18.0,,163.63636363636363,7.0,8.598425196850394,9.0,28.04,1.1366480712956548,6.999999999999998,1.4999999999999993
8145,Oren Ngullie,False,0.02558498823454641,0.02558498823454641,opener,13.0,,39.39393939393939,,,2.0,30.93,0.8466922596967918,,
8148,Hokaito Zhimomi,False,7.209381236009353e-05,5.046566865206547e-05,finisher,61.0,,58.65384615384615,0.0,13.5,12.0,39.17,2.4884032296961163,5.499999999999999,
8149,Shashank Chandraker,True,0.9998956500037571,0.9998956500037571,opener,596.0,,161.51761517615176,0.0,9.0,18.0,31.54,2.5008218633785964,193.99999999999994,0.0
8150,Sahban Khan,False,0.11557546857569843,0.11557546857569843,finishing allrounder,322.0,,137.0212765957447,7.0,6.141176470588236,18.0,29.98,1.5981012507921775,57.07142857142858,0.9285714285714286
8151,Shanu Saini,False,0.0004932571172601484,0.0004932571172601484,finishing allrounder,13.0,,86.66666666666667,0.0,11.75,3.0,28.41,86.66666666666667,,
8154,Abhilash Gogoi,False,0.003731491861674796,0.003731491861674796,finishing allrounder,88.0,,125.71428571428571,22.0,5.55,12.0,30.14,1.22726519234133,15.499999999999996,0.9999999999999992
8155,Guntashveer Singh,False,0.0028255665477515653,0.0024017315655888304,opener,1.0,,16.666666666666668,,,1.0,32.12,16.666666666666668,,
8156,Yashu Sharma,True,0.941703787543911,0.941703787543911,top/middle,8.0,,50.0,,,3.0,27.19,50.0,0.0,
8157,Gaurav Gambhir,False,0.008233362621366385,0.005763353834956469,finishing allrounder,59.0,,75.64102564102564,7.0,8.789473684210526,8.0,38.0,75.64102564102564,,
8159,Shivam Bhambri,False,0.029040664053231257,0.029040664053231257,batting allrounder,292.0,,143.8423645320197,7.0,6.303030303030303,13.0,30.16,5.412674804190752,76.49999999999999,
8160,Jitesh Saroha,False,0.0023230958185190176,0.0023230958185190176,finisher,18.0,,138.46153846153845,,,3.0,29.87,138.46153846153845,,
8161,Gaurav Puri,False,0.012975909405086304,0.011029522994323358,top/middle,218.0,,126.74418604651163,,,11.0,34.33,3.4072174390925527,91.49999999999997,
8163,Anirudh Kanwar,False,0.0016409957267341706,0.0016409957267341706,finishing allrounder,1.0,,33.333333333333336,5.0,8.555555555555555,5.0,31.71,33.333333333333336,,
8164,Kunal Mahajan,False,3.015567329416652e-05,2.5632322300041542e-05,finisher,124.0,,145.88235294117646,,,7.0,34.31,145.88235294117646,,
8168,Al Bashid Muhammed,False,0.003690912686655811,0.003690912686655811,finisher,9.0,,50.0,1.0,6.315789473684211,3.0,27.58,50.0,,
8169,Mohammad Basir Rahman,False,0.003274177907351643,0.0027830512212488967,opener,73.0,,105.79710144927536,,,3.0,32.74,105.79710144927536,,
8170,Ngariyanbam Johnson Singh,False,0.08612552060101339,0.08612552060101339,top/middle,51.0,,115.9090909090909,,,5.0,26.13,1.8728720930096099,32.99999999999999,
8172,Nitesh Sedai,False,0.018856810546371415,0.018856810546371415,opener,218.0,,138.8535031847134,3.0,8.787878787878787,13.0,27.8,0.9927440727705721,75.28571428571432,1.0714285714285716
8173,Rex Singh,False,2.2248842875315612e-05,2.2248842875315612e-05,finishing allrounder,69.0,,102.98507462686567,4.0,8.88679245283019,6.0,25.24,23.02362007733501,16.999999999999996,3.999999999999999
8177,Akash Madhwal,True,0.9999999925662983,0.9999999925662983,finishing allrounder,23.0,,71.875,52.0,8.152849740932643,36.0,32.0,3.5078901056338005,1.9999999999999996,-1.0000000000000002
818,Mitchell Marsh,True,0.9999999998941325,0.8499999999100126,top/middle,2339.0,,143.23331292100428,28.0,7.467625899280575,73.0,34.1,2.7584445218590514,128.9,-0.7999999999999998
8182,Donovan Ferreira,True,0.999998574494582,0.999998574494582,finishing allrounder,190.0,,143.93939393939394,1.0,7.875,14.0,27.35,1.7098844409012244,21.499999999999996,0.9999999999999998
8185,Gaurav Yadav,False,0.005593761203569039,0.004754697023033683,finishing allrounder,21.0,,105.0,15.0,7.81981981981982,15.0,34.07,105.0,,5.499999999999999
820,Nathan Coulter Nile,True,0.9991715783439007,0.6994201048407305,finishing allrounder,5.0,,71.42857142857143,7.0,7.319148936170213,6.0,38.13,2.2320795722451976,-2.9999999999999996,-6.999999999999998
8207,Kilco Marak,False,0.000703008924106447,0.00059755758549048,finisher,0.0,,0.0,1.0,8.5,2.0,33.33,0.0,,
8208,Chintapalli Kumar,False,0.000401366022102978,0.000401366022102978,finishing allrounder,136.0,,138.77551020408163,6.0,9.580645161290322,13.0,29.67,9.38637580978571,,3.999999999999999
8211,Malliksab Sirur,False,0.013413275567495834,0.011401284232371458,finishing allrounder,7.0,,175.0,2.0,6.625,4.0,32.85,175.0,,-0.9999999999999998
8221,Nitish Reddy,True,0.999999925999257,0.999999925999257,finishing allrounder,575.0,,132.4884792626728,11.0,9.014492753623188,32.0,22.51,1.8943918639900954,-210.99999999999994,1.9999999999999987
8224,Siddhesh Veer,False,9.409143854673791e-06,9.409143854673791e-06,opener,894.0,,128.8184438040346,2.0,7.2,28.0,24.76,128.8184438040346,177.49999999999997,0.49999999999999983
8235,Purnank Tyagi,False,2.5869700211452686e-05,2.5869700211452686e-05,finishing allrounder,18.0,,112.5,7.0,9.163636363636364,6.0,24.85,112.5,,
8238,Sameer Rizvi,True,0.9999982093798039,0.9999982093798039,top/middle,1880.0,,153.09446254071662,0.0,9.0,58.0,21.97,2.7567902314645605,192.40000000000003,
8250,Divyaansh Saxena,False,0.01607472509669793,0.01607472509669793,top/middle,119.0,,93.7007874015748,1.0,6.5,7.0,24.78,1.6470094405005686,,
8251,Kumar Kushagra,True,0.9999579754158514,0.9999579754158514,finisher,91.0,,130.0,,,6.0,21.09,1.1683725849156472,5.5,
8259,Ashish Joshi,False,0.0008155163615437127,0.0005708614530805988,opener,0.0,,0.0,,,1.0,40.78,0.0,,
8261,Harsh Singh,False,0.0006793654027103997,0.0006793654027103997,finishing allrounder,3.0,,37.5,3.0,9.492537313432836,4.0,30.18,37.5,,
8264,Digvijay Deshmukh,False,7.010385030264164e-05,7.010385030264164e-05,finishing allrounder,66.0,,124.52830188679245,9.0,10.143646408839778,16.0,27.65,91.42857142857143,,-8.999999999999996
8265,Krishan Alang,False,0.00013364059451263696,0.00011359450533574142,finishing allrounder,56.0,,147.3684210526316,12.0,7.851063829787234,9.0,34.19,147.3684210526316,,
8266,Sumit Kumar 1,True,0.9999958232541467,0.9999958232541467,finishing allrounder,129.0,,127.72277227722772,21.0,8.150537634408602,20.0,29.96,1.442560799766825,9.7,2.8999999999999995
829,Mitchell Starc,True,0.9999999999954938,0.6999999999968456,finishing allrounder,68.0,,86.07594936708861,55.0,8.394495412844037,41.0,35.82,1.3138742588586156,-7.8,3.9000000000000012
8295,Matthew Forde,False,0.005792143822972938,0.005792143822972938,finishing allrounder,100.0,,151.5151515151515,22.0,7.706161137440758,21.0,23.58,1.4220865490503967,29.999999999999993,1.9999999999999991
830,Josh Hazlewood,True,0.999999999998691,0.8499999999988874,finishing allrounder,42.0,,80.76923076923077,108.0,7.49718574108818,68.0,34.88,0.9391672086637738,-5.599999999999999,-1.7000000000000004
8301,Asif Khan,True,0.8486746583249015,0.594072260827431,top/middle,4.0,,25.0,,,3.0,35.78,1.7708358309260035,,
8311,Dan Mousley,False,0.02829785704584194,0.02829785704584194,finishing allrounder,8.0,,133.33333333333334,2.0,8.4,4.0,24.39,133.33333333333334,,
8312,Ruyel Miah,False,0.12743214694749894,0.12743214694749894,finishing allrounder,19.0,,61.29032258064516,13.0,7.601593625498008,12.0,24.94,0.9539834635550252,1.0,2.9999999999999996
8313,Sumon Khan,False,0.0035436266438393827,0.0035436266438393827,finishing allrounder,49.0,,119.51219512195122,5.0,8.013698630136986,8.0,25.87,1.9310043989268142,10.999999999999996,1.214285714285714
8326,Jayden Seales,False,0.024343776679865918,0.024343776679865918,finishing allrounder,4.0,,100.0,6.0,9.692307692307692,6.0,24.21,0.7021418882809616,-3.999999999999999,5.999999999999999
8327,CR Gnaneshwar,False,0.0002742415338201378,0.0002742415338201378,opener,272.0,,122.52252252252252,,,14.0,28.11,122.52252252252252,81.99999999999997,
8328,Karan Shinde,False,0.08371365030546613,0.08371365030546613,finisher,264.0,,136.08247422680412,,,20.0,28.19,1.3837778791420867,5.800000000000001,
838,Glenn Maxwell,True,0.9999999999997713,0.6999999999998399,batting allrounder,2055.0,,149.23747276688454,35.0,8.293650793650794,93.0,37.12,2.034230913047636,-77.69999999999999,1.1000000000000003
8380,Mohammad Rishad Hossain,True,0.9999950092996861,0.9999950092996861,finishing allrounder,161.0,,129.83870967741936,49.0,8.311720698254364,43.0,23.37,1.5385981727000029,56.99999999999999,15.999999999999995
8388,Ahan Wickramasinghe,False,0.022587636007460107,0.022587636007460107,finisher,92.0,,122.66666666666667,,,5.0,24.23,122.66666666666667,,
8424,Tanveer Sangha,True,0.9533960581631912,0.9533960581631912,finishing allrounder,2.0,,50.0,10.0,8.631578947368421,7.0,24.0,50.0,,
843,Chadwick Walton,False,0.09503575841313125,0.06652503088919187,top/middle,156.0,,145.79439252336448,,,7.0,40.4,2.1501139556544255,-127.99999999999997,
8444,Mukidul Mugdho,False,1.1493839589962678e-05,1.1493839589962678e-05,finishing allrounder,37.0,,80.43478260869566,31.0,7.894736842105263,26.0,25.41,1.1587796551646168,1.5714285714285714,0.9000000000000004
8445,Salauddin Sakil,False,0.012220558683239591,0.008554391078267713,finishing allrounder,8.0,,66.66666666666667,6.0,6.913043478260869,5.0,36.39,66.66666666666667,,
8483,Jon-Russ Jaggesar,False,0.002955145687301243,0.00206860198111087,finishing allrounder,6.0,,150.0,2.0,6.6,2.0,39.69,150.0,3.999999999999999,1.9999999999999996
8486,Kevin Sinclair,False,0.024247224241975337,0.024247224241975337,finishing allrounder,0.0,,0.0,2.0,7.8545454545454545,3.0,26.01,0.0,,
8527,Gautam Raghuwanshi,False,3.683021776905125e-05,3.130568510369356e-05,finishing allrounder,240.0,,137.14285714285714,7.0,8.320754716981131,13.0,34.4,125.47169811320755,-25.999999999999986,0.9999999999999998
8528,Himanshu Mantri,False,2.376514089873303e-05,2.376514089873303e-05,top/middle,307.0,,129.53586497890296,,,11.0,31.79,120.61068702290076,-8.999999999999996,
853,Chris Lynn,True,0.9999327991895034,0.6999529594326523,opener,49.0,,136.11111111111111,,,1.0,35.63,136.11111111111111,,
8530,Kartik Tyagi,True,0.9999980279774947,0.9999980279774947,finishing allrounder,17.0,,106.25,45.0,7.485314685314686,34.0,25.05,0.6667962549520746,0.5999999999999998,3.1999999999999997
8573,Saurabh Nawale,True,0.9999370402290935,0.9999370402290935,top/middle,399.0,,119.46107784431138,0.0,12.0,31.0,25.92,1.8228095350125733,45.69999999999998,
858,Aditya Tare,True,0.9999880318291511,0.6999916222804057,top/middle,510.0,,142.06128133704735,,,24.0,38.05,3.040531923480911,44.4,
8580,Yudhvir Singh,True,0.9999978462596845,0.9999978462596845,finishing allrounder,52.0,,162.5,18.0,7.959183673469388,16.0,28.2,2.0676429287310083,5.214285714285714,0.7428571428571425
8582,Kumar Suraj,True,0.19724967053860004,0.19724967053860004,top/middle,6.0,,60.0,,,2.0,28.7,60.0,,
8583,Pankaj Kumar,False,0.016615617257091004,0.016615617257091004,finisher,2.0,,28.571428571428573,,,3.0,26.04,0.6783277711746619,-0.4999999999999999,
8586,Henan Malik,False,0.0045713605335152094,0.0045713605335152094,top/middle,56.0,,86.15384615384616,,,3.0,28.67,86.15384615384616,,
8600,Tadiwanashe Marumani,False,0.00984068501470231,0.00984068501470231,opener,48.0,,133.33333333333334,,,4.0,23.9,3.8789399391019024,,
862,Akshay Karnewar,False,0.05817826679766026,0.049451526778011214,finishing allrounder,136.0,,108.8,12.0,7.027624309392265,17.0,33.12,1.6470927567968008,11.885714285714286,1.0285714285714285
8627,Bhupen Lalwani,True,0.9651778267801766,0.9651778267801766,top/middle,283.0,,124.66960352422907,,,10.0,26.64,4.98412761420412,,
8628,Shreyan Chakraborty,False,0.010662856040688558,0.010662856040688558,finishing allrounder,13.0,,76.47058823529412,12.0,5.833333333333333,10.0,29.35,76.47058823529412,6.999999999999998,3.999999999999999
8632,Aaqib Khan,True,0.999210192041777,0.999210192041777,finishing allrounder,33.0,,82.5,17.0,7.516629711751663,22.0,21.92,2.552505590989021,-2.3551386880256624e-16,0.4999999999999998
8634,Ashwani Kumar,True,0.9999955662336667,0.9999955662336667,finishing allrounder,16.0,,123.07692307692308,41.0,8.725761772853186,35.0,24.24,123.07692307692308,-5.999999999999999,4.499999999999999
8639,Kartik Meiyappan,False,1.498438547630682e-05,1.498438547630682e-05,finishing allrounder,1.0,,100.0,2.0,7.959183673469388,3.0,25.13,100.0,,
8647,Sediqullah Atal,True,0.9997635945440115,0.9997635945440115,top/middle,628.0,,135.63714902807774,,,16.0,24.29,5.131312780281207,118.99999999999993,
8652,Mohammad Ishaq Rahimi Shirzad,True,0.9999201443264623,0.9999201443264623,finisher,98.0,,132.43243243243242,,,8.0,20.82,1.7142195180538746,-11.999999999999998,
8654,Cooper Connolly,False,0.0013132036256528021,0.0013132036256528021,finishing allrounder,13.0,,130.0,1.0,9.272727272727273,5.0,22.26,0.7010060289804585,,0.9999999999999998
8660,Yash Kothari,False,6.086819035010308e-05,6.086819035010308e-05,opener,60.0,,80.0,,,3.0,30.14,80.0,,
8661,Matheesha Pathirana,True,0.9999998904816407,0.9999998904816407,finishing allrounder,17.0,,62.96296296296296,77.0,6.935424354243542,47.0,22.94,1.2270369954447744,3.499999999999999,5.3
8723,Mohammed Faraazuddin,True,0.91296700896084,0.91296700896084,finishing allrounder,14.0,,56.0,1.0,15.6,2.0,24.33,56.0,,
8726,Ali Sharafu,True,0.787986690788169,0.787986690788169,opener,124.0,,118.0952380952381,,,6.0,22.88,5.922381783759061,,
8727,Sanchit Sharma,True,0.3266255136874109,0.3266255136874109,finishing allrounder,0.0,,0.0,0.0,7.6,3.0,24.35,0.0,,
8729,Syed Haider Shah,True,0.8871083412867949,0.8871083412867949,finisher,85.0,,125.0,,,5.0,24.59,125.0,,
8731,Kazi Saifi,False,0.00013341645278839117,9.339151695187382e-05,opener,164.0,,125.19083969465649,,,6.0,37.27,125.19083969465649,,
8732,Shahadat Dipu,False,0.00038039219567757767,0.00038039219567757767,top/middle,242.0,,100.0,,,14.0,23.8,8.07943191709675,-117.99999999999997,
8734,Hasan Murad,False,0.00031877955811093463,0.00031877955811093463,finishing allrounder,12.0,,92.3076923076923,13.0,7.969465648854962,13.0,24.41,92.3076923076923,2.4999999999999987,-0.2999999999999998
8739,Muhammad Irfan,True,0.9999938252075057,0.9999938252075057,finisher,221.0,,122.77777777777777,,,18.0,22.92,1.6915815867558426,-30.999999999999986,
8741,Mohammad Haris,True,0.9999999993408388,0.9999999993408388,top/middle,742.0,,134.42028985507247,,,41.0,24.66,1.919642427144511,164.59999999999997,
8746,Vaibhav Arora,True,0.9999999999769671,0.9999999999769671,finishing allrounder,11.0,,40.74074074074074,54.0,8.002139037433155,43.0,27.95,0.8209986965442763,-2.3,3.0
8749,Sidharth Sarmah,True,0.9984194102293787,0.9984194102293787,batting allrounder,61.0,,105.17241379310344,12.0,4.553571428571429,5.0,26.97,105.17241379310344,,
8750,Saahil Jain,True,0.9989758446453136,0.6992830912517195,batting allrounder,141.0,,142.42424242424244,2.0,9.0,8.0,35.92,2.4560236264351074,17.999999999999993,
8751,Subham Mandal,False,0.000327604546699404,0.000327604546699404,top/middle,95.0,,118.75,1.0,9.0,6.0,27.26,118.75,,
8752,Ankit Kumar1,True,0.9774648328260117,0.9774648328260117,opener,103.0,,128.75,,,4.0,28.07,128.75,,
8783,Biplab Saikia,False,4.235113761056078e-06,4.235113761056078e-06,opener,4.0,,44.44444444444444,0.0,12.0,1.0,28.95,,,
88,Faf du Plessis,True,0.9999999999893519,0.6999999999925463,top/middle,2766.0,,138.3,,,82.0,41.37,4.437347123295616,-118.69999999999999,
8805,Ottneil Baartman,False,0.11618368613601518,0.0987561332156129,finishing allrounder,13.0,,46.42857142857143,10.0,8.832298136645962,8.0,32.69,0.8690084299348674,10.999999999999998,-9.999999999999996
8836,Rohan Marwaha,False,0.015068226772804722,0.015068226772804722,opener,87.0,,138.0952380952381,,,3.0,31.59,1.0529797547666109,,
8844,Ashay Palkar,False,0.00010025821083233574,7.0180747582635e-05,finishing allrounder,12.0,,120.0,0.0,13.44,2.0,36.24,6.647992180195264,,
8845,Manoj Ingale,False,0.0053043838931216905,0.0053043838931216905,finishing allrounder,9.0,,75.0,27.0,8.287878787878787,21.0,31.42,75.0,,-12.999999999999993
8848,Abhimanyusingh Rajput,False,0.008368718942626611,0.008368718942626611,finishing allrounder,230.0,,115.57788944723617,12.0,8.670520231213873,21.0,27.55,3.809247684494713,12.628571428571426,-2.9999999999999987
8849,Soyeb Sopariya,False,2.130214585997141e-05,2.130214585997141e-05,finishing allrounder,0.0,,0.0,17.0,7.298969072164948,16.0,31.21,,,1.4999999999999998
903,Rongsen Jonathan,False,0.015528649013762233,0.010870054309633562,batting allrounder,250.0,,92.25092250922509,2.0,6.134831460674158,13.0,39.15,3.9215393064213786,-28.499999999999986,-0.49999999999999983
914,Krishnappa Gowtham,True,0.9999999697568032,0.6999999788297622,finishing allrounder,406.0,,147.63636363636363,61.0,7.208053691275167,59.0,37.1,1.773107728340076,-61.799999999999976,-3.5
916,Ganesh Satish,False,0.0007081424308967245,0.0004956997016277072,top/middle,101.0,,84.16666666666667,,,5.0,37.7,13.80562982107771,43.499999999999986,
921,Amit Verma,False,7.979670254324862e-07,5.585769178027403e-07,finishing allrounder,269.0,,120.08928571428571,9.0,9.263736263736265,22.0,38.41,7.294676235691247,24.499999999999986,2.499999999999999
925,Aniruddha Joshi,False,0.002594177715775467,0.0018159244010428268,finisher,666.0,,131.10236220472441,4.0,7.25,42.0,38.05,2.9288230310440175,5.200000000000009,-0.19999999999999996
930,Karun Nair,True,0.9999999997910469,0.8499999998223898,top/middle,1825.0,,159.94741454864155,2.0,7.868852459016393,52.0,33.97,2.6621442905432082,65.30000000000004,0.0
953,Lokesh Rahul,True,0.9999999999141778,0.8499999999270511,opener,2967.0,,131.16710875331566,,,77.0,33.61,3.1697275261435176,-72.10000000000001,
956,Deepak Chougule,True,0.21027142523536807,0.14718999766475763,finisher,0.0,,0.0,,,3.0,41.65,0.0,,
966,Shoaid Manager,False,0.0008004403590274229,0.0005603082513191961,finisher,59.0,,109.25925925925925,,,5.0,41.2,109.25925925925925,,
968,KB Pawan,False,0.00640013700534028,0.004480095903738195,finisher,30.0,,111.11111111111111,,,2.0,37.94,3.8789399391019024,,
985,Brendan Taylor,False,1.5304005333910334e-05,1.0712803733737232e-05,top/middle,47.0,,95.91836734693878,,,4.0,39.8,7.728984632610548,,
988,Graeme Cremer,False,0.0033956089342057627,0.002376926253944034,finishing allrounder,3.0,,75.0,2.0,6.285714285714286,2.0,39.19,75.0,,
992,Mayank Agarwal,True,0.9999999999885578,0.8499999999902741,top/middle,2583.0,,139.02045209903122,,,96.0,34.78,4.5171247964006715,-44.6,
1382,Hamish Bennett,False,0.006295398690951874,0.004406779083666311,finishing allrounder,,,,1.0,6.6976744186046515,2.0,38.76,,,
1406,Mohsin Sayyed,False,0.039227389308835854,0.039227389308835854,finishing allrounder,,,,1.0,11.6,2.0,30.16,,,
15199,Nishan Singh,True,0.9996493597814305,0.6997545518470013,finishing allrounder,,,,2.0,10.363636363636363,2.0,38.23,,,
15229,Surendra Malviy,False,0.06851920474957883,0.06851920474957883,finishing allrounder,,,,1.0,10.666666666666666,1.0,31.03,,,
1677,Mohammad Irfan,False,0.05607579303434207,0.03925305512403945,finishing allrounder,,,,2.0,8.372093023255815,2.0,43.47,,,
1713,V Arun Kumar,False,0.07876274278799085,0.05513391995159359,finishing allrounder,,,,1.0,5.5,1.0,43.46,,,
17919,Mohammad Saleem Safi,True,0.05431939190487759,0.05431939190487759,finishing allrounder,,,,0.0,10.636363636363637,1.0,23.21,,,
1811,Nuwan Pradeep,False,0.034099528351026864,0.023869669845718804,finisher,,,,0.0,9.0,1.0,39.1,,,
18166,Saurabh Shekhar,False,8.82041965056938e-06,8.82041965056938e-06,finishing allrounder,,,,4.0,8.125,1.0,26.12,,,
1819,Pawan Suyal,False,0.02071623705259994,0.014501365936819957,finishing allrounder,,,,0.0,8.666666666666666,1.0,36.11,,,
18598,Shafiqul Islam,False,0.008428176141887666,0.008428176141887666,finishing allrounder,,,,16.0,7.1568627450980395,14.0,28.4,,,
19107,B Reddy,False,0.017209595443256315,0.017209595443256315,finishing allrounder,,,,0.0,8.16,1.0,26.9,,,
19124,Anas Khan,False,0.002027694315725117,0.0017235401683663495,finishing allrounder,,,,7.0,3.130434782608696,1.0,32.75,,,
19447,Marc Morais,False,0.0010181112400234943,0.0010181112400234943,finishing allrounder,,,,0.0,10.0,2.0,,,,
19461,Nitesh Thakur N,False,0.001707509172260759,0.001707509172260759,finishing allrounder,,,,3.0,10.0,4.0,26.23,,,
19576,Shubham Patel,False,5.258464846744513e-05,5.258464846744513e-05,finisher,,,,1.0,7.333333333333333,3.0,30.44,,,
19701,Sandipan Das Jr,False,0.0003447680754751849,0.0003447680754751849,finishing allrounder,,,,3.0,9.049180327868852,3.0,,,,
19720,Ananta Saha,False,0.07081027339558382,0.07081027339558382,finishing allrounder,,,,8.0,5.754098360655738,6.0,29.21,,,
19721,Aritra Chatterjee,False,0.044153612952465636,0.030907529066725944,finishing allrounder,,,,5.0,7.0,5.0,38.92,,,
19856,Jayanta Behera,False,0.006048869773975153,0.004234208841782607,finishing allrounder,,,,5.0,7.235294117647059,3.0,38.92,,,
1991,Pawan Negi,False,0.4595250680591144,0.39059630785024724,finishing allrounder,,,,0.0,10.88888888888889,3.0,32.89,,,
19969,Mubasir Khan,False,0.0035781760430366443,0.0035781760430366443,finisher,,,,0.0,14.0,1.0,23.59,,,
20012,Nitin Yadav,False,0.0001848894324891904,0.00015715601761581182,finishing allrounder,,,,4.0,8.91891891891892,4.0,33.02,,,
20028,Kartikeya Kak,True,0.40171699950969847,0.40171699950969847,finishing allrounder,,,,5.0,11.88888888888889,3.0,29.15,,,
20033,Hitesh Yadav,True,0.0656503664401703,0.0656503664401703,finisher,,,,1.0,7.0,1.0,26.22,,,
20052,Shahnawaz Hussain,False,0.028944568308331475,0.024602883062081752,finishing allrounder,,,,8.0,8.076923076923077,7.0,32.22,,,
20117,Raj Choudhary,False,0.0015009080497817965,0.0015009080497817965,finishing allrounder,,,,4.0,6.0,2.0,29.5,,,
20297,Rahul Kumar,False,0.003415982862904942,0.003415982862904942,finisher,,,,0.0,9.333333333333334,1.0,20.48,,,
20305,Apurva Anand,False,0.0005805660537512254,0.0005805660537512254,finisher,,,,0.0,14.0,1.0,25.91,,,
2032,Sunil Sam,False,1.5364722194269635e-05,1.0755305535988743e-05,finishing allrounder,,,,6.0,5.137254901960785,7.0,37.67,,,
20569,Harjot Singh,False,0.005697864400269805,0.005697864400269805,finishing allrounder,,,,9.0,7.0,8.0,,,,
20713,Sidharth Sharma,False,0.027052886952052227,0.027052886952052227,finishing allrounder,,,,0.0,6.0,1.0,31.1,,,
20765,Yogendra Doyla,False,0.005220518074942311,0.004437440363700964,finishing allrounder,,,,10.0,8.380434782608695,9.0,32.29,,,
20811,Aswanth Sankar,False,0.0005010615801277452,0.0005010615801277452,finishing allrounder,,,,7.0,6.975609756097561,8.0,23.35,,,
20820,Athul Raveendran,False,0.0007183141974569078,0.0007183141974569078,finishing allrounder,,,,3.0,4.415094339622642,3.0,,,,
20847,Akhin Sathar,False,0.008012189466056705,0.008012189466056705,finishing allrounder,,,,16.0,6.851735015772871,16.0,22.99,,,
20853,Vinay V Varghese,False,0.0009389661931089337,0.0009389661931089337,finishing allrounder,,,,4.0,5.723076923076923,4.0,,,,
20988,,False,0.0005666831992274264,0.0005666831992274264,bowler,,,,0.0,11.0,0.0,,,,
2274,Aftab Alam,False,0.005412717803668498,0.004600810133118223,finishing allrounder,,,,3.0,7.527272727272727,3.0,32.99,,,
2343,Beuran Hendricks,False,0.0019278724778422462,0.0013495107344895722,finishing allrounder,,,,3.0,9.287671232876713,3.0,35.47,,,
23437,Sathiyannaarayan L,False,0.025687758107066163,0.025687758107066163,finishing allrounder,,,,2.0,9.8,2.0,,,,
23444,T Veeramani,False,0.13371671482440464,0.09360170037708325,finisher,,,,1.0,10.333333333333334,2.0,38.64,,,
23455,Srinivasan E,False,0.008484944202980205,0.007212202572533174,finishing allrounder,,,,1.0,11.82857142857143,3.0,32.83,,,
23585,Rahul Singh,False,0.05709681414416007,0.048532292022536054,finishing allrounder,,,,0.0,5.25,1.0,33.98,,,
23764,Shubham Kadam,False,0.0023731706142906656,0.0023731706142906656,finishing allrounder,,,,6.0,5.1891891891891895,5.0,30.72,,,
23943,Rajasekar M,False,0.001664435338412156,0.0014147700376503326,finishing allrounder,,,,4.0,3.1153846153846154,3.0,32.58,,,
24175,SB Sai Chetan,False,0.00012953558353621716,0.00012953558353621716,finishing allrounder,,,,7.0,5.526315789473684,6.0,,,,
24252,Ibnul Afthab,False,0.0005777015002216347,0.0005777015002216347,finishing allrounder,,,,19.0,7.432835820895522,15.0,26.76,,,
24261,Sarath Prasad,False,0.025460385477617913,0.025460385477617913,finishing allrounder,,,,5.0,8.025974025974026,5.0,29.91,,,
24270,Srejith K R,False,0.0005440676999497575,0.00038084738996483025,finishing allrounder,,,,5.0,6.35,5.0,39.08,,,
24275,Nidheesh,False,0.0059724393674928,0.0059724393674928,finishing allrounder,,,,2.0,5.75,3.0,23.52,,,
24304,Harikrishnan D,False,0.00280682987116978,0.00280682987116978,finishing allrounder,,,,4.0,3.36,3.0,27.43,,,
24324,Pavan Raj,False,0.00016962312396683407,0.00016962312396683407,finishing allrounder,,,,11.0,7.651162790697675,14.0,23.1,,,
24334,Badarudheen P P,False,0.007164180354232832,0.006089553301097907,finishing allrounder,,,,12.0,6.75,4.0,34.58,,,
24337,Athif Ashraf,False,0.042646463588071795,0.042646463588071795,finisher,,,,0.0,12.0,2.0,28.9,,,
24567,Ankit Mishra,False,0.007427555670737849,0.007427555670737849,finishing allrounder,,,,5.0,6.617647058823529,4.0,29.15,,,
24584,Soumyadip Mandal,False,0.04751819112911378,0.04751819112911378,finishing allrounder,,,,10.0,8.934306569343066,8.0,23.3,,,
24607,Suman Das,False,0.054693581502760956,0.054693581502760956,finishing allrounder,,,,10.0,7.9875,7.0,26.44,,,
24766,Md Musfik Hasan,False,0.020419725463845063,0.020419725463845063,finishing allrounder,,,,16.0,8.642857142857142,9.0,23.2,,,
24892,Darshan Rajbongshi,False,0.00020417277758286596,0.00020417277758286596,finishing allrounder,,,,15.0,5.964497041420119,10.0,26.05,,,
25130,Shubham Kapse,False,0.014468007095129342,0.014468007095129342,finishing allrounder,,,,10.0,8.691176470588236,6.0,31.35,,,
25164,Nachiket Parande,False,0.0005178370194926695,0.0005178370194926695,finishing allrounder,,,,1.0,9.0,1.0,29.23,,,
25167,Shantanu Chikhale,False,0.00022850342611953353,0.00022850342611953353,finishing allrounder,,,,4.0,8.093023255813954,3.0,23.8,,,
25174,Rohit Dattatraya,False,1.0249833133942038e-05,1.0249833133942038e-05,finishing allrounder,,,,1.0,8.709677419354838,2.0,24.74,,,
25176,Dushyant Tekan,False,8.607183530599181e-05,8.607183530599181e-05,finisher,,,,0.0,8.8,2.0,25.8,,,
25667,Anunay Singh,True,0.9987330564309641,0.8489230979663195,finishing allrounder,,,,4.0,9.162162162162161,4.0,32.9,,,
25668,Malay Mritunjay Raj,False,0.003070493958908969,0.003070493958908969,finishing allrounder,,,,3.0,6.27906976744186,3.0,22.71,,,
25685,CK Paul,False,0.00542336156410366,0.00542336156410366,finishing allrounder,,,,6.0,6.461538461538462,4.0,29.44,,,
26182,Vineet Maurya,False,0.008478488466721919,0.008478488466721919,finishing allrounder,,,,1.0,7.5,4.0,24.18,,,
26200,Mahadeb Dutta,False,0.006117971892110249,0.006117971892110249,finisher,,,,0.0,7.0,1.0,28.95,,,
2643,Todd Astle,True,0.7727218845165561,0.5409053191615892,finisher,,,,0.0,10.421052631578947,1.0,39.17,,,
26581,Rishabh Vivek,False,0.05574944982367967,0.05574944982367967,finishing allrounder,,,,1.0,9.428571428571429,2.0,24.68,,,
26725,Suresh Vishweshwar,False,0.12645537700546808,0.12645537700546808,finishing allrounder,,,,18.0,7.511450381679389,13.0,28.34,,,
26731,Aryan Bora,False,0.0004574846448789253,0.0004574846448789253,finishing allrounder,,,,2.0,7.875,2.0,25.03,,,
26884,Rishabh Bansal,False,0.0006374170798837413,0.0006374170798837413,finisher,,,,0.0,11.5,1.0,23.48,,,
26893,Nadeem Malik,False,0.00048807620803564713,0.00048807620803564713,finishing allrounder,,,,7.0,8.393782383419689,12.0,,,,
26896,Karan Chaudhary,False,0.10702824915009676,0.10702824915009676,finishing allrounder,,,,8.0,10.177777777777777,9.0,31.61,,,
26900,Karan Tewatiya,False,0.047364574805279114,0.047364574805279114,finishing allrounder,,,,3.0,8.459016393442623,3.0,29.04,,,
27294,Rushabh Jain,False,0.11826946458954958,0.11826946458954958,finishing allrounder,,,,1.0,12.857142857142858,6.0,,,,
27313,Jaypal Chad,False,0.001460822309820718,0.001460822309820718,finishing allrounder,,,,2.0,9.5625,4.0,25.02,,,
27324,Nisarg Patel,False,6.625376169078343e-05,4.63776331835484e-05,finishing allrounder,,,,2.0,9.272727272727273,2.0,37.6,,,
27325,Shailendra Yadav,False,0.00023416204635532043,0.00023416204635532043,finisher,,,,0.0,13.714285714285714,3.0,21.45,,,
27351,Ansh Patel,False,0.0005934928514958031,0.0005934928514958031,finisher,,,,0.0,28.0,1.0,23.77,,,
27486,Safvan Patel,False,0.03253681496262034,0.03253681496262034,finishing allrounder,,,,16.0,7.932885906040268,12.0,27.15,,,
27963,Parth Vaghani,False,0.0023009077317474196,0.0023009077317474196,finishing allrounder,,,,10.0,8.797927461139896,10.0,30.99,,,
28351,Bichitra Baruah,False,0.04426040584827291,0.030982284093791036,finishing allrounder,,,,1.0,4.363636363636363,3.0,38.93,,,
28419,Mintu Kr Roy,True,0.9561907221821203,0.9561907221821203,finishing allrounder,,,,1.0,8.225806451612904,5.0,,,,
28435,Sanjib Pathak,False,0.007585172596833505,0.007585172596833505,finishing allrounder,,,,11.0,5.525179856115108,8.0,24.22,,,
28463,Hirok Jyoti Choudhury,False,4.7863609761527565e-05,4.7863609761527565e-05,finisher,,,,2.0,4.875,2.0,,,,
28473,Ganesh Basfore,True,0.7501666482112845,0.7501666482112845,finishing allrounder,,,,2.0,5.660377358490566,6.0,19.46,,,
28664,Zahid Ali,False,0.0008085537941523368,0.0006872707250294862,finisher,,,,0.0,5.333333333333333,1.0,33.7,,,
29189,Rinsangzela Hmamte,False,0.053710053243600224,0.053710053243600224,finishing allrounder,,,,2.0,8.108108108108109,2.0,23.47,,,
29210,Lal Rin Fela,False,0.0005906910495403229,0.0005906910495403229,finisher,,,,0.0,13.0,1.0,25.37,,,
29219,Tc Vanlalremruata,True,0.1883511852763035,0.1883511852763035,finishing allrounder,,,,3.0,7.1,3.0,25.39,,,
29456,Himan Phukan,False,0.0004360732755613432,0.0004360732755613432,finishing allrounder,,,,2.0,6.5,3.0,27.8,,,
29782,Shahid C P,False,0.0007233850423201073,0.0006148772859720912,finishing allrounder,,,,7.0,7.651376146788991,6.0,32.8,,,
29805,Krishnakumar Tv,False,0.003281856529583135,0.003281856529583135,finishing allrounder,,,,3.0,9.272727272727273,3.0,3.58,,,
29810,Nipun Babu,False,0.0005125954829744483,0.00043570616052828105,finishing allrounder,,,,3.0,6.886956521739131,6.0,32.1,,,
29818,Ajith Raj,False,0.001183936891176659,0.001183936891176659,finishing allrounder,,,,13.0,6.914634146341464,9.0,26.02,,,
30734,V Arunachalam,False,0.0016984987929174419,0.0016984987929174419,finishing allrounder,,,,0.0,7.714285714285714,2.0,24.5,,,
30735,Rishi Raut,False,6.279677048083475e-05,6.279677048083475e-05,finisher,,,,3.0,10.736842105263158,1.0,22.01,,,
30928,Vengatesh Arjun,False,0.004591575189910514,0.004591575189910514,finishing allrounder,,,,6.0,7.45945945945946,4.0,21.16,,,
31176,Aum Kanabar,False,0.00031704416307947955,0.00031704416307947955,finishing allrounder,,,,0.0,8.428571428571429,3.0,21.82,,,
31200,Arth Yadav,False,0.003396662158274813,0.003396662158274813,finishing allrounder,,,,3.0,7.270588235294118,8.0,25.17,,,
31693,Arya Yohan Menon,False,0.08450376880914118,0.08450376880914118,finishing allrounder,,,,2.0,10.258064516129032,2.0,26.3,,,
31709,M Ayush,False,4.712200262612368e-05,4.712200262612368e-05,finisher,,,,2.0,6.8,2.0,26.3,,,
3175,Scott Kuggeleijn,False,0.018622991815961356,0.01582954304356715,finishing allrounder,,,,3.0,5.230769230769231,2.0,33.9,,,
32239,Madha Deepak,False,0.002843016600831315,0.002843016600831315,finishing allrounder,,,,5.0,8.74074074074074,4.0,22.47,,,
32256,M Rayudu,False,0.04342164263066507,0.04342164263066507,finishing allrounder,,,,6.0,9.545454545454545,6.0,29.06,,,
32278,Santosh Kumar,False,0.000475294281029294,0.000475294281029294,finishing allrounder,,,,6.0,8.760736196319018,7.0,25.18,,,
32281,Gavvala Mallikarjuna,False,0.00011085289115843887,0.00011085289115843887,finishing allrounder,,,,14.0,7.28,15.0,20.99,,,
32287,Midde Anjaneyulu,False,0.004611220082570856,0.004611220082570856,finishing allrounder,,,,14.0,7.69377990430622,11.0,27.12,,,
32598,Shetty Balija Sai Chetan,False,0.002302211487310221,0.002302211487310221,finishing allrounder,,,,0.0,8.464285714285714,4.0,22.95,,,
33009,John Turner,False,0.008313020586433574,0.008313020586433574,finishing allrounder,,,,1.0,10.216216216216216,2.0,24.63,,,
33059,Varun Rao T N,False,0.04426351724079727,0.04426351724079727,finisher,,,,0.0,10.333333333333334,1.0,26.27,,,
33070,BM Shreyas,False,0.005979225017827649,0.005979225017827649,finishing allrounder,,,,2.0,6.8,3.0,24.9,,,
33071,Punith Punith,False,0.0008187265206538088,0.0008187265206538088,finishing allrounder,,,,0.0,10.2,2.0,,,,
33082,Santokh Singh,False,0.0019088954345302393,0.0019088954345302393,finishing allrounder,,,,15.0,8.709677419354838,16.0,,,,
33087,Dhanush R Gowda,False,0.023284375814002407,0.023284375814002407,finishing allrounder,,,,4.0,10.285714285714286,9.0,21.08,,,
33094,Rohith Kumar,False,0.006843684250357792,0.006843684250357792,finishing allrounder,,,,4.0,9.189873417721518,5.0,25.16,,,
33097,Amogh S,False,0.5405528506157834,0.5405528506157834,finisher,,,,1.0,13.846153846153847,1.0,29.36,,,
3328,Amit Mishra1,False,0.0024111140866806863,0.0020494469736785834,finishing allrounder,,,,3.0,6.75,2.0,34.04,,,
34441,Yadhu Sundaram,False,0.0031299284132116404,0.0031299284132116404,finishing allrounder,,,,4.0,6.1875,4.0,25.9,,,
3475,Perumparambath Anthaf,False,0.027210184474627655,0.019047129132239358,finishing allrounder,,,,2.0,5.863636363636363,2.0,37.68,,,
34960,Vedant Naik,False,0.006278733735201735,0.006278733735201735,finisher,,,,0.0,4.7368421052631575,2.0,29.23,,,
34976,B Punnaiah,True,0.32776785547661014,0.32776785547661014,finisher,,,,1.0,7.333333333333333,1.0,22.54,,,
34977,Trishank Gupta,True,0.007683068949754824,0.007683068949754824,finisher,,,,0.0,6.0,1.0,24.17,,,
34989,Satyam Baliyan,True,0.950932530532448,0.950932530532448,finishing allrounder,,,,21.0,7.53030303030303,19.0,22.83,,,
34992, Merenka Jamir,False,0.002157279727899394,0.002157279727899394,finisher,,,,0.0,19.0,1.0,27.55,,,
34994,Pieter Mardi,False,0.04071874501856235,0.04071874501856235,finisher,,,,0.0,9.692307692307692,1.0,27.6,,,
35066,Susheel Kumar,False,0.00029589455360120285,0.00029589455360120285,finishing allrounder,,,,3.0,8.60377358490566,4.0,29.07,,,
35068,Gaurav Chaudhary,True,0.23930283336415958,0.23930283336415958,finishing allrounder,,,,2.0,7.5,2.0,22.92,,,
35318,Sakib Hussain,False,0.19350087085657003,0.19350087085657003,finishing allrounder,,,,4.0,9.966101694915254,4.0,20.95,,,
3532,Sachin Chaudhari,False,0.7934488751750005,0.5554142126225003,finishing allrounder,,,,0.0,7.384615384615385,3.0,39.67,,,
35646,Rajakavi Rajagopal,False,0.0024024444922847834,0.0016817111445993484,finisher,,,,0.0,14.5,4.0,37.18,,,
35878,Sylvester Dsouza,True,0.04400526573149204,0.04400526573149204,finishing allrounder,,,,9.0,8.487804878048781,8.0,25.9,,,
35895,Rahul Ashok Sharma,False,0.0006616557429439388,0.0006616557429439388,finishing allrounder,,,,4.0,7.253731343283582,3.0,,,,
361,Kotarangada Appanna,False,0.0005160581589561887,0.0003612407112693321,finishing allrounder,,,,3.0,8.561797752808989,6.0,36.94,,,
3637,Dayyaan Galiem,False,0.0004238191520882417,0.0004238191520882417,finishing allrounder,,,,2.0,4.0,1.0,28.9,,,
36372,Aryan Deshmukh,False,0.00018342175972789677,0.00018342175972789677,finisher,,,,0.0,10.363636363636363,2.0,22.66,,,
36683,Mohammad Shuaib,False,0.0008179972299856558,0.0008179972299856558,finishing allrounder,,,,4.0,4.0,2.0,18.22,,,
36981,Himanshu Sharma,False,0.10833260855642356,0.10833260855642356,finishing allrounder,,,,0.0,11.4,2.0,27.89,,,
37053,Shen Nareshbhai Patel,False,0.008328061096772863,0.008328061096772863,finishing allrounder,,,,4.0,9.245901639344263,3.0,22.59,,,
37378,S Shankar Ganesh,False,0.0071649490027136786,0.0071649490027136786,finishing allrounder,,,,0.0,9.833333333333334,2.0,28.38,,,
37399,J Rohan,False,0.0027306193854034003,0.0027306193854034003,finisher,,,,1.0,8.210526315789474,1.0,20.99,,,
3758,Lukman Meriwala,False,0.47276445979327086,0.40184979082428024,finishing allrounder,,,,41.0,7.714285714285714,31.0,33.96,,,
3783,Krishnamoorthy Vignesh,False,0.00015309705016065863,0.00015309705016065863,finishing allrounder,,,,4.0,10.18348623853211,7.0,31.21,,,
38437,Sundeep Rabha,False,0.03740953117638998,0.03740953117638998,finisher,,,,1.0,6.666666666666667,1.0,22.97,,,
38585,Vivek,False,0.001923936929694216,0.001923936929694216,finishing allrounder,,,,2.0,8.176470588235293,5.0,25.9,,,
38620,Junaid Khan,True,0.5072535320426997,0.5072535320426997,finishing allrounder,,,,2.0,10.375,3.0,25.9,,,
38623,Abul Kalam Khan,True,0.8370700413453854,0.8370700413453854,finisher,,,,0.0,12.333333333333334,2.0,25.9,,,
38624,Ankit Kushwaha,True,0.9376995939184641,0.9376995939184641,finishing allrounder,,,,2.0,6.666666666666667,3.0,25.9,,,
38641,Amit Gavande,True,0.736123584526399,0.736123584526399,finisher,,,,1.0,9.666666666666666,1.0,25.9,,,
39056,Mohammed Dakhani,False,3.785938368463858e-05,3.785938368463858e-05,finisher,,,,1.0,9.473684210526315,1.0,20.42,,,
39083,Hemant Buchade,True,0.14375838784790707,0.122194629670721,finishing allrounder,,,,5.0,5.7073170731707314,4.0,32.8,,,
39088,Sumiit Markali,False,0.014957873129057195,0.014957873129057195,finishing allrounder,,,,3.0,8.205882352941176,3.0,27.01,,,
39112,Prasad Shingote,False,0.00013874378571345888,0.00013874378571345888,finishing allrounder,,,,5.0,7.8,4.0,26.45,,,
39115,Sanket Gowari,False,2.0112199198129928e-05,2.0112199198129928e-05,finisher,,,,1.0,5.0,1.0,28.58,,,
39123,Sanket Pande,False,0.0015447858225232495,0.0015447858225232495,finisher,,,,0.0,9.75,3.0,28.08,,,
39128,Prasad Patil,False,0.00018335523654765552,0.00018335523654765552,finisher,,,,0.0,8.5,1.0,-14.1,,,
39142,Anurag Mishra,False,0.007882284460830067,0.007882284460830067,finishing allrounder,,,,7.0,6.162162162162162,5.0,20.21,,,
39145,Yaseen Shaikh,False,0.0010809659677714107,0.0010809659677714107,finishing allrounder,,,,3.0,7.03125,3.0,20.79,,,
39154,Sarfaraz Shaikh,False,8.62094008838422e-05,8.62094008838422e-05,finishing allrounder,,,,2.0,7.615384615384615,2.0,30.87,,,
39156,Saksham Jha,False,0.005022295247653678,0.005022295247653678,finishing allrounder,,,,0.0,10.5,3.0,25.88,,,
3918,Samar Quadri,False,0.010902359754150652,0.007631651827905456,finisher,,,,0.0,11.5,1.0,36.33,,,
39190,Ankur Singh,False,0.0003681060512761076,0.0003681060512761076,finishing allrounder,,,,1.0,6.0,3.0,28.24,,,
39377,Panjit Nath,False,0.0010520718149467083,0.0010520718149467083,finisher,,,,0.0,7.2,2.0,17.67,,,
39415,Manab Barman,False,0.0013708396385968176,0.0013708396385968176,finishing allrounder,,,,0.0,2.8,4.0,21.74,,,
39453,Md Rohanat Doullah Borson,False,0.0015754090707060934,0.0015754090707060934,finishing allrounder,,,,1.0,8.4,2.0,20.52,,,
39552,Vinit Ravindra Dhulap,True,0.986459172698474,0.6905214208889318,finishing allrounder,,,,2.0,9.25,3.0,35.98,,,
39557,Avinash,True,0.7660640953220433,0.7660640953220433,finishing allrounder,,,,2.0,7.111111111111111,1.0,25.9,,,
39559,Parappa Mordi,True,0.9888171375150575,0.8404945668877989,finishing allrounder,,,,4.0,10.0,1.0,34.01,,,
40234,Aquil Naushar,False,0.0005035571412937732,0.0005035571412937732,finishing allrounder,,,,3.0,7.4,3.0,25.9,,,
40251,Dev Manoj,False,0.0022956939373612916,0.0022956939373612916,finisher,,,,0.0,7.2,2.0,25.9,,,
40269,Amal Raj R,False,0.00033643565682264554,0.00033643565682264554,finishing allrounder,,,,2.0,4.645161290322581,3.0,,,,
40273,Sreevardhan Murali,False,0.010304278762135657,0.010304278762135657,finisher,,,,1.0,3.0,1.0,25.9,,,
40288,Harshad Basil,False,0.0026613903902228215,0.0026613903902228215,finishing allrounder,,,,6.0,7.6923076923076925,5.0,25.9,,,
40291,Adilsha M,False,0.007885896620603928,0.007885896620603928,finishing allrounder,,,,2.0,11.142857142857142,3.0,25.9,,,
40298,Devu D,False,0.0005264671359819086,0.0005264671359819086,finishing allrounder,,,,0.0,9.2,3.0,23.03,,,
40308,Aswin Ajith Pillai,False,0.0007000276283267687,0.0007000276283267687,finisher,,,,1.0,7.0,2.0,25.9,,,
40311,Arun Variad,False,0.0006853892241152115,0.0006853892241152115,finishing allrounder,,,,1.0,7.153846153846154,1.0,-14.1,,,
40320,Jishnu,False,0.0005246392452632298,0.0005246392452632298,finishing allrounder,,,,4.0,3.9130434782608696,3.0,25.9,,,
40332,Hariprasad V,False,0.002445257657041449,0.002445257657041449,finisher,,,,0.0,11.0,1.0,25.9,,,
40353,Jestin Thomas,False,0.0003930566204153548,0.0003930566204153548,finishing allrounder,,,,7.0,6.47191011235955,4.0,25.9,,,
40356,Vishnu Viswam,False,0.001893491311060465,0.001893491311060465,finishing allrounder,,,,5.0,4.9879518072289155,5.0,25.9,,,
40372,Aboobacker Inshad Ali,False,7.855615938122527e-05,7.855615938122527e-05,finisher,,,,0.0,12.0,2.0,25.9,,,
40401,Aditya Vinod,False,0.005278245408868256,0.005278245408868256,finisher,,,,0.0,4.105263157894737,1.0,25.9,,,
4061,NC Aiyappa,False,0.007721573044072316,0.005405101130850621,finishing allrounder,,,,1.0,9.652173913043478,2.0,46.11,,,
41389,Anshad S,False,0.0012653827262416983,0.0012653827262416983,finishing allrounder,,,,4.0,7.105263157894737,4.0,30.99,,,
41503,Yash Punja,False,5.062686407776263e-05,5.062686407776263e-05,finishing allrounder,,,,23.0,7.2,11.0,19.83,,,
4168,Unnikrishnan Manukrishnan,False,0.002055925328745845,0.0014391477301220913,finishing allrounder,,,,2.0,9.36,1.0,37.14,,,
41764,Vikas Kumar Gupta,False,0.00022504629535799925,0.00022504629535799925,finishing allrounder,,,,2.0,7.0,1.0,21.37,,,
41792,Aditya More,False,0.0010634785936959855,0.0010634785936959855,finisher,,,,0.0,9.666666666666666,1.0,25.42,,,
41822,Ravi Yadav,False,0.07092316998277058,0.06028469448535499,finishing allrounder,,,,0.0,8.0,1.0,33.91,,,
41824,Naman Sharma,False,0.0006361406436756515,0.0006361406436756515,finishing allrounder,,,,15.0,6.6765578635014835,17.0,21.33,,,
4243,Swapnil Bandiwar,False,0.0006790261611493726,0.0004753183128045608,finishing allrounder,,,,0.0,9.681818181818182,3.0,37.3,,,
42623,S Guru Sayee,False,0.0001706893877144809,0.0001706893877144809,finishing allrounder,,,,3.0,8.25,1.0,25.51,,,
42627,Kabilan N,False,0.15916002851798372,0.15916002851798372,finishing allrounder,,,,7.0,7.894736842105263,5.0,24.38,,,
42678,,False,0.00022875410957917146,0.00022875410957917146,bowler,,,,1.0,9.692307692307692,0.0,,,,
42688,Tapas Das,False,0.004946560228155447,0.004946560228155447,finishing allrounder,,,,4.0,7.05,6.0,28.96,,,
42693,Sobhandev Behera,False,0.002097744991808375,0.002097744991808375,finishing allrounder,,,,2.0,5.8125,2.0,21.33,,,
42824,Aditya Daware,False,0.008299753040854067,0.008299753040854067,finishing allrounder,,,,2.0,9.348837209302326,5.0,24.73,,,
42833,Harsh Oswal,False,0.0021319226512154683,0.0021319226512154683,finisher,,,,0.0,10.666666666666666,1.0,25.9,,,
42836,Vidya Tiwari,False,0.0023092890564711983,0.0023092890564711983,finishing allrounder,,,,0.0,9.142857142857142,1.0,25.9,,,
42837,Atman Pore,False,0.0010793794731733994,0.0010793794731733994,finishing allrounder,,,,14.0,6.421052631578948,12.0,25.9,,,
4284,Badre Alam,True,0.8627742182764045,0.7333580855349439,finisher,,,,0.0,12.461538461538462,1.0,33.56,,,
42841,Ravi Chaudhari,False,0.0008246758907176537,0.0008246758907176537,finisher,,,,0.0,10.0,1.0,25.9,,,
42846,Razeq Fallah,False,0.000942210445236442,0.000942210445236442,finisher,,,,0.0,6.0,2.0,,,,
42848,Rehan Khan,False,0.04851377719365171,0.04851377719365171,finishing allrounder,,,,7.0,7.74468085106383,9.0,25.9,,,
42850,Omkar Akhade,False,0.7693721844617737,0.7693721844617737,finisher,,,,1.0,10.0,1.0,25.9,,,
43093,Samadhan Pagare,False,0.0001566568549674995,0.0001566568549674995,finishing allrounder,,,,10.0,8.625,15.0,25.9,,,
43274,Kamlesh Joshi,False,0.059003955424144834,0.059003955424144834,finisher,,,,1.0,6.9,1.0,24.38,,,
43297,Shivam Siroha,False,0.006841847926744819,0.006841847926744819,finishing allrounder,,,,2.0,7.346938775510204,3.0,27.69,,,
43300,Prajjwal Rawat,False,0.0007469247191871429,0.0007469247191871429,finisher,,,,0.0,9.789473684210526,3.0,23.51,,,
43302,Abhishek Rawat,False,0.001800548144843392,0.001800548144843392,finisher,,,,0.0,9.0,1.0,26.93,,,
43304,Aditya Semwal,False,0.0011001637684631986,0.0011001637684631986,finisher,,,,0.0,25.0,1.0,23.79,,,
43306,Sumit Juyal,True,0.9386859581604899,0.9386859581604899,finishing allrounder,,,,27.0,8.242424242424242,13.0,24.0,,,
43313,Harshvardhan,False,0.011456487306156154,0.011456487306156154,finishing allrounder,,,,2.0,7.153846153846154,1.0,21.58,,,
43317,Aadarsh Yadav,False,0.0012963200640710884,0.0012963200640710884,finishing allrounder,,,,4.0,7.038461538461538,4.0,23.01,,,
43326,Vinay Kumar,False,0.0011537957833183882,0.0011537957833183882,finishing allrounder,,,,6.0,6.36734693877551,6.0,23.39,,,
43331,Sunil Bisht,False,0.004749295611076431,0.004749295611076431,finishing allrounder,,,,3.0,5.387755102040816,2.0,30.05,,,
43335,Dev Chaddha,False,0.0001048626613354171,0.0001048626613354171,finisher,,,,0.0,17.0,1.0,22.44,,,
43337,Parikshit Garkoti,False,0.0019522963948754636,0.0019522963948754636,finishing allrounder,,,,5.0,9.625,3.0,22.29,,,
43339,Ayush Lohani,False,0.0031806504389717497,0.0031806504389717497,finishing allrounder,,,,1.0,9.5625,2.0,28.31,,,
43819,Mohammad Tahir Bhat,False,8.364979609130542e-06,8.364979609130542e-06,finisher,,,,2.0,6.315789473684211,1.0,,,,
43911,Arjun Pappal,False,0.02130821226467396,0.02130821226467396,finishing allrounder,,,,1.0,11.0,3.0,25.97,,,
43912,Kovid Gujjar,False,0.027483020645848465,0.019238114452093925,finishing allrounder,,,,2.0,10.0,2.0,35.13,,,
43926,Ramandeep Singh,False,0.06268827639290513,0.06268827639290513,finishing allrounder,,,,0.0,11.666666666666666,5.0,24.9,,,
43939,Paras Jaidka,False,0.0009681908417536667,0.0009681908417536667,finishing allrounder,,,,0.0,9.428571428571429,3.0,25.75,,,
43960,Sidharth Bakshi,False,0.012619086224624413,0.012619086224624413,finishing allrounder,,,,1.0,7.428571428571429,1.0,25.1,,,
43966,Gursimran Singh,False,0.0017126033290696349,0.0017126033290696349,finishing allrounder,,,,3.0,7.315068493150685,5.0,28.44,,,
43976,Harry Dhaliwal,False,0.026165251555772793,0.026165251555772793,finishing allrounder,,,,7.0,9.307692307692308,9.0,24.94,,,
43992,Manpreet Singh Chouhan,False,0.000989185035439377,0.000989185035439377,finishing allrounder,,,,0.0,12.774193548387096,2.0,27.87,,,
44484,Pukhrajdeep Singh Dhaliwal,False,0.0012919371519989592,0.0012919371519989592,finisher,,,,0.0,7.0,1.0,20.84,,,
44490,Mitrakant Yadav,False,0.0002496825790573265,0.00021223019219872752,finishing allrounder,,,,9.0,7.115577889447236,10.0,34.11,,,
44495,Nathan Mello,False,0.013237149433272786,0.013237149433272786,finishing allrounder,,,,6.0,7.121951219512195,7.0,22.06,,,
44496,Clement Raju,False,0.006113305180679393,0.006113305180679393,finisher,,,,0.0,4.666666666666667,1.0,25.76,,,
44498,Gautam Mishra,False,0.01893823190097965,0.01893823190097965,finishing allrounder,,,,11.0,9.070422535211268,10.0,22.61,,,
44500,Nischith Rao,False,0.00017565795683943818,0.00017565795683943818,finishing allrounder,,,,9.0,9.12396694214876,8.0,26.44,,,
44506,Shimon Luiz,False,0.002083031710445831,0.002083031710445831,finishing allrounder,,,,0.0,8.4,2.0,29.83,,,
44513,Aaditya Nair,False,0.00038023312377560457,0.00038023312377560457,finishing allrounder,,,,0.0,8.166666666666666,2.0,21.22,,,
44790,Armaan Jakhar,False,0.009326248114859699,0.009326248114859699,finishing allrounder,,,,3.0,10.571428571428571,3.0,,,,
44831,Neel Dhaliwal,False,0.0033611403760986165,0.0033611403760986165,finishing allrounder,,,,6.0,7.96039603960396,6.0,22.08,,,
45212,Advith Shetty,False,0.07753569952463964,0.07753569952463964,finishing allrounder,,,,4.0,9.176470588235293,5.0,22.72,,,
45380,Shaik Kamil,False,0.0007166542258597549,0.0007166542258597549,finishing allrounder,,,,0.0,12.833333333333334,3.0,22.12,,,
45382,Battina Yashwanth,False,0.045710800839560944,0.045710800839560944,finishing allrounder,,,,1.0,13.5,1.0,20.06,,,
45496,Prashant Gohel,False,0.01371086193677192,0.01371086193677192,finishing allrounder,,,,5.0,9.0,7.0,27.78,,,
45514,Hiren Makwana,False,0.0004167711049919274,0.0004167711049919274,finishing allrounder,,,,2.0,8.142857142857142,1.0,22.97,,,
45530,Tanish Mahesh,False,0.07648000163798191,0.07648000163798191,finishing allrounder,,,,4.0,12.75,3.0,25.33,,,
45662,Karan Suchak,False,0.120477606500139,0.120477606500139,finisher,,,,1.0,8.666666666666666,1.0,23.22,,,
45947,Divyansh Chaturvedi,False,0.008128571476014883,0.008128571476014883,finisher,,,,0.0,18.0,2.0,25.9,,,
45973,Rohit Dwivedi,False,0.0019832769387606508,0.0019832769387606508,finishing allrounder,,,,3.0,9.6,3.0,24.16,,,
45995,Abhinav Tiwari,False,0.0007146589941907861,0.0007146589941907861,finishing allrounder,,,,4.0,5.806451612903226,3.0,25.9,,,
46000,Kuldeep Kumar,False,0.001067423798949617,0.001067423798949617,finisher,,,,3.0,4.7368421052631575,1.0,25.9,,,
46006,Mukesh Kumar,False,0.0023907346617204777,0.0023907346617204777,finishing allrounder,,,,13.0,7.869565217391305,9.0,25.9,,,
46010,Pradeep Yadav,False,0.008613361956837788,0.008613361956837788,finisher,,,,1.0,9.0,2.0,25.9,,,
46022,Deepanshu Yadav,False,0.0015974709355772961,0.0015974709355772961,finishing allrounder,,,,12.0,8.526315789473685,11.0,26.55,,,
46024,Rajat Singhwal,False,0.008346798274372663,0.008346798274372663,finishing allrounder,,,,0.0,8.076923076923077,1.0,25.9,,,
46025,Mirza Shahbaz,False,0.2237734687699617,0.2237734687699617,finishing allrounder,,,,1.0,12.24,1.0,25.9,,,
46057,Ankur Chauhan,False,0.003073806663321623,0.003073806663321623,finishing allrounder,,,,1.0,9.125,3.0,25.92,,,
46073,Suvrat Prasad Tiwari,False,0.010091671292883818,0.010091671292883818,finishing allrounder,,,,4.0,4.842105263157895,3.0,25.9,,,
4612,Hardik Patel,False,0.004773543864136116,0.004773543864136116,finishing allrounder,,,,4.0,5.675675675675675,3.0,30.55,,,
46140,Rahul Vakani,False,0.0025588754319787826,0.0025588754319787826,finishing allrounder,,,,3.0,6.75,1.0,27.05,,,
46141,Hasmukh Gadhavi,False,0.0007977583358358695,0.0007977583358358695,finisher,,,,0.0,14.571428571428571,1.0,24.19,,,
4623,Aditya Sarwate,False,0.00047101990514268654,0.00032971393359988054,finishing allrounder,,,,7.0,7.810344827586207,8.0,35.96,,,
46281,Sparsh Jain,False,0.0004760591331634706,0.0004760591331634706,finishing allrounder,,,,4.0,8.482758620689655,6.0,25.9,,,
46304,Rohit Suthar,False,0.0014621128640826672,0.0014621128640826672,finishing allrounder,,,,3.0,11.066666666666666,2.0,25.9,,,
47244,Karan Patel,False,0.0035473298146011796,0.0030152303424110026,finishing allrounder,,,,7.0,7.1571428571428575,7.0,32.73,,,
47509,Abhimanyu Singh,False,0.005434056872332195,0.004618948341482365,finishing allrounder,,,,4.0,6.571428571428571,1.0,33.56,,,
47513,Shubham Premanand Tari,False,0.06903519499297733,0.06903519499297733,finishing allrounder,,,,8.0,7.19205298013245,7.0,24.49,,,
47737,Tana Teti,False,0.012527816207364305,0.012527816207364305,finishing allrounder,,,,3.0,11.166666666666666,4.0,27.45,,,
47764,Kunal Tarini Prasad Sarma,False,0.002009140010493534,0.002009140010493534,finisher,,,,0.0,26.0,1.0,26.81,,,
47765,Jay Abhale,False,6.877795870624476e-05,6.877795870624476e-05,finishing allrounder,,,,6.0,7.3125,6.0,25.81,,,
47769,Paramjit Shyam Singh,False,0.000817588800682696,0.000817588800682696,finisher,,,,3.0,6.0,1.0,23.14,,,
47782,Galpo Sherpa,False,0.015099092131377051,0.015099092131377051,finisher,,,,0.0,9.5,1.0,29.84,,,
47786,Ravinder Negi,True,0.1541745771544988,0.1541745771544988,finishing allrounder,,,,5.0,9.8796992481203,6.0,23.44,,,
47792,Yudhajit Guha,False,0.00573299335420946,0.00573299335420946,finishing allrounder,,,,0.0,7.255813953488372,2.0,19.14,,,
47814,Mahipal Yadav,False,0.005358663509040055,0.005358663509040055,finisher,,,,0.0,10.0,1.0,18.99,,,
47867,Tanmay Latka,False,0.0002088580414541475,0.0002088580414541475,finishing allrounder,,,,2.0,6.25,2.0,20.7,,,
47906,Nara Weshi,False,0.000446324759721884,0.000446324759721884,finishing allrounder,,,,5.0,4.3561643835616435,4.0,20.96,,,
47995,Tekkam Atchuth Hemanth Kumar,False,0.00015403465775765338,0.00015403465775765338,finishing allrounder,,,,1.0,7.846153846153846,1.0,20.96,,,
48013,A Ardrit,False,0.0014801071799006413,0.0014801071799006413,finisher,,,,0.0,13.0,1.0,25.9,,,
4807,Joshua Little,True,0.9999861363542433,0.9999861363542433,finishing allrounder,,,,13.0,8.415254237288135,11.0,26.07,,,
48500,Umar Khan,False,5.091752353100044e-06,5.091752353100044e-06,finisher,,,,1.0,8.0,1.0,24.73,,,
48501,Prem Devkar,False,0.0006508190814153373,0.0006508190814153373,finisher,,,,0.0,9.23076923076923,2.0,20.9,,,
48557,Vignesh Puthur,True,0.9944633338725698,0.9944633338725698,finishing allrounder,,,,12.0,8.854368932038835,13.0,24.74,,,
48560,Pratham Maheshwari,False,0.00012041480872700765,0.00012041480872700765,finisher,,,,0.0,7.578947368421052,1.0,21.11,,,
48567,Lakshay Sehrawat,False,0.0007993349012595814,0.0007993349012595814,finishing allrounder,,,,0.0,9.142857142857142,1.0,25.9,,,
48798,Bonojit Adhikari,False,9.231776666223682e-05,9.231776666223682e-05,finishing allrounder,,,,2.0,8.4,2.0,19.92,,,
4903,Lahiru Kumara,True,0.9784636283983532,0.9784636283983532,finishing allrounder,,,,13.0,8.0,6.0,28.78,,,
49341,Vineet Rawat,False,0.0015923105904470088,0.0015923105904470088,finishing allrounder,,,,4.0,8.909090909090908,3.0,28.55,,,
49374,Pratik Kumar,False,0.0037523627047521776,0.0037523627047521776,finisher,,,,0.0,12.857142857142858,1.0,29.0,,,
49684,Divansh Rawat,False,0.0016298989043811946,0.0016298989043811946,finishing allrounder,,,,6.0,9.952941176470588,5.0,20.19,,,
49825,Uzzal Das,False,0.0021870606334271374,0.0021870606334271374,finisher,,,,0.0,8.0,1.0,19.12,,,
50078,Shafeequddin Shafeequddin,True,0.3771906710678095,0.26403346974746666,finishing allrounder,,,,14.0,6.711864406779661,5.0,35.9,,,
50193,Arshil Rajendra,False,0.0020044834395020017,0.0020044834395020017,finishing allrounder,,,,1.0,5.8125,2.0,20.76,,,
50207,Love Kumar,False,0.002564887222244894,0.002564887222244894,finisher,,,,0.0,6.857142857142857,1.0,22.97,,,
50288,Priyajeet Jadeja,False,4.860852900964863e-05,3.402597030675404e-05,finisher,,,,2.0,5.368421052631579,1.0,37.18,,,
50322,Vaibhav Na,False,0.00018816853720483092,0.00018816853720483092,finishing allrounder,,,,2.0,10.857142857142858,1.0,21.14,,,
5075,Hitesh Kadam,False,0.009755733199988037,0.006829013239991626,finishing allrounder,,,,4.0,6.534653465346534,4.0,37.14,,,
50894,Himanshu Chauhan,False,3.953613399128917e-05,3.953613399128917e-05,finishing allrounder,,,,10.0,9.89873417721519,12.0,22.86,,,
51287,Govinth Ganesh,False,0.0004121811617094306,0.0004121811617094306,finisher,,,,0.0,18.857142857142858,2.0,21.83,,,
51516,J Prem Kumar,False,0.033574001116207224,0.033574001116207224,finishing allrounder,,,,17.0,7.407407407407407,8.0,25.43,,,
52042,Dharmendra Gupta,False,0.00010527972030036049,0.00010527972030036049,finisher,,,,0.0,5.5,1.0,28.9,,,
52055,Saurabh Tiwari,False,3.566514513927249e-06,3.566514513927249e-06,finisher,,,,1.0,8.5,1.0,25.4,,,
52057,Shivansh Singh,False,9.987218149234534e-05,9.987218149234534e-05,finishing allrounder,,,,2.0,7.03125,4.0,19.08,,,
52058,Aryan Dalal,False,8.793407957929969e-06,8.793407957929969e-06,finisher,,,,1.0,11.0,1.0,20.89,,,
52077,Sangram Ranaware,False,0.00029417175359324426,0.00029417175359324426,finishing allrounder,,,,1.0,11.333333333333334,3.0,23.57,,,
52094,Hrishikesh Gore,False,0.01924727514177978,0.01924727514177978,finishing allrounder,,,,3.0,12.210526315789474,5.0,20.11,,,
52123,Manas Chavan,False,0.00012883807047236388,0.00012883807047236388,finishing allrounder,,,,7.0,6.315789473684211,3.0,24.12,,,
5231,Oshane Thomas,False,0.020065900621029104,0.020065900621029104,finishing allrounder,,,,5.0,8.076923076923077,8.0,28.77,,,
52338,Usman Tariq,False,0.0004499825115664228,0.0004499825115664228,finishing allrounder,,,,6.0,5.04,2.0,30.47,,,
52345,Soham Dinesh Zute,False,6.43545516812306e-05,6.43545516812306e-05,finisher,,,,0.0,11.333333333333334,1.0,21.84,,,
52437,Md Ronak,False,0.00013778910308632588,0.00013778910308632588,finisher,,,,0.0,12.0,1.0,28.78,,,
52439,Aditya Chettri,False,0.00011764993885031924,0.00011764993885031924,finisher,,,,0.0,6.4,1.0,23.18,,,
53,S Sreesanth,False,0.00014045025697480547,9.831517988236383e-05,finishing allrounder,,,,3.0,8.936170212765957,4.0,42.8,,,
53224,Kartik Mishra,False,0.0008850255004419405,0.0008850255004419405,finishing allrounder,,,,5.0,6.688524590163935,7.0,27.11,,,
53486,Atharva Bhosale,False,0.00034233496714280857,0.00034233496714280857,finishing allrounder,,,,2.0,7.363636363636363,3.0,21.43,,,
54160,Vaibhav Rai,False,0.0003378712554320167,0.0003378712554320167,finisher,,,,0.0,8.142857142857142,2.0,21.25,,,
54832,Rakibul Islam,False,0.020064077279862123,0.020064077279862123,finisher,,,,1.0,8.210526315789474,2.0,18.8,,,
54843,Rohit Dhobi,True,0.8126330419952632,0.8126330419952632,finishing allrounder,,,,0.0,8.347826086956522,6.0,18.03,,,
54876,Rafique Ali,False,0.000558120148276933,0.000558120148276933,finisher,,,,2.0,5.333333333333333,2.0,24.08,,,
54883,Paban Kumar Majhee,True,0.48130566347750114,0.48130566347750114,finishing allrounder,,,,6.0,8.066666666666666,5.0,29.98,,,
54891,Prasanta Barman,False,0.0015497443057253004,0.0015497443057253004,finisher,,,,2.0,8.666666666666666,2.0,18.22,,,
54900,Yasinul Hoque,False,0.09563255793993568,0.06694279055795498,finishing allrounder,,,,1.0,4.883720930232558,2.0,35.07,,,
54922,Dudul Kumar Nath,False,0.0006050753699434315,0.0006050753699434315,finishing allrounder,,,,1.0,9.23076923076923,2.0,22.71,,,
55391,Nakson Rahul,False,0.00023068972403560506,0.00023068972403560506,finisher,,,,2.0,6.0,2.0,25.72,,,
55400,Adwith N,False,0.008098546280770062,0.008098546280770062,finishing allrounder,,,,0.0,7.0344827586206895,3.0,18.4,,,
55447,Sreekanth Au,False,0.004362779612254113,0.004362779612254113,finisher,,,,0.0,12.0,2.0,31.09,,,
55743,Adith Ashok,False,0.009145330358918376,0.009145330358918376,finisher,,,,1.0,5.7,1.0,25.9,,,
55771,Adithya Krishnan K,False,0.0043442188076533075,0.0043442188076533075,finishing allrounder,,,,1.0,7.914893617021277,4.0,25.9,,,
55793,Laxman Laxman,False,0.0165744774159487,0.0165744774159487,finishing allrounder,,,,6.0,10.02061855670103,5.0,26.79,,,
5584,Ashwath Mukunthan,False,0.039221663156354426,0.039221663156354426,finishing allrounder,,,,2.0,10.325581395348838,2.0,29.95,,,
56171,Rohan Kharat,False,0.018502265482955593,0.018502265482955593,finishing allrounder,,,,6.0,7.181818181818182,10.0,25.9,,,
56175,Harshal Mishra,False,0.00048304437925837413,0.00048304437925837413,finishing allrounder,,,,5.0,8.947368421052632,4.0,25.9,,,
56188,Nadeem Shaikh,False,0.00022173135528982013,0.00022173135528982013,finishing allrounder,,,,2.0,14.0,3.0,25.9,,,
5632,Trilok Nag,False,0.0071783652277283404,0.0071783652277283404,finishing allrounder,,,,6.0,7.366336633663367,5.0,25.5,,,
56326,Tuhin Banerjee,False,0.010608694633157459,0.00901739043818384,finishing allrounder,,,,0.0,8.4,2.0,33.21,,,
56336,Balkesh Yadav,False,1.0983211559219709e-05,1.0983211559219709e-05,finishing allrounder,,,,4.0,6.5,2.0,22.74,,,
56342,Ganoranjan Kapat,False,0.0004287208705742276,0.0004287208705742276,finisher,,,,0.0,8.25,1.0,20.2,,,
56353,Subhankar Dey,False,0.0017534398906526405,0.0017534398906526405,finisher,,,,0.0,6.0,1.0,19.14,,,
56361,Dilshad Khan,False,0.00015433293492409235,0.00015433293492409235,finishing allrounder,,,,11.0,6.6835443037974684,12.0,21.97,,,
56381,Anubhav Tyagi,False,0.0032991632905420266,0.0032991632905420266,finishing allrounder,,,,6.0,7.690140845070423,4.0,24.73,,,
5652,Arun Balasubramanian,False,7.65557722341826e-05,7.65557722341826e-05,finishing allrounder,,,,2.0,8.11111111111111,4.0,,,,
56545,Ashish Bhardwaj,False,0.00034259268105744163,0.00034259268105744163,finisher,,,,2.0,6.0,1.0,19.58,,,
56546,Simran Pal Singh,False,0.043478209793862126,0.043478209793862126,finishing allrounder,,,,2.0,6.285714285714286,3.0,28.56,,,
56558,Harel Vashisht,False,0.0020967840114777384,0.0020967840114777384,finisher,,,,0.0,5.0,1.0,20.16,,,
56566,Yuvraj Singh Maan,False,8.678498132934445e-06,8.678498132934445e-06,finisher,,,,1.0,11.0,1.0,19.7,,,
56568,Raghuvar Narang,False,5.3726925373602507e-05,5.3726925373602507e-05,finisher,,,,1.0,4.0,1.0,25.9,,,
56569,Rahul Singh,False,0.0007767438178145845,0.0007767438178145845,finisher,,,,0.0,17.0,1.0,25.9,,,
56574,Gurwinder Singh Bhullar,False,0.00045081519020250227,0.00045081519020250227,finishing allrounder,,,,9.0,7.408163265306122,4.0,25.9,,,
56576,Dhruv Mittal,False,0.0004267238895078817,0.0004267238895078817,finishing allrounder,,,,3.0,7.6,2.0,20.35,,,
56585,Yuvraj Singh,False,6.159190108494837e-05,6.159190108494837e-05,finisher,,,,1.0,10.5,1.0,21.9,,,
56597,Vishwaranjan Tripathi,False,0.0013039786747403195,0.0013039786747403195,finisher,,,,1.0,13.263157894736842,3.0,24.9,,,
56606,Manraj Singh Dhillon,False,0.0019757273082613197,0.0019757273082613197,finishing allrounder,,,,6.0,7.2615384615384615,11.0,25.9,,,
56629,Ayush Pillai,False,0.03583934007774391,0.03583934007774391,finisher,,,,0.0,6.333333333333333,5.0,25.9,,,
56636,Gaurav Chaturvedi,False,0.0005445658630309068,0.0005445658630309068,finishing allrounder,,,,6.0,7.294117647058823,6.0,25.9,,,
56667,Parveen Yadav,False,0.043753998264823846,0.03719089852510027,finishing allrounder,,,,10.0,7.472727272727273,5.0,33.96,,,
56695,Aman Ahuja,False,0.04093545232347245,0.04093545232347245,finishing allrounder,,,,6.0,7.902439024390244,6.0,23.63,,,
56707,Maria Ajay M,False,0.00037517945523499863,0.00037517945523499863,finishing allrounder,,,,1.0,9.0,2.0,21.23,,,
56723,Rahul Rajeev,False,0.0005565522580036448,0.0005565522580036448,finishing allrounder,,,,4.0,10.32,4.0,21.07,,,
56831,Akash Rajawat,False,0.00031652924905732085,0.00031652924905732085,finisher,,,,0.0,9.5,1.0,25.9,,,
57058,Akash Gaddipathi,False,0.00044794908602518974,0.00044794908602518974,finishing allrounder,,,,2.0,4.5,1.0,19.72,,,
57060,T Sai Prakash,False,0.001666798448091983,0.001666798448091983,finisher,,,,0.0,7.0,1.0,19.67,,,
57074,Ch Surendra Krishna,False,0.001555378283182121,0.001555378283182121,finisher,,,,0.0,13.5,1.0,29.01,,,
57079,V Vittal Kumar,False,0.0008218642007830733,0.0008218642007830733,finisher,,,,0.0,17.142857142857142,1.0,22.15,,,
57083,T Bharath,False,0.013919417965372915,0.013919417965372915,finishing allrounder,,,,3.0,13.789473684210526,4.0,24.87,,,
57091,Arpan Walia,False,0.01674885529766395,0.01674885529766395,finisher,,,,0.0,10.0,1.0,20.41,,,
57370,Bailapudi Yeswanth,False,0.0004181639392051533,0.0004181639392051533,finishing allrounder,,,,12.0,6.980609418282548,15.0,20.69,,,
57436,Ashutosh Das,False,0.005145097608650652,0.005145097608650652,finishing allrounder,,,,8.0,9.952941176470588,7.0,24.77,,,
57460,Sovan Swain,False,0.00403644791143979,0.00403644791143979,finishing allrounder,,,,2.0,6.0,4.0,,,,
57464,Suman Das,False,0.0005800269967053979,0.0005800269967053979,finishing allrounder,,,,1.0,7.116279069767442,2.0,,,,
57750,Aman Bharti,False,0.0001824109271350256,0.0001824109271350256,finishing allrounder,,,,13.0,8.055776892430279,14.0,,,,
57921,Mude Shivaji Naik,False,0.000491234652589905,0.000491234652589905,finishing allrounder,,,,2.0,9.454545454545455,2.0,26.44,,,
57993,Daman Deep,False,0.002829559975449558,0.002829559975449558,finishing allrounder,,,,5.0,9.767441860465116,8.0,22.4,,,
57998,Smayan Srivastava,False,0.00025603419213430617,0.00025603419213430617,finishing allrounder,,,,2.0,5.76,2.0,22.31,,,
5801,Rohan Raju,False,0.0003349659704314634,0.0003349659704314634,finishing allrounder,,,,1.0,6.666666666666667,1.0,29.42,,,
58156,Ansh Choudhary,False,0.00038726236489206267,0.00038726236489206267,finisher,,,,0.0,20.0,2.0,,,,
58174,Yatharth Singh,False,0.00036650746294800303,0.00036650746294800303,finisher,,,,0.0,12.0,1.0,,,,
58175,Siddhartha Solanki,False,0.1064375634672062,0.1064375634672062,finishing allrounder,,,,14.0,9.695652173913043,7.0,,,,
58186,Ankit Bhadana,False,2.234735768885395e-05,2.234735768885395e-05,finishing allrounder,,,,2.0,12.25,1.0,,,,
58191,Yash Bhardawaj,False,3.1154918594229443e-05,3.1154918594229443e-05,finishing allrounder,,,,3.0,9.11111111111111,2.0,,,,
58242,Anirudh Choudhary,False,0.0008965307889433379,0.0008965307889433379,finishing allrounder,,,,24.0,8.890365448504983,15.0,,,,
58247,Parikshit Dhanak,False,0.002793563414029954,0.002793563414029954,finishing allrounder,,,,1.0,10.25,2.0,22.99,,,
58274,Nabajit Narzary,False,0.00024493765913166155,0.00017145636139216308,finishing allrounder,,,,1.0,3.7777777777777777,1.0,49.53,,,
58341,Akash A Katamble,False,0.0001955499891516228,0.0001955499891516228,finisher,,,,1.0,11.076923076923077,1.0,26.56,,,
58528,Rohit Yadav,False,0.0022402184529375585,0.0022402184529375585,finishing allrounder,,,,14.0,8.40552995391705,14.0,,,,
58640,Rajat Sanserwal,False,0.018290857199183105,0.018290857199183105,finishing allrounder,,,,6.0,6.42,5.0,24.96,,,
58728,Navneet,False,2.2870828771949827e-05,2.2870828771949827e-05,finisher,,,,2.0,8.0,1.0,,,,
58742,Prashant Yadav,False,1.9466403353989653e-05,1.9466403353989653e-05,finishing allrounder,,,,2.0,5.454545454545454,1.0,,,,
58745,Aditya Singh,False,0.0002081625531835484,0.0002081625531835484,finisher,,,,0.0,6.8,1.0,,,,
58864,Vishal Nishad,False,0.002661948539315955,0.002661948539315955,finishing allrounder,,,,12.0,7.682539682539683,9.0,,,,
58924,Dev Kashyap,False,0.00022214869257842582,0.00022214869257842582,finishing allrounder,,,,0.0,13.555555555555555,2.0,25.9,,,
59069,Safiqul Islam,False,0.807551342005243,0.807551342005243,finishing allrounder,,,,2.0,5.014925373134329,5.0,18.21,,,
59073,Jugal Krishna Nath,False,0.00023910654925533866,0.00023910654925533866,finisher,,,,0.0,9.0,1.0,19.92,,,
59075,Nischay Kumar,False,0.00021132505735950796,0.00021132505735950796,finisher,,,,0.0,8.571428571428571,2.0,21.26,,,
59101,Saurabh Singh,False,0.005624680690191418,0.005624680690191418,finisher,,,,0.0,1.8461538461538463,1.0,27.98,,,
59270,Biswajyoti Patowary,False,0.000544177156051246,0.000544177156051246,finisher,,,,0.0,9.666666666666666,2.0,25.78,,,
59278,Yogesh Singh,False,0.0013928376064600255,0.0013928376064600255,finishing allrounder,,,,1.0,10.133333333333333,2.0,,,,
59310,Naveen Kumar Singh,True,0.45589024051290167,0.45589024051290167,finishing allrounder,,,,15.0,7.506607929515418,10.0,29.75,,,
59314,Rahul Negi,True,0.8805605946640336,0.8805605946640336,finishing allrounder,,,,5.0,10.0,5.0,18.73,,,
59331,Tejender Singh,True,0.9884341496153322,0.9884341496153322,finishing allrounder,,,,1.0,10.40625,6.0,31.12,,,
59338,Rohit Dangwal,True,0.959352112841829,0.959352112841829,finishing allrounder,,,,1.0,9.731707317073171,5.0,29.66,,,
59345,Aditya Rawat,True,0.11328255513472588,0.11328255513472588,finishing allrounder,,,,3.0,8.7,2.0,18.31,,,
5950,Vineet Sinha,False,0.11540834981661235,0.08078584487162864,finishing allrounder,,,,13.0,7.469387755102041,4.0,41.3,,,
5951,Pradeep Dadhe,False,1.1907206219221966e-05,1.1907206219221966e-05,finishing allrounder,,,,30.0,6.488222698072805,24.0,31.2,,,
59592,Shreyas Ghadge,False,0.0014041298187388645,0.0014041298187388645,finisher,,,,0.0,14.4,3.0,24.05,,,
5964,Amulaya Pandrekar,False,0.014179160160535548,0.014179160160535548,finishing allrounder,,,,1.0,4.75,2.0,29.66,,,
59655,Shubham Bisht,False,4.783619261676884e-05,4.783619261676884e-05,finishing allrounder,,,,2.0,7.0,4.0,23.34,,,
59851,Vaibhav Gosavi,False,0.0015267263980518811,0.0015267263980518811,finishing allrounder,,,,5.0,8.464285714285714,4.0,,,,
6036,Tejas Baroka,False,0.14996610911469466,0.14996610911469466,finishing allrounder,,,,13.0,5.867256637168142,11.0,29.82,,,
6048,Ishan Porel,True,0.9997846339755307,0.9997846339755307,finishing allrounder,,,,23.0,6.878873239436619,18.0,27.23,,,
60797,Gajendra Singh,False,0.00012479829853716587,0.00012479829853716587,finishing allrounder,,,,6.0,5.127272727272727,2.0,25.9,,,
62459,Esakkimuthu A,False,0.0011584746616233887,0.0011584746616233887,finishing allrounder,,,,17.0,6.494845360824742,7.0,23.79,,,
62859,Anupam Phukan,False,0.001013839791944499,0.0007096878543611493,finisher,,,,0.0,13.0,1.0,39.14,,,
62864,Peris Boruah,False,0.0018397550980408359,0.0018397550980408359,finishing allrounder,,,,3.0,5.225806451612903,3.0,31.17,,,
62869,Tana James Tara,False,4.163787920120192e-05,4.163787920120192e-05,finishing allrounder,,,,6.0,7.434782608695652,3.0,17.98,,,
62872,Priyangsu Kole,False,0.00023939153358448423,0.00023939153358448423,finishing allrounder,,,,1.0,8.545454545454545,2.0,24.75,,,
63063,Karthik Sandil,False,0.00013013959324050236,0.00013013959324050236,finisher,,,,0.0,11.538461538461538,1.0,25.81,,,
63090,Arya Durugkar,False,0.013816902424233161,0.013816902424233161,finishing allrounder,,,,6.0,8.31578947368421,5.0,19.01,,,
6346,Pankaj Rao,False,0.13571954673573475,0.09500368271501432,finisher,,,,0.0,6.0,1.0,36.1,,,
6350,Matthew Kuhnemann,True,0.07197714825253457,0.07197714825253457,finishing allrounder,,,,0.0,7.945945945945946,4.0,29.18,,,
63504,Surya Anand S,False,0.0004608405511685494,0.0004608405511685494,finishing allrounder,,,,6.0,9.51063829787234,6.0,23.6,,,
63566,Avinash,True,0.056466334963223355,0.056466334963223355,finisher,,,,0.0,13.0,1.0,,,,
63585,Psn Raju,False,0.009978158703101633,0.009978158703101633,finishing allrounder,,,,7.0,8.30232558139535,4.0,,,,
63668,Sasi Sasi,False,5.4610561037371096e-05,5.4610561037371096e-05,finishing allrounder,,,,2.0,8.76,3.0,,,,
6368,Rahul Singh,True,0.6198696313065475,0.6198696313065475,finishing allrounder,,,,5.0,7.2110091743119265,5.0,28.29,,,
63681,Pradyumn Sanan,False,0.00022638225977837832,0.00022638225977837832,finishing allrounder,,,,16.0,7.863013698630137,11.0,,,,
63719,Chirag Modak,False,1.909517120279053e-05,1.909517120279053e-05,finishing allrounder,,,,4.0,5.666666666666667,2.0,18.46,,,
6372,Siddharth Desai,False,0.00046036243824331395,0.00046036243824331395,finishing allrounder,,,,3.0,6.6875,6.0,25.28,,,
63728,Aryan Puranik,False,3.556765154811965e-05,3.556765154811965e-05,finishing allrounder,,,,0.0,5.769230769230769,1.0,22.35,,,
63733,Noor Alam Khan,False,4.8988426996763894e-05,4.8988426996763894e-05,finisher,,,,1.0,3.75,1.0,22.8,,,
63734,Jalil Khan,False,0.00124948416324584,0.0008746389142720879,finisher,,,,0.0,10.285714285714286,1.0,41.73,,,
63746,Shubham Rajbhar,False,5.518312671992833e-05,5.518312671992833e-05,finisher,,,,0.0,6.0,1.0,19.11,,,
63752,Deepu Gupta,False,0.0002846261450431383,0.0002846261450431383,finisher,,,,0.0,12.0,1.0,31.56,,,
63786,Aditya Giri,False,5.780970603742069e-05,5.780970603742069e-05,finishing allrounder,,,,2.0,8.64,1.0,,,,
63805,Sachin Gupta,False,5.1225334838358156e-05,5.1225334838358156e-05,finisher,,,,2.0,6.0,1.0,,,,
63810,Krutik Hangawadi,False,0.00014335915376042892,0.00014335915376042892,finishing allrounder,,,,0.0,8.4,1.0,,,,
63811,Pratik Mishra,False,0.002198345873574982,0.002198345873574982,finishing allrounder,,,,12.0,8.482758620689655,4.0,,,,
64056,Abhay Chhetri,True,0.0731335483532945,0.0731335483532945,finishing allrounder,,,,11.0,5.68,7.0,24.1,,,
6417,Minad Manjrekar,False,0.09360700071084144,0.09360700071084144,finishing allrounder,,,,9.0,8.970297029702971,6.0,29.14,,,
6449,Wafadar Momand,False,0.006913403912256398,0.006913403912256398,finishing allrounder,,,,0.0,10.941176470588236,2.0,26.14,,,
6480,Qazi Onik Islam,False,0.00022823350056211983,0.00022823350056211983,finisher,,,,1.0,11.0,1.0,26.69,,,
65309,Aman Sahu,False,0.0009558022485127999,0.0009558022485127999,finishing allrounder,,,,0.0,11.0,2.0,,,,
65310,Lubhansh Singh,False,0.00022958234095002053,0.00022958234095002053,finishing allrounder,,,,2.0,6.681818181818182,2.0,,,,
65326,Shubham Mahurkar,False,0.002270576004721301,0.002270576004721301,finisher,,,,0.0,11.0,1.0,,,,
65330,Harsh Kumar,False,1.7477663657229275e-05,1.7477663657229275e-05,finisher,,,,0.0,8.5,1.0,22.03,,,
65334,Narayan Sahu,False,0.0004870690075996001,0.0004870690075996001,finishing allrounder,,,,3.0,6.0,2.0,,,,
65335,Mohammad Ishhak Khan,False,3.798777296282075e-05,3.798777296282075e-05,finisher,,,,1.0,5.538461538461538,1.0,,,,
65337,Anutosh Pandey,False,0.0007623272171615368,0.0007623272171615368,finisher,,,,0.0,10.153846153846153,1.0,,,,
65350,Aayush Dwivedi,False,0.0056013395529486395,0.0056013395529486395,finishing allrounder,,,,1.0,10.0,4.0,,,,
65369,Rishabh Bhuarya,False,0.0017886731391162634,0.0017886731391162634,finishing allrounder,,,,0.0,10.08,1.0,,,,
65372,Chinmay Vishwakarma,False,3.6619969916305884e-05,3.6619969916305884e-05,finishing allrounder,,,,1.0,6.976744186046512,3.0,,,,
65390,Praveen Kumar Yadav,False,0.000736685734976005,0.000736685734976005,finishing allrounder,,,,16.0,6.548076923076923,9.0,,,,
65392,Md. Shahnawaz Hussain,False,0.00012721875734232366,0.00012721875734232366,finisher,,,,1.0,11.0,1.0,,,,
65416,Durgesh Sonwani,False,0.0002185887531008022,0.0002185887531008022,finishing allrounder,,,,2.0,9.633802816901408,4.0,,,,
65424,Aayush Sinha,False,0.003436707847110683,0.003436707847110683,finisher,,,,0.0,12.5,1.0,,,,
6551,Felix Alemao,True,0.9874814965758308,0.9874814965758308,finishing allrounder,,,,12.0,9.454545454545455,9.0,30.35,,,
6552,Vijesh Prabhudessai,False,0.001971785159022534,0.001971785159022534,finishing allrounder,,,,3.0,5.25,1.0,28.76,,,
66178,Sreehari Nair,False,4.055079363425196e-05,4.055079363425196e-05,finishing allrounder,,,,3.0,10.54054054054054,2.0,23.1,,,
66490,Bharat Sudam Patil,False,0.0013467098069935156,0.0013467098069935156,finishing allrounder,,,,2.0,9.333333333333334,2.0,,,,
66498,Muzzamil Kadri,False,0.00036979746086674814,0.00036979746086674814,finishing allrounder,,,,3.0,6.084507042253521,3.0,,,,
66499,Pravesh Pal,False,0.005904373976532642,0.005904373976532642,finishing allrounder,,,,4.0,7.222222222222222,3.0,,,,
6650,Mohammad Sultan,False,0.00014142189743799783,0.00014142189743799783,finishing allrounder,,,,2.0,4.285714285714286,1.0,26.95,,,
66507,Prasoon Singh,False,3.4522715371682396e-05,3.4522715371682396e-05,finishing allrounder,,,,3.0,6.75,2.0,,,,
66513,Omkar Tarmale,False,6.638567579277077e-05,6.638567579277077e-05,finishing allrounder,,,,0.0,8.5,2.0,,,,
66517,Rohan Ghag,False,0.0003984008825576158,0.0003984008825576158,finishing allrounder,,,,3.0,5.23943661971831,4.0,,,,
66943,Devansh Thakkar,False,2.158962031075533e-05,2.158962031075533e-05,finisher,,,,0.0,3.0,1.0,19.96,,,
66944,Kaustubh Salve,False,0.00012045418117994927,0.00012045418117994927,finishing allrounder,,,,8.0,7.367088607594937,7.0,21.51,,,
66953,Ananmay Jaiswal,False,0.0021518167041660245,0.0021518167041660245,finishing allrounder,,,,8.0,8.473282442748092,7.0,20.65,,,
66958,Aditya Kukde,False,5.158002851472552e-06,5.158002851472552e-06,finishing allrounder,,,,3.0,9.243243243243244,3.0,21.84,,,
66965,Parth Khure,False,0.00014787583830745888,0.00014787583830745888,finishing allrounder,,,,2.0,9.0,4.0,18.28,,,
66966,Kunal Kungwani,False,1.2336393210032357e-05,1.2336393210032357e-05,finisher,,,,1.0,11.538461538461538,1.0,19.95,,,
66974,Rishit Panchmatia,False,2.1848565345736894e-05,2.1848565345736894e-05,finishing allrounder,,,,2.0,11.75,2.0,19.07,,,
66989,Kreepal Barad,False,0.006479348831279219,0.006479348831279219,finishing allrounder,,,,13.0,7.258741258741258,7.0,,,,
66992,Deepansh Chauhan,False,0.008255598980151551,0.008255598980151551,finishing allrounder,,,,11.0,6.049586776859504,6.0,,,,
67003,Ruturaj Desai,False,0.00936637592518331,0.00936637592518331,finishing allrounder,,,,11.0,5.586206896551724,5.0,,,,
67010,Price Bhalala,False,7.789700087869199e-05,7.789700087869199e-05,finishing allrounder,,,,1.0,7.7368421052631575,2.0,,,,
67011,Nirmal Prajapati,False,0.001685083037663062,0.001685083037663062,finishing allrounder,,,,4.0,7.714285714285714,5.0,,,,
67018,Kalp Jain,False,0.00021153921894306215,0.00021153921894306215,finishing allrounder,,,,2.0,8.761904761904763,5.0,,,,
67071,Vaibhav Dhurgunde,False,0.0007623237748280971,0.0007623237748280971,finishing allrounder,,,,8.0,7.731543624161074,9.0,,,,
6710,Akash Sudan,False,0.009073537832545503,0.007712507157663677,finishing allrounder,,,,4.0,7.2272727272727275,2.0,32.56,,,
67138,Salman Idrish Khan,False,1.055784967683421e-05,1.055784967683421e-05,finisher,,,,2.0,6.0,1.0,,,,
67139,Yash Nagesh Dube,False,0.001160786730193526,0.001160786730193526,finisher,,,,0.0,12.0,2.0,,,,
67176,Denish Patel,False,0.002828431437046622,0.002828431437046622,finishing allrounder,,,,8.0,7.615384615384615,5.0,,,,
67216,Keval Sisodiya,False,0.0030995368256373744,0.0030995368256373744,finishing allrounder,,,,3.0,8.106382978723405,8.0,30.12,,,
67235,Rohit Rohit,False,0.0004949716370899708,0.0004949716370899708,finishing allrounder,,,,10.0,6.163043478260869,9.0,16.12,,,
67236,Pradeep Kumar,False,0.0010345331445715865,0.0010345331445715865,finishing allrounder,,,,10.0,5.458646616541353,7.0,24.4,,,
67241,Irshad Alam,False,4.082022931330274e-05,4.082022931330274e-05,finisher,,,,0.0,7.0,1.0,19.97,,,
67273,Siddharth Kheni,False,0.007259669217353046,0.007259669217353046,finishing allrounder,,,,6.0,7.975609756097561,6.0,29.39,,,
67277,Suryakant Tiwari,False,7.471359586505553e-05,7.471359586505553e-05,finishing allrounder,,,,1.0,9.272727272727273,2.0,,,,
67282,Ankit Kumar,False,0.004111104762082549,0.004111104762082549,finishing allrounder,,,,4.0,6.101694915254237,6.0,,,,
67436,Shyam Jhonjat,False,0.0006849074082902125,0.0006849074082902125,finisher,,,,0.0,14.333333333333334,4.0,22.27,,,
67437,Saurabh Singh,False,2.8591831629596325e-05,2.8591831629596325e-05,finisher,,,,3.0,6.0,2.0,21.37,,,
67448,Prasoon Jangid,False,0.00018755270468874603,0.00018755270468874603,finishing allrounder,,,,6.0,6.9714285714285715,11.0,24.27,,,
67459,Sarang Bhatt,False,0.00015137554406002786,0.00015137554406002786,finishing allrounder,,,,3.0,6.823529411764706,3.0,27.59,,,
67478,Saurabh Verma,False,0.006873311123969475,0.006873311123969475,finishing allrounder,,,,5.0,7.404255319148936,4.0,,,,
67500,Arif Ansari,False,0.0031516809661488805,0.0031516809661488805,finishing allrounder,,,,5.0,9.222222222222221,8.0,23.63,,,
67514,Alisha Rai,False,4.3545928354306986e-05,4.3545928354306986e-05,finisher,,,,0.0,8.0,1.0,21.5,,,
67528,Hari Prasad Acharaya,False,0.03696190621608914,0.03141762028367577,finishing allrounder,,,,5.0,5.931818181818182,5.0,32.65,,,
67620,Shivam Bhardwaj,False,0.0007120540357449579,0.0007120540357449579,finishing allrounder,,,,2.0,13.75,3.0,24.1,,,
6764,Bukkapatnam Siddharth,False,0.009714460302591425,0.006800122211813997,finisher,,,,0.0,13.0,1.0,35.15,,,
67644,Soumya Keshri,False,1.0903087297559053e-05,1.0903087297559053e-05,finishing allrounder,,,,3.0,7.153846153846154,1.0,,,,
67989,Himanshu Sharma,False,6.913987900586186e-05,6.913987900586186e-05,finishing allrounder,,,,18.0,6.096774193548387,12.0,22.0,,,
67990,Pratham Nagori,False,0.0014027495045019717,0.0014027495045019717,finishing allrounder,,,,0.0,11.675675675675675,4.0,22.88,,,
68277,Sandeep Paswan,False,0.0017241909814331223,0.0017241909814331223,finishing allrounder,,,,8.0,7.116279069767442,5.0,18.4,,,
68280,Satvik Deswal,False,0.00027581405874455516,0.00027581405874455516,finishing allrounder,,,,14.0,5.60655737704918,10.0,18.68,,,
68285,Nakul Mehta,False,0.00022692214743422044,0.00022692214743422044,finishing allrounder,,,,3.0,9.306122448979592,3.0,27.09,,,
68296,Ajay Ahlawat,False,0.01426618875290612,0.01426618875290612,finishing allrounder,,,,3.0,10.5,5.0,,,,
68304,Gavnish Khurana,False,0.00026107396861299245,0.00026107396861299245,finishing allrounder,,,,13.0,7.147826086956521,8.0,,,,
68307,Arun Pundir,False,0.001165302771223022,0.001165302771223022,finishing allrounder,,,,7.0,5.890909090909091,6.0,,,,
68311,Piyash Chhikara,False,0.00019886791424785072,0.00019886791424785072,finishing allrounder,,,,0.0,9.6,1.0,,,,
68332,Navneet Kumar,False,0.0006214864824317927,0.0006214864824317927,finishing allrounder,,,,7.0,5.2,4.0,,,,
68347,Aman Choudhary,False,7.351235952734934e-05,7.351235952734934e-05,finisher,,,,2.0,9.0,1.0,,,,
68363,Prince Mishra,False,3.8665573502025454e-05,3.8665573502025454e-05,finisher,,,,0.0,11.5,1.0,25.9,,,
68368,Ashish Chaurasiya,False,0.022242787749534546,0.022242787749534546,finisher,,,,0.0,21.0,1.0,,,,
68562,Nithin Shanthaveri Nagaraja,False,0.0022714512634941027,0.0022714512634941027,finishing allrounder,,,,6.0,8.023255813953488,5.0,,,,
68566,Maribasava Chandrashekhar Gowda,False,9.9005081779209e-06,9.9005081779209e-06,finishing allrounder,,,,2.0,7.75,1.0,,,,
68570,Kb Ram Durgesh Naidu,False,0.003436707847110683,0.003436707847110683,finisher,,,,0.0,12.0,1.0,,,,
68572,Challarapu Siva,False,0.04720880407861964,0.04720880407861964,finishing allrounder,,,,7.0,9.692307692307692,5.0,,,,
68573,Patnala Bhuvaneswar Rao,False,0.0004155833701830857,0.0004155833701830857,finishing allrounder,,,,3.0,12.620689655172415,2.0,,,,
6859,Khizer Dafedar,False,7.03020301797085e-05,7.03020301797085e-05,finisher,,,,0.0,9.0,1.0,28.13,,,
68590,Makki Toshith Yadav,False,0.02408368985476217,0.02408368985476217,finishing allrounder,,,,8.0,8.548672566371682,8.0,,,,
68591,Gds Suresh Kumar,False,3.064829891164964e-05,3.064829891164964e-05,finishing allrounder,,,,1.0,7.741935483870968,3.0,,,,
68892,Dev Rishit,False,4.1426143229611635e-05,4.1426143229611635e-05,finisher,,,,0.0,11.0,2.0,16.31,,,
68893,Puneet Chahal,False,0.0011253723564301713,0.0011253723564301713,finisher,,,,0.0,14.571428571428571,1.0,30.03,,,
69153,Prabhjot Singh,False,4.325792390629405e-05,4.325792390629405e-05,finishing allrounder,,,,1.0,7.285714285714286,1.0,23.78,,,
6926,Matty Potts,False,0.00020771605077618237,0.00020771605077618237,finishing allrounder,,,,2.0,7.090909090909091,1.0,27.08,,,
69312,Santosh Hatti,False,0.00015048825835454774,0.00015048825835454774,finishing allrounder,,,,1.0,7.65,2.0,21.99,,,
69399,Sanjay Kumar,False,0.005268805149001779,0.005268805149001779,finishing allrounder,,,,2.0,11.590909090909092,2.0,24.92,,,
69401,Vaibhav Sharma A,False,0.0016394762277335542,0.0016394762277335542,finisher,,,,0.0,12.8,3.0,19.05,,,
69402,S Punith,False,0.000743457439955644,0.000743457439955644,finisher,,,,0.0,16.0,1.0,27.17,,,
69458,P Venkata Siva Adithya Reddy,False,0.00039126203031358933,0.00039126203031358933,finishing allrounder,,,,2.0,11.333333333333334,2.0,20.14,,,
69697,Yashjeet Yashjeet,False,9.970578361291384e-06,9.970578361291384e-06,finishing allrounder,,,,4.0,3.75,2.0,25.21,,,
69801,Anmol Mathur,False,0.0001767662401964456,0.0001767662401964456,finisher,,,,0.0,9.5,1.0,31.08,,,
69806,Mohammad Salman,False,0.0003249331399372946,0.0003249331399372946,finisher,,,,0.0,10.666666666666666,1.0,17.72,,,
69807,Teerath Singh,False,0.0022681872284499886,0.0022681872284499886,finishing allrounder,,,,12.0,8.013157894736842,7.0,22.93,,,
69813,Mohd Shibli,False,1.3235702893697864e-05,1.3235702893697864e-05,finishing allrounder,,,,3.0,9.428571428571429,1.0,,,,
69815,Ankur Sharma,False,8.364979609130542e-06,8.364979609130542e-06,finisher,,,,2.0,6.947368421052632,1.0,,,,
69821,Jagjeet Singh,False,0.0014255177505067065,0.0009978624253546946,finisher,,,,0.0,6.0,2.0,35.9,,,
69832,Ashish Yadav,False,0.00018097953124980072,0.00018097953124980072,finisher,,,,0.0,9.0,1.0,,,,
69838,Tana Tagam,False,0.0010444959870638453,0.0010444959870638453,finishing allrounder,,,,2.0,4.5,8.0,,,,
69839,Loli Yangfo,False,0.00418628032850389,0.00418628032850389,finishing allrounder,,,,14.0,6.313432835820896,9.0,,,,
69840,Amit Sharma,False,0.0002666878079034976,0.0002666878079034976,finishing allrounder,,,,2.0,5.714285714285714,3.0,,,,
69842,Shravan Kumar,False,0.00018824294119891197,0.00018824294119891197,finishing allrounder,,,,1.0,7.875,2.0,,,,
69843,Toti Tasing,False,2.8978408146429122e-05,2.8978408146429122e-05,finishing allrounder,,,,5.0,4.565217391304348,8.0,,,,
69849,Penjor Mangal,False,0.0027536399421668085,0.002340593950841787,finishing allrounder,,,,1.0,6.521739130434782,3.0,32.68,,,
69860,Gollo Aga,False,3.880540478946859e-05,3.880540478946859e-05,finisher,,,,3.0,4.7368421052631575,2.0,,,,
69861,Nabam India,False,0.019348234746165233,0.019348234746165233,finishing allrounder,,,,5.0,8.7,7.0,,,,
69883,Likha Tayum,False,0.00012122684207869771,0.00012122684207869771,finishing allrounder,,,,4.0,7.2,2.0,22.06,,,
69889,Mohot Singh Tanwar,False,3.372517826623466e-05,3.372517826623466e-05,finisher,,,,0.0,4.333333333333333,1.0,27.07,,,
69893,Rohit Ram,False,0.00011830328872832896,0.00011830328872832896,finisher,,,,1.0,2.142857142857143,1.0,,,,
69906,Gaurav Chaudhary,False,9.036249171821995e-05,9.036249171821995e-05,finisher,,,,0.0,5.2,1.0,27.2,,,
69911,Shiva Kumar,False,0.000386213108480795,0.000386213108480795,finisher,,,,0.0,13.0,1.0,19.38,,,
69912,Shohrad Khan,False,0.0004831579305297739,0.0004831579305297739,finishing allrounder,,,,0.0,11.75,2.0,18.96,,,
69914,Tana Tara,False,0.008003859197591867,0.008003859197591867,finishing allrounder,,,,7.0,6.285714285714286,6.0,17.98,,,
69917,Darge Bagra,False,0.00872721853575061,0.00872721853575061,finishing allrounder,,,,8.0,4.033613445378151,6.0,24.66,,,
70047,Nabam Remon,False,5.4059069082608597e-05,5.4059069082608597e-05,finisher,,,,0.0,4.8,1.0,,,,
70071,Devrath Jha,False,9.401066618275158e-06,9.401066618275158e-06,finisher,,,,2.0,7.125,1.0,,,,
70072,Manoj Dhuriya,False,2.7186818392834932e-06,2.7186818392834932e-06,finisher,,,,2.0,9.157894736842104,1.0,22.26,,,
70104,Angad Anand,False,0.00011153524530511691,0.00011153524530511691,finisher,,,,1.0,6.333333333333333,3.0,,,,
70123,Gepal Taipodia,False,0.0008361430111977427,0.0008361430111977427,finisher,,,,0.0,32.0,2.0,22.73,,,
70125,Pawan Sharma,False,5.4059069082608597e-05,5.4059069082608597e-05,finishing allrounder,,,,0.0,4.714285714285714,1.0,,,,
70149,Subham Priyadarshi,False,0.00012909269787374016,0.00012909269787374016,finisher,,,,1.0,8.0,2.0,,,,
70174,Priya Ranjan Muduli,False,0.00014236070359695803,0.00014236070359695803,finisher,,,,0.0,7.2,1.0,,,,
70178,Priyanshu Mohanty,False,5.721068515653586e-06,5.721068515653586e-06,finisher,,,,2.0,12.0,3.0,23.76,,,
70190,Mehakjot Brar,False,3.260482012233304e-05,3.260482012233304e-05,finishing allrounder,,,,2.0,4.8,1.0,,,,
70192,Raman Malinga,False,0.006245275263154072,0.006245275263154072,finishing allrounder,,,,2.0,14.228571428571428,2.0,24.9,,,
70206,Rahul Uppal,False,0.00026018276316117707,0.00026018276316117707,finisher,,,,0.0,7.846153846153846,1.0,,,,
70263,Goldy Malik,False,4.530028041626665e-06,4.530028041626665e-06,finisher,,,,2.0,6.428571428571429,1.0,19.91,,,
70265,Rishabh Sharma,False,0.0009254294303177205,0.0009254294303177205,finishing allrounder,,,,2.0,8.742857142857142,4.0,,,,
70271,Sangam Bajpai,True,0.08960355999768578,0.08960355999768578,finishing allrounder,,,,5.0,10.241379310344827,7.0,,,,
70277,Shahanshah Alam,False,0.008212153494964116,0.008212153494964116,finishing allrounder,,,,2.0,13.304347826086957,2.0,24.51,,,
70278,Mohammad Suhail,False,0.00026018276316117707,0.00026018276316117707,finisher,,,,0.0,6.8,1.0,,,,
70283,Arnav Bhardwaj,False,0.022960817122613192,0.022960817122613192,finishing allrounder,,,,2.0,14.516129032258064,3.0,,,,
70288,Hardik Chaudhary,True,0.09762151596699599,0.09762151596699599,finishing allrounder,,,,0.0,14.285714285714286,1.0,,,,
70300,Hardik Brahmbhatt,False,1.949187102745252e-05,1.949187102745252e-05,finisher,,,,1.0,5.4,1.0,,,,
70301,Krish Sharma,False,0.00035357153381800657,0.00035357153381800657,finisher,,,,0.0,9.3,2.0,,,,
70302,Yash Chaudhary,True,0.05884062450126009,0.05884062450126009,finisher,,,,0.0,13.285714285714286,1.0,,,,
70309,Adi Khan,True,0.299164871625381,0.299164871625381,finisher,,,,1.0,12.947368421052632,1.0,,,,
70311,Aryan Kapoor,True,0.009429204646773647,0.009429204646773647,finishing allrounder,,,,3.0,6.2727272727272725,3.0,,,,
70326,Josef Behera,False,0.0014612571123506107,0.0014612571123506107,finisher,,,,1.0,10.941176470588236,1.0,,,,
70329,Raaz Yadav,False,0.0002426143409865026,0.0002426143409865026,finishing allrounder,,,,4.0,6.985074626865671,4.0,,,,
70343,Vikul Kousik,False,2.1219203648731706e-05,2.1219203648731706e-05,finisher,,,,0.0,10.0,1.0,25.9,,,
70344,Aryan Garg,False,0.022242787749534546,0.022242787749534546,finisher,,,,0.0,21.0,1.0,,,,
70373,Kishanveer Kishanveer,False,0.0008970699071540615,0.0008970699071540615,finisher,,,,0.0,10.615384615384615,1.0,,,,
7107,Yatin Mangwani,False,0.0006431171344700617,0.0006431171344700617,finishing allrounder,,,,4.0,7.862068965517241,3.0,,,,
72,Pankaj Singh,False,0.0006161370159964644,0.00043129591119752504,finishing allrounder,,,,0.0,8.823529411764707,2.0,40.56,,,
7427,Lamabam Singh,False,0.0026573018008071887,0.0026573018008071887,finishing allrounder,,,,4.0,6.571428571428571,3.0,26.8,,,
7444,SK Ismail,False,0.0013488947940649121,0.0013488947940649121,finishing allrounder,,,,0.0,13.588235294117647,2.0,23.59,,,
7612,Dhanraj Sharma,False,0.0006779044274761319,0.0004745330992332923,finishing allrounder,,,,0.0,9.0,2.0,38.35,,,
7767,Devaiah KS,False,0.05908030212442431,0.05908030212442431,finishing allrounder,,,,2.0,10.54054054054054,2.0,30.93,,,
7778,Mansur Ali Khan Ludhi,False,0.0065327128384300185,0.0065327128384300185,finisher,,,,2.0,7.333333333333333,1.0,25.9,,,
8084,Heramb Parab,False,0.005472193475544446,0.005472193475544446,finishing allrounder,,,,0.0,10.5,2.0,27.23,,,
8100,Varun Choudhary,False,0.010288755582951479,0.008745442245508757,finishing allrounder,,,,10.0,7.6438356164383565,6.0,32.08,,,
8215,Abhijeet Saket,False,0.0018384976537442557,0.0018384976537442557,finishing allrounder,,,,6.0,7.589743589743589,5.0,30.32,,,
8218,Shiraz Ahmed,False,0.0002523721344424467,0.0002523721344424467,finishing allrounder,,,,0.0,8.808510638297872,2.0,,,,
8220,Chengkam Sangma,False,0.003139270582680759,0.003139270582680759,finishing allrounder,,,,0.0,5.625,3.0,31.13,,,
8529,Prince Balwant Rai Singh,False,0.0014330456442817887,0.0014330456442817887,finisher,,,,0.0,12.461538461538462,3.0,26.56,,,
8614,William ORourke,False,0.6795778592340413,0.6795778592340413,finishing allrounder,,,,11.0,7.969230769230769,8.0,24.31,,,
8635,Shubham Kamal Sharma,True,0.8031716384833643,0.8031716384833643,finishing allrounder,,,,1.0,10.32,2.0,28.67,,,
8743,Muhammad Shehzad,False,1.8046870187505193e-05,1.8046870187505193e-05,finisher,,,,1.0,1.3846153846153846,1.0,21.81,,,
8763,Duan Jansen,True,0.9995127362139535,0.9995127362139535,finishing allrounder,,,,1.0,10.5,1.0,25.57,,,
15196,Vipin Singh,True,0.984222330770989,0.8365889811553406,finisher,,,,,,2.0,32.1,,,
174,Pinal Shah,True,0.9916255241116803,0.6941378668781761,finisher,,,,,,1.0,38.06,,,
18328,Harjit Singh,False,0.0008209273928122057,0.0005746491749685439,finisher,,,,,,1.0,49.86,,,
20306,Harsh Raj,False,0.02670871210210005,0.02670871210210005,finisher,,,,,,1.0,25.75,,,
21069,Himanshu Singh,False,0.06878572888510037,0.06878572888510037,finisher,,,,,,3.0,28.18,,,
25707,Binny Samual,False,0.008914341443591807,0.008914341443591807,finisher,,,,,,1.0,26.08,,,
27276,Dhruv G Patel,False,0.00015484890095939557,0.00015484890095939557,finisher,,,,,,1.0,28.21,,,
29195,Lalrinchhana,False,0.0005597582001752056,0.00039183074012264386,finisher,,,,,,1.0,38.91,,,
31207,Saurish Chakraborty,False,0.0073411528391199585,0.0073411528391199585,finisher,,,,,,1.0,26.3,,,
33680,Ahsan Bhatti,False,0.0010226243847732837,0.0010226243847732837,top/middle,,,,,,2.0,27.66,,,
34979,Elligaram Sanketh,False,0.4221445618708625,0.4221445618708625,finisher,,,,,,2.0,26.14,,,
35075,Jayram Reddy,True,0.3456300296432358,0.29378552519675044,finisher,,,,,,1.0,32.59,,,
38630,Ayaz Khan,False,0.000738484264088123,0.000738484264088123,finisher,,,,,,3.0,,,,
38633,Jitendra Paliwal,False,0.6299422511364311,0.6299422511364311,finisher,,,,,,1.0,25.9,,,
38656,Pranav Kela,False,7.737462028888988e-05,7.737462028888988e-05,finisher,,,,,,1.0,27.98,,,
39169,Hrishikesh Chavan,False,0.00031702167254752685,0.00031702167254752685,finisher,,,,,,2.0,19.22,,,
39428,Nipumoni Kumar,False,0.031472621234514074,0.031472621234514074,finisher,,,,,,1.0,25.07,,,
39489,Swapnil Pradhan,False,0.023125838898280113,0.023125838898280113,finisher,,,,,,1.0,25.9,,,
39492,Shivaji Yadav,True,0.36635416199603466,0.2564479133972242,finisher,,,,,,2.0,49.22,,,
39498,Deeve Mody,False,0.0064295089711271835,0.0064295089711271835,finisher,,,,,,2.0,25.9,,,
39500,Ganesh Masurkar,False,0.6299422511364311,0.6299422511364311,finisher,,,,,,1.0,25.9,,,
39555,Lovekesh Bansal,True,0.970804093322706,0.970804093322706,finisher,,,,,,1.0,30.28,,,
39560,Sanket Shivdatta Bhaye,True,0.9924731930327061,0.6947312351228943,finisher,,,,,,1.0,39.76,,,
39561,Ausaf Chunawala,True,0.023125838898280113,0.023125838898280113,finisher,,,,,,1.0,25.9,,,
40247,Advaith Asramam,False,1.7271407766349743e-05,1.7271407766349743e-05,finisher,,,,,,1.0,19.82,,,
43307,Aayush Chamola,False,0.0011988448085976833,0.0011988448085976833,finisher,,,,,,1.0,26.46,,,
43938,Yashpawanjot Singh,False,0.009608530100371342,0.009608530100371342,finisher,,,,,,1.0,22.6,,,
44481,Tanishq Ahuja,False,0.011978757507253144,0.011978757507253144,finisher,,,,,,1.0,20.74,,,
44824,Chaitanya Sharma,False,3.5323236165400265e-05,3.5323236165400265e-05,finisher,,,,,,1.0,24.15,,,
46147,Brijendra Tripathi,False,0.0019752711479519673,0.0019752711479519673,finisher,,,,,,1.0,22.08,,,
47781,Kinara Rai,False,0.020151611770187747,0.020151611770187747,finisher,,,,,,2.0,25.85,,,
47784,Sepichem Chemdongse Jingru,False,0.08092977513340378,0.08092977513340378,finisher,,,,,,1.0,27.08,,,
48126,Krishna Yadav,False,0.0067782607840790295,0.0067782607840790295,finisher,,,,,,1.0,24.22,,,
4968,Shafiul Hayet,False,0.1529974148031547,0.1529974148031547,finisher,,,,,,1.0,28.01,,,
50195,Dhruv Reddy,False,0.010174588738245277,0.010174588738245277,finisher,,,,,,1.0,21.48,,,
5042,Aditya Shrivastav,False,0.03680482465891705,0.0312841009600795,finisher,,,,,,2.0,32.19,,,
52105,Atharva Dikholkar,False,8.513778683412591e-05,8.513778683412591e-05,finisher,,,,,,2.0,17.3,,,
52350,Avneesh Agarwal,False,8.513778683412591e-05,8.513778683412591e-05,finisher,,,,,,2.0,18.08,,,
52352,Abhishek Kumar,False,0.00040235349113594023,0.00040235349113594023,finisher,,,,,,4.0,22.74,,,
52354,Abisekh Shah Kumar,False,0.0009496387313840227,0.0009496387313840227,finisher,,,,,,6.0,23.11,,,
52388,Karan Ganesh,False,9.063702831648186e-05,9.063702831648186e-05,finisher,,,,,,1.0,18.67,,,
52448,Kshiteez Luitel,False,4.6562923722801204e-05,4.6562923722801204e-05,top/middle,,,,,,1.0,23.55,,,
52689,sujay thakur,False,0.00034440731684687493,0.00024108512179281245,finisher,,,,,,1.0,53.25,,,
54838,Manjirul Hoqe,False,0.02015433757895115,0.02015433757895115,finisher,,,,,,1.0,20.9,,,
54844,Shiba Sinha,True,0.2623645803353861,0.2623645803353861,finisher,,,,,,4.0,18.75,,,
54868,Bhargab Banerjee,False,0.098483552514598,0.098483552514598,finisher,,,,,,1.0,19.08,,,
54885,Altaf Ali,False,0.06744403803635143,0.06744403803635143,finisher,,,,,,2.0,18.97,,,
55412,Rahib Lal P,False,0.021746844037674757,0.021746844037674757,finisher,,,,,,1.0,30.02,,,
55436,Abdul Nazeer,False,0.010954867422253132,0.010954867422253132,finisher,,,,,,1.0,25.35,,,
55453,Hari Krishnan S,False,0.053244189541116614,0.053244189541116614,finisher,,,,,,2.0,18.9,,,
55455,Ansar Ka,False,0.367578385764261,0.2573048700349827,finisher,,,,,,1.0,37.23,,,
55752,Ashik Muhammed,False,0.008914341443591807,0.008914341443591807,finisher,,,,,,1.0,25.9,,,
56570,Udaibir Buttar,False,0.011575770286390773,0.011575770286390773,finisher,,,,,,1.0,21.9,,,
56580,Manpreet Sandhu,False,4.870723796654862e-05,4.870723796654862e-05,finisher,,,,,,1.0,22.97,,,
56614,Kumar Ishaan,False,0.0011866233163329932,0.001008629818883044,finisher,,,,,,2.0,34.86,,,
56832,Vikas Sharma,False,0.004564414237956412,0.004564414237956412,finisher,,,,,,2.0,24.57,,,
5749,Shahid Wasif,False,0.00031899517963680725,0.00031899517963680725,finisher,,,,,,1.0,28.53,,,
58231,Krishnakumar TV,False,0.015091959944221507,0.015091959944221507,finisher,,,,,,1.0,3.58,,,
58397,Sagar Khatri,False,0.0002983465881155032,0.0002983465881155032,finisher,,,,,,1.0,,,,
59061,R Akshay,False,0.038732064671038166,0.038732064671038166,finisher,,,,,,1.0,27.51,,,
59281,Kunal Upadhyay,False,0.003228748429902064,0.003228748429902064,finisher,,,,,,1.0,26.58,,,
59303,Krishna Garg,True,0.098483552514598,0.098483552514598,finisher,,,,,,1.0,19.06,,,
59316,Abhishek Roshan,True,0.015409521341101838,0.015409521341101838,finisher,,,,,,1.0,24.5,,,
59342,Harsh Singh,False,0.007617366166143526,0.007617366166143526,finisher,,,,,,1.0,20.8,,,
60659,Shivendra Bhujbal,False,6.919994725648712e-05,6.919994725648712e-05,finisher,,,,,,1.0,,,,
61069,Ankit Singh,False,1.0133030451782378e-05,1.0133030451782378e-05,opener,,,,,,1.0,23.96,,,
62917,Ankit Choudhary,False,8.596164653214789e-05,8.596164653214789e-05,finisher,,,,,,2.0,19.51,,,
63571,Vedant Gadia,False,7.683224105075374e-05,7.683224105075374e-05,finisher,,,,,,1.0,,,,
63714,Tushar Bathe,False,7.168126652803115e-05,7.168126652803115e-05,finisher,,,,,,1.0,20.1,,,
63744,Chaitanya Patil,False,4.106775695478092e-05,4.106775695478092e-05,finisher,,,,,,2.0,25.9,,,
63753,Rushikesh Bhoir,False,3.836972013807948e-05,3.836972013807948e-05,finisher,,,,,,1.0,18.02,,,
6378,Mehjoor Sofi,False,0.9896110562329982,0.8411693977980484,finisher,,,,,,1.0,34.62,,,
63785,Aryaraj Nikan,False,7.683224105075374e-05,7.683224105075374e-05,finisher,,,,,,1.0,,,,
65305,Atul Soni,False,0.00015476185200934185,0.00015476185200934185,finisher,,,,,,1.0,,,,
65361,Karan Khadiya,False,6.55183502068603e-05,6.55183502068603e-05,finisher,,,,,,1.0,,,,
65396,Rishbah Sharma,False,7.683224105075374e-05,7.683224105075374e-05,finisher,,,,,,1.0,,,,
6590,Rajashekhar Harikant,False,0.028781334280223766,0.020146933996156635,finisher,,,,,,1.0,35.15,,,
66482,Atharv Wanve,False,0.00043717225790908037,0.00043717225790908037,top/middle,,,,,,1.0,,,,
66942,Iknoor Singh,False,3.034477320798491e-05,3.034477320798491e-05,finisher,,,,,,1.0,18.98,,,
66957,Himanshu Kawale,False,8.349505207188647e-05,8.349505207188647e-05,finisher,,,,,,1.0,17.92,,,
66972,Malhar Shirkey,False,3.034477320798491e-05,3.034477320798491e-05,finisher,,,,,,1.0,20.34,,,
67168,MD Masoom Kaif,False,8.378592922686234e-05,8.378592922686234e-05,finisher,,,,,,1.0,,,,
67197,Vaibhav Bambhania,False,0.0004131488463395611,0.0004131488463395611,finisher,,,,,,3.0,24.41,,,
67278,Krishna Taunk,False,0.00048110944249209723,0.00048110944249209723,finisher,,,,,,2.0,,,,
67442,Yash Patel,False,5.0939043507203755e-05,5.0939043507203755e-05,finisher,,,,,,1.0,22.21,,,
68314,Parikshit Singh Bhati,False,0.00015476185200934185,0.00015476185200934185,finisher,,,,,,1.0,,,,
68317,Samyak Jain,False,0.0003325643645439848,0.0003325643645439848,finisher,,,,,,2.0,,,,
68318,Noor Ilahi,False,0.00015476185200934185,0.00015476185200934185,finisher,,,,,,1.0,,,,
6851,Nikhil Patil,True,0.9903822232391335,0.6932675562673934,finisher,,,,,,1.0,36.0,,,
68577,Kss Jayanth,False,7.683224105075374e-05,7.683224105075374e-05,finisher,,,,,,1.0,,,,
69833,Aryan Chaudhary,False,4.499572103129821e-05,4.499572103129821e-05,finisher,,,,,,1.0,16.9,,,
69834,Bamang Chungya,False,0.00014256771687100312,0.00014256771687100312,finisher,,,,,,1.0,,,,
69866,Kabak Yoki,False,0.0002142632177397828,0.0002142632177397828,finisher,,,,,,4.0,,,,
69921,Nitin Saini,False,4.639591034966793e-05,4.639591034966793e-05,finisher,,,,,,2.0,18.38,,,
70164,Surya Mohapatra,False,6.55183502068603e-05,6.55183502068603e-05,finisher,,,,,,1.0,,,,
70200,Happy Kulvir,False,2.908974617356176e-05,2.908974617356176e-05,opener,,,,,,1.0,29.06,,,
70201,Jaggi Jaggi,False,7.683224105075374e-05,7.683224105075374e-05,finisher,,,,,,1.0,,,,
70207,Apram Virk,False,7.683224105075374e-05,7.683224105075374e-05,finisher,,,,,,1.0,,,,
70208,Harjot Singh Dhawan,False,0.00545539160162936,0.00545539160162936,top/middle,,,,,,1.0,31.03,,,
70269,Tushar Kumar,False,0.00015476185200934185,0.00015476185200934185,finisher,,,,,,1.0,,,,
70354,Kshitiz Negi,True,0.00015476185200934185,0.00015476185200934185,finisher,,,,,,1.0,,,,
8638,Basil Hameed,True,0.033208012275155865,0.028226810433882484,finisher,,,,,,2.0,33.62,,,
